[1.710s] DEBUG:colcon:Command line arguments: ['/usr/bin/colcon', 'build']
[1.710s] DEBUG:colcon:Parsed command line arguments: Namespace(log_base=None, log_level=None, verb_name='build', build_base='build', install_base='install', merge_install=False, symlink_install=False, test_result_base=None, continue_on_error=False, executor='parallel', parallel_workers=4, event_handlers=None, ignore_user_meta=False, metas=['./colcon.meta'], base_paths=['.'], packages_ignore=None, packages_ignore_regex=None, paths=None, packages_up_to=None, packages_up_to_regex=None, packages_above=None, packages_above_and_dependencies=None, packages_above_depth=None, packages_select_by_dep=None, packages_skip_by_dep=None, packages_skip_up_to=None, packages_select_build_failed=False, packages_skip_build_finished=False, packages_select_test_failures=False, packages_skip_test_passed=False, packages_select=None, packages_skip=None, packages_select_regex=None, packages_skip_regex=None, packages_start=None, packages_end=None, cmake_args=None, cmake_target=None, cmake_target_skip_unavailable=False, cmake_clean_cache=False, cmake_clean_first=False, cmake_force_configure=False, ament_cmake_args=None, catkin_cmake_args=None, catkin_skip_building_tests=False, mixin_files=None, mixin=None, verb_parser=<colcon_mixin.mixin.mixin_argument.MixinArgumentDecorator object at 0x7fff32ffd960>, verb_extension=<colcon_core.verb.build.BuildVerb object at 0x7fff32ffe530>, main=<bound method BuildVerb.main of <colcon_core.verb.build.BuildVerb object at 0x7fff32ffe530>>, mixin_verb=('build',))
[1.811s] Level 1:colcon.colcon_core.package_discovery:discover_packages(colcon_meta) check parameters
[1.814s] INFO:colcon.colcon_metadata.package_discovery.colcon_meta:Using configuration from '/root/.colcon/metadata/default/Gazebo.meta'
[1.815s] INFO:colcon.colcon_metadata.package_discovery.colcon_meta:Using configuration from '/root/.colcon/metadata/default/fastrtps.meta'
[1.815s] Level 1:colcon.colcon_core.package_discovery:discover_packages(recursive) check parameters
[1.815s] Level 1:colcon.colcon_core.package_discovery:discover_packages(ignore) check parameters
[1.815s] Level 1:colcon.colcon_core.package_discovery:discover_packages(path) check parameters
[1.815s] Level 1:colcon.colcon_core.package_discovery:discover_packages(colcon_meta) discover
[1.815s] Level 1:colcon.colcon_core.package_discovery:discover_packages(recursive) discover
[1.815s] INFO:colcon.colcon_core.package_discovery:Crawling recursively for packages in '/root/yahboomcar_ws'
[1.816s] Level 1:colcon.colcon_core.package_identification:_identify(.) by extensions ['ignore', 'ignore_ament_install']
[1.816s] Level 1:colcon.colcon_core.package_identification:_identify(.) by extension 'ignore'
[1.816s] Level 1:colcon.colcon_core.package_identification:_identify(.) by extension 'ignore_ament_install'
[1.816s] Level 1:colcon.colcon_core.package_identification:_identify(.) by extensions ['colcon_pkg']
[1.816s] Level 1:colcon.colcon_core.package_identification:_identify(.) by extension 'colcon_pkg'
[1.816s] Level 1:colcon.colcon_core.package_identification:_identify(.) by extensions ['colcon_meta']
[1.816s] Level 1:colcon.colcon_core.package_identification:_identify(.) by extension 'colcon_meta'
[1.816s] Level 1:colcon.colcon_core.package_identification:_identify(.) by extensions ['ros']
[1.816s] Level 1:colcon.colcon_core.package_identification:_identify(.) by extension 'ros'
[1.844s] Level 1:colcon.colcon_core.package_identification:_identify(.) by extensions ['cmake', 'python']
[1.844s] Level 1:colcon.colcon_core.package_identification:_identify(.) by extension 'cmake'
[1.844s] Level 1:colcon.colcon_core.package_identification:_identify(.) by extension 'python'
[1.844s] Level 1:colcon.colcon_core.package_identification:_identify(.) by extensions ['python_setup_py']
[1.845s] Level 1:colcon.colcon_core.package_identification:_identify(.) by extension 'python_setup_py'
[1.845s] Level 1:colcon.colcon_core.package_identification:_identify(build) by extensions ['ignore', 'ignore_ament_install']
[1.845s] Level 1:colcon.colcon_core.package_identification:_identify(build) by extension 'ignore'
[1.845s] Level 1:colcon.colcon_core.package_identification:_identify(build) ignored
[1.845s] Level 1:colcon.colcon_core.package_identification:_identify(install) by extensions ['ignore', 'ignore_ament_install']
[1.845s] Level 1:colcon.colcon_core.package_identification:_identify(install) by extension 'ignore'
[1.846s] Level 1:colcon.colcon_core.package_identification:_identify(install) ignored
[1.846s] Level 1:colcon.colcon_core.package_identification:_identify(log) by extensions ['ignore', 'ignore_ament_install']
[1.846s] Level 1:colcon.colcon_core.package_identification:_identify(log) by extension 'ignore'
[1.846s] Level 1:colcon.colcon_core.package_identification:_identify(log) ignored
[1.846s] Level 1:colcon.colcon_core.package_identification:_identify(src) by extensions ['ignore', 'ignore_ament_install']
[1.846s] Level 1:colcon.colcon_core.package_identification:_identify(src) by extension 'ignore'
[1.846s] Level 1:colcon.colcon_core.package_identification:_identify(src) by extension 'ignore_ament_install'
[1.847s] Level 1:colcon.colcon_core.package_identification:_identify(src) by extensions ['colcon_pkg']
[1.847s] Level 1:colcon.colcon_core.package_identification:_identify(src) by extension 'colcon_pkg'
[1.847s] Level 1:colcon.colcon_core.package_identification:_identify(src) by extensions ['colcon_meta']
[1.847s] Level 1:colcon.colcon_core.package_identification:_identify(src) by extension 'colcon_meta'
[1.847s] Level 1:colcon.colcon_core.package_identification:_identify(src) by extensions ['ros']
[1.847s] Level 1:colcon.colcon_core.package_identification:_identify(src) by extension 'ros'
[1.847s] Level 1:colcon.colcon_core.package_identification:_identify(src) by extensions ['cmake', 'python']
[1.847s] Level 1:colcon.colcon_core.package_identification:_identify(src) by extension 'cmake'
[1.847s] Level 1:colcon.colcon_core.package_identification:_identify(src) by extension 'python'
[1.847s] Level 1:colcon.colcon_core.package_identification:_identify(src) by extensions ['python_setup_py']
[1.847s] Level 1:colcon.colcon_core.package_identification:_identify(src) by extension 'python_setup_py'
[1.848s] Level 1:colcon.colcon_core.package_identification:_identify(src/laserscan_to_point_publisher) by extensions ['ignore', 'ignore_ament_install']
[1.848s] Level 1:colcon.colcon_core.package_identification:_identify(src/laserscan_to_point_publisher) by extension 'ignore'
[1.848s] Level 1:colcon.colcon_core.package_identification:_identify(src/laserscan_to_point_publisher) by extension 'ignore_ament_install'
[1.848s] Level 1:colcon.colcon_core.package_identification:_identify(src/laserscan_to_point_publisher) by extensions ['colcon_pkg']
[1.848s] Level 1:colcon.colcon_core.package_identification:_identify(src/laserscan_to_point_publisher) by extension 'colcon_pkg'
[1.848s] Level 1:colcon.colcon_core.package_identification:_identify(src/laserscan_to_point_publisher) by extensions ['colcon_meta']
[1.848s] Level 1:colcon.colcon_core.package_identification:_identify(src/laserscan_to_point_publisher) by extension 'colcon_meta'
[1.848s] Level 1:colcon.colcon_core.package_identification:_identify(src/laserscan_to_point_publisher) by extensions ['ros']
[1.848s] Level 1:colcon.colcon_core.package_identification:_identify(src/laserscan_to_point_publisher) by extension 'ros'
[1.876s] DEBUG:colcon.colcon_core.package_identification:Package 'src/laserscan_to_point_publisher' with type 'ros.ament_python' and name 'laserscan_to_point_publisher'
[1.877s] Level 1:colcon.colcon_core.package_identification:_identify(src/robot_localization) by extensions ['ignore', 'ignore_ament_install']
[1.877s] Level 1:colcon.colcon_core.package_identification:_identify(src/robot_localization) by extension 'ignore'
[1.877s] Level 1:colcon.colcon_core.package_identification:_identify(src/robot_localization) by extension 'ignore_ament_install'
[1.877s] Level 1:colcon.colcon_core.package_identification:_identify(src/robot_localization) by extensions ['colcon_pkg']
[1.877s] Level 1:colcon.colcon_core.package_identification:_identify(src/robot_localization) by extension 'colcon_pkg'
[1.877s] Level 1:colcon.colcon_core.package_identification:_identify(src/robot_localization) by extensions ['colcon_meta']
[1.877s] Level 1:colcon.colcon_core.package_identification:_identify(src/robot_localization) by extension 'colcon_meta'
[1.877s] Level 1:colcon.colcon_core.package_identification:_identify(src/robot_localization) by extensions ['ros']
[1.877s] Level 1:colcon.colcon_core.package_identification:_identify(src/robot_localization) by extension 'ros'
[1.881s] DEBUG:colcon.colcon_core.package_identification:Package 'src/robot_localization' with type 'ros.ament_cmake' and name 'robot_localization'
[1.881s] Level 1:colcon.colcon_core.package_identification:_identify(src/robot_pose_publisher_ros2) by extensions ['ignore', 'ignore_ament_install']
[1.881s] Level 1:colcon.colcon_core.package_identification:_identify(src/robot_pose_publisher_ros2) by extension 'ignore'
[1.881s] Level 1:colcon.colcon_core.package_identification:_identify(src/robot_pose_publisher_ros2) by extension 'ignore_ament_install'
[1.882s] Level 1:colcon.colcon_core.package_identification:_identify(src/robot_pose_publisher_ros2) by extensions ['colcon_pkg']
[1.882s] Level 1:colcon.colcon_core.package_identification:_identify(src/robot_pose_publisher_ros2) by extension 'colcon_pkg'
[1.882s] Level 1:colcon.colcon_core.package_identification:_identify(src/robot_pose_publisher_ros2) by extensions ['colcon_meta']
[1.882s] Level 1:colcon.colcon_core.package_identification:_identify(src/robot_pose_publisher_ros2) by extension 'colcon_meta'
[1.882s] Level 1:colcon.colcon_core.package_identification:_identify(src/robot_pose_publisher_ros2) by extensions ['ros']
[1.882s] Level 1:colcon.colcon_core.package_identification:_identify(src/robot_pose_publisher_ros2) by extension 'ros'
[1.883s] DEBUG:colcon.colcon_core.package_identification:Package 'src/robot_pose_publisher_ros2' with type 'ros.ament_cmake' and name 'robot_pose_publisher_ros2'
[1.883s] Level 1:colcon.colcon_core.package_identification:_identify(src/yahboom_app_save_map) by extensions ['ignore', 'ignore_ament_install']
[1.884s] Level 1:colcon.colcon_core.package_identification:_identify(src/yahboom_app_save_map) by extension 'ignore'
[1.884s] Level 1:colcon.colcon_core.package_identification:_identify(src/yahboom_app_save_map) by extension 'ignore_ament_install'
[1.884s] Level 1:colcon.colcon_core.package_identification:_identify(src/yahboom_app_save_map) by extensions ['colcon_pkg']
[1.884s] Level 1:colcon.colcon_core.package_identification:_identify(src/yahboom_app_save_map) by extension 'colcon_pkg'
[1.884s] Level 1:colcon.colcon_core.package_identification:_identify(src/yahboom_app_save_map) by extensions ['colcon_meta']
[1.884s] Level 1:colcon.colcon_core.package_identification:_identify(src/yahboom_app_save_map) by extension 'colcon_meta'
[1.884s] Level 1:colcon.colcon_core.package_identification:_identify(src/yahboom_app_save_map) by extensions ['ros']
[1.884s] Level 1:colcon.colcon_core.package_identification:_identify(src/yahboom_app_save_map) by extension 'ros'
[1.885s] DEBUG:colcon.colcon_core.package_identification:Package 'src/yahboom_app_save_map' with type 'ros.ament_python' and name 'yahboom_app_save_map'
[1.885s] Level 1:colcon.colcon_core.package_identification:_identify(src/yahboom_web_savmap_interfaces) by extensions ['ignore', 'ignore_ament_install']
[1.885s] Level 1:colcon.colcon_core.package_identification:_identify(src/yahboom_web_savmap_interfaces) by extension 'ignore'
[1.885s] Level 1:colcon.colcon_core.package_identification:_identify(src/yahboom_web_savmap_interfaces) by extension 'ignore_ament_install'
[1.886s] Level 1:colcon.colcon_core.package_identification:_identify(src/yahboom_web_savmap_interfaces) by extensions ['colcon_pkg']
[1.886s] Level 1:colcon.colcon_core.package_identification:_identify(src/yahboom_web_savmap_interfaces) by extension 'colcon_pkg'
[1.886s] Level 1:colcon.colcon_core.package_identification:_identify(src/yahboom_web_savmap_interfaces) by extensions ['colcon_meta']
[1.886s] Level 1:colcon.colcon_core.package_identification:_identify(src/yahboom_web_savmap_interfaces) by extension 'colcon_meta'
[1.886s] Level 1:colcon.colcon_core.package_identification:_identify(src/yahboom_web_savmap_interfaces) by extensions ['ros']
[1.886s] Level 1:colcon.colcon_core.package_identification:_identify(src/yahboom_web_savmap_interfaces) by extension 'ros'
[1.887s] DEBUG:colcon.colcon_core.package_identification:Package 'src/yahboom_web_savmap_interfaces' with type 'ros.ament_cmake' and name 'yahboom_web_savmap_interfaces'
[1.887s] Level 1:colcon.colcon_core.package_identification:_identify(src/yahboomcar_astra) by extensions ['ignore', 'ignore_ament_install']
[1.887s] Level 1:colcon.colcon_core.package_identification:_identify(src/yahboomcar_astra) by extension 'ignore'
[1.887s] Level 1:colcon.colcon_core.package_identification:_identify(src/yahboomcar_astra) by extension 'ignore_ament_install'
[1.887s] Level 1:colcon.colcon_core.package_identification:_identify(src/yahboomcar_astra) by extensions ['colcon_pkg']
[1.887s] Level 1:colcon.colcon_core.package_identification:_identify(src/yahboomcar_astra) by extension 'colcon_pkg'
[1.887s] Level 1:colcon.colcon_core.package_identification:_identify(src/yahboomcar_astra) by extensions ['colcon_meta']
[1.887s] Level 1:colcon.colcon_core.package_identification:_identify(src/yahboomcar_astra) by extension 'colcon_meta'
[1.888s] Level 1:colcon.colcon_core.package_identification:_identify(src/yahboomcar_astra) by extensions ['ros']
[1.888s] Level 1:colcon.colcon_core.package_identification:_identify(src/yahboomcar_astra) by extension 'ros'
[1.888s] DEBUG:colcon.colcon_core.package_identification:Package 'src/yahboomcar_astra' with type 'ros.ament_python' and name 'yahboomcar_astra'
[1.889s] Level 1:colcon.colcon_core.package_identification:_identify(src/yahboomcar_base_node) by extensions ['ignore', 'ignore_ament_install']
[1.889s] Level 1:colcon.colcon_core.package_identification:_identify(src/yahboomcar_base_node) by extension 'ignore'
[1.889s] Level 1:colcon.colcon_core.package_identification:_identify(src/yahboomcar_base_node) by extension 'ignore_ament_install'
[1.889s] Level 1:colcon.colcon_core.package_identification:_identify(src/yahboomcar_base_node) by extensions ['colcon_pkg']
[1.889s] Level 1:colcon.colcon_core.package_identification:_identify(src/yahboomcar_base_node) by extension 'colcon_pkg'
[1.889s] Level 1:colcon.colcon_core.package_identification:_identify(src/yahboomcar_base_node) by extensions ['colcon_meta']
[1.889s] Level 1:colcon.colcon_core.package_identification:_identify(src/yahboomcar_base_node) by extension 'colcon_meta'
[1.889s] Level 1:colcon.colcon_core.package_identification:_identify(src/yahboomcar_base_node) by extensions ['ros']
[1.890s] Level 1:colcon.colcon_core.package_identification:_identify(src/yahboomcar_base_node) by extension 'ros'
[1.891s] DEBUG:colcon.colcon_core.package_identification:Package 'src/yahboomcar_base_node' with type 'ros.ament_cmake' and name 'yahboomcar_base_node'
[1.891s] Level 1:colcon.colcon_core.package_identification:_identify(src/yahboomcar_bringup) by extensions ['ignore', 'ignore_ament_install']
[1.891s] Level 1:colcon.colcon_core.package_identification:_identify(src/yahboomcar_bringup) by extension 'ignore'
[1.891s] Level 1:colcon.colcon_core.package_identification:_identify(src/yahboomcar_bringup) by extension 'ignore_ament_install'
[1.891s] Level 1:colcon.colcon_core.package_identification:_identify(src/yahboomcar_bringup) by extensions ['colcon_pkg']
[1.892s] Level 1:colcon.colcon_core.package_identification:_identify(src/yahboomcar_bringup) by extension 'colcon_pkg'
[1.892s] Level 1:colcon.colcon_core.package_identification:_identify(src/yahboomcar_bringup) by extensions ['colcon_meta']
[1.892s] Level 1:colcon.colcon_core.package_identification:_identify(src/yahboomcar_bringup) by extension 'colcon_meta'
[1.892s] Level 1:colcon.colcon_core.package_identification:_identify(src/yahboomcar_bringup) by extensions ['ros']
[1.892s] Level 1:colcon.colcon_core.package_identification:_identify(src/yahboomcar_bringup) by extension 'ros'
[1.893s] DEBUG:colcon.colcon_core.package_identification:Package 'src/yahboomcar_bringup' with type 'ros.ament_python' and name 'yahboomcar_bringup'
[1.893s] Level 1:colcon.colcon_core.package_identification:_identify(src/yahboomcar_ctrl) by extensions ['ignore', 'ignore_ament_install']
[1.893s] Level 1:colcon.colcon_core.package_identification:_identify(src/yahboomcar_ctrl) by extension 'ignore'
[1.893s] Level 1:colcon.colcon_core.package_identification:_identify(src/yahboomcar_ctrl) by extension 'ignore_ament_install'
[1.894s] Level 1:colcon.colcon_core.package_identification:_identify(src/yahboomcar_ctrl) by extensions ['colcon_pkg']
[1.894s] Level 1:colcon.colcon_core.package_identification:_identify(src/yahboomcar_ctrl) by extension 'colcon_pkg'
[1.894s] Level 1:colcon.colcon_core.package_identification:_identify(src/yahboomcar_ctrl) by extensions ['colcon_meta']
[1.894s] Level 1:colcon.colcon_core.package_identification:_identify(src/yahboomcar_ctrl) by extension 'colcon_meta'
[1.894s] Level 1:colcon.colcon_core.package_identification:_identify(src/yahboomcar_ctrl) by extensions ['ros']
[1.894s] Level 1:colcon.colcon_core.package_identification:_identify(src/yahboomcar_ctrl) by extension 'ros'
[1.895s] DEBUG:colcon.colcon_core.package_identification:Package 'src/yahboomcar_ctrl' with type 'ros.ament_python' and name 'yahboomcar_ctrl'
[1.895s] Level 1:colcon.colcon_core.package_identification:_identify(src/yahboomcar_description) by extensions ['ignore', 'ignore_ament_install']
[1.895s] Level 1:colcon.colcon_core.package_identification:_identify(src/yahboomcar_description) by extension 'ignore'
[1.895s] Level 1:colcon.colcon_core.package_identification:_identify(src/yahboomcar_description) by extension 'ignore_ament_install'
[1.895s] Level 1:colcon.colcon_core.package_identification:_identify(src/yahboomcar_description) by extensions ['colcon_pkg']
[1.895s] Level 1:colcon.colcon_core.package_identification:_identify(src/yahboomcar_description) by extension 'colcon_pkg'
[1.895s] Level 1:colcon.colcon_core.package_identification:_identify(src/yahboomcar_description) by extensions ['colcon_meta']
[1.895s] Level 1:colcon.colcon_core.package_identification:_identify(src/yahboomcar_description) by extension 'colcon_meta'
[1.895s] Level 1:colcon.colcon_core.package_identification:_identify(src/yahboomcar_description) by extensions ['ros']
[1.896s] Level 1:colcon.colcon_core.package_identification:_identify(src/yahboomcar_description) by extension 'ros'
[1.896s] DEBUG:colcon.colcon_core.package_identification:Package 'src/yahboomcar_description' with type 'ros.ament_python' and name 'yahboomcar_description'
[1.897s] Level 1:colcon.colcon_core.package_identification:_identify(src/yahboomcar_laser) by extensions ['ignore', 'ignore_ament_install']
[1.897s] Level 1:colcon.colcon_core.package_identification:_identify(src/yahboomcar_laser) by extension 'ignore'
[1.897s] Level 1:colcon.colcon_core.package_identification:_identify(src/yahboomcar_laser) by extension 'ignore_ament_install'
[1.897s] Level 1:colcon.colcon_core.package_identification:_identify(src/yahboomcar_laser) by extensions ['colcon_pkg']
[1.897s] Level 1:colcon.colcon_core.package_identification:_identify(src/yahboomcar_laser) by extension 'colcon_pkg'
[1.897s] Level 1:colcon.colcon_core.package_identification:_identify(src/yahboomcar_laser) by extensions ['colcon_meta']
[1.897s] Level 1:colcon.colcon_core.package_identification:_identify(src/yahboomcar_laser) by extension 'colcon_meta'
[1.897s] Level 1:colcon.colcon_core.package_identification:_identify(src/yahboomcar_laser) by extensions ['ros']
[1.897s] Level 1:colcon.colcon_core.package_identification:_identify(src/yahboomcar_laser) by extension 'ros'
[1.898s] DEBUG:colcon.colcon_core.package_identification:Package 'src/yahboomcar_laser' with type 'ros.ament_python' and name 'yahboomcar_laser'
[1.899s] Level 1:colcon.colcon_core.package_identification:_identify(src/yahboomcar_mediapipe) by extensions ['ignore', 'ignore_ament_install']
[1.899s] Level 1:colcon.colcon_core.package_identification:_identify(src/yahboomcar_mediapipe) by extension 'ignore'
[1.899s] Level 1:colcon.colcon_core.package_identification:_identify(src/yahboomcar_mediapipe) by extension 'ignore_ament_install'
[1.899s] Level 1:colcon.colcon_core.package_identification:_identify(src/yahboomcar_mediapipe) by extensions ['colcon_pkg']
[1.899s] Level 1:colcon.colcon_core.package_identification:_identify(src/yahboomcar_mediapipe) by extension 'colcon_pkg'
[1.899s] Level 1:colcon.colcon_core.package_identification:_identify(src/yahboomcar_mediapipe) by extensions ['colcon_meta']
[1.899s] Level 1:colcon.colcon_core.package_identification:_identify(src/yahboomcar_mediapipe) by extension 'colcon_meta'
[1.899s] Level 1:colcon.colcon_core.package_identification:_identify(src/yahboomcar_mediapipe) by extensions ['ros']
[1.899s] Level 1:colcon.colcon_core.package_identification:_identify(src/yahboomcar_mediapipe) by extension 'ros'
[1.900s] DEBUG:colcon.colcon_core.package_identification:Package 'src/yahboomcar_mediapipe' with type 'ros.ament_python' and name 'yahboomcar_mediapipe'
[1.900s] Level 1:colcon.colcon_core.package_identification:_identify(src/yahboomcar_msgs) by extensions ['ignore', 'ignore_ament_install']
[1.900s] Level 1:colcon.colcon_core.package_identification:_identify(src/yahboomcar_msgs) by extension 'ignore'
[1.901s] Level 1:colcon.colcon_core.package_identification:_identify(src/yahboomcar_msgs) by extension 'ignore_ament_install'
[1.901s] Level 1:colcon.colcon_core.package_identification:_identify(src/yahboomcar_msgs) by extensions ['colcon_pkg']
[1.901s] Level 1:colcon.colcon_core.package_identification:_identify(src/yahboomcar_msgs) by extension 'colcon_pkg'
[1.901s] Level 1:colcon.colcon_core.package_identification:_identify(src/yahboomcar_msgs) by extensions ['colcon_meta']
[1.901s] Level 1:colcon.colcon_core.package_identification:_identify(src/yahboomcar_msgs) by extension 'colcon_meta'
[1.901s] Level 1:colcon.colcon_core.package_identification:_identify(src/yahboomcar_msgs) by extensions ['ros']
[1.901s] Level 1:colcon.colcon_core.package_identification:_identify(src/yahboomcar_msgs) by extension 'ros'
[1.902s] DEBUG:colcon.colcon_core.package_identification:Package 'src/yahboomcar_msgs' with type 'ros.ament_cmake' and name 'yahboomcar_msgs'
[1.902s] Level 1:colcon.colcon_core.package_identification:_identify(src/yahboomcar_nav) by extensions ['ignore', 'ignore_ament_install']
[1.902s] Level 1:colcon.colcon_core.package_identification:_identify(src/yahboomcar_nav) by extension 'ignore'
[1.902s] Level 1:colcon.colcon_core.package_identification:_identify(src/yahboomcar_nav) by extension 'ignore_ament_install'
[1.903s] Level 1:colcon.colcon_core.package_identification:_identify(src/yahboomcar_nav) by extensions ['colcon_pkg']
[1.903s] Level 1:colcon.colcon_core.package_identification:_identify(src/yahboomcar_nav) by extension 'colcon_pkg'
[1.903s] Level 1:colcon.colcon_core.package_identification:_identify(src/yahboomcar_nav) by extensions ['colcon_meta']
[1.903s] Level 1:colcon.colcon_core.package_identification:_identify(src/yahboomcar_nav) by extension 'colcon_meta'
[1.903s] Level 1:colcon.colcon_core.package_identification:_identify(src/yahboomcar_nav) by extensions ['ros']
[1.903s] Level 1:colcon.colcon_core.package_identification:_identify(src/yahboomcar_nav) by extension 'ros'
[1.904s] DEBUG:colcon.colcon_core.package_identification:Package 'src/yahboomcar_nav' with type 'ros.ament_python' and name 'yahboomcar_nav'
[1.904s] Level 1:colcon.colcon_core.package_identification:_identify(src/yahboomcar_visual) by extensions ['ignore', 'ignore_ament_install']
[1.904s] Level 1:colcon.colcon_core.package_identification:_identify(src/yahboomcar_visual) by extension 'ignore'
[1.904s] Level 1:colcon.colcon_core.package_identification:_identify(src/yahboomcar_visual) by extension 'ignore_ament_install'
[1.904s] Level 1:colcon.colcon_core.package_identification:_identify(src/yahboomcar_visual) by extensions ['colcon_pkg']
[1.904s] Level 1:colcon.colcon_core.package_identification:_identify(src/yahboomcar_visual) by extension 'colcon_pkg'
[1.904s] Level 1:colcon.colcon_core.package_identification:_identify(src/yahboomcar_visual) by extensions ['colcon_meta']
[1.904s] Level 1:colcon.colcon_core.package_identification:_identify(src/yahboomcar_visual) by extension 'colcon_meta'
[1.904s] Level 1:colcon.colcon_core.package_identification:_identify(src/yahboomcar_visual) by extensions ['ros']
[1.905s] Level 1:colcon.colcon_core.package_identification:_identify(src/yahboomcar_visual) by extension 'ros'
[1.906s] DEBUG:colcon.colcon_core.package_identification:Package 'src/yahboomcar_visual' with type 'ros.ament_python' and name 'yahboomcar_visual'
[1.906s] Level 1:colcon.colcon_core.package_discovery:discover_packages(recursive) using defaults
[1.906s] Level 1:colcon.colcon_core.package_discovery:discover_packages(ignore) discover
[1.906s] Level 1:colcon.colcon_core.package_discovery:discover_packages(ignore) using defaults
[1.906s] Level 1:colcon.colcon_core.package_discovery:discover_packages(path) discover
[1.906s] Level 1:colcon.colcon_core.package_discovery:discover_packages(path) using defaults
[2.025s] Level 5:colcon.colcon_core.verb:set package 'laserscan_to_point_publisher' build argument 'cmake_args' from command line to 'None'
[2.025s] Level 5:colcon.colcon_core.verb:set package 'laserscan_to_point_publisher' build argument 'cmake_target' from command line to 'None'
[2.025s] Level 5:colcon.colcon_core.verb:set package 'laserscan_to_point_publisher' build argument 'cmake_target_skip_unavailable' from command line to 'False'
[2.025s] Level 5:colcon.colcon_core.verb:set package 'laserscan_to_point_publisher' build argument 'cmake_clean_cache' from command line to 'False'
[2.025s] Level 5:colcon.colcon_core.verb:set package 'laserscan_to_point_publisher' build argument 'cmake_clean_first' from command line to 'False'
[2.025s] Level 5:colcon.colcon_core.verb:set package 'laserscan_to_point_publisher' build argument 'cmake_force_configure' from command line to 'False'
[2.025s] Level 5:colcon.colcon_core.verb:set package 'laserscan_to_point_publisher' build argument 'ament_cmake_args' from command line to 'None'
[2.025s] Level 5:colcon.colcon_core.verb:set package 'laserscan_to_point_publisher' build argument 'catkin_cmake_args' from command line to 'None'
[2.025s] Level 5:colcon.colcon_core.verb:set package 'laserscan_to_point_publisher' build argument 'catkin_skip_building_tests' from command line to 'False'
[2.025s] DEBUG:colcon.colcon_core.verb:Building package 'laserscan_to_point_publisher' with the following arguments: {'ament_cmake_args': None, 'build_base': '/root/yahboomcar_ws/build/laserscan_to_point_publisher', 'catkin_cmake_args': None, 'catkin_skip_building_tests': False, 'cmake_args': None, 'cmake_clean_cache': False, 'cmake_clean_first': False, 'cmake_force_configure': False, 'cmake_target': None, 'cmake_target_skip_unavailable': False, 'install_base': '/root/yahboomcar_ws/install/laserscan_to_point_publisher', 'merge_install': False, 'path': '/root/yahboomcar_ws/src/laserscan_to_point_publisher', 'symlink_install': False, 'test_result_base': None}
[2.041s] Level 5:colcon.colcon_core.verb:set package 'robot_localization' build argument 'cmake_args' from command line to 'None'
[2.041s] Level 5:colcon.colcon_core.verb:set package 'robot_localization' build argument 'cmake_target' from command line to 'None'
[2.041s] Level 5:colcon.colcon_core.verb:set package 'robot_localization' build argument 'cmake_target_skip_unavailable' from command line to 'False'
[2.041s] Level 5:colcon.colcon_core.verb:set package 'robot_localization' build argument 'cmake_clean_cache' from command line to 'False'
[2.041s] Level 5:colcon.colcon_core.verb:set package 'robot_localization' build argument 'cmake_clean_first' from command line to 'False'
[2.041s] Level 5:colcon.colcon_core.verb:set package 'robot_localization' build argument 'cmake_force_configure' from command line to 'False'
[2.041s] Level 5:colcon.colcon_core.verb:set package 'robot_localization' build argument 'ament_cmake_args' from command line to 'None'
[2.041s] Level 5:colcon.colcon_core.verb:set package 'robot_localization' build argument 'catkin_cmake_args' from command line to 'None'
[2.041s] Level 5:colcon.colcon_core.verb:set package 'robot_localization' build argument 'catkin_skip_building_tests' from command line to 'False'
[2.041s] DEBUG:colcon.colcon_core.verb:Building package 'robot_localization' with the following arguments: {'ament_cmake_args': None, 'build_base': '/root/yahboomcar_ws/build/robot_localization', 'catkin_cmake_args': None, 'catkin_skip_building_tests': False, 'cmake_args': None, 'cmake_clean_cache': False, 'cmake_clean_first': False, 'cmake_force_configure': False, 'cmake_target': None, 'cmake_target_skip_unavailable': False, 'install_base': '/root/yahboomcar_ws/install/robot_localization', 'merge_install': False, 'path': '/root/yahboomcar_ws/src/robot_localization', 'symlink_install': False, 'test_result_base': None}
[2.057s] Level 5:colcon.colcon_core.verb:set package 'robot_pose_publisher_ros2' build argument 'cmake_args' from command line to 'None'
[2.057s] Level 5:colcon.colcon_core.verb:set package 'robot_pose_publisher_ros2' build argument 'cmake_target' from command line to 'None'
[2.057s] Level 5:colcon.colcon_core.verb:set package 'robot_pose_publisher_ros2' build argument 'cmake_target_skip_unavailable' from command line to 'False'
[2.058s] Level 5:colcon.colcon_core.verb:set package 'robot_pose_publisher_ros2' build argument 'cmake_clean_cache' from command line to 'False'
[2.058s] Level 5:colcon.colcon_core.verb:set package 'robot_pose_publisher_ros2' build argument 'cmake_clean_first' from command line to 'False'
[2.058s] Level 5:colcon.colcon_core.verb:set package 'robot_pose_publisher_ros2' build argument 'cmake_force_configure' from command line to 'False'
[2.058s] Level 5:colcon.colcon_core.verb:set package 'robot_pose_publisher_ros2' build argument 'ament_cmake_args' from command line to 'None'
[2.058s] Level 5:colcon.colcon_core.verb:set package 'robot_pose_publisher_ros2' build argument 'catkin_cmake_args' from command line to 'None'
[2.058s] Level 5:colcon.colcon_core.verb:set package 'robot_pose_publisher_ros2' build argument 'catkin_skip_building_tests' from command line to 'False'
[2.058s] DEBUG:colcon.colcon_core.verb:Building package 'robot_pose_publisher_ros2' with the following arguments: {'ament_cmake_args': None, 'build_base': '/root/yahboomcar_ws/build/robot_pose_publisher_ros2', 'catkin_cmake_args': None, 'catkin_skip_building_tests': False, 'cmake_args': None, 'cmake_clean_cache': False, 'cmake_clean_first': False, 'cmake_force_configure': False, 'cmake_target': None, 'cmake_target_skip_unavailable': False, 'install_base': '/root/yahboomcar_ws/install/robot_pose_publisher_ros2', 'merge_install': False, 'path': '/root/yahboomcar_ws/src/robot_pose_publisher_ros2', 'symlink_install': False, 'test_result_base': None}
[2.074s] Level 5:colcon.colcon_core.verb:set package 'yahboom_app_save_map' build argument 'cmake_args' from command line to 'None'
[2.074s] Level 5:colcon.colcon_core.verb:set package 'yahboom_app_save_map' build argument 'cmake_target' from command line to 'None'
[2.074s] Level 5:colcon.colcon_core.verb:set package 'yahboom_app_save_map' build argument 'cmake_target_skip_unavailable' from command line to 'False'
[2.074s] Level 5:colcon.colcon_core.verb:set package 'yahboom_app_save_map' build argument 'cmake_clean_cache' from command line to 'False'
[2.074s] Level 5:colcon.colcon_core.verb:set package 'yahboom_app_save_map' build argument 'cmake_clean_first' from command line to 'False'
[2.074s] Level 5:colcon.colcon_core.verb:set package 'yahboom_app_save_map' build argument 'cmake_force_configure' from command line to 'False'
[2.074s] Level 5:colcon.colcon_core.verb:set package 'yahboom_app_save_map' build argument 'ament_cmake_args' from command line to 'None'
[2.074s] Level 5:colcon.colcon_core.verb:set package 'yahboom_app_save_map' build argument 'catkin_cmake_args' from command line to 'None'
[2.074s] Level 5:colcon.colcon_core.verb:set package 'yahboom_app_save_map' build argument 'catkin_skip_building_tests' from command line to 'False'
[2.074s] DEBUG:colcon.colcon_core.verb:Building package 'yahboom_app_save_map' with the following arguments: {'ament_cmake_args': None, 'build_base': '/root/yahboomcar_ws/build/yahboom_app_save_map', 'catkin_cmake_args': None, 'catkin_skip_building_tests': False, 'cmake_args': None, 'cmake_clean_cache': False, 'cmake_clean_first': False, 'cmake_force_configure': False, 'cmake_target': None, 'cmake_target_skip_unavailable': False, 'install_base': '/root/yahboomcar_ws/install/yahboom_app_save_map', 'merge_install': False, 'path': '/root/yahboomcar_ws/src/yahboom_app_save_map', 'symlink_install': False, 'test_result_base': None}
[2.089s] Level 5:colcon.colcon_core.verb:set package 'yahboom_web_savmap_interfaces' build argument 'cmake_args' from command line to 'None'
[2.089s] Level 5:colcon.colcon_core.verb:set package 'yahboom_web_savmap_interfaces' build argument 'cmake_target' from command line to 'None'
[2.089s] Level 5:colcon.colcon_core.verb:set package 'yahboom_web_savmap_interfaces' build argument 'cmake_target_skip_unavailable' from command line to 'False'
[2.089s] Level 5:colcon.colcon_core.verb:set package 'yahboom_web_savmap_interfaces' build argument 'cmake_clean_cache' from command line to 'False'
[2.089s] Level 5:colcon.colcon_core.verb:set package 'yahboom_web_savmap_interfaces' build argument 'cmake_clean_first' from command line to 'False'
[2.089s] Level 5:colcon.colcon_core.verb:set package 'yahboom_web_savmap_interfaces' build argument 'cmake_force_configure' from command line to 'False'
[2.090s] Level 5:colcon.colcon_core.verb:set package 'yahboom_web_savmap_interfaces' build argument 'ament_cmake_args' from command line to 'None'
[2.090s] Level 5:colcon.colcon_core.verb:set package 'yahboom_web_savmap_interfaces' build argument 'catkin_cmake_args' from command line to 'None'
[2.090s] Level 5:colcon.colcon_core.verb:set package 'yahboom_web_savmap_interfaces' build argument 'catkin_skip_building_tests' from command line to 'False'
[2.090s] DEBUG:colcon.colcon_core.verb:Building package 'yahboom_web_savmap_interfaces' with the following arguments: {'ament_cmake_args': None, 'build_base': '/root/yahboomcar_ws/build/yahboom_web_savmap_interfaces', 'catkin_cmake_args': None, 'catkin_skip_building_tests': False, 'cmake_args': None, 'cmake_clean_cache': False, 'cmake_clean_first': False, 'cmake_force_configure': False, 'cmake_target': None, 'cmake_target_skip_unavailable': False, 'install_base': '/root/yahboomcar_ws/install/yahboom_web_savmap_interfaces', 'merge_install': False, 'path': '/root/yahboomcar_ws/src/yahboom_web_savmap_interfaces', 'symlink_install': False, 'test_result_base': None}
[2.105s] Level 5:colcon.colcon_core.verb:set package 'yahboomcar_astra' build argument 'cmake_args' from command line to 'None'
[2.105s] Level 5:colcon.colcon_core.verb:set package 'yahboomcar_astra' build argument 'cmake_target' from command line to 'None'
[2.105s] Level 5:colcon.colcon_core.verb:set package 'yahboomcar_astra' build argument 'cmake_target_skip_unavailable' from command line to 'False'
[2.105s] Level 5:colcon.colcon_core.verb:set package 'yahboomcar_astra' build argument 'cmake_clean_cache' from command line to 'False'
[2.105s] Level 5:colcon.colcon_core.verb:set package 'yahboomcar_astra' build argument 'cmake_clean_first' from command line to 'False'
[2.105s] Level 5:colcon.colcon_core.verb:set package 'yahboomcar_astra' build argument 'cmake_force_configure' from command line to 'False'
[2.105s] Level 5:colcon.colcon_core.verb:set package 'yahboomcar_astra' build argument 'ament_cmake_args' from command line to 'None'
[2.105s] Level 5:colcon.colcon_core.verb:set package 'yahboomcar_astra' build argument 'catkin_cmake_args' from command line to 'None'
[2.105s] Level 5:colcon.colcon_core.verb:set package 'yahboomcar_astra' build argument 'catkin_skip_building_tests' from command line to 'False'
[2.105s] DEBUG:colcon.colcon_core.verb:Building package 'yahboomcar_astra' with the following arguments: {'ament_cmake_args': None, 'build_base': '/root/yahboomcar_ws/build/yahboomcar_astra', 'catkin_cmake_args': None, 'catkin_skip_building_tests': False, 'cmake_args': None, 'cmake_clean_cache': False, 'cmake_clean_first': False, 'cmake_force_configure': False, 'cmake_target': None, 'cmake_target_skip_unavailable': False, 'install_base': '/root/yahboomcar_ws/install/yahboomcar_astra', 'merge_install': False, 'path': '/root/yahboomcar_ws/src/yahboomcar_astra', 'symlink_install': False, 'test_result_base': None}
[2.121s] Level 5:colcon.colcon_core.verb:set package 'yahboomcar_base_node' build argument 'cmake_args' from command line to 'None'
[2.121s] Level 5:colcon.colcon_core.verb:set package 'yahboomcar_base_node' build argument 'cmake_target' from command line to 'None'
[2.121s] Level 5:colcon.colcon_core.verb:set package 'yahboomcar_base_node' build argument 'cmake_target_skip_unavailable' from command line to 'False'
[2.121s] Level 5:colcon.colcon_core.verb:set package 'yahboomcar_base_node' build argument 'cmake_clean_cache' from command line to 'False'
[2.121s] Level 5:colcon.colcon_core.verb:set package 'yahboomcar_base_node' build argument 'cmake_clean_first' from command line to 'False'
[2.121s] Level 5:colcon.colcon_core.verb:set package 'yahboomcar_base_node' build argument 'cmake_force_configure' from command line to 'False'
[2.121s] Level 5:colcon.colcon_core.verb:set package 'yahboomcar_base_node' build argument 'ament_cmake_args' from command line to 'None'
[2.121s] Level 5:colcon.colcon_core.verb:set package 'yahboomcar_base_node' build argument 'catkin_cmake_args' from command line to 'None'
[2.121s] Level 5:colcon.colcon_core.verb:set package 'yahboomcar_base_node' build argument 'catkin_skip_building_tests' from command line to 'False'
[2.121s] DEBUG:colcon.colcon_core.verb:Building package 'yahboomcar_base_node' with the following arguments: {'ament_cmake_args': None, 'build_base': '/root/yahboomcar_ws/build/yahboomcar_base_node', 'catkin_cmake_args': None, 'catkin_skip_building_tests': False, 'cmake_args': None, 'cmake_clean_cache': False, 'cmake_clean_first': False, 'cmake_force_configure': False, 'cmake_target': None, 'cmake_target_skip_unavailable': False, 'install_base': '/root/yahboomcar_ws/install/yahboomcar_base_node', 'merge_install': False, 'path': '/root/yahboomcar_ws/src/yahboomcar_base_node', 'symlink_install': False, 'test_result_base': None}
[2.137s] Level 5:colcon.colcon_core.verb:set package 'yahboomcar_bringup' build argument 'cmake_args' from command line to 'None'
[2.137s] Level 5:colcon.colcon_core.verb:set package 'yahboomcar_bringup' build argument 'cmake_target' from command line to 'None'
[2.137s] Level 5:colcon.colcon_core.verb:set package 'yahboomcar_bringup' build argument 'cmake_target_skip_unavailable' from command line to 'False'
[2.137s] Level 5:colcon.colcon_core.verb:set package 'yahboomcar_bringup' build argument 'cmake_clean_cache' from command line to 'False'
[2.137s] Level 5:colcon.colcon_core.verb:set package 'yahboomcar_bringup' build argument 'cmake_clean_first' from command line to 'False'
[2.137s] Level 5:colcon.colcon_core.verb:set package 'yahboomcar_bringup' build argument 'cmake_force_configure' from command line to 'False'
[2.137s] Level 5:colcon.colcon_core.verb:set package 'yahboomcar_bringup' build argument 'ament_cmake_args' from command line to 'None'
[2.137s] Level 5:colcon.colcon_core.verb:set package 'yahboomcar_bringup' build argument 'catkin_cmake_args' from command line to 'None'
[2.137s] Level 5:colcon.colcon_core.verb:set package 'yahboomcar_bringup' build argument 'catkin_skip_building_tests' from command line to 'False'
[2.137s] DEBUG:colcon.colcon_core.verb:Building package 'yahboomcar_bringup' with the following arguments: {'ament_cmake_args': None, 'build_base': '/root/yahboomcar_ws/build/yahboomcar_bringup', 'catkin_cmake_args': None, 'catkin_skip_building_tests': False, 'cmake_args': None, 'cmake_clean_cache': False, 'cmake_clean_first': False, 'cmake_force_configure': False, 'cmake_target': None, 'cmake_target_skip_unavailable': False, 'install_base': '/root/yahboomcar_ws/install/yahboomcar_bringup', 'merge_install': False, 'path': '/root/yahboomcar_ws/src/yahboomcar_bringup', 'symlink_install': False, 'test_result_base': None}
[2.152s] Level 5:colcon.colcon_core.verb:set package 'yahboomcar_ctrl' build argument 'cmake_args' from command line to 'None'
[2.152s] Level 5:colcon.colcon_core.verb:set package 'yahboomcar_ctrl' build argument 'cmake_target' from command line to 'None'
[2.152s] Level 5:colcon.colcon_core.verb:set package 'yahboomcar_ctrl' build argument 'cmake_target_skip_unavailable' from command line to 'False'
[2.152s] Level 5:colcon.colcon_core.verb:set package 'yahboomcar_ctrl' build argument 'cmake_clean_cache' from command line to 'False'
[2.153s] Level 5:colcon.colcon_core.verb:set package 'yahboomcar_ctrl' build argument 'cmake_clean_first' from command line to 'False'
[2.153s] Level 5:colcon.colcon_core.verb:set package 'yahboomcar_ctrl' build argument 'cmake_force_configure' from command line to 'False'
[2.153s] Level 5:colcon.colcon_core.verb:set package 'yahboomcar_ctrl' build argument 'ament_cmake_args' from command line to 'None'
[2.153s] Level 5:colcon.colcon_core.verb:set package 'yahboomcar_ctrl' build argument 'catkin_cmake_args' from command line to 'None'
[2.153s] Level 5:colcon.colcon_core.verb:set package 'yahboomcar_ctrl' build argument 'catkin_skip_building_tests' from command line to 'False'
[2.153s] DEBUG:colcon.colcon_core.verb:Building package 'yahboomcar_ctrl' with the following arguments: {'ament_cmake_args': None, 'build_base': '/root/yahboomcar_ws/build/yahboomcar_ctrl', 'catkin_cmake_args': None, 'catkin_skip_building_tests': False, 'cmake_args': None, 'cmake_clean_cache': False, 'cmake_clean_first': False, 'cmake_force_configure': False, 'cmake_target': None, 'cmake_target_skip_unavailable': False, 'install_base': '/root/yahboomcar_ws/install/yahboomcar_ctrl', 'merge_install': False, 'path': '/root/yahboomcar_ws/src/yahboomcar_ctrl', 'symlink_install': False, 'test_result_base': None}
[2.168s] Level 5:colcon.colcon_core.verb:set package 'yahboomcar_description' build argument 'cmake_args' from command line to 'None'
[2.168s] Level 5:colcon.colcon_core.verb:set package 'yahboomcar_description' build argument 'cmake_target' from command line to 'None'
[2.168s] Level 5:colcon.colcon_core.verb:set package 'yahboomcar_description' build argument 'cmake_target_skip_unavailable' from command line to 'False'
[2.168s] Level 5:colcon.colcon_core.verb:set package 'yahboomcar_description' build argument 'cmake_clean_cache' from command line to 'False'
[2.168s] Level 5:colcon.colcon_core.verb:set package 'yahboomcar_description' build argument 'cmake_clean_first' from command line to 'False'
[2.168s] Level 5:colcon.colcon_core.verb:set package 'yahboomcar_description' build argument 'cmake_force_configure' from command line to 'False'
[2.168s] Level 5:colcon.colcon_core.verb:set package 'yahboomcar_description' build argument 'ament_cmake_args' from command line to 'None'
[2.168s] Level 5:colcon.colcon_core.verb:set package 'yahboomcar_description' build argument 'catkin_cmake_args' from command line to 'None'
[2.168s] Level 5:colcon.colcon_core.verb:set package 'yahboomcar_description' build argument 'catkin_skip_building_tests' from command line to 'False'
[2.168s] DEBUG:colcon.colcon_core.verb:Building package 'yahboomcar_description' with the following arguments: {'ament_cmake_args': None, 'build_base': '/root/yahboomcar_ws/build/yahboomcar_description', 'catkin_cmake_args': None, 'catkin_skip_building_tests': False, 'cmake_args': None, 'cmake_clean_cache': False, 'cmake_clean_first': False, 'cmake_force_configure': False, 'cmake_target': None, 'cmake_target_skip_unavailable': False, 'install_base': '/root/yahboomcar_ws/install/yahboomcar_description', 'merge_install': False, 'path': '/root/yahboomcar_ws/src/yahboomcar_description', 'symlink_install': False, 'test_result_base': None}
[2.184s] Level 5:colcon.colcon_core.verb:set package 'yahboomcar_laser' build argument 'cmake_args' from command line to 'None'
[2.184s] Level 5:colcon.colcon_core.verb:set package 'yahboomcar_laser' build argument 'cmake_target' from command line to 'None'
[2.184s] Level 5:colcon.colcon_core.verb:set package 'yahboomcar_laser' build argument 'cmake_target_skip_unavailable' from command line to 'False'
[2.184s] Level 5:colcon.colcon_core.verb:set package 'yahboomcar_laser' build argument 'cmake_clean_cache' from command line to 'False'
[2.184s] Level 5:colcon.colcon_core.verb:set package 'yahboomcar_laser' build argument 'cmake_clean_first' from command line to 'False'
[2.184s] Level 5:colcon.colcon_core.verb:set package 'yahboomcar_laser' build argument 'cmake_force_configure' from command line to 'False'
[2.184s] Level 5:colcon.colcon_core.verb:set package 'yahboomcar_laser' build argument 'ament_cmake_args' from command line to 'None'
[2.184s] Level 5:colcon.colcon_core.verb:set package 'yahboomcar_laser' build argument 'catkin_cmake_args' from command line to 'None'
[2.184s] Level 5:colcon.colcon_core.verb:set package 'yahboomcar_laser' build argument 'catkin_skip_building_tests' from command line to 'False'
[2.184s] DEBUG:colcon.colcon_core.verb:Building package 'yahboomcar_laser' with the following arguments: {'ament_cmake_args': None, 'build_base': '/root/yahboomcar_ws/build/yahboomcar_laser', 'catkin_cmake_args': None, 'catkin_skip_building_tests': False, 'cmake_args': None, 'cmake_clean_cache': False, 'cmake_clean_first': False, 'cmake_force_configure': False, 'cmake_target': None, 'cmake_target_skip_unavailable': False, 'install_base': '/root/yahboomcar_ws/install/yahboomcar_laser', 'merge_install': False, 'path': '/root/yahboomcar_ws/src/yahboomcar_laser', 'symlink_install': False, 'test_result_base': None}
[2.200s] Level 5:colcon.colcon_core.verb:set package 'yahboomcar_mediapipe' build argument 'cmake_args' from command line to 'None'
[2.200s] Level 5:colcon.colcon_core.verb:set package 'yahboomcar_mediapipe' build argument 'cmake_target' from command line to 'None'
[2.200s] Level 5:colcon.colcon_core.verb:set package 'yahboomcar_mediapipe' build argument 'cmake_target_skip_unavailable' from command line to 'False'
[2.200s] Level 5:colcon.colcon_core.verb:set package 'yahboomcar_mediapipe' build argument 'cmake_clean_cache' from command line to 'False'
[2.200s] Level 5:colcon.colcon_core.verb:set package 'yahboomcar_mediapipe' build argument 'cmake_clean_first' from command line to 'False'
[2.200s] Level 5:colcon.colcon_core.verb:set package 'yahboomcar_mediapipe' build argument 'cmake_force_configure' from command line to 'False'
[2.200s] Level 5:colcon.colcon_core.verb:set package 'yahboomcar_mediapipe' build argument 'ament_cmake_args' from command line to 'None'
[2.200s] Level 5:colcon.colcon_core.verb:set package 'yahboomcar_mediapipe' build argument 'catkin_cmake_args' from command line to 'None'
[2.200s] Level 5:colcon.colcon_core.verb:set package 'yahboomcar_mediapipe' build argument 'catkin_skip_building_tests' from command line to 'False'
[2.200s] DEBUG:colcon.colcon_core.verb:Building package 'yahboomcar_mediapipe' with the following arguments: {'ament_cmake_args': None, 'build_base': '/root/yahboomcar_ws/build/yahboomcar_mediapipe', 'catkin_cmake_args': None, 'catkin_skip_building_tests': False, 'cmake_args': None, 'cmake_clean_cache': False, 'cmake_clean_first': False, 'cmake_force_configure': False, 'cmake_target': None, 'cmake_target_skip_unavailable': False, 'install_base': '/root/yahboomcar_ws/install/yahboomcar_mediapipe', 'merge_install': False, 'path': '/root/yahboomcar_ws/src/yahboomcar_mediapipe', 'symlink_install': False, 'test_result_base': None}
[2.215s] Level 5:colcon.colcon_core.verb:set package 'yahboomcar_msgs' build argument 'cmake_args' from command line to 'None'
[2.215s] Level 5:colcon.colcon_core.verb:set package 'yahboomcar_msgs' build argument 'cmake_target' from command line to 'None'
[2.215s] Level 5:colcon.colcon_core.verb:set package 'yahboomcar_msgs' build argument 'cmake_target_skip_unavailable' from command line to 'False'
[2.215s] Level 5:colcon.colcon_core.verb:set package 'yahboomcar_msgs' build argument 'cmake_clean_cache' from command line to 'False'
[2.215s] Level 5:colcon.colcon_core.verb:set package 'yahboomcar_msgs' build argument 'cmake_clean_first' from command line to 'False'
[2.215s] Level 5:colcon.colcon_core.verb:set package 'yahboomcar_msgs' build argument 'cmake_force_configure' from command line to 'False'
[2.215s] Level 5:colcon.colcon_core.verb:set package 'yahboomcar_msgs' build argument 'ament_cmake_args' from command line to 'None'
[2.215s] Level 5:colcon.colcon_core.verb:set package 'yahboomcar_msgs' build argument 'catkin_cmake_args' from command line to 'None'
[2.215s] Level 5:colcon.colcon_core.verb:set package 'yahboomcar_msgs' build argument 'catkin_skip_building_tests' from command line to 'False'
[2.215s] DEBUG:colcon.colcon_core.verb:Building package 'yahboomcar_msgs' with the following arguments: {'ament_cmake_args': None, 'build_base': '/root/yahboomcar_ws/build/yahboomcar_msgs', 'catkin_cmake_args': None, 'catkin_skip_building_tests': False, 'cmake_args': None, 'cmake_clean_cache': False, 'cmake_clean_first': False, 'cmake_force_configure': False, 'cmake_target': None, 'cmake_target_skip_unavailable': False, 'install_base': '/root/yahboomcar_ws/install/yahboomcar_msgs', 'merge_install': False, 'path': '/root/yahboomcar_ws/src/yahboomcar_msgs', 'symlink_install': False, 'test_result_base': None}
[2.231s] Level 5:colcon.colcon_core.verb:set package 'yahboomcar_nav' build argument 'cmake_args' from command line to 'None'
[2.231s] Level 5:colcon.colcon_core.verb:set package 'yahboomcar_nav' build argument 'cmake_target' from command line to 'None'
[2.231s] Level 5:colcon.colcon_core.verb:set package 'yahboomcar_nav' build argument 'cmake_target_skip_unavailable' from command line to 'False'
[2.231s] Level 5:colcon.colcon_core.verb:set package 'yahboomcar_nav' build argument 'cmake_clean_cache' from command line to 'False'
[2.231s] Level 5:colcon.colcon_core.verb:set package 'yahboomcar_nav' build argument 'cmake_clean_first' from command line to 'False'
[2.231s] Level 5:colcon.colcon_core.verb:set package 'yahboomcar_nav' build argument 'cmake_force_configure' from command line to 'False'
[2.231s] Level 5:colcon.colcon_core.verb:set package 'yahboomcar_nav' build argument 'ament_cmake_args' from command line to 'None'
[2.231s] Level 5:colcon.colcon_core.verb:set package 'yahboomcar_nav' build argument 'catkin_cmake_args' from command line to 'None'
[2.231s] Level 5:colcon.colcon_core.verb:set package 'yahboomcar_nav' build argument 'catkin_skip_building_tests' from command line to 'False'
[2.231s] DEBUG:colcon.colcon_core.verb:Building package 'yahboomcar_nav' with the following arguments: {'ament_cmake_args': None, 'build_base': '/root/yahboomcar_ws/build/yahboomcar_nav', 'catkin_cmake_args': None, 'catkin_skip_building_tests': False, 'cmake_args': None, 'cmake_clean_cache': False, 'cmake_clean_first': False, 'cmake_force_configure': False, 'cmake_target': None, 'cmake_target_skip_unavailable': False, 'install_base': '/root/yahboomcar_ws/install/yahboomcar_nav', 'merge_install': False, 'path': '/root/yahboomcar_ws/src/yahboomcar_nav', 'symlink_install': False, 'test_result_base': None}
[2.247s] Level 5:colcon.colcon_core.verb:set package 'yahboomcar_visual' build argument 'cmake_args' from command line to 'None'
[2.247s] Level 5:colcon.colcon_core.verb:set package 'yahboomcar_visual' build argument 'cmake_target' from command line to 'None'
[2.247s] Level 5:colcon.colcon_core.verb:set package 'yahboomcar_visual' build argument 'cmake_target_skip_unavailable' from command line to 'False'
[2.247s] Level 5:colcon.colcon_core.verb:set package 'yahboomcar_visual' build argument 'cmake_clean_cache' from command line to 'False'
[2.247s] Level 5:colcon.colcon_core.verb:set package 'yahboomcar_visual' build argument 'cmake_clean_first' from command line to 'False'
[2.247s] Level 5:colcon.colcon_core.verb:set package 'yahboomcar_visual' build argument 'cmake_force_configure' from command line to 'False'
[2.247s] Level 5:colcon.colcon_core.verb:set package 'yahboomcar_visual' build argument 'ament_cmake_args' from command line to 'None'
[2.247s] Level 5:colcon.colcon_core.verb:set package 'yahboomcar_visual' build argument 'catkin_cmake_args' from command line to 'None'
[2.247s] Level 5:colcon.colcon_core.verb:set package 'yahboomcar_visual' build argument 'catkin_skip_building_tests' from command line to 'False'
[2.247s] DEBUG:colcon.colcon_core.verb:Building package 'yahboomcar_visual' with the following arguments: {'ament_cmake_args': None, 'build_base': '/root/yahboomcar_ws/build/yahboomcar_visual', 'catkin_cmake_args': None, 'catkin_skip_building_tests': False, 'cmake_args': None, 'cmake_clean_cache': False, 'cmake_clean_first': False, 'cmake_force_configure': False, 'cmake_target': None, 'cmake_target_skip_unavailable': False, 'install_base': '/root/yahboomcar_ws/install/yahboomcar_visual', 'merge_install': False, 'path': '/root/yahboomcar_ws/src/yahboomcar_visual', 'symlink_install': False, 'test_result_base': None}
[2.262s] INFO:colcon.colcon_core.executor:Executing jobs using 'parallel' executor
[2.278s] DEBUG:colcon.colcon_parallel_executor.executor.parallel:run_until_complete
[2.279s] INFO:colcon.colcon_ros.task.ament_python.build:Building ROS package in '/root/yahboomcar_ws/src/laserscan_to_point_publisher' with build type 'ament_python'
[2.279s] Level 1:colcon.colcon_core.shell:create_environment_hook('laserscan_to_point_publisher', 'ament_prefix_path')
[2.307s] INFO:colcon.colcon_core.plugin_system:Skipping extension 'colcon_core.shell.bat': Not used on non-Windows systems
[2.307s] INFO:colcon.colcon_core.shell:Creating environment hook '/root/yahboomcar_ws/install/laserscan_to_point_publisher/share/laserscan_to_point_publisher/hook/ament_prefix_path.ps1'
[2.310s] INFO:colcon.colcon_core.shell:Creating environment descriptor '/root/yahboomcar_ws/install/laserscan_to_point_publisher/share/laserscan_to_point_publisher/hook/ament_prefix_path.dsv'
[2.311s] INFO:colcon.colcon_core.shell:Creating environment hook '/root/yahboomcar_ws/install/laserscan_to_point_publisher/share/laserscan_to_point_publisher/hook/ament_prefix_path.sh'
[2.332s] INFO:colcon.colcon_core.shell:Skip shell extension 'powershell' for command environment: Not usable outside of PowerShell
[2.332s] DEBUG:colcon.colcon_core.shell:Skip shell extension 'dsv' for command environment
[2.431s] INFO:colcon.colcon_ros.task.ament_cmake.build:Building ROS package in '/root/yahboomcar_ws/src/robot_localization' with build type 'ament_cmake'
[2.432s] INFO:colcon.colcon_cmake.task.cmake.build:Building CMake package in '/root/yahboomcar_ws/src/robot_localization'
[2.451s] INFO:colcon.colcon_core.shell:Skip shell extension 'powershell' for command environment: Not usable outside of PowerShell
[2.451s] DEBUG:colcon.colcon_core.shell:Skip shell extension 'dsv' for command environment
[2.544s] INFO:colcon.colcon_ros.task.ament_cmake.build:Building ROS package in '/root/yahboomcar_ws/src/robot_pose_publisher_ros2' with build type 'ament_cmake'
[2.545s] INFO:colcon.colcon_cmake.task.cmake.build:Building CMake package in '/root/yahboomcar_ws/src/robot_pose_publisher_ros2'
[2.562s] INFO:colcon.colcon_core.shell:Skip shell extension 'powershell' for command environment: Not usable outside of PowerShell
[2.562s] DEBUG:colcon.colcon_core.shell:Skip shell extension 'dsv' for command environment
[2.666s] INFO:colcon.colcon_ros.task.ament_python.build:Building ROS package in '/root/yahboomcar_ws/src/yahboom_app_save_map' with build type 'ament_python'
[2.666s] Level 1:colcon.colcon_core.shell:create_environment_hook('yahboom_app_save_map', 'ament_prefix_path')
[2.684s] INFO:colcon.colcon_core.shell:Creating environment hook '/root/yahboomcar_ws/install/yahboom_app_save_map/share/yahboom_app_save_map/hook/ament_prefix_path.ps1'
[2.685s] INFO:colcon.colcon_core.shell:Creating environment descriptor '/root/yahboomcar_ws/install/yahboom_app_save_map/share/yahboom_app_save_map/hook/ament_prefix_path.dsv'
[2.685s] INFO:colcon.colcon_core.shell:Creating environment hook '/root/yahboomcar_ws/install/yahboom_app_save_map/share/yahboom_app_save_map/hook/ament_prefix_path.sh'
[2.703s] INFO:colcon.colcon_core.shell:Skip shell extension 'powershell' for command environment: Not usable outside of PowerShell
[2.704s] DEBUG:colcon.colcon_core.shell:Skip shell extension 'dsv' for command environment
[3.158s] INFO:colcon.colcon_core.task.python.build:Building Python package in '/root/yahboomcar_ws/src/laserscan_to_point_publisher'
[3.174s] INFO:colcon.colcon_core.shell:Skip shell extension 'powershell' for command environment: Not usable outside of PowerShell
[3.174s] DEBUG:colcon.colcon_core.shell:Skip shell extension 'dsv' for command environment
[3.273s] DEBUG:colcon.colcon_core.event_handler.log_command:Invoking command in '/root/yahboomcar_ws/build/robot_localization': CMAKE_PREFIX_PATH=${CMAKE_PREFIX_PATH}:/root/yahboomcar_ws/install/yahboomcar_visual:/root/yahboomcar_ws/install/yahboomcar_nav:/root/yahboomcar_ws/install/yahboomcar_mediapipe:/root/yahboomcar_ws/install/yahboomcar_laser:/root/yahboomcar_ws/install/yahboomcar_description:/root/yahboomcar_ws/install/yahboomcar_ctrl:/root/yahboomcar_ws/install/yahboomcar_bringup:/root/yahboomcar_ws/install/yahboomcar_astra:/root/yahboomcar_ws/install/yahboom_app_save_map:/root/yahboomcar_ws/install/laserscan_to_point_publisher:/opt/ros/humble /usr/bin/cmake --build /root/yahboomcar_ws/build/robot_localization -- -j4 -l4
[3.296s] DEBUG:colcon.colcon_core.event_handler.log_command:Invoking command in '/root/yahboomcar_ws/build/robot_pose_publisher_ros2': CMAKE_PREFIX_PATH=${CMAKE_PREFIX_PATH}:/root/yahboomcar_ws/install/yahboomcar_visual:/root/yahboomcar_ws/install/yahboomcar_nav:/root/yahboomcar_ws/install/yahboomcar_mediapipe:/root/yahboomcar_ws/install/yahboomcar_laser:/root/yahboomcar_ws/install/yahboomcar_description:/root/yahboomcar_ws/install/yahboomcar_ctrl:/root/yahboomcar_ws/install/yahboomcar_bringup:/root/yahboomcar_ws/install/yahboomcar_astra:/root/yahboomcar_ws/install/yahboom_app_save_map:/root/yahboomcar_ws/install/laserscan_to_point_publisher:/opt/ros/humble /usr/bin/cmake --build /root/yahboomcar_ws/build/robot_pose_publisher_ros2 -- -j4 -l4
[3.761s] INFO:colcon.colcon_core.task.python.build:Building Python package in '/root/yahboomcar_ws/src/yahboom_app_save_map'
[3.804s] INFO:colcon.colcon_core.shell:Skip shell extension 'powershell' for command environment: Not usable outside of PowerShell
[3.804s] DEBUG:colcon.colcon_core.shell:Skip shell extension 'dsv' for command environment
[4.030s] DEBUG:colcon.colcon_core.event_handler.log_command:Invoked command in '/root/yahboomcar_ws/build/robot_pose_publisher_ros2' returned '0': CMAKE_PREFIX_PATH=${CMAKE_PREFIX_PATH}:/root/yahboomcar_ws/install/yahboomcar_visual:/root/yahboomcar_ws/install/yahboomcar_nav:/root/yahboomcar_ws/install/yahboomcar_mediapipe:/root/yahboomcar_ws/install/yahboomcar_laser:/root/yahboomcar_ws/install/yahboomcar_description:/root/yahboomcar_ws/install/yahboomcar_ctrl:/root/yahboomcar_ws/install/yahboomcar_bringup:/root/yahboomcar_ws/install/yahboomcar_astra:/root/yahboomcar_ws/install/yahboom_app_save_map:/root/yahboomcar_ws/install/laserscan_to_point_publisher:/opt/ros/humble /usr/bin/cmake --build /root/yahboomcar_ws/build/robot_pose_publisher_ros2 -- -j4 -l4
[4.085s] DEBUG:colcon.colcon_core.event_handler.log_command:Invoking command in '/root/yahboomcar_ws/build/robot_pose_publisher_ros2': CMAKE_PREFIX_PATH=${CMAKE_PREFIX_PATH}:/root/yahboomcar_ws/install/yahboomcar_visual:/root/yahboomcar_ws/install/yahboomcar_nav:/root/yahboomcar_ws/install/yahboomcar_mediapipe:/root/yahboomcar_ws/install/yahboomcar_laser:/root/yahboomcar_ws/install/yahboomcar_description:/root/yahboomcar_ws/install/yahboomcar_ctrl:/root/yahboomcar_ws/install/yahboomcar_bringup:/root/yahboomcar_ws/install/yahboomcar_astra:/root/yahboomcar_ws/install/yahboom_app_save_map:/root/yahboomcar_ws/install/laserscan_to_point_publisher:/opt/ros/humble /usr/bin/cmake --install /root/yahboomcar_ws/build/robot_pose_publisher_ros2
[4.319s] Level 1:colcon.colcon_core.environment:create_environment_scripts_only(robot_pose_publisher_ros2)
[4.321s] DEBUG:colcon.colcon_core.event_handler.log_command:Invoked command in '/root/yahboomcar_ws/build/robot_pose_publisher_ros2' returned '0': CMAKE_PREFIX_PATH=${CMAKE_PREFIX_PATH}:/root/yahboomcar_ws/install/yahboomcar_visual:/root/yahboomcar_ws/install/yahboomcar_nav:/root/yahboomcar_ws/install/yahboomcar_mediapipe:/root/yahboomcar_ws/install/yahboomcar_laser:/root/yahboomcar_ws/install/yahboomcar_description:/root/yahboomcar_ws/install/yahboomcar_ctrl:/root/yahboomcar_ws/install/yahboomcar_bringup:/root/yahboomcar_ws/install/yahboomcar_astra:/root/yahboomcar_ws/install/yahboom_app_save_map:/root/yahboomcar_ws/install/laserscan_to_point_publisher:/opt/ros/humble /usr/bin/cmake --install /root/yahboomcar_ws/build/robot_pose_publisher_ros2
[4.409s] Level 1:colcon.colcon_core.environment:checking '/root/yahboomcar_ws/install/robot_pose_publisher_ros2' for CMake module files
[4.420s] Level 1:colcon.colcon_core.environment:checking '/root/yahboomcar_ws/install/robot_pose_publisher_ros2' for CMake config files
[4.425s] Level 1:colcon.colcon_core.shell:create_environment_hook('robot_pose_publisher_ros2', 'cmake_prefix_path')
[4.462s] INFO:colcon.colcon_core.shell:Creating environment hook '/root/yahboomcar_ws/install/robot_pose_publisher_ros2/share/robot_pose_publisher_ros2/hook/cmake_prefix_path.ps1'
[4.463s] INFO:colcon.colcon_core.shell:Creating environment descriptor '/root/yahboomcar_ws/install/robot_pose_publisher_ros2/share/robot_pose_publisher_ros2/hook/cmake_prefix_path.dsv'
[4.464s] INFO:colcon.colcon_core.shell:Creating environment hook '/root/yahboomcar_ws/install/robot_pose_publisher_ros2/share/robot_pose_publisher_ros2/hook/cmake_prefix_path.sh'
[4.467s] Level 1:colcon.colcon_core.environment:checking '/root/yahboomcar_ws/install/robot_pose_publisher_ros2/lib'
[4.467s] Level 1:colcon.colcon_core.environment:checking '/root/yahboomcar_ws/install/robot_pose_publisher_ros2/bin'
[4.467s] Level 1:colcon.colcon_core.environment:checking '/root/yahboomcar_ws/install/robot_pose_publisher_ros2/lib/pkgconfig/robot_pose_publisher_ros2.pc'
[4.468s] Level 1:colcon.colcon_core.environment:checking '/root/yahboomcar_ws/install/robot_pose_publisher_ros2/lib/python3.10/site-packages'
[4.468s] Level 1:colcon.colcon_core.environment:checking '/root/yahboomcar_ws/install/robot_pose_publisher_ros2/bin'
[4.552s] INFO:colcon.colcon_core.shell:Creating package script '/root/yahboomcar_ws/install/robot_pose_publisher_ros2/share/robot_pose_publisher_ros2/package.ps1'
[4.554s] INFO:colcon.colcon_core.shell:Creating package descriptor '/root/yahboomcar_ws/install/robot_pose_publisher_ros2/share/robot_pose_publisher_ros2/package.dsv'
[4.557s] INFO:colcon.colcon_core.shell:Creating package script '/root/yahboomcar_ws/install/robot_pose_publisher_ros2/share/robot_pose_publisher_ros2/package.sh'
[4.560s] INFO:colcon.colcon_core.shell:Creating package script '/root/yahboomcar_ws/install/robot_pose_publisher_ros2/share/robot_pose_publisher_ros2/package.bash'
[4.563s] INFO:colcon.colcon_core.shell:Creating package script '/root/yahboomcar_ws/install/robot_pose_publisher_ros2/share/robot_pose_publisher_ros2/package.zsh'
[4.565s] Level 1:colcon.colcon_core.environment:create_file_with_runtime_dependencies(/root/yahboomcar_ws/install/robot_pose_publisher_ros2/share/colcon-core/packages/robot_pose_publisher_ros2)
[4.750s] Level 1:colcon.colcon_core.environment:create_environment_scripts_only(robot_pose_publisher_ros2)
[4.811s] Level 1:colcon.colcon_core.environment:checking '/root/yahboomcar_ws/install/robot_pose_publisher_ros2' for CMake module files
[4.812s] Level 1:colcon.colcon_core.environment:checking '/root/yahboomcar_ws/install/robot_pose_publisher_ros2' for CMake config files
[4.813s] Level 1:colcon.colcon_core.shell:create_environment_hook('robot_pose_publisher_ros2', 'cmake_prefix_path')
[4.841s] INFO:colcon.colcon_core.shell:Creating environment hook '/root/yahboomcar_ws/install/robot_pose_publisher_ros2/share/robot_pose_publisher_ros2/hook/cmake_prefix_path.ps1'
[4.842s] INFO:colcon.colcon_core.shell:Creating environment descriptor '/root/yahboomcar_ws/install/robot_pose_publisher_ros2/share/robot_pose_publisher_ros2/hook/cmake_prefix_path.dsv'
[4.843s] INFO:colcon.colcon_core.shell:Creating environment hook '/root/yahboomcar_ws/install/robot_pose_publisher_ros2/share/robot_pose_publisher_ros2/hook/cmake_prefix_path.sh'
[4.845s] Level 1:colcon.colcon_core.environment:checking '/root/yahboomcar_ws/install/robot_pose_publisher_ros2/lib'
[4.845s] Level 1:colcon.colcon_core.environment:checking '/root/yahboomcar_ws/install/robot_pose_publisher_ros2/bin'
[4.845s] Level 1:colcon.colcon_core.environment:checking '/root/yahboomcar_ws/install/robot_pose_publisher_ros2/lib/pkgconfig/robot_pose_publisher_ros2.pc'
[4.846s] Level 1:colcon.colcon_core.environment:checking '/root/yahboomcar_ws/install/robot_pose_publisher_ros2/lib/python3.10/site-packages'
[4.846s] Level 1:colcon.colcon_core.environment:checking '/root/yahboomcar_ws/install/robot_pose_publisher_ros2/bin'
[4.883s] INFO:colcon.colcon_core.shell:Creating package script '/root/yahboomcar_ws/install/robot_pose_publisher_ros2/share/robot_pose_publisher_ros2/package.ps1'
[4.884s] INFO:colcon.colcon_core.shell:Creating package descriptor '/root/yahboomcar_ws/install/robot_pose_publisher_ros2/share/robot_pose_publisher_ros2/package.dsv'
[4.885s] INFO:colcon.colcon_core.shell:Creating package script '/root/yahboomcar_ws/install/robot_pose_publisher_ros2/share/robot_pose_publisher_ros2/package.sh'
[4.885s] INFO:colcon.colcon_core.shell:Creating package script '/root/yahboomcar_ws/install/robot_pose_publisher_ros2/share/robot_pose_publisher_ros2/package.bash'
[4.886s] INFO:colcon.colcon_core.shell:Creating package script '/root/yahboomcar_ws/install/robot_pose_publisher_ros2/share/robot_pose_publisher_ros2/package.zsh'
[4.886s] Level 1:colcon.colcon_core.environment:create_file_with_runtime_dependencies(/root/yahboomcar_ws/install/robot_pose_publisher_ros2/share/colcon-core/packages/robot_pose_publisher_ros2)
[4.887s] INFO:colcon.colcon_ros.task.ament_cmake.build:Building ROS package in '/root/yahboomcar_ws/src/yahboom_web_savmap_interfaces' with build type 'ament_cmake'
[4.887s] INFO:colcon.colcon_cmake.task.cmake.build:Building CMake package in '/root/yahboomcar_ws/src/yahboom_web_savmap_interfaces'
[4.928s] INFO:colcon.colcon_core.shell:Skip shell extension 'powershell' for command environment: Not usable outside of PowerShell
[4.928s] DEBUG:colcon.colcon_core.shell:Skip shell extension 'dsv' for command environment
[5.101s] DEBUG:colcon.colcon_core.event_handler.log_command:Invoked command in '/root/yahboomcar_ws/build/robot_localization' returned '0': CMAKE_PREFIX_PATH=${CMAKE_PREFIX_PATH}:/root/yahboomcar_ws/install/yahboomcar_visual:/root/yahboomcar_ws/install/yahboomcar_nav:/root/yahboomcar_ws/install/yahboomcar_mediapipe:/root/yahboomcar_ws/install/yahboomcar_laser:/root/yahboomcar_ws/install/yahboomcar_description:/root/yahboomcar_ws/install/yahboomcar_ctrl:/root/yahboomcar_ws/install/yahboomcar_bringup:/root/yahboomcar_ws/install/yahboomcar_astra:/root/yahboomcar_ws/install/yahboom_app_save_map:/root/yahboomcar_ws/install/laserscan_to_point_publisher:/opt/ros/humble /usr/bin/cmake --build /root/yahboomcar_ws/build/robot_localization -- -j4 -l4
[5.118s] DEBUG:colcon.colcon_core.event_handler.log_command:Invoking command in '/root/yahboomcar_ws/src/yahboom_app_save_map': PYTHONPATH=/root/yahboomcar_ws/build/yahboom_app_save_map/prefix_override:/root/yahboomcar_ws/install/yahboom_app_save_map/lib/python3.10/site-packages:${PYTHONPATH} /usr/bin/python3 setup.py egg_info --egg-base ../../build/yahboom_app_save_map build --build-base /root/yahboomcar_ws/build/yahboom_app_save_map/build install --record /root/yahboomcar_ws/build/yahboom_app_save_map/install.log --single-version-externally-managed
[5.121s] DEBUG:colcon.colcon_core.event_handler.log_command:Invoking command in '/root/yahboomcar_ws/src/laserscan_to_point_publisher': PYTHONPATH=/root/yahboomcar_ws/build/laserscan_to_point_publisher/prefix_override:/root/yahboomcar_ws/install/laserscan_to_point_publisher/lib/python3.10/site-packages:${PYTHONPATH} /usr/bin/python3 setup.py egg_info --egg-base ../../build/laserscan_to_point_publisher build --build-base /root/yahboomcar_ws/build/laserscan_to_point_publisher/build install --record /root/yahboomcar_ws/build/laserscan_to_point_publisher/install.log --single-version-externally-managed
[5.130s] DEBUG:colcon.colcon_core.event_handler.log_command:Invoking command in '/root/yahboomcar_ws/build/yahboom_web_savmap_interfaces': CMAKE_PREFIX_PATH=${CMAKE_PREFIX_PATH}:/root/yahboomcar_ws/install/yahboomcar_visual:/root/yahboomcar_ws/install/yahboomcar_nav:/root/yahboomcar_ws/install/yahboomcar_mediapipe:/root/yahboomcar_ws/install/yahboomcar_laser:/root/yahboomcar_ws/install/yahboomcar_description:/root/yahboomcar_ws/install/yahboomcar_ctrl:/root/yahboomcar_ws/install/yahboomcar_bringup:/root/yahboomcar_ws/install/yahboomcar_astra:/root/yahboomcar_ws/install/yahboom_app_save_map:/root/yahboomcar_ws/install/laserscan_to_point_publisher:/opt/ros/humble /usr/bin/cmake --build /root/yahboomcar_ws/build/yahboom_web_savmap_interfaces -- -j4 -l4
[5.936s] DEBUG:colcon.colcon_core.event_handler.log_command:Invoked command in '/root/yahboomcar_ws/src/laserscan_to_point_publisher' returned '0': PYTHONPATH=/root/yahboomcar_ws/build/laserscan_to_point_publisher/prefix_override:/root/yahboomcar_ws/install/laserscan_to_point_publisher/lib/python3.10/site-packages:${PYTHONPATH} /usr/bin/python3 setup.py egg_info --egg-base ../../build/laserscan_to_point_publisher build --build-base /root/yahboomcar_ws/build/laserscan_to_point_publisher/build install --record /root/yahboomcar_ws/build/laserscan_to_point_publisher/install.log --single-version-externally-managed
[5.970s] Level 1:colcon.colcon_core.environment:checking '/root/yahboomcar_ws/install/laserscan_to_point_publisher' for CMake module files
[5.979s] Level 1:colcon.colcon_core.environment:checking '/root/yahboomcar_ws/install/laserscan_to_point_publisher' for CMake config files
[5.987s] Level 1:colcon.colcon_core.environment:checking '/root/yahboomcar_ws/install/laserscan_to_point_publisher/lib'
[5.988s] Level 1:colcon.colcon_core.environment:checking '/root/yahboomcar_ws/install/laserscan_to_point_publisher/bin'
[5.988s] Level 1:colcon.colcon_core.environment:checking '/root/yahboomcar_ws/install/laserscan_to_point_publisher/lib/pkgconfig/laserscan_to_point_publisher.pc'
[5.989s] Level 1:colcon.colcon_core.environment:checking '/root/yahboomcar_ws/install/laserscan_to_point_publisher/lib/python3.10/site-packages'
[5.989s] Level 1:colcon.colcon_core.shell:create_environment_hook('laserscan_to_point_publisher', 'pythonpath')
[6.008s] INFO:colcon.colcon_core.shell:Creating environment hook '/root/yahboomcar_ws/install/laserscan_to_point_publisher/share/laserscan_to_point_publisher/hook/pythonpath.ps1'
[6.008s] INFO:colcon.colcon_core.shell:Creating environment descriptor '/root/yahboomcar_ws/install/laserscan_to_point_publisher/share/laserscan_to_point_publisher/hook/pythonpath.dsv'
[6.009s] INFO:colcon.colcon_core.shell:Creating environment hook '/root/yahboomcar_ws/install/laserscan_to_point_publisher/share/laserscan_to_point_publisher/hook/pythonpath.sh'
[6.010s] Level 1:colcon.colcon_core.environment:checking '/root/yahboomcar_ws/install/laserscan_to_point_publisher/bin'
[6.010s] Level 1:colcon.colcon_core.environment:create_environment_scripts_only(laserscan_to_point_publisher)
[6.026s] INFO:colcon.colcon_core.shell:Creating package script '/root/yahboomcar_ws/install/laserscan_to_point_publisher/share/laserscan_to_point_publisher/package.ps1'
[6.027s] INFO:colcon.colcon_core.shell:Creating package descriptor '/root/yahboomcar_ws/install/laserscan_to_point_publisher/share/laserscan_to_point_publisher/package.dsv'
[6.028s] INFO:colcon.colcon_core.shell:Creating package script '/root/yahboomcar_ws/install/laserscan_to_point_publisher/share/laserscan_to_point_publisher/package.sh'
[6.028s] INFO:colcon.colcon_core.shell:Creating package script '/root/yahboomcar_ws/install/laserscan_to_point_publisher/share/laserscan_to_point_publisher/package.bash'
[6.029s] INFO:colcon.colcon_core.shell:Creating package script '/root/yahboomcar_ws/install/laserscan_to_point_publisher/share/laserscan_to_point_publisher/package.zsh'
[6.029s] Level 1:colcon.colcon_core.environment:create_file_with_runtime_dependencies(/root/yahboomcar_ws/install/laserscan_to_point_publisher/share/colcon-core/packages/laserscan_to_point_publisher)
[6.031s] INFO:colcon.colcon_ros.task.ament_python.build:Building ROS package in '/root/yahboomcar_ws/src/yahboomcar_astra' with build type 'ament_python'
[6.031s] Level 1:colcon.colcon_core.shell:create_environment_hook('yahboomcar_astra', 'ament_prefix_path')
[6.057s] INFO:colcon.colcon_core.shell:Creating environment hook '/root/yahboomcar_ws/install/yahboomcar_astra/share/yahboomcar_astra/hook/ament_prefix_path.ps1'
[6.062s] INFO:colcon.colcon_core.shell:Creating environment descriptor '/root/yahboomcar_ws/install/yahboomcar_astra/share/yahboomcar_astra/hook/ament_prefix_path.dsv'
[6.063s] INFO:colcon.colcon_core.shell:Creating environment hook '/root/yahboomcar_ws/install/yahboomcar_astra/share/yahboomcar_astra/hook/ament_prefix_path.sh'
[6.084s] INFO:colcon.colcon_core.shell:Skip shell extension 'powershell' for command environment: Not usable outside of PowerShell
[6.084s] DEBUG:colcon.colcon_core.shell:Skip shell extension 'dsv' for command environment
[6.197s] DEBUG:colcon.colcon_core.event_handler.log_command:Invoked command in '/root/yahboomcar_ws/src/yahboom_app_save_map' returned '0': PYTHONPATH=/root/yahboomcar_ws/build/yahboom_app_save_map/prefix_override:/root/yahboomcar_ws/install/yahboom_app_save_map/lib/python3.10/site-packages:${PYTHONPATH} /usr/bin/python3 setup.py egg_info --egg-base ../../build/yahboom_app_save_map build --build-base /root/yahboomcar_ws/build/yahboom_app_save_map/build install --record /root/yahboomcar_ws/build/yahboom_app_save_map/install.log --single-version-externally-managed
[6.214s] Level 1:colcon.colcon_core.environment:checking '/root/yahboomcar_ws/install/yahboom_app_save_map' for CMake module files
[6.224s] Level 1:colcon.colcon_core.environment:checking '/root/yahboomcar_ws/install/yahboom_app_save_map' for CMake config files
[6.231s] Level 1:colcon.colcon_core.environment:checking '/root/yahboomcar_ws/install/yahboom_app_save_map/lib'
[6.231s] Level 1:colcon.colcon_core.environment:checking '/root/yahboomcar_ws/install/yahboom_app_save_map/bin'
[6.231s] Level 1:colcon.colcon_core.environment:checking '/root/yahboomcar_ws/install/yahboom_app_save_map/lib/pkgconfig/yahboom_app_save_map.pc'
[6.232s] Level 1:colcon.colcon_core.environment:checking '/root/yahboomcar_ws/install/yahboom_app_save_map/lib/python3.10/site-packages'
[6.232s] Level 1:colcon.colcon_core.shell:create_environment_hook('yahboom_app_save_map', 'pythonpath')
[6.249s] INFO:colcon.colcon_core.shell:Creating environment hook '/root/yahboomcar_ws/install/yahboom_app_save_map/share/yahboom_app_save_map/hook/pythonpath.ps1'
[6.250s] INFO:colcon.colcon_core.shell:Creating environment descriptor '/root/yahboomcar_ws/install/yahboom_app_save_map/share/yahboom_app_save_map/hook/pythonpath.dsv'
[6.250s] INFO:colcon.colcon_core.shell:Creating environment hook '/root/yahboomcar_ws/install/yahboom_app_save_map/share/yahboom_app_save_map/hook/pythonpath.sh'
[6.251s] Level 1:colcon.colcon_core.environment:checking '/root/yahboomcar_ws/install/yahboom_app_save_map/bin'
[6.251s] Level 1:colcon.colcon_core.environment:create_environment_scripts_only(yahboom_app_save_map)
[6.270s] INFO:colcon.colcon_core.shell:Creating package script '/root/yahboomcar_ws/install/yahboom_app_save_map/share/yahboom_app_save_map/package.ps1'
[6.271s] INFO:colcon.colcon_core.shell:Creating package descriptor '/root/yahboomcar_ws/install/yahboom_app_save_map/share/yahboom_app_save_map/package.dsv'
[6.272s] INFO:colcon.colcon_core.shell:Creating package script '/root/yahboomcar_ws/install/yahboom_app_save_map/share/yahboom_app_save_map/package.sh'
[6.274s] INFO:colcon.colcon_core.shell:Creating package script '/root/yahboomcar_ws/install/yahboom_app_save_map/share/yahboom_app_save_map/package.bash'
[6.274s] INFO:colcon.colcon_core.shell:Creating package script '/root/yahboomcar_ws/install/yahboom_app_save_map/share/yahboom_app_save_map/package.zsh'
[6.275s] Level 1:colcon.colcon_core.environment:create_file_with_runtime_dependencies(/root/yahboomcar_ws/install/yahboom_app_save_map/share/colcon-core/packages/yahboom_app_save_map)
[6.278s] DEBUG:colcon.colcon_core.event_handler.log_command:Invoking command in '/root/yahboomcar_ws/build/robot_localization': CMAKE_PREFIX_PATH=${CMAKE_PREFIX_PATH}:/root/yahboomcar_ws/install/yahboomcar_visual:/root/yahboomcar_ws/install/yahboomcar_nav:/root/yahboomcar_ws/install/yahboomcar_mediapipe:/root/yahboomcar_ws/install/yahboomcar_laser:/root/yahboomcar_ws/install/yahboomcar_description:/root/yahboomcar_ws/install/yahboomcar_ctrl:/root/yahboomcar_ws/install/yahboomcar_bringup:/root/yahboomcar_ws/install/yahboomcar_astra:/root/yahboomcar_ws/install/yahboom_app_save_map:/root/yahboomcar_ws/install/laserscan_to_point_publisher:/opt/ros/humble /usr/bin/cmake --install /root/yahboomcar_ws/build/robot_localization
[6.280s] INFO:colcon.colcon_ros.task.ament_cmake.build:Building ROS package in '/root/yahboomcar_ws/src/yahboomcar_base_node' with build type 'ament_cmake'
[6.280s] INFO:colcon.colcon_cmake.task.cmake.build:Building CMake package in '/root/yahboomcar_ws/src/yahboomcar_base_node'
[6.307s] INFO:colcon.colcon_core.shell:Skip shell extension 'powershell' for command environment: Not usable outside of PowerShell
[6.309s] DEBUG:colcon.colcon_core.shell:Skip shell extension 'dsv' for command environment
[6.415s] DEBUG:colcon.colcon_core.event_handler.log_command:Invoked command in '/root/yahboomcar_ws/build/yahboom_web_savmap_interfaces' returned '0': CMAKE_PREFIX_PATH=${CMAKE_PREFIX_PATH}:/root/yahboomcar_ws/install/yahboomcar_visual:/root/yahboomcar_ws/install/yahboomcar_nav:/root/yahboomcar_ws/install/yahboomcar_mediapipe:/root/yahboomcar_ws/install/yahboomcar_laser:/root/yahboomcar_ws/install/yahboomcar_description:/root/yahboomcar_ws/install/yahboomcar_ctrl:/root/yahboomcar_ws/install/yahboomcar_bringup:/root/yahboomcar_ws/install/yahboomcar_astra:/root/yahboomcar_ws/install/yahboom_app_save_map:/root/yahboomcar_ws/install/laserscan_to_point_publisher:/opt/ros/humble /usr/bin/cmake --build /root/yahboomcar_ws/build/yahboom_web_savmap_interfaces -- -j4 -l4
[6.881s] INFO:colcon.colcon_core.task.python.build:Building Python package in '/root/yahboomcar_ws/src/yahboomcar_astra'
[6.899s] INFO:colcon.colcon_core.shell:Skip shell extension 'powershell' for command environment: Not usable outside of PowerShell
[6.899s] DEBUG:colcon.colcon_core.shell:Skip shell extension 'dsv' for command environment
[7.028s] DEBUG:colcon.colcon_core.event_handler.log_command:Invoking command in '/root/yahboomcar_ws/build/yahboomcar_base_node': CMAKE_PREFIX_PATH=${CMAKE_PREFIX_PATH}:/root/yahboomcar_ws/install/yahboomcar_visual:/root/yahboomcar_ws/install/yahboomcar_nav:/root/yahboomcar_ws/install/yahboomcar_mediapipe:/root/yahboomcar_ws/install/yahboomcar_laser:/root/yahboomcar_ws/install/yahboomcar_description:/root/yahboomcar_ws/install/yahboomcar_ctrl:/root/yahboomcar_ws/install/yahboomcar_bringup:/root/yahboomcar_ws/install/yahboomcar_astra:/root/yahboomcar_ws/install/yahboom_app_save_map:/root/yahboomcar_ws/install/laserscan_to_point_publisher:/opt/ros/humble /usr/bin/cmake --build /root/yahboomcar_ws/build/yahboomcar_base_node -- -j4 -l4
[7.031s] DEBUG:colcon.colcon_core.event_handler.log_command:Invoking command in '/root/yahboomcar_ws/build/yahboom_web_savmap_interfaces': CMAKE_PREFIX_PATH=${CMAKE_PREFIX_PATH}:/root/yahboomcar_ws/install/yahboomcar_visual:/root/yahboomcar_ws/install/yahboomcar_nav:/root/yahboomcar_ws/install/yahboomcar_mediapipe:/root/yahboomcar_ws/install/yahboomcar_laser:/root/yahboomcar_ws/install/yahboomcar_description:/root/yahboomcar_ws/install/yahboomcar_ctrl:/root/yahboomcar_ws/install/yahboomcar_bringup:/root/yahboomcar_ws/install/yahboomcar_astra:/root/yahboomcar_ws/install/yahboom_app_save_map:/root/yahboomcar_ws/install/laserscan_to_point_publisher:/opt/ros/humble /usr/bin/cmake --install /root/yahboomcar_ws/build/yahboom_web_savmap_interfaces
[7.249s] DEBUG:colcon.colcon_core.event_handler.log_command:Invoked command in '/root/yahboomcar_ws/build/yahboomcar_base_node' returned '0': CMAKE_PREFIX_PATH=${CMAKE_PREFIX_PATH}:/root/yahboomcar_ws/install/yahboomcar_visual:/root/yahboomcar_ws/install/yahboomcar_nav:/root/yahboomcar_ws/install/yahboomcar_mediapipe:/root/yahboomcar_ws/install/yahboomcar_laser:/root/yahboomcar_ws/install/yahboomcar_description:/root/yahboomcar_ws/install/yahboomcar_ctrl:/root/yahboomcar_ws/install/yahboomcar_bringup:/root/yahboomcar_ws/install/yahboomcar_astra:/root/yahboomcar_ws/install/yahboom_app_save_map:/root/yahboomcar_ws/install/laserscan_to_point_publisher:/opt/ros/humble /usr/bin/cmake --build /root/yahboomcar_ws/build/yahboomcar_base_node -- -j4 -l4
[7.299s] DEBUG:colcon.colcon_core.event_handler.log_command:Invoking command in '/root/yahboomcar_ws/build/yahboomcar_base_node': CMAKE_PREFIX_PATH=${CMAKE_PREFIX_PATH}:/root/yahboomcar_ws/install/yahboomcar_visual:/root/yahboomcar_ws/install/yahboomcar_nav:/root/yahboomcar_ws/install/yahboomcar_mediapipe:/root/yahboomcar_ws/install/yahboomcar_laser:/root/yahboomcar_ws/install/yahboomcar_description:/root/yahboomcar_ws/install/yahboomcar_ctrl:/root/yahboomcar_ws/install/yahboomcar_bringup:/root/yahboomcar_ws/install/yahboomcar_astra:/root/yahboomcar_ws/install/yahboom_app_save_map:/root/yahboomcar_ws/install/laserscan_to_point_publisher:/opt/ros/humble /usr/bin/cmake --install /root/yahboomcar_ws/build/yahboomcar_base_node
[7.645s] DEBUG:colcon.colcon_core.event_handler.log_command:Invoking command in '/root/yahboomcar_ws/src/yahboomcar_astra': PYTHONPATH=/root/yahboomcar_ws/build/yahboomcar_astra/prefix_override:/root/yahboomcar_ws/install/yahboomcar_astra/lib/python3.10/site-packages:${PYTHONPATH} /usr/bin/python3 setup.py egg_info --egg-base ../../build/yahboomcar_astra build --build-base /root/yahboomcar_ws/build/yahboomcar_astra/build install --record /root/yahboomcar_ws/build/yahboomcar_astra/install.log --install-scripts $base/lib/yahboomcar_astra --single-version-externally-managed
[7.923s] Level 1:colcon.colcon_core.environment:create_environment_scripts_only(yahboomcar_base_node)
[7.927s] DEBUG:colcon.colcon_core.event_handler.log_command:Invoked command in '/root/yahboomcar_ws/build/yahboomcar_base_node' returned '0': CMAKE_PREFIX_PATH=${CMAKE_PREFIX_PATH}:/root/yahboomcar_ws/install/yahboomcar_visual:/root/yahboomcar_ws/install/yahboomcar_nav:/root/yahboomcar_ws/install/yahboomcar_mediapipe:/root/yahboomcar_ws/install/yahboomcar_laser:/root/yahboomcar_ws/install/yahboomcar_description:/root/yahboomcar_ws/install/yahboomcar_ctrl:/root/yahboomcar_ws/install/yahboomcar_bringup:/root/yahboomcar_ws/install/yahboomcar_astra:/root/yahboomcar_ws/install/yahboom_app_save_map:/root/yahboomcar_ws/install/laserscan_to_point_publisher:/opt/ros/humble /usr/bin/cmake --install /root/yahboomcar_ws/build/yahboomcar_base_node
[7.946s] Level 1:colcon.colcon_core.environment:checking '/root/yahboomcar_ws/install/yahboomcar_base_node' for CMake module files
[7.994s] Level 1:colcon.colcon_core.environment:checking '/root/yahboomcar_ws/install/yahboomcar_base_node' for CMake config files
[8.000s] Level 1:colcon.colcon_core.shell:create_environment_hook('yahboomcar_base_node', 'cmake_prefix_path')
[8.019s] INFO:colcon.colcon_core.shell:Creating environment hook '/root/yahboomcar_ws/install/yahboomcar_base_node/share/yahboomcar_base_node/hook/cmake_prefix_path.ps1'
[8.024s] INFO:colcon.colcon_core.shell:Creating environment descriptor '/root/yahboomcar_ws/install/yahboomcar_base_node/share/yahboomcar_base_node/hook/cmake_prefix_path.dsv'
[8.025s] INFO:colcon.colcon_core.shell:Creating environment hook '/root/yahboomcar_ws/install/yahboomcar_base_node/share/yahboomcar_base_node/hook/cmake_prefix_path.sh'
[8.025s] Level 1:colcon.colcon_core.environment:checking '/root/yahboomcar_ws/install/yahboomcar_base_node/lib'
[8.026s] Level 1:colcon.colcon_core.environment:checking '/root/yahboomcar_ws/install/yahboomcar_base_node/bin'
[8.026s] Level 1:colcon.colcon_core.environment:checking '/root/yahboomcar_ws/install/yahboomcar_base_node/lib/pkgconfig/yahboomcar_base_node.pc'
[8.026s] Level 1:colcon.colcon_core.environment:checking '/root/yahboomcar_ws/install/yahboomcar_base_node/lib/python3.10/site-packages'
[8.027s] Level 1:colcon.colcon_core.environment:checking '/root/yahboomcar_ws/install/yahboomcar_base_node/bin'
[8.045s] INFO:colcon.colcon_core.shell:Creating package script '/root/yahboomcar_ws/install/yahboomcar_base_node/share/yahboomcar_base_node/package.ps1'
[8.046s] INFO:colcon.colcon_core.shell:Creating package descriptor '/root/yahboomcar_ws/install/yahboomcar_base_node/share/yahboomcar_base_node/package.dsv'
[8.047s] INFO:colcon.colcon_core.shell:Creating package script '/root/yahboomcar_ws/install/yahboomcar_base_node/share/yahboomcar_base_node/package.sh'
[8.047s] INFO:colcon.colcon_core.shell:Creating package script '/root/yahboomcar_ws/install/yahboomcar_base_node/share/yahboomcar_base_node/package.bash'
[8.048s] INFO:colcon.colcon_core.shell:Creating package script '/root/yahboomcar_ws/install/yahboomcar_base_node/share/yahboomcar_base_node/package.zsh'
[8.049s] Level 1:colcon.colcon_core.environment:create_file_with_runtime_dependencies(/root/yahboomcar_ws/install/yahboomcar_base_node/share/colcon-core/packages/yahboomcar_base_node)
[8.114s] Level 1:colcon.colcon_core.environment:create_environment_scripts_only(yahboomcar_base_node)
[8.133s] Level 1:colcon.colcon_core.environment:checking '/root/yahboomcar_ws/install/yahboomcar_base_node' for CMake module files
[8.135s] Level 1:colcon.colcon_core.environment:checking '/root/yahboomcar_ws/install/yahboomcar_base_node' for CMake config files
[8.135s] Level 1:colcon.colcon_core.shell:create_environment_hook('yahboomcar_base_node', 'cmake_prefix_path')
[8.153s] INFO:colcon.colcon_core.shell:Creating environment hook '/root/yahboomcar_ws/install/yahboomcar_base_node/share/yahboomcar_base_node/hook/cmake_prefix_path.ps1'
[8.153s] INFO:colcon.colcon_core.shell:Creating environment descriptor '/root/yahboomcar_ws/install/yahboomcar_base_node/share/yahboomcar_base_node/hook/cmake_prefix_path.dsv'
[8.154s] INFO:colcon.colcon_core.shell:Creating environment hook '/root/yahboomcar_ws/install/yahboomcar_base_node/share/yahboomcar_base_node/hook/cmake_prefix_path.sh'
[8.155s] Level 1:colcon.colcon_core.environment:checking '/root/yahboomcar_ws/install/yahboomcar_base_node/lib'
[8.155s] Level 1:colcon.colcon_core.environment:checking '/root/yahboomcar_ws/install/yahboomcar_base_node/bin'
[8.155s] Level 1:colcon.colcon_core.environment:checking '/root/yahboomcar_ws/install/yahboomcar_base_node/lib/pkgconfig/yahboomcar_base_node.pc'
[8.155s] Level 1:colcon.colcon_core.environment:checking '/root/yahboomcar_ws/install/yahboomcar_base_node/lib/python3.10/site-packages'
[8.156s] Level 1:colcon.colcon_core.environment:checking '/root/yahboomcar_ws/install/yahboomcar_base_node/bin'
[8.174s] INFO:colcon.colcon_core.shell:Creating package script '/root/yahboomcar_ws/install/yahboomcar_base_node/share/yahboomcar_base_node/package.ps1'
[8.175s] INFO:colcon.colcon_core.shell:Creating package descriptor '/root/yahboomcar_ws/install/yahboomcar_base_node/share/yahboomcar_base_node/package.dsv'
[8.177s] INFO:colcon.colcon_core.shell:Creating package script '/root/yahboomcar_ws/install/yahboomcar_base_node/share/yahboomcar_base_node/package.sh'
[8.177s] INFO:colcon.colcon_core.shell:Creating package script '/root/yahboomcar_ws/install/yahboomcar_base_node/share/yahboomcar_base_node/package.bash'
[8.178s] INFO:colcon.colcon_core.shell:Creating package script '/root/yahboomcar_ws/install/yahboomcar_base_node/share/yahboomcar_base_node/package.zsh'
[8.179s] Level 1:colcon.colcon_core.environment:create_file_with_runtime_dependencies(/root/yahboomcar_ws/install/yahboomcar_base_node/share/colcon-core/packages/yahboomcar_base_node)
[8.179s] INFO:colcon.colcon_ros.task.ament_python.build:Building ROS package in '/root/yahboomcar_ws/src/yahboomcar_bringup' with build type 'ament_python'
[8.179s] Level 1:colcon.colcon_core.shell:create_environment_hook('yahboomcar_bringup', 'ament_prefix_path')
[8.198s] INFO:colcon.colcon_core.shell:Creating environment hook '/root/yahboomcar_ws/install/yahboomcar_bringup/share/yahboomcar_bringup/hook/ament_prefix_path.ps1'
[8.199s] INFO:colcon.colcon_core.shell:Creating environment descriptor '/root/yahboomcar_ws/install/yahboomcar_bringup/share/yahboomcar_bringup/hook/ament_prefix_path.dsv'
[8.200s] INFO:colcon.colcon_core.shell:Creating environment hook '/root/yahboomcar_ws/install/yahboomcar_bringup/share/yahboomcar_bringup/hook/ament_prefix_path.sh'
[8.220s] INFO:colcon.colcon_core.shell:Skip shell extension 'powershell' for command environment: Not usable outside of PowerShell
[8.220s] DEBUG:colcon.colcon_core.shell:Skip shell extension 'dsv' for command environment
[9.438s] INFO:colcon.colcon_core.task.python.build:Building Python package in '/root/yahboomcar_ws/src/yahboomcar_bringup'
[9.460s] INFO:colcon.colcon_core.shell:Skip shell extension 'powershell' for command environment: Not usable outside of PowerShell
[9.462s] DEBUG:colcon.colcon_core.shell:Skip shell extension 'dsv' for command environment
[9.552s] DEBUG:colcon.colcon_core.event_handler.log_command:Invoked command in '/root/yahboomcar_ws/src/yahboomcar_astra' returned '0': PYTHONPATH=/root/yahboomcar_ws/build/yahboomcar_astra/prefix_override:/root/yahboomcar_ws/install/yahboomcar_astra/lib/python3.10/site-packages:${PYTHONPATH} /usr/bin/python3 setup.py egg_info --egg-base ../../build/yahboomcar_astra build --build-base /root/yahboomcar_ws/build/yahboomcar_astra/build install --record /root/yahboomcar_ws/build/yahboomcar_astra/install.log --install-scripts $base/lib/yahboomcar_astra --single-version-externally-managed
[9.569s] Level 1:colcon.colcon_core.environment:checking '/root/yahboomcar_ws/install/yahboomcar_astra' for CMake module files
[9.571s] Level 1:colcon.colcon_core.environment:checking '/root/yahboomcar_ws/install/yahboomcar_astra' for CMake config files
[9.843s] Level 1:colcon.colcon_core.environment:checking '/root/yahboomcar_ws/install/yahboomcar_astra/lib'
[9.847s] Level 1:colcon.colcon_core.environment:checking '/root/yahboomcar_ws/install/yahboomcar_astra/bin'
[9.848s] Level 1:colcon.colcon_core.environment:checking '/root/yahboomcar_ws/install/yahboomcar_astra/lib/pkgconfig/yahboomcar_astra.pc'
[9.848s] Level 1:colcon.colcon_core.environment:checking '/root/yahboomcar_ws/install/yahboomcar_astra/lib/python3.10/site-packages'
[9.848s] Level 1:colcon.colcon_core.shell:create_environment_hook('yahboomcar_astra', 'pythonpath')
[9.866s] INFO:colcon.colcon_core.shell:Creating environment hook '/root/yahboomcar_ws/install/yahboomcar_astra/share/yahboomcar_astra/hook/pythonpath.ps1'
[9.886s] INFO:colcon.colcon_core.shell:Creating environment descriptor '/root/yahboomcar_ws/install/yahboomcar_astra/share/yahboomcar_astra/hook/pythonpath.dsv'
[9.887s] INFO:colcon.colcon_core.shell:Creating environment hook '/root/yahboomcar_ws/install/yahboomcar_astra/share/yahboomcar_astra/hook/pythonpath.sh'
[9.889s] Level 1:colcon.colcon_core.environment:checking '/root/yahboomcar_ws/install/yahboomcar_astra/bin'
[9.889s] Level 1:colcon.colcon_core.environment:create_environment_scripts_only(yahboomcar_astra)
[9.908s] INFO:colcon.colcon_core.shell:Creating package script '/root/yahboomcar_ws/install/yahboomcar_astra/share/yahboomcar_astra/package.ps1'
[9.910s] INFO:colcon.colcon_core.shell:Creating package descriptor '/root/yahboomcar_ws/install/yahboomcar_astra/share/yahboomcar_astra/package.dsv'
[9.911s] INFO:colcon.colcon_core.shell:Creating package script '/root/yahboomcar_ws/install/yahboomcar_astra/share/yahboomcar_astra/package.sh'
[9.911s] INFO:colcon.colcon_core.shell:Creating package script '/root/yahboomcar_ws/install/yahboomcar_astra/share/yahboomcar_astra/package.bash'
[9.912s] INFO:colcon.colcon_core.shell:Creating package script '/root/yahboomcar_ws/install/yahboomcar_astra/share/yahboomcar_astra/package.zsh'
[9.912s] Level 1:colcon.colcon_core.environment:create_file_with_runtime_dependencies(/root/yahboomcar_ws/install/yahboomcar_astra/share/colcon-core/packages/yahboomcar_astra)
[9.914s] INFO:colcon.colcon_ros.task.ament_python.build:Building ROS package in '/root/yahboomcar_ws/src/yahboomcar_ctrl' with build type 'ament_python'
[9.914s] Level 1:colcon.colcon_core.shell:create_environment_hook('yahboomcar_ctrl', 'ament_prefix_path')
[9.935s] INFO:colcon.colcon_core.shell:Creating environment hook '/root/yahboomcar_ws/install/yahboomcar_ctrl/share/yahboomcar_ctrl/hook/ament_prefix_path.ps1'
[9.937s] INFO:colcon.colcon_core.shell:Creating environment descriptor '/root/yahboomcar_ws/install/yahboomcar_ctrl/share/yahboomcar_ctrl/hook/ament_prefix_path.dsv'
[9.937s] INFO:colcon.colcon_core.shell:Creating environment hook '/root/yahboomcar_ws/install/yahboomcar_ctrl/share/yahboomcar_ctrl/hook/ament_prefix_path.sh'
[9.962s] INFO:colcon.colcon_core.shell:Skip shell extension 'powershell' for command environment: Not usable outside of PowerShell
[9.963s] DEBUG:colcon.colcon_core.shell:Skip shell extension 'dsv' for command environment
[11.234s] INFO:colcon.colcon_core.task.python.build:Building Python package in '/root/yahboomcar_ws/src/yahboomcar_ctrl'
[11.284s] INFO:colcon.colcon_core.shell:Skip shell extension 'powershell' for command environment: Not usable outside of PowerShell
[11.284s] DEBUG:colcon.colcon_core.shell:Skip shell extension 'dsv' for command environment
[11.386s] Level 1:colcon.colcon_core.environment:create_environment_scripts_only(yahboom_web_savmap_interfaces)
[11.386s] DEBUG:colcon.colcon_core.event_handler.log_command:Invoked command in '/root/yahboomcar_ws/build/yahboom_web_savmap_interfaces' returned '0': CMAKE_PREFIX_PATH=${CMAKE_PREFIX_PATH}:/root/yahboomcar_ws/install/yahboomcar_visual:/root/yahboomcar_ws/install/yahboomcar_nav:/root/yahboomcar_ws/install/yahboomcar_mediapipe:/root/yahboomcar_ws/install/yahboomcar_laser:/root/yahboomcar_ws/install/yahboomcar_description:/root/yahboomcar_ws/install/yahboomcar_ctrl:/root/yahboomcar_ws/install/yahboomcar_bringup:/root/yahboomcar_ws/install/yahboomcar_astra:/root/yahboomcar_ws/install/yahboom_app_save_map:/root/yahboomcar_ws/install/laserscan_to_point_publisher:/opt/ros/humble /usr/bin/cmake --install /root/yahboomcar_ws/build/yahboom_web_savmap_interfaces
[11.406s] Level 1:colcon.colcon_core.environment:checking '/root/yahboomcar_ws/install/yahboom_web_savmap_interfaces' for CMake module files
[11.575s] Level 1:colcon.colcon_core.environment:checking '/root/yahboomcar_ws/install/yahboom_web_savmap_interfaces' for CMake config files
[11.703s] Level 1:colcon.colcon_core.shell:create_environment_hook('yahboom_web_savmap_interfaces', 'cmake_prefix_path')
[11.728s] INFO:colcon.colcon_core.shell:Creating environment hook '/root/yahboomcar_ws/install/yahboom_web_savmap_interfaces/share/yahboom_web_savmap_interfaces/hook/cmake_prefix_path.ps1'
[11.729s] INFO:colcon.colcon_core.shell:Creating environment descriptor '/root/yahboomcar_ws/install/yahboom_web_savmap_interfaces/share/yahboom_web_savmap_interfaces/hook/cmake_prefix_path.dsv'
[11.729s] INFO:colcon.colcon_core.shell:Creating environment hook '/root/yahboomcar_ws/install/yahboom_web_savmap_interfaces/share/yahboom_web_savmap_interfaces/hook/cmake_prefix_path.sh'
[11.730s] Level 1:colcon.colcon_core.environment:checking '/root/yahboomcar_ws/install/yahboom_web_savmap_interfaces/lib'
[11.730s] Level 1:colcon.colcon_core.shell:create_environment_hook('yahboom_web_savmap_interfaces', 'ld_library_path_lib')
[11.748s] INFO:colcon.colcon_core.shell:Creating environment hook '/root/yahboomcar_ws/install/yahboom_web_savmap_interfaces/share/yahboom_web_savmap_interfaces/hook/ld_library_path_lib.ps1'
[11.748s] INFO:colcon.colcon_core.shell:Creating environment descriptor '/root/yahboomcar_ws/install/yahboom_web_savmap_interfaces/share/yahboom_web_savmap_interfaces/hook/ld_library_path_lib.dsv'
[11.749s] INFO:colcon.colcon_core.shell:Creating environment hook '/root/yahboomcar_ws/install/yahboom_web_savmap_interfaces/share/yahboom_web_savmap_interfaces/hook/ld_library_path_lib.sh'
[11.749s] Level 1:colcon.colcon_core.environment:checking '/root/yahboomcar_ws/install/yahboom_web_savmap_interfaces/bin'
[11.750s] Level 1:colcon.colcon_core.environment:checking '/root/yahboomcar_ws/install/yahboom_web_savmap_interfaces/lib/pkgconfig/yahboom_web_savmap_interfaces.pc'
[11.750s] Level 1:colcon.colcon_core.environment:checking '/root/yahboomcar_ws/install/yahboom_web_savmap_interfaces/lib/python3.10/site-packages'
[11.750s] Level 1:colcon.colcon_core.environment:checking '/root/yahboomcar_ws/install/yahboom_web_savmap_interfaces/bin'
[11.768s] INFO:colcon.colcon_core.shell:Creating package script '/root/yahboomcar_ws/install/yahboom_web_savmap_interfaces/share/yahboom_web_savmap_interfaces/package.ps1'
[11.769s] INFO:colcon.colcon_core.shell:Creating package descriptor '/root/yahboomcar_ws/install/yahboom_web_savmap_interfaces/share/yahboom_web_savmap_interfaces/package.dsv'
[11.769s] INFO:colcon.colcon_core.shell:Creating package script '/root/yahboomcar_ws/install/yahboom_web_savmap_interfaces/share/yahboom_web_savmap_interfaces/package.sh'
[11.770s] INFO:colcon.colcon_core.shell:Creating package script '/root/yahboomcar_ws/install/yahboom_web_savmap_interfaces/share/yahboom_web_savmap_interfaces/package.bash'
[11.770s] INFO:colcon.colcon_core.shell:Creating package script '/root/yahboomcar_ws/install/yahboom_web_savmap_interfaces/share/yahboom_web_savmap_interfaces/package.zsh'
[11.771s] Level 1:colcon.colcon_core.environment:create_file_with_runtime_dependencies(/root/yahboomcar_ws/install/yahboom_web_savmap_interfaces/share/colcon-core/packages/yahboom_web_savmap_interfaces)
[12.117s] DEBUG:colcon.colcon_core.event_handler.log_command:Invoking command in '/root/yahboomcar_ws/src/yahboomcar_bringup': PYTHONPATH=/root/yahboomcar_ws/build/yahboomcar_bringup/prefix_override:/root/yahboomcar_ws/install/yahboomcar_bringup/lib/python3.10/site-packages:${PYTHONPATH} /usr/bin/python3 setup.py egg_info --egg-base ../../build/yahboomcar_bringup build --build-base /root/yahboomcar_ws/build/yahboomcar_bringup/build install --record /root/yahboomcar_ws/build/yahboomcar_bringup/install.log --single-version-externally-managed
[12.138s] Level 1:colcon.colcon_core.environment:create_environment_scripts_only(yahboom_web_savmap_interfaces)
[12.155s] Level 1:colcon.colcon_core.environment:checking '/root/yahboomcar_ws/install/yahboom_web_savmap_interfaces' for CMake module files
[12.157s] Level 1:colcon.colcon_core.environment:checking '/root/yahboomcar_ws/install/yahboom_web_savmap_interfaces' for CMake config files
[12.159s] Level 1:colcon.colcon_core.shell:create_environment_hook('yahboom_web_savmap_interfaces', 'cmake_prefix_path')
[12.177s] INFO:colcon.colcon_core.shell:Creating environment hook '/root/yahboomcar_ws/install/yahboom_web_savmap_interfaces/share/yahboom_web_savmap_interfaces/hook/cmake_prefix_path.ps1'
[12.178s] INFO:colcon.colcon_core.shell:Creating environment descriptor '/root/yahboomcar_ws/install/yahboom_web_savmap_interfaces/share/yahboom_web_savmap_interfaces/hook/cmake_prefix_path.dsv'
[12.179s] INFO:colcon.colcon_core.shell:Creating environment hook '/root/yahboomcar_ws/install/yahboom_web_savmap_interfaces/share/yahboom_web_savmap_interfaces/hook/cmake_prefix_path.sh'
[12.180s] Level 1:colcon.colcon_core.environment:checking '/root/yahboomcar_ws/install/yahboom_web_savmap_interfaces/lib'
[12.180s] Level 1:colcon.colcon_core.shell:create_environment_hook('yahboom_web_savmap_interfaces', 'ld_library_path_lib')
[12.197s] INFO:colcon.colcon_core.shell:Creating environment hook '/root/yahboomcar_ws/install/yahboom_web_savmap_interfaces/share/yahboom_web_savmap_interfaces/hook/ld_library_path_lib.ps1'
[12.198s] INFO:colcon.colcon_core.shell:Creating environment descriptor '/root/yahboomcar_ws/install/yahboom_web_savmap_interfaces/share/yahboom_web_savmap_interfaces/hook/ld_library_path_lib.dsv'
[12.199s] INFO:colcon.colcon_core.shell:Creating environment hook '/root/yahboomcar_ws/install/yahboom_web_savmap_interfaces/share/yahboom_web_savmap_interfaces/hook/ld_library_path_lib.sh'
[12.199s] Level 1:colcon.colcon_core.environment:checking '/root/yahboomcar_ws/install/yahboom_web_savmap_interfaces/bin'
[12.199s] Level 1:colcon.colcon_core.environment:checking '/root/yahboomcar_ws/install/yahboom_web_savmap_interfaces/lib/pkgconfig/yahboom_web_savmap_interfaces.pc'
[12.200s] Level 1:colcon.colcon_core.environment:checking '/root/yahboomcar_ws/install/yahboom_web_savmap_interfaces/lib/python3.10/site-packages'
[12.201s] Level 1:colcon.colcon_core.environment:checking '/root/yahboomcar_ws/install/yahboom_web_savmap_interfaces/bin'
[12.223s] INFO:colcon.colcon_core.shell:Creating package script '/root/yahboomcar_ws/install/yahboom_web_savmap_interfaces/share/yahboom_web_savmap_interfaces/package.ps1'
[12.224s] INFO:colcon.colcon_core.shell:Creating package descriptor '/root/yahboomcar_ws/install/yahboom_web_savmap_interfaces/share/yahboom_web_savmap_interfaces/package.dsv'
[12.225s] INFO:colcon.colcon_core.shell:Creating package script '/root/yahboomcar_ws/install/yahboom_web_savmap_interfaces/share/yahboom_web_savmap_interfaces/package.sh'
[12.225s] INFO:colcon.colcon_core.shell:Creating package script '/root/yahboomcar_ws/install/yahboom_web_savmap_interfaces/share/yahboom_web_savmap_interfaces/package.bash'
[12.226s] INFO:colcon.colcon_core.shell:Creating package script '/root/yahboomcar_ws/install/yahboom_web_savmap_interfaces/share/yahboom_web_savmap_interfaces/package.zsh'
[12.226s] Level 1:colcon.colcon_core.environment:create_file_with_runtime_dependencies(/root/yahboomcar_ws/install/yahboom_web_savmap_interfaces/share/colcon-core/packages/yahboom_web_savmap_interfaces)
[12.227s] INFO:colcon.colcon_ros.task.ament_python.build:Building ROS package in '/root/yahboomcar_ws/src/yahboomcar_description' with build type 'ament_python'
[12.228s] Level 1:colcon.colcon_core.shell:create_environment_hook('yahboomcar_description', 'ament_prefix_path')
[12.252s] INFO:colcon.colcon_core.shell:Creating environment hook '/root/yahboomcar_ws/install/yahboomcar_description/share/yahboomcar_description/hook/ament_prefix_path.ps1'
[12.254s] INFO:colcon.colcon_core.shell:Creating environment descriptor '/root/yahboomcar_ws/install/yahboomcar_description/share/yahboomcar_description/hook/ament_prefix_path.dsv'
[12.255s] INFO:colcon.colcon_core.shell:Creating environment hook '/root/yahboomcar_ws/install/yahboomcar_description/share/yahboomcar_description/hook/ament_prefix_path.sh'
[12.275s] INFO:colcon.colcon_core.shell:Skip shell extension 'powershell' for command environment: Not usable outside of PowerShell
[12.276s] DEBUG:colcon.colcon_core.shell:Skip shell extension 'dsv' for command environment
[12.920s] INFO:colcon.colcon_core.task.python.build:Building Python package in '/root/yahboomcar_ws/src/yahboomcar_description'
[12.951s] INFO:colcon.colcon_core.shell:Skip shell extension 'powershell' for command environment: Not usable outside of PowerShell
[12.951s] DEBUG:colcon.colcon_core.shell:Skip shell extension 'dsv' for command environment
[13.056s] DEBUG:colcon.colcon_core.event_handler.log_command:Invoked command in '/root/yahboomcar_ws/src/yahboomcar_bringup' returned '0': PYTHONPATH=/root/yahboomcar_ws/build/yahboomcar_bringup/prefix_override:/root/yahboomcar_ws/install/yahboomcar_bringup/lib/python3.10/site-packages:${PYTHONPATH} /usr/bin/python3 setup.py egg_info --egg-base ../../build/yahboomcar_bringup build --build-base /root/yahboomcar_ws/build/yahboomcar_bringup/build install --record /root/yahboomcar_ws/build/yahboomcar_bringup/install.log --single-version-externally-managed
[13.073s] Level 1:colcon.colcon_core.environment:checking '/root/yahboomcar_ws/install/yahboomcar_bringup' for CMake module files
[13.105s] Level 1:colcon.colcon_core.environment:checking '/root/yahboomcar_ws/install/yahboomcar_bringup' for CMake config files
[13.551s] Level 1:colcon.colcon_core.environment:checking '/root/yahboomcar_ws/install/yahboomcar_bringup/lib'
[13.552s] Level 1:colcon.colcon_core.environment:checking '/root/yahboomcar_ws/install/yahboomcar_bringup/bin'
[13.552s] Level 1:colcon.colcon_core.environment:checking '/root/yahboomcar_ws/install/yahboomcar_bringup/lib/pkgconfig/yahboomcar_bringup.pc'
[13.552s] Level 1:colcon.colcon_core.environment:checking '/root/yahboomcar_ws/install/yahboomcar_bringup/lib/python3.10/site-packages'
[13.552s] Level 1:colcon.colcon_core.shell:create_environment_hook('yahboomcar_bringup', 'pythonpath')
[13.570s] INFO:colcon.colcon_core.shell:Creating environment hook '/root/yahboomcar_ws/install/yahboomcar_bringup/share/yahboomcar_bringup/hook/pythonpath.ps1'
[13.570s] INFO:colcon.colcon_core.shell:Creating environment descriptor '/root/yahboomcar_ws/install/yahboomcar_bringup/share/yahboomcar_bringup/hook/pythonpath.dsv'
[13.571s] INFO:colcon.colcon_core.shell:Creating environment hook '/root/yahboomcar_ws/install/yahboomcar_bringup/share/yahboomcar_bringup/hook/pythonpath.sh'
[13.574s] Level 1:colcon.colcon_core.environment:checking '/root/yahboomcar_ws/install/yahboomcar_bringup/bin'
[13.574s] Level 1:colcon.colcon_core.environment:create_environment_scripts_only(yahboomcar_bringup)
[13.593s] INFO:colcon.colcon_core.shell:Creating package script '/root/yahboomcar_ws/install/yahboomcar_bringup/share/yahboomcar_bringup/package.ps1'
[13.594s] INFO:colcon.colcon_core.shell:Creating package descriptor '/root/yahboomcar_ws/install/yahboomcar_bringup/share/yahboomcar_bringup/package.dsv'
[13.595s] INFO:colcon.colcon_core.shell:Creating package script '/root/yahboomcar_ws/install/yahboomcar_bringup/share/yahboomcar_bringup/package.sh'
[13.595s] INFO:colcon.colcon_core.shell:Creating package script '/root/yahboomcar_ws/install/yahboomcar_bringup/share/yahboomcar_bringup/package.bash'
[13.596s] INFO:colcon.colcon_core.shell:Creating package script '/root/yahboomcar_ws/install/yahboomcar_bringup/share/yahboomcar_bringup/package.zsh'
[13.596s] Level 1:colcon.colcon_core.environment:create_file_with_runtime_dependencies(/root/yahboomcar_ws/install/yahboomcar_bringup/share/colcon-core/packages/yahboomcar_bringup)
[13.598s] INFO:colcon.colcon_ros.task.ament_python.build:Building ROS package in '/root/yahboomcar_ws/src/yahboomcar_laser' with build type 'ament_python'
[13.598s] Level 1:colcon.colcon_core.shell:create_environment_hook('yahboomcar_laser', 'ament_prefix_path')
[13.622s] INFO:colcon.colcon_core.shell:Creating environment hook '/root/yahboomcar_ws/install/yahboomcar_laser/share/yahboomcar_laser/hook/ament_prefix_path.ps1'
[13.623s] INFO:colcon.colcon_core.shell:Creating environment descriptor '/root/yahboomcar_ws/install/yahboomcar_laser/share/yahboomcar_laser/hook/ament_prefix_path.dsv'
[13.623s] INFO:colcon.colcon_core.shell:Creating environment hook '/root/yahboomcar_ws/install/yahboomcar_laser/share/yahboomcar_laser/hook/ament_prefix_path.sh'
[13.646s] INFO:colcon.colcon_core.shell:Skip shell extension 'powershell' for command environment: Not usable outside of PowerShell
[13.647s] DEBUG:colcon.colcon_core.shell:Skip shell extension 'dsv' for command environment
[13.798s] DEBUG:colcon.colcon_core.event_handler.log_command:Invoking command in '/root/yahboomcar_ws/src/yahboomcar_ctrl': PYTHONPATH=/root/yahboomcar_ws/build/yahboomcar_ctrl/prefix_override:/root/yahboomcar_ws/install/yahboomcar_ctrl/lib/python3.10/site-packages:${PYTHONPATH} /usr/bin/python3 setup.py egg_info --egg-base ../../build/yahboomcar_ctrl build --build-base /root/yahboomcar_ws/build/yahboomcar_ctrl/build install --record /root/yahboomcar_ws/build/yahboomcar_ctrl/install.log --single-version-externally-managed
[14.288s] INFO:colcon.colcon_core.task.python.build:Building Python package in '/root/yahboomcar_ws/src/yahboomcar_laser'
[14.308s] INFO:colcon.colcon_core.shell:Skip shell extension 'powershell' for command environment: Not usable outside of PowerShell
[14.308s] DEBUG:colcon.colcon_core.shell:Skip shell extension 'dsv' for command environment
[14.436s] DEBUG:colcon.colcon_core.event_handler.log_command:Invoking command in '/root/yahboomcar_ws/src/yahboomcar_description': PYTHONPATH=/root/yahboomcar_ws/build/yahboomcar_description/prefix_override:/root/yahboomcar_ws/install/yahboomcar_description/lib/python3.10/site-packages:${PYTHONPATH} /usr/bin/python3 setup.py egg_info --egg-base ../../build/yahboomcar_description build --build-base /root/yahboomcar_ws/build/yahboomcar_description/build install --record /root/yahboomcar_ws/build/yahboomcar_description/install.log --single-version-externally-managed
[15.433s] DEBUG:colcon.colcon_core.event_handler.log_command:Invoked command in '/root/yahboomcar_ws/src/yahboomcar_description' returned '0': PYTHONPATH=/root/yahboomcar_ws/build/yahboomcar_description/prefix_override:/root/yahboomcar_ws/install/yahboomcar_description/lib/python3.10/site-packages:${PYTHONPATH} /usr/bin/python3 setup.py egg_info --egg-base ../../build/yahboomcar_description build --build-base /root/yahboomcar_ws/build/yahboomcar_description/build install --record /root/yahboomcar_ws/build/yahboomcar_description/install.log --single-version-externally-managed
[15.457s] Level 1:colcon.colcon_core.environment:checking '/root/yahboomcar_ws/install/yahboomcar_description' for CMake module files
[15.458s] Level 1:colcon.colcon_core.environment:checking '/root/yahboomcar_ws/install/yahboomcar_description' for CMake config files
[15.595s] Level 1:colcon.colcon_core.environment:checking '/root/yahboomcar_ws/install/yahboomcar_description/lib'
[15.595s] Level 1:colcon.colcon_core.environment:checking '/root/yahboomcar_ws/install/yahboomcar_description/bin'
[15.595s] Level 1:colcon.colcon_core.environment:checking '/root/yahboomcar_ws/install/yahboomcar_description/lib/pkgconfig/yahboomcar_description.pc'
[15.596s] Level 1:colcon.colcon_core.environment:checking '/root/yahboomcar_ws/install/yahboomcar_description/lib/python3.10/site-packages'
[15.596s] Level 1:colcon.colcon_core.shell:create_environment_hook('yahboomcar_description', 'pythonpath')
[15.615s] INFO:colcon.colcon_core.shell:Creating environment hook '/root/yahboomcar_ws/install/yahboomcar_description/share/yahboomcar_description/hook/pythonpath.ps1'
[15.617s] INFO:colcon.colcon_core.shell:Creating environment descriptor '/root/yahboomcar_ws/install/yahboomcar_description/share/yahboomcar_description/hook/pythonpath.dsv'
[15.625s] INFO:colcon.colcon_core.shell:Creating environment hook '/root/yahboomcar_ws/install/yahboomcar_description/share/yahboomcar_description/hook/pythonpath.sh'
[15.626s] Level 1:colcon.colcon_core.environment:checking '/root/yahboomcar_ws/install/yahboomcar_description/bin'
[15.626s] Level 1:colcon.colcon_core.environment:create_environment_scripts_only(yahboomcar_description)
[15.644s] INFO:colcon.colcon_core.shell:Creating package script '/root/yahboomcar_ws/install/yahboomcar_description/share/yahboomcar_description/package.ps1'
[15.645s] INFO:colcon.colcon_core.shell:Creating package descriptor '/root/yahboomcar_ws/install/yahboomcar_description/share/yahboomcar_description/package.dsv'
[15.646s] INFO:colcon.colcon_core.shell:Creating package script '/root/yahboomcar_ws/install/yahboomcar_description/share/yahboomcar_description/package.sh'
[15.646s] INFO:colcon.colcon_core.shell:Creating package script '/root/yahboomcar_ws/install/yahboomcar_description/share/yahboomcar_description/package.bash'
[15.647s] INFO:colcon.colcon_core.shell:Creating package script '/root/yahboomcar_ws/install/yahboomcar_description/share/yahboomcar_description/package.zsh'
[15.647s] Level 1:colcon.colcon_core.environment:create_file_with_runtime_dependencies(/root/yahboomcar_ws/install/yahboomcar_description/share/colcon-core/packages/yahboomcar_description)
[15.648s] INFO:colcon.colcon_ros.task.ament_python.build:Building ROS package in '/root/yahboomcar_ws/src/yahboomcar_mediapipe' with build type 'ament_python'
[15.649s] Level 1:colcon.colcon_core.shell:create_environment_hook('yahboomcar_mediapipe', 'ament_prefix_path')
[15.677s] INFO:colcon.colcon_core.shell:Creating environment hook '/root/yahboomcar_ws/install/yahboomcar_mediapipe/share/yahboomcar_mediapipe/hook/ament_prefix_path.ps1'
[15.678s] INFO:colcon.colcon_core.shell:Creating environment descriptor '/root/yahboomcar_ws/install/yahboomcar_mediapipe/share/yahboomcar_mediapipe/hook/ament_prefix_path.dsv'
[15.680s] INFO:colcon.colcon_core.shell:Creating environment hook '/root/yahboomcar_ws/install/yahboomcar_mediapipe/share/yahboomcar_mediapipe/hook/ament_prefix_path.sh'
[15.724s] INFO:colcon.colcon_core.shell:Skip shell extension 'powershell' for command environment: Not usable outside of PowerShell
[15.724s] DEBUG:colcon.colcon_core.shell:Skip shell extension 'dsv' for command environment
[15.837s] DEBUG:colcon.colcon_core.event_handler.log_command:Invoked command in '/root/yahboomcar_ws/src/yahboomcar_ctrl' returned '0': PYTHONPATH=/root/yahboomcar_ws/build/yahboomcar_ctrl/prefix_override:/root/yahboomcar_ws/install/yahboomcar_ctrl/lib/python3.10/site-packages:${PYTHONPATH} /usr/bin/python3 setup.py egg_info --egg-base ../../build/yahboomcar_ctrl build --build-base /root/yahboomcar_ws/build/yahboomcar_ctrl/build install --record /root/yahboomcar_ws/build/yahboomcar_ctrl/install.log --single-version-externally-managed
[15.856s] Level 1:colcon.colcon_core.environment:checking '/root/yahboomcar_ws/install/yahboomcar_ctrl' for CMake module files
[15.899s] Level 1:colcon.colcon_core.environment:checking '/root/yahboomcar_ws/install/yahboomcar_ctrl' for CMake config files
[15.972s] Level 1:colcon.colcon_core.environment:checking '/root/yahboomcar_ws/install/yahboomcar_ctrl/lib'
[15.973s] Level 1:colcon.colcon_core.environment:checking '/root/yahboomcar_ws/install/yahboomcar_ctrl/bin'
[15.973s] Level 1:colcon.colcon_core.environment:checking '/root/yahboomcar_ws/install/yahboomcar_ctrl/lib/pkgconfig/yahboomcar_ctrl.pc'
[15.973s] Level 1:colcon.colcon_core.environment:checking '/root/yahboomcar_ws/install/yahboomcar_ctrl/lib/python3.10/site-packages'
[15.973s] Level 1:colcon.colcon_core.shell:create_environment_hook('yahboomcar_ctrl', 'pythonpath')
[15.991s] INFO:colcon.colcon_core.shell:Creating environment hook '/root/yahboomcar_ws/install/yahboomcar_ctrl/share/yahboomcar_ctrl/hook/pythonpath.ps1'
[15.992s] INFO:colcon.colcon_core.shell:Creating environment descriptor '/root/yahboomcar_ws/install/yahboomcar_ctrl/share/yahboomcar_ctrl/hook/pythonpath.dsv'
[15.992s] INFO:colcon.colcon_core.shell:Creating environment hook '/root/yahboomcar_ws/install/yahboomcar_ctrl/share/yahboomcar_ctrl/hook/pythonpath.sh'
[15.993s] Level 1:colcon.colcon_core.environment:checking '/root/yahboomcar_ws/install/yahboomcar_ctrl/bin'
[15.993s] Level 1:colcon.colcon_core.environment:create_environment_scripts_only(yahboomcar_ctrl)
[16.011s] INFO:colcon.colcon_core.shell:Creating package script '/root/yahboomcar_ws/install/yahboomcar_ctrl/share/yahboomcar_ctrl/package.ps1'
[16.012s] INFO:colcon.colcon_core.shell:Creating package descriptor '/root/yahboomcar_ws/install/yahboomcar_ctrl/share/yahboomcar_ctrl/package.dsv'
[16.012s] INFO:colcon.colcon_core.shell:Creating package script '/root/yahboomcar_ws/install/yahboomcar_ctrl/share/yahboomcar_ctrl/package.sh'
[16.013s] INFO:colcon.colcon_core.shell:Creating package script '/root/yahboomcar_ws/install/yahboomcar_ctrl/share/yahboomcar_ctrl/package.bash'
[16.013s] INFO:colcon.colcon_core.shell:Creating package script '/root/yahboomcar_ws/install/yahboomcar_ctrl/share/yahboomcar_ctrl/package.zsh'
[16.014s] Level 1:colcon.colcon_core.environment:create_file_with_runtime_dependencies(/root/yahboomcar_ws/install/yahboomcar_ctrl/share/colcon-core/packages/yahboomcar_ctrl)
[16.015s] INFO:colcon.colcon_ros.task.ament_cmake.build:Building ROS package in '/root/yahboomcar_ws/src/yahboomcar_msgs' with build type 'ament_cmake'
[16.015s] INFO:colcon.colcon_cmake.task.cmake.build:Building CMake package in '/root/yahboomcar_ws/src/yahboomcar_msgs'
[16.038s] INFO:colcon.colcon_core.shell:Skip shell extension 'powershell' for command environment: Not usable outside of PowerShell
[16.038s] DEBUG:colcon.colcon_core.shell:Skip shell extension 'dsv' for command environment
[16.545s] INFO:colcon.colcon_core.task.python.build:Building Python package in '/root/yahboomcar_ws/src/yahboomcar_mediapipe'
[16.563s] INFO:colcon.colcon_core.shell:Skip shell extension 'powershell' for command environment: Not usable outside of PowerShell
[16.563s] DEBUG:colcon.colcon_core.shell:Skip shell extension 'dsv' for command environment
[16.693s] DEBUG:colcon.colcon_core.event_handler.log_command:Invoking command in '/root/yahboomcar_ws/src/yahboomcar_laser': PYTHONPATH=/root/yahboomcar_ws/build/yahboomcar_laser/prefix_override:/root/yahboomcar_ws/install/yahboomcar_laser/lib/python3.10/site-packages:${PYTHONPATH} /usr/bin/python3 setup.py egg_info --egg-base ../../build/yahboomcar_laser build --build-base /root/yahboomcar_ws/build/yahboomcar_laser/build install --record /root/yahboomcar_ws/build/yahboomcar_laser/install.log --single-version-externally-managed
[16.754s] DEBUG:colcon.colcon_core.event_handler.log_command:Invoking command in '/root/yahboomcar_ws/build/yahboomcar_msgs': CMAKE_PREFIX_PATH=${CMAKE_PREFIX_PATH}:/root/yahboomcar_ws/install/yahboomcar_visual:/root/yahboomcar_ws/install/yahboomcar_nav:/root/yahboomcar_ws/install/yahboomcar_mediapipe:/root/yahboomcar_ws/install/yahboomcar_laser:/root/yahboomcar_ws/install/yahboomcar_description:/root/yahboomcar_ws/install/yahboomcar_ctrl:/root/yahboomcar_ws/install/yahboomcar_bringup:/root/yahboomcar_ws/install/yahboomcar_astra:/root/yahboomcar_ws/install/yahboom_app_save_map:/root/yahboomcar_ws/install/laserscan_to_point_publisher:/opt/ros/humble /usr/bin/cmake --build /root/yahboomcar_ws/build/yahboomcar_msgs -- -j4 -l4
[17.388s] DEBUG:colcon.colcon_core.event_handler.log_command:Invoking command in '/root/yahboomcar_ws/src/yahboomcar_mediapipe': PYTHONPATH=/root/yahboomcar_ws/build/yahboomcar_mediapipe/prefix_override:/root/yahboomcar_ws/install/yahboomcar_mediapipe/lib/python3.10/site-packages:${PYTHONPATH} /usr/bin/python3 setup.py egg_info --egg-base ../../build/yahboomcar_mediapipe build --build-base /root/yahboomcar_ws/build/yahboomcar_mediapipe/build install --record /root/yahboomcar_ws/build/yahboomcar_mediapipe/install.log --install-scripts $base/lib/yahboomcar_mediapipe --single-version-externally-managed
[21.866s] DEBUG:colcon.colcon_core.event_handler.log_command:Invoked command in '/root/yahboomcar_ws/src/yahboomcar_laser' returned '0': PYTHONPATH=/root/yahboomcar_ws/build/yahboomcar_laser/prefix_override:/root/yahboomcar_ws/install/yahboomcar_laser/lib/python3.10/site-packages:${PYTHONPATH} /usr/bin/python3 setup.py egg_info --egg-base ../../build/yahboomcar_laser build --build-base /root/yahboomcar_ws/build/yahboomcar_laser/build install --record /root/yahboomcar_ws/build/yahboomcar_laser/install.log --single-version-externally-managed
[21.907s] Level 1:colcon.colcon_core.environment:checking '/root/yahboomcar_ws/install/yahboomcar_laser' for CMake module files
[21.981s] Level 1:colcon.colcon_core.environment:checking '/root/yahboomcar_ws/install/yahboomcar_laser' for CMake config files
[22.021s] Level 1:colcon.colcon_core.environment:checking '/root/yahboomcar_ws/install/yahboomcar_laser/lib'
[22.023s] Level 1:colcon.colcon_core.environment:checking '/root/yahboomcar_ws/install/yahboomcar_laser/bin'
[22.023s] Level 1:colcon.colcon_core.environment:checking '/root/yahboomcar_ws/install/yahboomcar_laser/lib/pkgconfig/yahboomcar_laser.pc'
[22.024s] Level 1:colcon.colcon_core.environment:checking '/root/yahboomcar_ws/install/yahboomcar_laser/lib/python3.10/site-packages'
[22.024s] Level 1:colcon.colcon_core.shell:create_environment_hook('yahboomcar_laser', 'pythonpath')
[22.066s] INFO:colcon.colcon_core.shell:Creating environment hook '/root/yahboomcar_ws/install/yahboomcar_laser/share/yahboomcar_laser/hook/pythonpath.ps1'
[22.068s] INFO:colcon.colcon_core.shell:Creating environment descriptor '/root/yahboomcar_ws/install/yahboomcar_laser/share/yahboomcar_laser/hook/pythonpath.dsv'
[22.069s] INFO:colcon.colcon_core.shell:Creating environment hook '/root/yahboomcar_ws/install/yahboomcar_laser/share/yahboomcar_laser/hook/pythonpath.sh'
[22.070s] Level 1:colcon.colcon_core.environment:checking '/root/yahboomcar_ws/install/yahboomcar_laser/bin'
[22.073s] Level 1:colcon.colcon_core.environment:create_environment_scripts_only(yahboomcar_laser)
[22.095s] INFO:colcon.colcon_core.shell:Creating package script '/root/yahboomcar_ws/install/yahboomcar_laser/share/yahboomcar_laser/package.ps1'
[22.099s] INFO:colcon.colcon_core.shell:Creating package descriptor '/root/yahboomcar_ws/install/yahboomcar_laser/share/yahboomcar_laser/package.dsv'
[22.100s] INFO:colcon.colcon_core.shell:Creating package script '/root/yahboomcar_ws/install/yahboomcar_laser/share/yahboomcar_laser/package.sh'
[22.101s] INFO:colcon.colcon_core.shell:Creating package script '/root/yahboomcar_ws/install/yahboomcar_laser/share/yahboomcar_laser/package.bash'
[22.104s] INFO:colcon.colcon_core.shell:Creating package script '/root/yahboomcar_ws/install/yahboomcar_laser/share/yahboomcar_laser/package.zsh'
[22.104s] Level 1:colcon.colcon_core.environment:create_file_with_runtime_dependencies(/root/yahboomcar_ws/install/yahboomcar_laser/share/colcon-core/packages/yahboomcar_laser)
[22.107s] INFO:colcon.colcon_ros.task.ament_python.build:Building ROS package in '/root/yahboomcar_ws/src/yahboomcar_nav' with build type 'ament_python'
[22.108s] Level 1:colcon.colcon_core.shell:create_environment_hook('yahboomcar_nav', 'ament_prefix_path')
[22.148s] INFO:colcon.colcon_core.shell:Creating environment hook '/root/yahboomcar_ws/install/yahboomcar_nav/share/yahboomcar_nav/hook/ament_prefix_path.ps1'
[22.150s] INFO:colcon.colcon_core.shell:Creating environment descriptor '/root/yahboomcar_ws/install/yahboomcar_nav/share/yahboomcar_nav/hook/ament_prefix_path.dsv'
[22.150s] INFO:colcon.colcon_core.shell:Creating environment hook '/root/yahboomcar_ws/install/yahboomcar_nav/share/yahboomcar_nav/hook/ament_prefix_path.sh'
[22.179s] INFO:colcon.colcon_core.shell:Skip shell extension 'powershell' for command environment: Not usable outside of PowerShell
[22.179s] DEBUG:colcon.colcon_core.shell:Skip shell extension 'dsv' for command environment
[22.321s] DEBUG:colcon.colcon_core.event_handler.log_command:Invoked command in '/root/yahboomcar_ws/src/yahboomcar_mediapipe' returned '0': PYTHONPATH=/root/yahboomcar_ws/build/yahboomcar_mediapipe/prefix_override:/root/yahboomcar_ws/install/yahboomcar_mediapipe/lib/python3.10/site-packages:${PYTHONPATH} /usr/bin/python3 setup.py egg_info --egg-base ../../build/yahboomcar_mediapipe build --build-base /root/yahboomcar_ws/build/yahboomcar_mediapipe/build install --record /root/yahboomcar_ws/build/yahboomcar_mediapipe/install.log --install-scripts $base/lib/yahboomcar_mediapipe --single-version-externally-managed
[22.339s] Level 1:colcon.colcon_core.environment:checking '/root/yahboomcar_ws/install/yahboomcar_mediapipe' for CMake module files
[22.345s] Level 1:colcon.colcon_core.environment:checking '/root/yahboomcar_ws/install/yahboomcar_mediapipe' for CMake config files
[22.354s] Level 1:colcon.colcon_core.environment:checking '/root/yahboomcar_ws/install/yahboomcar_mediapipe/lib'
[22.354s] Level 1:colcon.colcon_core.environment:checking '/root/yahboomcar_ws/install/yahboomcar_mediapipe/bin'
[22.354s] Level 1:colcon.colcon_core.environment:checking '/root/yahboomcar_ws/install/yahboomcar_mediapipe/lib/pkgconfig/yahboomcar_mediapipe.pc'
[22.354s] Level 1:colcon.colcon_core.environment:checking '/root/yahboomcar_ws/install/yahboomcar_mediapipe/lib/python3.10/site-packages'
[22.354s] Level 1:colcon.colcon_core.shell:create_environment_hook('yahboomcar_mediapipe', 'pythonpath')
[22.371s] INFO:colcon.colcon_core.shell:Creating environment hook '/root/yahboomcar_ws/install/yahboomcar_mediapipe/share/yahboomcar_mediapipe/hook/pythonpath.ps1'
[22.372s] INFO:colcon.colcon_core.shell:Creating environment descriptor '/root/yahboomcar_ws/install/yahboomcar_mediapipe/share/yahboomcar_mediapipe/hook/pythonpath.dsv'
[22.372s] INFO:colcon.colcon_core.shell:Creating environment hook '/root/yahboomcar_ws/install/yahboomcar_mediapipe/share/yahboomcar_mediapipe/hook/pythonpath.sh'
[22.373s] Level 1:colcon.colcon_core.environment:checking '/root/yahboomcar_ws/install/yahboomcar_mediapipe/bin'
[22.373s] Level 1:colcon.colcon_core.environment:create_environment_scripts_only(yahboomcar_mediapipe)
[22.390s] INFO:colcon.colcon_core.shell:Creating package script '/root/yahboomcar_ws/install/yahboomcar_mediapipe/share/yahboomcar_mediapipe/package.ps1'
[22.391s] INFO:colcon.colcon_core.shell:Creating package descriptor '/root/yahboomcar_ws/install/yahboomcar_mediapipe/share/yahboomcar_mediapipe/package.dsv'
[22.391s] INFO:colcon.colcon_core.shell:Creating package script '/root/yahboomcar_ws/install/yahboomcar_mediapipe/share/yahboomcar_mediapipe/package.sh'
[22.392s] INFO:colcon.colcon_core.shell:Creating package script '/root/yahboomcar_ws/install/yahboomcar_mediapipe/share/yahboomcar_mediapipe/package.bash'
[22.392s] INFO:colcon.colcon_core.shell:Creating package script '/root/yahboomcar_ws/install/yahboomcar_mediapipe/share/yahboomcar_mediapipe/package.zsh'
[22.393s] Level 1:colcon.colcon_core.environment:create_file_with_runtime_dependencies(/root/yahboomcar_ws/install/yahboomcar_mediapipe/share/colcon-core/packages/yahboomcar_mediapipe)
[22.395s] INFO:colcon.colcon_ros.task.ament_python.build:Building ROS package in '/root/yahboomcar_ws/src/yahboomcar_visual' with build type 'ament_python'
[22.395s] Level 1:colcon.colcon_core.shell:create_environment_hook('yahboomcar_visual', 'ament_prefix_path')
[22.419s] INFO:colcon.colcon_core.shell:Creating environment hook '/root/yahboomcar_ws/install/yahboomcar_visual/share/yahboomcar_visual/hook/ament_prefix_path.ps1'
[22.420s] INFO:colcon.colcon_core.shell:Creating environment descriptor '/root/yahboomcar_ws/install/yahboomcar_visual/share/yahboomcar_visual/hook/ament_prefix_path.dsv'
[22.423s] INFO:colcon.colcon_core.shell:Creating environment hook '/root/yahboomcar_ws/install/yahboomcar_visual/share/yahboomcar_visual/hook/ament_prefix_path.sh'
[22.446s] INFO:colcon.colcon_core.shell:Skip shell extension 'powershell' for command environment: Not usable outside of PowerShell
[22.447s] DEBUG:colcon.colcon_core.shell:Skip shell extension 'dsv' for command environment
[22.555s] Level 1:colcon.colcon_core.environment:create_environment_scripts_only(robot_localization)
[22.556s] DEBUG:colcon.colcon_core.event_handler.log_command:Invoked command in '/root/yahboomcar_ws/build/robot_localization' returned '0': CMAKE_PREFIX_PATH=${CMAKE_PREFIX_PATH}:/root/yahboomcar_ws/install/yahboomcar_visual:/root/yahboomcar_ws/install/yahboomcar_nav:/root/yahboomcar_ws/install/yahboomcar_mediapipe:/root/yahboomcar_ws/install/yahboomcar_laser:/root/yahboomcar_ws/install/yahboomcar_description:/root/yahboomcar_ws/install/yahboomcar_ctrl:/root/yahboomcar_ws/install/yahboomcar_bringup:/root/yahboomcar_ws/install/yahboomcar_astra:/root/yahboomcar_ws/install/yahboom_app_save_map:/root/yahboomcar_ws/install/laserscan_to_point_publisher:/opt/ros/humble /usr/bin/cmake --install /root/yahboomcar_ws/build/robot_localization
[22.576s] Level 1:colcon.colcon_core.environment:checking '/root/yahboomcar_ws/install/robot_localization' for CMake module files
[22.584s] Level 1:colcon.colcon_core.environment:checking '/root/yahboomcar_ws/install/robot_localization' for CMake config files
[22.598s] Level 1:colcon.colcon_core.shell:create_environment_hook('robot_localization', 'cmake_prefix_path')
[22.615s] INFO:colcon.colcon_core.shell:Creating environment hook '/root/yahboomcar_ws/install/robot_localization/share/robot_localization/hook/cmake_prefix_path.ps1'
[22.616s] INFO:colcon.colcon_core.shell:Creating environment descriptor '/root/yahboomcar_ws/install/robot_localization/share/robot_localization/hook/cmake_prefix_path.dsv'
[22.617s] INFO:colcon.colcon_core.shell:Creating environment hook '/root/yahboomcar_ws/install/robot_localization/share/robot_localization/hook/cmake_prefix_path.sh'
[22.617s] Level 1:colcon.colcon_core.environment:checking '/root/yahboomcar_ws/install/robot_localization/lib'
[22.618s] Level 1:colcon.colcon_core.shell:create_environment_hook('robot_localization', 'ld_library_path_lib')
[22.634s] INFO:colcon.colcon_core.shell:Creating environment hook '/root/yahboomcar_ws/install/robot_localization/share/robot_localization/hook/ld_library_path_lib.ps1'
[22.635s] INFO:colcon.colcon_core.shell:Creating environment descriptor '/root/yahboomcar_ws/install/robot_localization/share/robot_localization/hook/ld_library_path_lib.dsv'
[22.635s] INFO:colcon.colcon_core.shell:Creating environment hook '/root/yahboomcar_ws/install/robot_localization/share/robot_localization/hook/ld_library_path_lib.sh'
[22.636s] Level 1:colcon.colcon_core.environment:checking '/root/yahboomcar_ws/install/robot_localization/bin'
[22.636s] Level 1:colcon.colcon_core.environment:checking '/root/yahboomcar_ws/install/robot_localization/lib/pkgconfig/robot_localization.pc'
[22.636s] Level 1:colcon.colcon_core.environment:checking '/root/yahboomcar_ws/install/robot_localization/lib/python3.10/site-packages'
[22.637s] Level 1:colcon.colcon_core.environment:checking '/root/yahboomcar_ws/install/robot_localization/bin'
[22.657s] INFO:colcon.colcon_core.shell:Creating package script '/root/yahboomcar_ws/install/robot_localization/share/robot_localization/package.ps1'
[22.657s] INFO:colcon.colcon_core.shell:Creating package descriptor '/root/yahboomcar_ws/install/robot_localization/share/robot_localization/package.dsv'
[22.658s] INFO:colcon.colcon_core.shell:Creating package script '/root/yahboomcar_ws/install/robot_localization/share/robot_localization/package.sh'
[22.658s] INFO:colcon.colcon_core.shell:Creating package script '/root/yahboomcar_ws/install/robot_localization/share/robot_localization/package.bash'
[22.659s] INFO:colcon.colcon_core.shell:Creating package script '/root/yahboomcar_ws/install/robot_localization/share/robot_localization/package.zsh'
[22.659s] Level 1:colcon.colcon_core.environment:create_file_with_runtime_dependencies(/root/yahboomcar_ws/install/robot_localization/share/colcon-core/packages/robot_localization)
[23.094s] INFO:colcon.colcon_core.task.python.build:Building Python package in '/root/yahboomcar_ws/src/yahboomcar_nav'
[23.111s] INFO:colcon.colcon_core.shell:Skip shell extension 'powershell' for command environment: Not usable outside of PowerShell
[23.111s] DEBUG:colcon.colcon_core.shell:Skip shell extension 'dsv' for command environment
[23.205s] DEBUG:colcon.colcon_core.event_handler.log_command:Invoked command in '/root/yahboomcar_ws/build/yahboomcar_msgs' returned '0': CMAKE_PREFIX_PATH=${CMAKE_PREFIX_PATH}:/root/yahboomcar_ws/install/yahboomcar_visual:/root/yahboomcar_ws/install/yahboomcar_nav:/root/yahboomcar_ws/install/yahboomcar_mediapipe:/root/yahboomcar_ws/install/yahboomcar_laser:/root/yahboomcar_ws/install/yahboomcar_description:/root/yahboomcar_ws/install/yahboomcar_ctrl:/root/yahboomcar_ws/install/yahboomcar_bringup:/root/yahboomcar_ws/install/yahboomcar_astra:/root/yahboomcar_ws/install/yahboom_app_save_map:/root/yahboomcar_ws/install/laserscan_to_point_publisher:/opt/ros/humble /usr/bin/cmake --build /root/yahboomcar_ws/build/yahboomcar_msgs -- -j4 -l4
[23.626s] INFO:colcon.colcon_core.task.python.build:Building Python package in '/root/yahboomcar_ws/src/yahboomcar_visual'
[23.644s] INFO:colcon.colcon_core.shell:Skip shell extension 'powershell' for command environment: Not usable outside of PowerShell
[23.644s] DEBUG:colcon.colcon_core.shell:Skip shell extension 'dsv' for command environment
[23.756s] Level 1:colcon.colcon_core.environment:create_environment_scripts_only(robot_localization)
[23.773s] Level 1:colcon.colcon_core.environment:checking '/root/yahboomcar_ws/install/robot_localization' for CMake module files
[23.774s] Level 1:colcon.colcon_core.environment:checking '/root/yahboomcar_ws/install/robot_localization' for CMake config files
[23.777s] Level 1:colcon.colcon_core.shell:create_environment_hook('robot_localization', 'cmake_prefix_path')
[23.793s] INFO:colcon.colcon_core.shell:Creating environment hook '/root/yahboomcar_ws/install/robot_localization/share/robot_localization/hook/cmake_prefix_path.ps1'
[23.793s] INFO:colcon.colcon_core.shell:Creating environment descriptor '/root/yahboomcar_ws/install/robot_localization/share/robot_localization/hook/cmake_prefix_path.dsv'
[23.794s] INFO:colcon.colcon_core.shell:Creating environment hook '/root/yahboomcar_ws/install/robot_localization/share/robot_localization/hook/cmake_prefix_path.sh'
[23.795s] Level 1:colcon.colcon_core.environment:checking '/root/yahboomcar_ws/install/robot_localization/lib'
[23.795s] Level 1:colcon.colcon_core.shell:create_environment_hook('robot_localization', 'ld_library_path_lib')
[23.811s] INFO:colcon.colcon_core.shell:Creating environment hook '/root/yahboomcar_ws/install/robot_localization/share/robot_localization/hook/ld_library_path_lib.ps1'
[23.811s] INFO:colcon.colcon_core.shell:Creating environment descriptor '/root/yahboomcar_ws/install/robot_localization/share/robot_localization/hook/ld_library_path_lib.dsv'
[23.812s] INFO:colcon.colcon_core.shell:Creating environment hook '/root/yahboomcar_ws/install/robot_localization/share/robot_localization/hook/ld_library_path_lib.sh'
[23.812s] Level 1:colcon.colcon_core.environment:checking '/root/yahboomcar_ws/install/robot_localization/bin'
[23.812s] Level 1:colcon.colcon_core.environment:checking '/root/yahboomcar_ws/install/robot_localization/lib/pkgconfig/robot_localization.pc'
[23.812s] Level 1:colcon.colcon_core.environment:checking '/root/yahboomcar_ws/install/robot_localization/lib/python3.10/site-packages'
[23.813s] Level 1:colcon.colcon_core.environment:checking '/root/yahboomcar_ws/install/robot_localization/bin'
[23.831s] INFO:colcon.colcon_core.shell:Creating package script '/root/yahboomcar_ws/install/robot_localization/share/robot_localization/package.ps1'
[23.832s] INFO:colcon.colcon_core.shell:Creating package descriptor '/root/yahboomcar_ws/install/robot_localization/share/robot_localization/package.dsv'
[23.833s] INFO:colcon.colcon_core.shell:Creating package script '/root/yahboomcar_ws/install/robot_localization/share/robot_localization/package.sh'
[23.833s] INFO:colcon.colcon_core.shell:Creating package script '/root/yahboomcar_ws/install/robot_localization/share/robot_localization/package.bash'
[23.834s] INFO:colcon.colcon_core.shell:Creating package script '/root/yahboomcar_ws/install/robot_localization/share/robot_localization/package.zsh'
[23.834s] Level 1:colcon.colcon_core.environment:create_file_with_runtime_dependencies(/root/yahboomcar_ws/install/robot_localization/share/colcon-core/packages/robot_localization)
[23.847s] DEBUG:colcon.colcon_core.event_handler.log_command:Invoking command in '/root/yahboomcar_ws/build/yahboomcar_msgs': CMAKE_PREFIX_PATH=${CMAKE_PREFIX_PATH}:/root/yahboomcar_ws/install/yahboomcar_visual:/root/yahboomcar_ws/install/yahboomcar_nav:/root/yahboomcar_ws/install/yahboomcar_mediapipe:/root/yahboomcar_ws/install/yahboomcar_laser:/root/yahboomcar_ws/install/yahboomcar_description:/root/yahboomcar_ws/install/yahboomcar_ctrl:/root/yahboomcar_ws/install/yahboomcar_bringup:/root/yahboomcar_ws/install/yahboomcar_astra:/root/yahboomcar_ws/install/yahboom_app_save_map:/root/yahboomcar_ws/install/laserscan_to_point_publisher:/opt/ros/humble /usr/bin/cmake --install /root/yahboomcar_ws/build/yahboomcar_msgs
[24.475s] DEBUG:colcon.colcon_core.event_handler.log_command:Invoking command in '/root/yahboomcar_ws/src/yahboomcar_nav': PYTHONPATH=/root/yahboomcar_ws/build/yahboomcar_nav/prefix_override:/root/yahboomcar_ws/install/yahboomcar_nav/lib/python3.10/site-packages:${PYTHONPATH} /usr/bin/python3 setup.py egg_info --egg-base ../../build/yahboomcar_nav build --build-base /root/yahboomcar_ws/build/yahboomcar_nav/build install --record /root/yahboomcar_ws/build/yahboomcar_nav/install.log --single-version-externally-managed
[24.499s] DEBUG:colcon.colcon_core.event_handler.log_command:Invoking command in '/root/yahboomcar_ws/src/yahboomcar_visual': PYTHONPATH=/root/yahboomcar_ws/build/yahboomcar_visual/prefix_override:/root/yahboomcar_ws/install/yahboomcar_visual/lib/python3.10/site-packages:${PYTHONPATH} /usr/bin/python3 setup.py egg_info --egg-base ../../build/yahboomcar_visual build --build-base /root/yahboomcar_ws/build/yahboomcar_visual/build install --record /root/yahboomcar_ws/build/yahboomcar_visual/install.log --install-scripts $base/lib/yahboomcar_visual --single-version-externally-managed
[25.084s] Level 1:colcon.colcon_core.environment:create_environment_scripts_only(yahboomcar_msgs)
[25.085s] DEBUG:colcon.colcon_core.event_handler.log_command:Invoked command in '/root/yahboomcar_ws/build/yahboomcar_msgs' returned '0': CMAKE_PREFIX_PATH=${CMAKE_PREFIX_PATH}:/root/yahboomcar_ws/install/yahboomcar_visual:/root/yahboomcar_ws/install/yahboomcar_nav:/root/yahboomcar_ws/install/yahboomcar_mediapipe:/root/yahboomcar_ws/install/yahboomcar_laser:/root/yahboomcar_ws/install/yahboomcar_description:/root/yahboomcar_ws/install/yahboomcar_ctrl:/root/yahboomcar_ws/install/yahboomcar_bringup:/root/yahboomcar_ws/install/yahboomcar_astra:/root/yahboomcar_ws/install/yahboom_app_save_map:/root/yahboomcar_ws/install/laserscan_to_point_publisher:/opt/ros/humble /usr/bin/cmake --install /root/yahboomcar_ws/build/yahboomcar_msgs
[25.106s] Level 1:colcon.colcon_core.environment:checking '/root/yahboomcar_ws/install/yahboomcar_msgs' for CMake module files
[25.111s] Level 1:colcon.colcon_core.environment:checking '/root/yahboomcar_ws/install/yahboomcar_msgs' for CMake config files
[25.117s] Level 1:colcon.colcon_core.shell:create_environment_hook('yahboomcar_msgs', 'cmake_prefix_path')
[25.134s] INFO:colcon.colcon_core.shell:Creating environment hook '/root/yahboomcar_ws/install/yahboomcar_msgs/share/yahboomcar_msgs/hook/cmake_prefix_path.ps1'
[25.135s] INFO:colcon.colcon_core.shell:Creating environment descriptor '/root/yahboomcar_ws/install/yahboomcar_msgs/share/yahboomcar_msgs/hook/cmake_prefix_path.dsv'
[25.136s] INFO:colcon.colcon_core.shell:Creating environment hook '/root/yahboomcar_ws/install/yahboomcar_msgs/share/yahboomcar_msgs/hook/cmake_prefix_path.sh'
[25.137s] Level 1:colcon.colcon_core.environment:checking '/root/yahboomcar_ws/install/yahboomcar_msgs/lib'
[25.137s] Level 1:colcon.colcon_core.shell:create_environment_hook('yahboomcar_msgs', 'ld_library_path_lib')
[25.156s] INFO:colcon.colcon_core.shell:Creating environment hook '/root/yahboomcar_ws/install/yahboomcar_msgs/share/yahboomcar_msgs/hook/ld_library_path_lib.ps1'
[25.157s] INFO:colcon.colcon_core.shell:Creating environment descriptor '/root/yahboomcar_ws/install/yahboomcar_msgs/share/yahboomcar_msgs/hook/ld_library_path_lib.dsv'
[25.157s] INFO:colcon.colcon_core.shell:Creating environment hook '/root/yahboomcar_ws/install/yahboomcar_msgs/share/yahboomcar_msgs/hook/ld_library_path_lib.sh'
[25.158s] Level 1:colcon.colcon_core.environment:checking '/root/yahboomcar_ws/install/yahboomcar_msgs/bin'
[25.158s] Level 1:colcon.colcon_core.environment:checking '/root/yahboomcar_ws/install/yahboomcar_msgs/lib/pkgconfig/yahboomcar_msgs.pc'
[25.158s] Level 1:colcon.colcon_core.environment:checking '/root/yahboomcar_ws/install/yahboomcar_msgs/lib/python3.10/site-packages'
[25.159s] Level 1:colcon.colcon_core.environment:checking '/root/yahboomcar_ws/install/yahboomcar_msgs/bin'
[25.175s] INFO:colcon.colcon_core.shell:Creating package script '/root/yahboomcar_ws/install/yahboomcar_msgs/share/yahboomcar_msgs/package.ps1'
[25.176s] INFO:colcon.colcon_core.shell:Creating package descriptor '/root/yahboomcar_ws/install/yahboomcar_msgs/share/yahboomcar_msgs/package.dsv'
[25.177s] INFO:colcon.colcon_core.shell:Creating package script '/root/yahboomcar_ws/install/yahboomcar_msgs/share/yahboomcar_msgs/package.sh'
[25.177s] INFO:colcon.colcon_core.shell:Creating package script '/root/yahboomcar_ws/install/yahboomcar_msgs/share/yahboomcar_msgs/package.bash'
[25.178s] INFO:colcon.colcon_core.shell:Creating package script '/root/yahboomcar_ws/install/yahboomcar_msgs/share/yahboomcar_msgs/package.zsh'
[25.178s] Level 1:colcon.colcon_core.environment:create_file_with_runtime_dependencies(/root/yahboomcar_ws/install/yahboomcar_msgs/share/colcon-core/packages/yahboomcar_msgs)
[25.181s] DEBUG:colcon.colcon_core.event_handler.log_command:Invoked command in '/root/yahboomcar_ws/src/yahboomcar_visual' returned '0': PYTHONPATH=/root/yahboomcar_ws/build/yahboomcar_visual/prefix_override:/root/yahboomcar_ws/install/yahboomcar_visual/lib/python3.10/site-packages:${PYTHONPATH} /usr/bin/python3 setup.py egg_info --egg-base ../../build/yahboomcar_visual build --build-base /root/yahboomcar_ws/build/yahboomcar_visual/build install --record /root/yahboomcar_ws/build/yahboomcar_visual/install.log --install-scripts $base/lib/yahboomcar_visual --single-version-externally-managed
[25.200s] Level 1:colcon.colcon_core.environment:checking '/root/yahboomcar_ws/install/yahboomcar_visual' for CMake module files
[25.206s] Level 1:colcon.colcon_core.environment:checking '/root/yahboomcar_ws/install/yahboomcar_visual' for CMake config files
[25.214s] Level 1:colcon.colcon_core.environment:checking '/root/yahboomcar_ws/install/yahboomcar_visual/lib'
[25.214s] Level 1:colcon.colcon_core.environment:checking '/root/yahboomcar_ws/install/yahboomcar_visual/bin'
[25.214s] Level 1:colcon.colcon_core.environment:checking '/root/yahboomcar_ws/install/yahboomcar_visual/lib/pkgconfig/yahboomcar_visual.pc'
[25.215s] Level 1:colcon.colcon_core.environment:checking '/root/yahboomcar_ws/install/yahboomcar_visual/lib/python3.10/site-packages'
[25.215s] Level 1:colcon.colcon_core.shell:create_environment_hook('yahboomcar_visual', 'pythonpath')
[25.235s] INFO:colcon.colcon_core.shell:Creating environment hook '/root/yahboomcar_ws/install/yahboomcar_visual/share/yahboomcar_visual/hook/pythonpath.ps1'
[25.236s] INFO:colcon.colcon_core.shell:Creating environment descriptor '/root/yahboomcar_ws/install/yahboomcar_visual/share/yahboomcar_visual/hook/pythonpath.dsv'
[25.236s] INFO:colcon.colcon_core.shell:Creating environment hook '/root/yahboomcar_ws/install/yahboomcar_visual/share/yahboomcar_visual/hook/pythonpath.sh'
[25.237s] Level 1:colcon.colcon_core.environment:checking '/root/yahboomcar_ws/install/yahboomcar_visual/bin'
[25.237s] Level 1:colcon.colcon_core.environment:create_environment_scripts_only(yahboomcar_visual)
[25.258s] INFO:colcon.colcon_core.shell:Creating package script '/root/yahboomcar_ws/install/yahboomcar_visual/share/yahboomcar_visual/package.ps1'
[25.259s] INFO:colcon.colcon_core.shell:Creating package descriptor '/root/yahboomcar_ws/install/yahboomcar_visual/share/yahboomcar_visual/package.dsv'
[25.260s] INFO:colcon.colcon_core.shell:Creating package script '/root/yahboomcar_ws/install/yahboomcar_visual/share/yahboomcar_visual/package.sh'
[25.260s] INFO:colcon.colcon_core.shell:Creating package script '/root/yahboomcar_ws/install/yahboomcar_visual/share/yahboomcar_visual/package.bash'
[25.261s] INFO:colcon.colcon_core.shell:Creating package script '/root/yahboomcar_ws/install/yahboomcar_visual/share/yahboomcar_visual/package.zsh'
[25.261s] Level 1:colcon.colcon_core.environment:create_file_with_runtime_dependencies(/root/yahboomcar_ws/install/yahboomcar_visual/share/colcon-core/packages/yahboomcar_visual)
[25.264s] DEBUG:colcon.colcon_core.event_handler.log_command:Invoked command in '/root/yahboomcar_ws/src/yahboomcar_nav' returned '0': PYTHONPATH=/root/yahboomcar_ws/build/yahboomcar_nav/prefix_override:/root/yahboomcar_ws/install/yahboomcar_nav/lib/python3.10/site-packages:${PYTHONPATH} /usr/bin/python3 setup.py egg_info --egg-base ../../build/yahboomcar_nav build --build-base /root/yahboomcar_ws/build/yahboomcar_nav/build install --record /root/yahboomcar_ws/build/yahboomcar_nav/install.log --single-version-externally-managed
[25.285s] Level 1:colcon.colcon_core.environment:checking '/root/yahboomcar_ws/install/yahboomcar_nav' for CMake module files
[25.291s] Level 1:colcon.colcon_core.environment:checking '/root/yahboomcar_ws/install/yahboomcar_nav' for CMake config files
[25.300s] Level 1:colcon.colcon_core.environment:checking '/root/yahboomcar_ws/install/yahboomcar_nav/lib'
[25.300s] Level 1:colcon.colcon_core.environment:checking '/root/yahboomcar_ws/install/yahboomcar_nav/bin'
[25.301s] Level 1:colcon.colcon_core.environment:checking '/root/yahboomcar_ws/install/yahboomcar_nav/lib/pkgconfig/yahboomcar_nav.pc'
[25.301s] Level 1:colcon.colcon_core.environment:checking '/root/yahboomcar_ws/install/yahboomcar_nav/lib/python3.10/site-packages'
[25.301s] Level 1:colcon.colcon_core.shell:create_environment_hook('yahboomcar_nav', 'pythonpath')
[25.325s] INFO:colcon.colcon_core.shell:Creating environment hook '/root/yahboomcar_ws/install/yahboomcar_nav/share/yahboomcar_nav/hook/pythonpath.ps1'
[25.326s] INFO:colcon.colcon_core.shell:Creating environment descriptor '/root/yahboomcar_ws/install/yahboomcar_nav/share/yahboomcar_nav/hook/pythonpath.dsv'
[25.326s] INFO:colcon.colcon_core.shell:Creating environment hook '/root/yahboomcar_ws/install/yahboomcar_nav/share/yahboomcar_nav/hook/pythonpath.sh'
[25.327s] Level 1:colcon.colcon_core.environment:checking '/root/yahboomcar_ws/install/yahboomcar_nav/bin'
[25.328s] Level 1:colcon.colcon_core.environment:create_environment_scripts_only(yahboomcar_nav)
[25.355s] INFO:colcon.colcon_core.shell:Creating package script '/root/yahboomcar_ws/install/yahboomcar_nav/share/yahboomcar_nav/package.ps1'
[25.357s] INFO:colcon.colcon_core.shell:Creating package descriptor '/root/yahboomcar_ws/install/yahboomcar_nav/share/yahboomcar_nav/package.dsv'
[25.358s] INFO:colcon.colcon_core.shell:Creating package script '/root/yahboomcar_ws/install/yahboomcar_nav/share/yahboomcar_nav/package.sh'
[25.359s] INFO:colcon.colcon_core.shell:Creating package script '/root/yahboomcar_ws/install/yahboomcar_nav/share/yahboomcar_nav/package.bash'
[25.359s] INFO:colcon.colcon_core.shell:Creating package script '/root/yahboomcar_ws/install/yahboomcar_nav/share/yahboomcar_nav/package.zsh'
[25.360s] Level 1:colcon.colcon_core.environment:create_file_with_runtime_dependencies(/root/yahboomcar_ws/install/yahboomcar_nav/share/colcon-core/packages/yahboomcar_nav)
[25.407s] Level 1:colcon.colcon_core.environment:create_environment_scripts_only(yahboomcar_msgs)
[25.424s] Level 1:colcon.colcon_core.environment:checking '/root/yahboomcar_ws/install/yahboomcar_msgs' for CMake module files
[25.425s] Level 1:colcon.colcon_core.environment:checking '/root/yahboomcar_ws/install/yahboomcar_msgs' for CMake config files
[25.427s] Level 1:colcon.colcon_core.shell:create_environment_hook('yahboomcar_msgs', 'cmake_prefix_path')
[25.446s] INFO:colcon.colcon_core.shell:Creating environment hook '/root/yahboomcar_ws/install/yahboomcar_msgs/share/yahboomcar_msgs/hook/cmake_prefix_path.ps1'
[25.447s] INFO:colcon.colcon_core.shell:Creating environment descriptor '/root/yahboomcar_ws/install/yahboomcar_msgs/share/yahboomcar_msgs/hook/cmake_prefix_path.dsv'
[25.448s] INFO:colcon.colcon_core.shell:Creating environment hook '/root/yahboomcar_ws/install/yahboomcar_msgs/share/yahboomcar_msgs/hook/cmake_prefix_path.sh'
[25.450s] Level 1:colcon.colcon_core.environment:checking '/root/yahboomcar_ws/install/yahboomcar_msgs/lib'
[25.450s] Level 1:colcon.colcon_core.shell:create_environment_hook('yahboomcar_msgs', 'ld_library_path_lib')
[25.468s] INFO:colcon.colcon_core.shell:Creating environment hook '/root/yahboomcar_ws/install/yahboomcar_msgs/share/yahboomcar_msgs/hook/ld_library_path_lib.ps1'
[25.469s] INFO:colcon.colcon_core.shell:Creating environment descriptor '/root/yahboomcar_ws/install/yahboomcar_msgs/share/yahboomcar_msgs/hook/ld_library_path_lib.dsv'
[25.470s] INFO:colcon.colcon_core.shell:Creating environment hook '/root/yahboomcar_ws/install/yahboomcar_msgs/share/yahboomcar_msgs/hook/ld_library_path_lib.sh'
[25.471s] Level 1:colcon.colcon_core.environment:checking '/root/yahboomcar_ws/install/yahboomcar_msgs/bin'
[25.471s] Level 1:colcon.colcon_core.environment:checking '/root/yahboomcar_ws/install/yahboomcar_msgs/lib/pkgconfig/yahboomcar_msgs.pc'
[25.472s] Level 1:colcon.colcon_core.environment:checking '/root/yahboomcar_ws/install/yahboomcar_msgs/lib/python3.10/site-packages'
[25.473s] Level 1:colcon.colcon_core.environment:checking '/root/yahboomcar_ws/install/yahboomcar_msgs/bin'
[25.489s] INFO:colcon.colcon_core.shell:Creating package script '/root/yahboomcar_ws/install/yahboomcar_msgs/share/yahboomcar_msgs/package.ps1'
[25.490s] INFO:colcon.colcon_core.shell:Creating package descriptor '/root/yahboomcar_ws/install/yahboomcar_msgs/share/yahboomcar_msgs/package.dsv'
[25.491s] INFO:colcon.colcon_core.shell:Creating package script '/root/yahboomcar_ws/install/yahboomcar_msgs/share/yahboomcar_msgs/package.sh'
[25.491s] INFO:colcon.colcon_core.shell:Creating package script '/root/yahboomcar_ws/install/yahboomcar_msgs/share/yahboomcar_msgs/package.bash'
[25.492s] INFO:colcon.colcon_core.shell:Creating package script '/root/yahboomcar_ws/install/yahboomcar_msgs/share/yahboomcar_msgs/package.zsh'
[25.493s] Level 1:colcon.colcon_core.environment:create_file_with_runtime_dependencies(/root/yahboomcar_ws/install/yahboomcar_msgs/share/colcon-core/packages/yahboomcar_msgs)
[25.494s] DEBUG:colcon.colcon_parallel_executor.executor.parallel:closing loop
[25.494s] DEBUG:colcon.colcon_parallel_executor.executor.parallel:loop closed
[25.494s] DEBUG:colcon.colcon_parallel_executor.executor.parallel:run_until_complete finished with '0'
[25.494s] DEBUG:colcon.colcon_core.event_reactor:joining thread
[25.551s] INFO:colcon.colcon_core.plugin_system:Skipping extension 'colcon_notification.desktop_notification.notify_send': Could not find 'notify-send'
[25.551s] INFO:colcon.colcon_core.plugin_system:Skipping extension 'colcon_notification.desktop_notification.terminal_notifier': Not used on non-Darwin systems
[25.551s] INFO:colcon.colcon_core.plugin_system:Skipping extension 'colcon_notification.desktop_notification.win32': Not used on non-Windows systems
[25.551s] INFO:colcon.colcon_notification.desktop_notification:Sending desktop notification using 'notify2'
[25.554s] DEBUG:colcon.colcon_notification.desktop_notification.notify2:Failed to initialize notify2: org.freedesktop.DBus.Error.Spawn.ExecFailed: /usr/bin/dbus-launch terminated abnormally without any error message
[25.555s] DEBUG:colcon.colcon_core.event_reactor:joined thread
[25.572s] INFO:colcon.colcon_core.shell:Creating prefix script '/root/yahboomcar_ws/install/local_setup.ps1'
[25.574s] INFO:colcon.colcon_core.shell:Creating prefix util module '/root/yahboomcar_ws/install/_local_setup_util_ps1.py'
[25.577s] INFO:colcon.colcon_core.shell:Creating prefix chain script '/root/yahboomcar_ws/install/setup.ps1'
[25.597s] INFO:colcon.colcon_core.shell:Creating prefix script '/root/yahboomcar_ws/install/local_setup.sh'
[25.598s] INFO:colcon.colcon_core.shell:Creating prefix util module '/root/yahboomcar_ws/install/_local_setup_util_sh.py'
[25.599s] INFO:colcon.colcon_core.shell:Creating prefix chain script '/root/yahboomcar_ws/install/setup.sh'
[25.619s] INFO:colcon.colcon_core.shell:Creating prefix script '/root/yahboomcar_ws/install/local_setup.bash'
[25.620s] INFO:colcon.colcon_core.shell:Creating prefix chain script '/root/yahboomcar_ws/install/setup.bash'
[25.640s] INFO:colcon.colcon_core.shell:Creating prefix script '/root/yahboomcar_ws/install/local_setup.zsh'
[25.641s] INFO:colcon.colcon_core.shell:Creating prefix chain script '/root/yahboomcar_ws/install/setup.zsh'
