[0.000000] (-) TimerEvent: {}
[0.000527] (laserscan_to_point_publisher) JobQueued: {'identifier': 'laserscan_to_point_publisher', 'dependencies': OrderedDict()}
[0.000585] (robot_localization) JobQueued: {'identifier': 'robot_localization', 'dependencies': OrderedDict()}
[0.000609] (robot_pose_publisher_ros2) JobQueued: {'identifier': 'robot_pose_publisher_ros2', 'dependencies': OrderedDict()}
[0.000632] (yahboom_app_save_map) JobQueued: {'identifier': 'yahboom_app_save_map', 'dependencies': OrderedDict()}
[0.000655] (yahboom_web_savmap_interfaces) JobQueued: {'identifier': 'yahboom_web_savmap_interfaces', 'dependencies': OrderedDict()}
[0.000676] (yahboomcar_astra) JobQueued: {'identifier': 'yahboomcar_astra', 'dependencies': OrderedDict()}
[0.000698] (yahboomcar_base_node) JobQueued: {'identifier': 'yahboomcar_base_node', 'dependencies': OrderedDict()}
[0.001193] (yahboomcar_bringup) JobQueued: {'identifier': 'yahboomcar_bringup', 'dependencies': OrderedDict()}
[0.001407] (yahboomcar_ctrl) JobQueued: {'identifier': 'yahboomcar_ctrl', 'dependencies': OrderedDict()}
[0.001514] (yahboomcar_description) JobQueued: {'identifier': 'yahboomcar_description', 'dependencies': OrderedDict()}
[0.001562] (yahboomcar_laser) JobQueued: {'identifier': 'yahboomcar_laser', 'dependencies': OrderedDict()}
[0.001665] (yahboomcar_mediapipe) JobQueued: {'identifier': 'yahboomcar_mediapipe', 'dependencies': OrderedDict()}
[0.001696] (yahboomcar_msgs) JobQueued: {'identifier': 'yahboomcar_msgs', 'dependencies': OrderedDict()}
[0.001747] (yahboomcar_nav) JobQueued: {'identifier': 'yahboomcar_nav', 'dependencies': OrderedDict()}
[0.001773] (yahboomcar_visual) JobQueued: {'identifier': 'yahboomcar_visual', 'dependencies': OrderedDict()}
[0.001797] (laserscan_to_point_publisher) JobStarted: {'identifier': 'laserscan_to_point_publisher'}
[0.099656] (-) TimerEvent: {}
[0.125281] (robot_localization) JobStarted: {'identifier': 'robot_localization'}
[0.199748] (-) TimerEvent: {}
[0.229448] (robot_pose_publisher_ros2) JobStarted: {'identifier': 'robot_pose_publisher_ros2'}
[0.299857] (-) TimerEvent: {}
[0.330343] (yahboom_app_save_map) JobStarted: {'identifier': 'yahboom_app_save_map'}
[0.399954] (-) TimerEvent: {}
[0.500299] (-) TimerEvent: {}
[0.600707] (-) TimerEvent: {}
[0.701281] (-) TimerEvent: {}
[0.801719] (-) TimerEvent: {}
[0.902242] (-) TimerEvent: {}
[0.908521] (robot_localization) JobProgress: {'identifier': 'robot_localization', 'progress': 'cmake'}
[0.909824] (robot_localization) JobProgress: {'identifier': 'robot_localization', 'progress': 'build'}
[0.910935] (robot_localization) Command: {'cmd': ['/usr/bin/cmake', '--build', '/root/yahboomcar_ws/build/robot_localization', '--', '-j4', '-l4'], 'cwd': '/root/yahboomcar_ws/build/robot_localization', 'env': OrderedDict([('HOSTNAME', 'raspberrypi'), ('SHLVL', '1'), ('LD_LIBRARY_PATH', '/root/imu_ws/install/rviz_imu_plugin/lib:/root/imu_ws/install/imu_filter_madgwick/lib:/root/imu_ws/install/imu_complementary_filter/lib:/root/yahboomcar_ws/install/yahboomcar_msgs/lib:/root/yahboomcar_ws/install/yahboom_web_savmap_interfaces/lib:/root/yahboomcar_ws/install/robot_localization/lib:/root/gmapping_ws/install/openslam_gmapping/lib:/opt/ros/humble/opt/rviz_ogre_vendor/lib:/opt/ros/humble/lib/aarch64-linux-gnu:/opt/ros/humble/lib'), ('HOME', '/root'), ('OLDPWD', '/root'), ('ROS_PYTHON_VERSION', '3'), ('COLCON_PREFIX_PATH', '/root/yahboomcar_ws/install:/root/gmapping_ws/install:/root/imu_ws/install'), ('ROS_DISTRO', 'humble'), ('_', '/usr/bin/colcon'), ('ROS_VERSION', '2'), ('TERM', 'xterm'), ('ROS_LOCALHOST_ONLY', '0'), ('QT_X11_NO_MITSHM', '1'), ('PATH', '/opt/ros/humble/bin:/usr/local/sbin:/usr/local/bin:/usr/sbin:/usr/bin:/sbin:/bin'), ('DISPLAY', ':0'), ('LANG', 'C.UTF-8'), ('LS_COLORS', 'rs=0:di=01;34:ln=01;36:mh=00:pi=40;33:so=01;35:do=01;35:bd=40;33;01:cd=40;33;01:or=40;31;01:mi=00:su=37;41:sg=30;43:ca=30;41:tw=30;42:ow=34;42:st=37;44:ex=01;32:*.tar=01;31:*.tgz=01;31:*.arc=01;31:*.arj=01;31:*.taz=01;31:*.lha=01;31:*.lz4=01;31:*.lzh=01;31:*.lzma=01;31:*.tlz=01;31:*.txz=01;31:*.tzo=01;31:*.t7z=01;31:*.zip=01;31:*.z=01;31:*.dz=01;31:*.gz=01;31:*.lrz=01;31:*.lz=01;31:*.lzo=01;31:*.xz=01;31:*.zst=01;31:*.tzst=01;31:*.bz2=01;31:*.bz=01;31:*.tbz=01;31:*.tbz2=01;31:*.tz=01;31:*.deb=01;31:*.rpm=01;31:*.jar=01;31:*.war=01;31:*.ear=01;31:*.sar=01;31:*.rar=01;31:*.alz=01;31:*.ace=01;31:*.zoo=01;31:*.cpio=01;31:*.7z=01;31:*.rz=01;31:*.cab=01;31:*.wim=01;31:*.swm=01;31:*.dwm=01;31:*.esd=01;31:*.jpg=01;35:*.jpeg=01;35:*.mjpg=01;35:*.mjpeg=01;35:*.gif=01;35:*.bmp=01;35:*.pbm=01;35:*.pgm=01;35:*.ppm=01;35:*.tga=01;35:*.xbm=01;35:*.xpm=01;35:*.tif=01;35:*.tiff=01;35:*.png=01;35:*.svg=01;35:*.svgz=01;35:*.mng=01;35:*.pcx=01;35:*.mov=01;35:*.mpg=01;35:*.mpeg=01;35:*.m2v=01;35:*.mkv=01;35:*.webm=01;35:*.webp=01;35:*.ogm=01;35:*.mp4=01;35:*.m4v=01;35:*.mp4v=01;35:*.vob=01;35:*.qt=01;35:*.nuv=01;35:*.wmv=01;35:*.asf=01;35:*.rm=01;35:*.rmvb=01;35:*.flc=01;35:*.avi=01;35:*.fli=01;35:*.flv=01;35:*.gl=01;35:*.dl=01;35:*.xcf=01;35:*.xwd=01;35:*.yuv=01;35:*.cgm=01;35:*.emf=01;35:*.ogv=01;35:*.ogx=01;35:*.aac=00;36:*.au=00;36:*.flac=00;36:*.m4a=00;36:*.mid=00;36:*.midi=00;36:*.mka=00;36:*.mp3=00;36:*.mpc=00;36:*.ogg=00;36:*.ra=00;36:*.wav=00;36:*.oga=00;36:*.opus=00;36:*.spx=00;36:*.xspf=00;36:'), ('ROS_DOMAIN_ID', '30'), ('AMENT_PREFIX_PATH', '/root/imu_ws/install/imu_tools:/root/imu_ws/install/rviz_imu_plugin:/root/imu_ws/install/imu_filter_madgwick:/root/imu_ws/install/imu_complementary_filter:/root/yahboomcar_ws/install/yahboomcar_visual:/root/yahboomcar_ws/install/yahboomcar_nav:/root/yahboomcar_ws/install/yahboomcar_msgs:/root/yahboomcar_ws/install/yahboomcar_mediapipe:/root/yahboomcar_ws/install/yahboomcar_laser:/root/yahboomcar_ws/install/yahboomcar_description:/root/yahboomcar_ws/install/yahboomcar_ctrl:/root/yahboomcar_ws/install/yahboomcar_bringup:/root/yahboomcar_ws/install/yahboomcar_base_node:/root/yahboomcar_ws/install/yahboomcar_astra:/root/yahboomcar_ws/install/yahboom_web_savmap_interfaces:/root/yahboomcar_ws/install/yahboom_app_save_map:/root/yahboomcar_ws/install/robot_pose_publisher_ros2:/root/yahboomcar_ws/install/robot_localization:/root/yahboomcar_ws/install/laserscan_to_point_publisher:/root/gmapping_ws/install/slam_gmapping:/root/gmapping_ws/install/openslam_gmapping:/opt/ros/humble'), ('PWD', '/root/yahboomcar_ws/build/robot_localization'), ('LC_ALL', 'C.UTF-8'), ('PYTHONPATH', '/root/yahboomcar_ws/install/yahboomcar_visual/lib/python3.10/site-packages:/root/yahboomcar_ws/install/yahboomcar_nav/lib/python3.10/site-packages:/root/yahboomcar_ws/install/yahboomcar_msgs/local/lib/python3.10/dist-packages:/root/yahboomcar_ws/install/yahboomcar_mediapipe/lib/python3.10/site-packages:/root/yahboomcar_ws/install/yahboomcar_laser/lib/python3.10/site-packages:/root/yahboomcar_ws/install/yahboomcar_description/lib/python3.10/site-packages:/root/yahboomcar_ws/install/yahboomcar_ctrl/lib/python3.10/site-packages:/root/yahboomcar_ws/install/yahboomcar_bringup/lib/python3.10/site-packages:/root/yahboomcar_ws/install/yahboomcar_astra/lib/python3.10/site-packages:/root/yahboomcar_ws/install/yahboom_web_savmap_interfaces/local/lib/python3.10/dist-packages:/root/yahboomcar_ws/install/yahboom_app_save_map/lib/python3.10/site-packages:/root/yahboomcar_ws/install/robot_localization/local/lib/python3.10/dist-packages:/root/yahboomcar_ws/install/laserscan_to_point_publisher/lib/python3.10/site-packages:/opt/ros/humble/lib/python3.10/site-packages:/opt/ros/humble/local/lib/python3.10/dist-packages'), ('COLCON', '1'), ('CMAKE_PREFIX_PATH', '/root/imu_ws/install/imu_tools:/root/imu_ws/install/rviz_imu_plugin:/root/imu_ws/install/imu_filter_madgwick:/root/imu_ws/install/imu_complementary_filter:/root/yahboomcar_ws/install/yahboomcar_msgs:/root/yahboomcar_ws/install/yahboomcar_base_node:/root/yahboomcar_ws/install/yahboom_web_savmap_interfaces:/root/yahboomcar_ws/install/robot_pose_publisher_ros2:/root/yahboomcar_ws/install/robot_localization:/root/gmapping_ws/install/slam_gmapping:/root/gmapping_ws/install/openslam_gmapping:/root/yahboomcar_ws/install/yahboomcar_visual:/root/yahboomcar_ws/install/yahboomcar_nav:/root/yahboomcar_ws/install/yahboomcar_mediapipe:/root/yahboomcar_ws/install/yahboomcar_laser:/root/yahboomcar_ws/install/yahboomcar_description:/root/yahboomcar_ws/install/yahboomcar_ctrl:/root/yahboomcar_ws/install/yahboomcar_bringup:/root/yahboomcar_ws/install/yahboomcar_astra:/root/yahboomcar_ws/install/yahboom_app_save_map:/root/yahboomcar_ws/install/laserscan_to_point_publisher:/opt/ros/humble')]), 'shell': False}
[0.915066] (robot_pose_publisher_ros2) JobProgress: {'identifier': 'robot_pose_publisher_ros2', 'progress': 'cmake'}
[0.916119] (robot_pose_publisher_ros2) JobProgress: {'identifier': 'robot_pose_publisher_ros2', 'progress': 'build'}
[0.916524] (robot_pose_publisher_ros2) Command: {'cmd': ['/usr/bin/cmake', '--build', '/root/yahboomcar_ws/build/robot_pose_publisher_ros2', '--', '-j4', '-l4'], 'cwd': '/root/yahboomcar_ws/build/robot_pose_publisher_ros2', 'env': OrderedDict([('HOSTNAME', 'raspberrypi'), ('SHLVL', '1'), ('LD_LIBRARY_PATH', '/root/imu_ws/install/rviz_imu_plugin/lib:/root/imu_ws/install/imu_filter_madgwick/lib:/root/imu_ws/install/imu_complementary_filter/lib:/root/yahboomcar_ws/install/yahboomcar_msgs/lib:/root/yahboomcar_ws/install/yahboom_web_savmap_interfaces/lib:/root/yahboomcar_ws/install/robot_localization/lib:/root/gmapping_ws/install/openslam_gmapping/lib:/opt/ros/humble/opt/rviz_ogre_vendor/lib:/opt/ros/humble/lib/aarch64-linux-gnu:/opt/ros/humble/lib'), ('HOME', '/root'), ('OLDPWD', '/root'), ('ROS_PYTHON_VERSION', '3'), ('COLCON_PREFIX_PATH', '/root/yahboomcar_ws/install:/root/gmapping_ws/install:/root/imu_ws/install'), ('ROS_DISTRO', 'humble'), ('_', '/usr/bin/colcon'), ('ROS_VERSION', '2'), ('TERM', 'xterm'), ('ROS_LOCALHOST_ONLY', '0'), ('QT_X11_NO_MITSHM', '1'), ('PATH', '/opt/ros/humble/bin:/usr/local/sbin:/usr/local/bin:/usr/sbin:/usr/bin:/sbin:/bin'), ('DISPLAY', ':0'), ('LANG', 'C.UTF-8'), ('LS_COLORS', 'rs=0:di=01;34:ln=01;36:mh=00:pi=40;33:so=01;35:do=01;35:bd=40;33;01:cd=40;33;01:or=40;31;01:mi=00:su=37;41:sg=30;43:ca=30;41:tw=30;42:ow=34;42:st=37;44:ex=01;32:*.tar=01;31:*.tgz=01;31:*.arc=01;31:*.arj=01;31:*.taz=01;31:*.lha=01;31:*.lz4=01;31:*.lzh=01;31:*.lzma=01;31:*.tlz=01;31:*.txz=01;31:*.tzo=01;31:*.t7z=01;31:*.zip=01;31:*.z=01;31:*.dz=01;31:*.gz=01;31:*.lrz=01;31:*.lz=01;31:*.lzo=01;31:*.xz=01;31:*.zst=01;31:*.tzst=01;31:*.bz2=01;31:*.bz=01;31:*.tbz=01;31:*.tbz2=01;31:*.tz=01;31:*.deb=01;31:*.rpm=01;31:*.jar=01;31:*.war=01;31:*.ear=01;31:*.sar=01;31:*.rar=01;31:*.alz=01;31:*.ace=01;31:*.zoo=01;31:*.cpio=01;31:*.7z=01;31:*.rz=01;31:*.cab=01;31:*.wim=01;31:*.swm=01;31:*.dwm=01;31:*.esd=01;31:*.jpg=01;35:*.jpeg=01;35:*.mjpg=01;35:*.mjpeg=01;35:*.gif=01;35:*.bmp=01;35:*.pbm=01;35:*.pgm=01;35:*.ppm=01;35:*.tga=01;35:*.xbm=01;35:*.xpm=01;35:*.tif=01;35:*.tiff=01;35:*.png=01;35:*.svg=01;35:*.svgz=01;35:*.mng=01;35:*.pcx=01;35:*.mov=01;35:*.mpg=01;35:*.mpeg=01;35:*.m2v=01;35:*.mkv=01;35:*.webm=01;35:*.webp=01;35:*.ogm=01;35:*.mp4=01;35:*.m4v=01;35:*.mp4v=01;35:*.vob=01;35:*.qt=01;35:*.nuv=01;35:*.wmv=01;35:*.asf=01;35:*.rm=01;35:*.rmvb=01;35:*.flc=01;35:*.avi=01;35:*.fli=01;35:*.flv=01;35:*.gl=01;35:*.dl=01;35:*.xcf=01;35:*.xwd=01;35:*.yuv=01;35:*.cgm=01;35:*.emf=01;35:*.ogv=01;35:*.ogx=01;35:*.aac=00;36:*.au=00;36:*.flac=00;36:*.m4a=00;36:*.mid=00;36:*.midi=00;36:*.mka=00;36:*.mp3=00;36:*.mpc=00;36:*.ogg=00;36:*.ra=00;36:*.wav=00;36:*.oga=00;36:*.opus=00;36:*.spx=00;36:*.xspf=00;36:'), ('ROS_DOMAIN_ID', '30'), ('AMENT_PREFIX_PATH', '/root/imu_ws/install/imu_tools:/root/imu_ws/install/rviz_imu_plugin:/root/imu_ws/install/imu_filter_madgwick:/root/imu_ws/install/imu_complementary_filter:/root/yahboomcar_ws/install/yahboomcar_visual:/root/yahboomcar_ws/install/yahboomcar_nav:/root/yahboomcar_ws/install/yahboomcar_msgs:/root/yahboomcar_ws/install/yahboomcar_mediapipe:/root/yahboomcar_ws/install/yahboomcar_laser:/root/yahboomcar_ws/install/yahboomcar_description:/root/yahboomcar_ws/install/yahboomcar_ctrl:/root/yahboomcar_ws/install/yahboomcar_bringup:/root/yahboomcar_ws/install/yahboomcar_base_node:/root/yahboomcar_ws/install/yahboomcar_astra:/root/yahboomcar_ws/install/yahboom_web_savmap_interfaces:/root/yahboomcar_ws/install/yahboom_app_save_map:/root/yahboomcar_ws/install/robot_pose_publisher_ros2:/root/yahboomcar_ws/install/robot_localization:/root/yahboomcar_ws/install/laserscan_to_point_publisher:/root/gmapping_ws/install/slam_gmapping:/root/gmapping_ws/install/openslam_gmapping:/opt/ros/humble'), ('PWD', '/root/yahboomcar_ws/build/robot_pose_publisher_ros2'), ('LC_ALL', 'C.UTF-8'), ('PYTHONPATH', '/root/yahboomcar_ws/install/yahboomcar_visual/lib/python3.10/site-packages:/root/yahboomcar_ws/install/yahboomcar_nav/lib/python3.10/site-packages:/root/yahboomcar_ws/install/yahboomcar_msgs/local/lib/python3.10/dist-packages:/root/yahboomcar_ws/install/yahboomcar_mediapipe/lib/python3.10/site-packages:/root/yahboomcar_ws/install/yahboomcar_laser/lib/python3.10/site-packages:/root/yahboomcar_ws/install/yahboomcar_description/lib/python3.10/site-packages:/root/yahboomcar_ws/install/yahboomcar_ctrl/lib/python3.10/site-packages:/root/yahboomcar_ws/install/yahboomcar_bringup/lib/python3.10/site-packages:/root/yahboomcar_ws/install/yahboomcar_astra/lib/python3.10/site-packages:/root/yahboomcar_ws/install/yahboom_web_savmap_interfaces/local/lib/python3.10/dist-packages:/root/yahboomcar_ws/install/yahboom_app_save_map/lib/python3.10/site-packages:/root/yahboomcar_ws/install/robot_localization/local/lib/python3.10/dist-packages:/root/yahboomcar_ws/install/laserscan_to_point_publisher/lib/python3.10/site-packages:/opt/ros/humble/lib/python3.10/site-packages:/opt/ros/humble/local/lib/python3.10/dist-packages'), ('COLCON', '1'), ('CMAKE_PREFIX_PATH', '/root/imu_ws/install/imu_tools:/root/imu_ws/install/rviz_imu_plugin:/root/imu_ws/install/imu_filter_madgwick:/root/imu_ws/install/imu_complementary_filter:/root/yahboomcar_ws/install/yahboomcar_msgs:/root/yahboomcar_ws/install/yahboomcar_base_node:/root/yahboomcar_ws/install/yahboom_web_savmap_interfaces:/root/yahboomcar_ws/install/robot_pose_publisher_ros2:/root/yahboomcar_ws/install/robot_localization:/root/gmapping_ws/install/slam_gmapping:/root/gmapping_ws/install/openslam_gmapping:/root/yahboomcar_ws/install/yahboomcar_visual:/root/yahboomcar_ws/install/yahboomcar_nav:/root/yahboomcar_ws/install/yahboomcar_mediapipe:/root/yahboomcar_ws/install/yahboomcar_laser:/root/yahboomcar_ws/install/yahboomcar_description:/root/yahboomcar_ws/install/yahboomcar_ctrl:/root/yahboomcar_ws/install/yahboomcar_bringup:/root/yahboomcar_ws/install/yahboomcar_astra:/root/yahboomcar_ws/install/yahboom_app_save_map:/root/yahboomcar_ws/install/laserscan_to_point_publisher:/opt/ros/humble')]), 'shell': False}
[1.002413] (-) TimerEvent: {}
[1.017004] (robot_localization) StdoutLine: {'line': b'[  0%] Built target robot_localization__cpp\n'}
[1.034228] (robot_localization) StdoutLine: {'line': b'[  8%] Built target robot_localization__rosidl_generator_c\n'}
[1.034703] (robot_pose_publisher_ros2) StdoutLine: {'line': b'[100%] Built target robot_pose_publisher\n'}
[1.070100] (robot_localization) StdoutLine: {'line': b'[ 10%] Built target gtest_main\n'}
[1.075904] (robot_localization) StdoutLine: {'line': b'[ 12%] Built target gtest\n'}
[1.092506] (robot_localization) StdoutLine: {'line': b'[ 12%] Built target ament_cmake_python_copy_robot_localization\n'}
[1.095622] (robot_localization) StdoutLine: {'line': b'[ 19%] Built target robot_localization__rosidl_typesupport_cpp\n'}
[1.102564] (-) TimerEvent: {}
[1.142213] (robot_localization) StdoutLine: {'line': b'[ 26%] Built target robot_localization__rosidl_typesupport_fastrtps_cpp\n'}
[1.147152] (robot_localization) StdoutLine: {'line': b'[ 33%] Built target robot_localization__rosidl_typesupport_fastrtps_c\n'}
[1.158314] (robot_localization) StdoutLine: {'line': b'[ 40%] Built target robot_localization__rosidl_typesupport_c\n'}
[1.163912] (robot_localization) StdoutLine: {'line': b'[ 47%] Built target robot_localization__rosidl_typesupport_introspection_c\n'}
[1.190073] (robot_localization) StdoutLine: {'line': b'[ 54%] Built target robot_localization__rosidl_typesupport_introspection_cpp\n'}
[1.202764] (-) TimerEvent: {}
[1.227349] (robot_localization) StdoutLine: {'line': b'[ 54%] Built target robot_localization\n'}
[1.241009] (robot_localization) StdoutLine: {'line': b'[ 63%] Built target rl_lib\n'}
[1.282488] (robot_localization) StdoutLine: {'line': b'[ 64%] Built target robot_localization__py\n'}
[1.302888] (-) TimerEvent: {}
[1.317442] (robot_localization) StdoutLine: {'line': b'[ 65%] Built target ekf_node\n'}
[1.333575] (robot_localization) StdoutLine: {'line': b'[ 67%] Built target ukf_node\n'}
[1.357248] (robot_localization) StdoutLine: {'line': b'[ 69%] Built target navsat_transform_node\n'}
[1.402739] (robot_localization) StdoutLine: {'line': b'[ 71%] Built target robot_localization_listener_node\n'}
[1.403051] (-) TimerEvent: {}
[1.418401] (robot_localization) StdoutLine: {'line': b'[ 73%] Built target filter_base-test\n'}
[1.430323] (robot_localization) StdoutLine: {'line': b'[ 75%] Built target test_filter_base_diagnostics_timestamps\n'}
[1.470816] (robot_localization) StdoutLine: {'line': b'[ 77%] Built target test_ekf\n'}
[1.497497] (robot_localization) StdoutLine: {'line': b'[ 79%] Built target test_ekf_node_interfaces\n'}
[1.503206] (-) TimerEvent: {}
[1.512086] (robot_localization) StdoutLine: {'line': b'[ 81%] Built target test_ukf\n'}
[1.556421] (robot_localization) StdoutLine: {'line': b'[ 83%] Built target test_ukf_node_interfaces\n'}
[1.584534] (robot_localization) StdoutLine: {'line': b'[ 84%] Built target test_robot_localization_estimator\n'}
[1.590431] (robot_localization) StdoutLine: {'line': b'[ 86%] Built target test_ros_robot_localization_listener\n'}
[1.603456] (-) TimerEvent: {}
[1.628991] (robot_localization) StdoutLine: {'line': b'[ 92%] Built target robot_localization__rosidl_generator_py\n'}
[1.632789] (robot_localization) StdoutLine: {'line': b'[ 94%] Built target test_ros_robot_localization_listener_publisher\n'}
[1.676863] (robot_localization) StdoutLine: {'line': b'[ 96%] Built target robot_localization__rosidl_typesupport_fastrtps_c__pyext\n'}
[1.685630] (robot_localization) StdoutLine: {'line': b'[ 98%] Built target robot_localization__rosidl_typesupport_c__pyext\n'}
[1.696436] (robot_localization) StdoutLine: {'line': b'[100%] Built target robot_localization__rosidl_typesupport_introspection_c__pyext\n'}
[1.699867] (robot_localization) StdoutLine: {'line': b'running egg_info\n'}
[1.701435] (robot_localization) StdoutLine: {'line': b'writing robot_localization.egg-info/PKG-INFO\n'}
[1.702252] (robot_localization) StdoutLine: {'line': b'writing dependency_links to robot_localization.egg-info/dependency_links.txt\n'}
[1.702960] (robot_localization) StdoutLine: {'line': b'writing top-level names to robot_localization.egg-info/top_level.txt\n'}
[1.703520] (-) TimerEvent: {}
[1.708123] (robot_localization) StdoutLine: {'line': b"reading manifest file 'robot_localization.egg-info/SOURCES.txt'\n"}
[1.709711] (robot_localization) StdoutLine: {'line': b"writing manifest file 'robot_localization.egg-info/SOURCES.txt'\n"}
[1.749104] (robot_pose_publisher_ros2) CommandEnded: {'returncode': 0}
[1.792584] (robot_localization) StdoutLine: {'line': b'[100%] Built target ament_cmake_python_build_robot_localization_egg\n'}
[1.803674] (-) TimerEvent: {}
[1.811390] (robot_pose_publisher_ros2) JobProgress: {'identifier': 'robot_pose_publisher_ros2', 'progress': 'install'}
[1.825737] (robot_pose_publisher_ros2) Command: {'cmd': ['/usr/bin/cmake', '--install', '/root/yahboomcar_ws/build/robot_pose_publisher_ros2'], 'cwd': '/root/yahboomcar_ws/build/robot_pose_publisher_ros2', 'env': OrderedDict([('HOSTNAME', 'raspberrypi'), ('SHLVL', '1'), ('LD_LIBRARY_PATH', '/root/imu_ws/install/rviz_imu_plugin/lib:/root/imu_ws/install/imu_filter_madgwick/lib:/root/imu_ws/install/imu_complementary_filter/lib:/root/yahboomcar_ws/install/yahboomcar_msgs/lib:/root/yahboomcar_ws/install/yahboom_web_savmap_interfaces/lib:/root/yahboomcar_ws/install/robot_localization/lib:/root/gmapping_ws/install/openslam_gmapping/lib:/opt/ros/humble/opt/rviz_ogre_vendor/lib:/opt/ros/humble/lib/aarch64-linux-gnu:/opt/ros/humble/lib'), ('HOME', '/root'), ('OLDPWD', '/root'), ('ROS_PYTHON_VERSION', '3'), ('COLCON_PREFIX_PATH', '/root/yahboomcar_ws/install:/root/gmapping_ws/install:/root/imu_ws/install'), ('ROS_DISTRO', 'humble'), ('_', '/usr/bin/colcon'), ('ROS_VERSION', '2'), ('TERM', 'xterm'), ('ROS_LOCALHOST_ONLY', '0'), ('QT_X11_NO_MITSHM', '1'), ('PATH', '/opt/ros/humble/bin:/usr/local/sbin:/usr/local/bin:/usr/sbin:/usr/bin:/sbin:/bin'), ('DISPLAY', ':0'), ('LANG', 'C.UTF-8'), ('LS_COLORS', 'rs=0:di=01;34:ln=01;36:mh=00:pi=40;33:so=01;35:do=01;35:bd=40;33;01:cd=40;33;01:or=40;31;01:mi=00:su=37;41:sg=30;43:ca=30;41:tw=30;42:ow=34;42:st=37;44:ex=01;32:*.tar=01;31:*.tgz=01;31:*.arc=01;31:*.arj=01;31:*.taz=01;31:*.lha=01;31:*.lz4=01;31:*.lzh=01;31:*.lzma=01;31:*.tlz=01;31:*.txz=01;31:*.tzo=01;31:*.t7z=01;31:*.zip=01;31:*.z=01;31:*.dz=01;31:*.gz=01;31:*.lrz=01;31:*.lz=01;31:*.lzo=01;31:*.xz=01;31:*.zst=01;31:*.tzst=01;31:*.bz2=01;31:*.bz=01;31:*.tbz=01;31:*.tbz2=01;31:*.tz=01;31:*.deb=01;31:*.rpm=01;31:*.jar=01;31:*.war=01;31:*.ear=01;31:*.sar=01;31:*.rar=01;31:*.alz=01;31:*.ace=01;31:*.zoo=01;31:*.cpio=01;31:*.7z=01;31:*.rz=01;31:*.cab=01;31:*.wim=01;31:*.swm=01;31:*.dwm=01;31:*.esd=01;31:*.jpg=01;35:*.jpeg=01;35:*.mjpg=01;35:*.mjpeg=01;35:*.gif=01;35:*.bmp=01;35:*.pbm=01;35:*.pgm=01;35:*.ppm=01;35:*.tga=01;35:*.xbm=01;35:*.xpm=01;35:*.tif=01;35:*.tiff=01;35:*.png=01;35:*.svg=01;35:*.svgz=01;35:*.mng=01;35:*.pcx=01;35:*.mov=01;35:*.mpg=01;35:*.mpeg=01;35:*.m2v=01;35:*.mkv=01;35:*.webm=01;35:*.webp=01;35:*.ogm=01;35:*.mp4=01;35:*.m4v=01;35:*.mp4v=01;35:*.vob=01;35:*.qt=01;35:*.nuv=01;35:*.wmv=01;35:*.asf=01;35:*.rm=01;35:*.rmvb=01;35:*.flc=01;35:*.avi=01;35:*.fli=01;35:*.flv=01;35:*.gl=01;35:*.dl=01;35:*.xcf=01;35:*.xwd=01;35:*.yuv=01;35:*.cgm=01;35:*.emf=01;35:*.ogv=01;35:*.ogx=01;35:*.aac=00;36:*.au=00;36:*.flac=00;36:*.m4a=00;36:*.mid=00;36:*.midi=00;36:*.mka=00;36:*.mp3=00;36:*.mpc=00;36:*.ogg=00;36:*.ra=00;36:*.wav=00;36:*.oga=00;36:*.opus=00;36:*.spx=00;36:*.xspf=00;36:'), ('ROS_DOMAIN_ID', '30'), ('AMENT_PREFIX_PATH', '/root/imu_ws/install/imu_tools:/root/imu_ws/install/rviz_imu_plugin:/root/imu_ws/install/imu_filter_madgwick:/root/imu_ws/install/imu_complementary_filter:/root/yahboomcar_ws/install/yahboomcar_visual:/root/yahboomcar_ws/install/yahboomcar_nav:/root/yahboomcar_ws/install/yahboomcar_msgs:/root/yahboomcar_ws/install/yahboomcar_mediapipe:/root/yahboomcar_ws/install/yahboomcar_laser:/root/yahboomcar_ws/install/yahboomcar_description:/root/yahboomcar_ws/install/yahboomcar_ctrl:/root/yahboomcar_ws/install/yahboomcar_bringup:/root/yahboomcar_ws/install/yahboomcar_base_node:/root/yahboomcar_ws/install/yahboomcar_astra:/root/yahboomcar_ws/install/yahboom_web_savmap_interfaces:/root/yahboomcar_ws/install/yahboom_app_save_map:/root/yahboomcar_ws/install/robot_pose_publisher_ros2:/root/yahboomcar_ws/install/robot_localization:/root/yahboomcar_ws/install/laserscan_to_point_publisher:/root/gmapping_ws/install/slam_gmapping:/root/gmapping_ws/install/openslam_gmapping:/opt/ros/humble'), ('PWD', '/root/yahboomcar_ws/build/robot_pose_publisher_ros2'), ('LC_ALL', 'C.UTF-8'), ('PYTHONPATH', '/root/yahboomcar_ws/install/yahboomcar_visual/lib/python3.10/site-packages:/root/yahboomcar_ws/install/yahboomcar_nav/lib/python3.10/site-packages:/root/yahboomcar_ws/install/yahboomcar_msgs/local/lib/python3.10/dist-packages:/root/yahboomcar_ws/install/yahboomcar_mediapipe/lib/python3.10/site-packages:/root/yahboomcar_ws/install/yahboomcar_laser/lib/python3.10/site-packages:/root/yahboomcar_ws/install/yahboomcar_description/lib/python3.10/site-packages:/root/yahboomcar_ws/install/yahboomcar_ctrl/lib/python3.10/site-packages:/root/yahboomcar_ws/install/yahboomcar_bringup/lib/python3.10/site-packages:/root/yahboomcar_ws/install/yahboomcar_astra/lib/python3.10/site-packages:/root/yahboomcar_ws/install/yahboom_web_savmap_interfaces/local/lib/python3.10/dist-packages:/root/yahboomcar_ws/install/yahboom_app_save_map/lib/python3.10/site-packages:/root/yahboomcar_ws/install/robot_localization/local/lib/python3.10/dist-packages:/root/yahboomcar_ws/install/laserscan_to_point_publisher/lib/python3.10/site-packages:/opt/ros/humble/lib/python3.10/site-packages:/opt/ros/humble/local/lib/python3.10/dist-packages'), ('COLCON', '1'), ('CMAKE_PREFIX_PATH', '/root/imu_ws/install/imu_tools:/root/imu_ws/install/rviz_imu_plugin:/root/imu_ws/install/imu_filter_madgwick:/root/imu_ws/install/imu_complementary_filter:/root/yahboomcar_ws/install/yahboomcar_msgs:/root/yahboomcar_ws/install/yahboomcar_base_node:/root/yahboomcar_ws/install/yahboom_web_savmap_interfaces:/root/yahboomcar_ws/install/robot_pose_publisher_ros2:/root/yahboomcar_ws/install/robot_localization:/root/gmapping_ws/install/slam_gmapping:/root/gmapping_ws/install/openslam_gmapping:/root/yahboomcar_ws/install/yahboomcar_visual:/root/yahboomcar_ws/install/yahboomcar_nav:/root/yahboomcar_ws/install/yahboomcar_mediapipe:/root/yahboomcar_ws/install/yahboomcar_laser:/root/yahboomcar_ws/install/yahboomcar_description:/root/yahboomcar_ws/install/yahboomcar_ctrl:/root/yahboomcar_ws/install/yahboomcar_bringup:/root/yahboomcar_ws/install/yahboomcar_astra:/root/yahboomcar_ws/install/yahboom_app_save_map:/root/yahboomcar_ws/install/laserscan_to_point_publisher:/opt/ros/humble')]), 'shell': False}
[1.828859] (robot_localization) CommandEnded: {'returncode': 0}
[1.843172] (robot_pose_publisher_ros2) StdoutLine: {'line': b'-- Install configuration: ""\n'}
[1.843528] (robot_pose_publisher_ros2) StdoutLine: {'line': b'-- Up-to-date: /root/yahboomcar_ws/install/robot_pose_publisher_ros2/lib/robot_pose_publisher_ros2/robot_pose_publisher\n'}
[1.843797] (robot_pose_publisher_ros2) StdoutLine: {'line': b'-- Up-to-date: /root/yahboomcar_ws/install/robot_pose_publisher_ros2/share/robot_pose_publisher_ros2/launch\n'}
[1.844055] (robot_pose_publisher_ros2) StdoutLine: {'line': b'-- Up-to-date: /root/yahboomcar_ws/install/robot_pose_publisher_ros2/share/robot_pose_publisher_ros2/launch/robot_pose_publisher_launch.py\n'}
[1.844286] (robot_pose_publisher_ros2) StdoutLine: {'line': b'-- Up-to-date: /root/yahboomcar_ws/install/robot_pose_publisher_ros2/share/ament_index/resource_index/package_run_dependencies/robot_pose_publisher_ros2\n'}
[1.844473] (robot_pose_publisher_ros2) StdoutLine: {'line': b'-- Up-to-date: /root/yahboomcar_ws/install/robot_pose_publisher_ros2/share/ament_index/resource_index/parent_prefix_path/robot_pose_publisher_ros2\n'}
[1.844631] (robot_pose_publisher_ros2) StdoutLine: {'line': b'-- Up-to-date: /root/yahboomcar_ws/install/robot_pose_publisher_ros2/share/robot_pose_publisher_ros2/environment/ament_prefix_path.sh\n'}
[1.844836] (robot_pose_publisher_ros2) StdoutLine: {'line': b'-- Up-to-date: /root/yahboomcar_ws/install/robot_pose_publisher_ros2/share/robot_pose_publisher_ros2/environment/ament_prefix_path.dsv\n'}
[1.844957] (robot_pose_publisher_ros2) StdoutLine: {'line': b'-- Up-to-date: /root/yahboomcar_ws/install/robot_pose_publisher_ros2/share/robot_pose_publisher_ros2/environment/path.sh\n'}
[1.845067] (robot_pose_publisher_ros2) StdoutLine: {'line': b'-- Up-to-date: /root/yahboomcar_ws/install/robot_pose_publisher_ros2/share/robot_pose_publisher_ros2/environment/path.dsv\n'}
[1.845225] (robot_pose_publisher_ros2) StdoutLine: {'line': b'-- Up-to-date: /root/yahboomcar_ws/install/robot_pose_publisher_ros2/share/robot_pose_publisher_ros2/local_setup.bash\n'}
[1.845446] (robot_pose_publisher_ros2) StdoutLine: {'line': b'-- Up-to-date: /root/yahboomcar_ws/install/robot_pose_publisher_ros2/share/robot_pose_publisher_ros2/local_setup.sh\n'}
[1.845603] (robot_pose_publisher_ros2) StdoutLine: {'line': b'-- Up-to-date: /root/yahboomcar_ws/install/robot_pose_publisher_ros2/share/robot_pose_publisher_ros2/local_setup.zsh\n'}
[1.845703] (robot_pose_publisher_ros2) StdoutLine: {'line': b'-- Up-to-date: /root/yahboomcar_ws/install/robot_pose_publisher_ros2/share/robot_pose_publisher_ros2/local_setup.dsv\n'}
[1.845789] (robot_pose_publisher_ros2) StdoutLine: {'line': b'-- Installing: /root/yahboomcar_ws/install/robot_pose_publisher_ros2/share/robot_pose_publisher_ros2/package.dsv\n'}
[1.845981] (robot_pose_publisher_ros2) StdoutLine: {'line': b'-- Up-to-date: /root/yahboomcar_ws/install/robot_pose_publisher_ros2/share/ament_index/resource_index/packages/robot_pose_publisher_ros2\n'}
[1.846176] (robot_pose_publisher_ros2) StdoutLine: {'line': b'-- Up-to-date: /root/yahboomcar_ws/install/robot_pose_publisher_ros2/share/robot_pose_publisher_ros2/cmake/robot_pose_publisher_ros2Config.cmake\n'}
[1.846412] (robot_pose_publisher_ros2) StdoutLine: {'line': b'-- Up-to-date: /root/yahboomcar_ws/install/robot_pose_publisher_ros2/share/robot_pose_publisher_ros2/cmake/robot_pose_publisher_ros2Config-version.cmake\n'}
[1.846666] (robot_pose_publisher_ros2) StdoutLine: {'line': b'-- Up-to-date: /root/yahboomcar_ws/install/robot_pose_publisher_ros2/share/robot_pose_publisher_ros2/package.xml\n'}
[1.849818] (robot_pose_publisher_ros2) CommandEnded: {'returncode': 0}
[1.903891] (-) TimerEvent: {}
[2.004835] (-) TimerEvent: {}
[2.105398] (-) TimerEvent: {}
[2.143029] (robot_pose_publisher_ros2) JobEnded: {'identifier': 'robot_pose_publisher_ros2', 'rc': 0}
[2.144772] (yahboom_web_savmap_interfaces) JobStarted: {'identifier': 'yahboom_web_savmap_interfaces'}
[2.205745] (-) TimerEvent: {}
[2.284461] (robot_localization) JobProgress: {'identifier': 'robot_localization', 'progress': 'install'}
[2.285129] (robot_localization) Command: {'cmd': ['/usr/bin/cmake', '--install', '/root/yahboomcar_ws/build/robot_localization'], 'cwd': '/root/yahboomcar_ws/build/robot_localization', 'env': OrderedDict([('HOSTNAME', 'raspberrypi'), ('SHLVL', '1'), ('LD_LIBRARY_PATH', '/root/imu_ws/install/rviz_imu_plugin/lib:/root/imu_ws/install/imu_filter_madgwick/lib:/root/imu_ws/install/imu_complementary_filter/lib:/root/yahboomcar_ws/install/yahboomcar_msgs/lib:/root/yahboomcar_ws/install/yahboom_web_savmap_interfaces/lib:/root/yahboomcar_ws/install/robot_localization/lib:/root/gmapping_ws/install/openslam_gmapping/lib:/opt/ros/humble/opt/rviz_ogre_vendor/lib:/opt/ros/humble/lib/aarch64-linux-gnu:/opt/ros/humble/lib'), ('HOME', '/root'), ('OLDPWD', '/root'), ('ROS_PYTHON_VERSION', '3'), ('COLCON_PREFIX_PATH', '/root/yahboomcar_ws/install:/root/gmapping_ws/install:/root/imu_ws/install'), ('ROS_DISTRO', 'humble'), ('_', '/usr/bin/colcon'), ('ROS_VERSION', '2'), ('TERM', 'xterm'), ('ROS_LOCALHOST_ONLY', '0'), ('QT_X11_NO_MITSHM', '1'), ('PATH', '/opt/ros/humble/bin:/usr/local/sbin:/usr/local/bin:/usr/sbin:/usr/bin:/sbin:/bin'), ('DISPLAY', ':0'), ('LANG', 'C.UTF-8'), ('LS_COLORS', 'rs=0:di=01;34:ln=01;36:mh=00:pi=40;33:so=01;35:do=01;35:bd=40;33;01:cd=40;33;01:or=40;31;01:mi=00:su=37;41:sg=30;43:ca=30;41:tw=30;42:ow=34;42:st=37;44:ex=01;32:*.tar=01;31:*.tgz=01;31:*.arc=01;31:*.arj=01;31:*.taz=01;31:*.lha=01;31:*.lz4=01;31:*.lzh=01;31:*.lzma=01;31:*.tlz=01;31:*.txz=01;31:*.tzo=01;31:*.t7z=01;31:*.zip=01;31:*.z=01;31:*.dz=01;31:*.gz=01;31:*.lrz=01;31:*.lz=01;31:*.lzo=01;31:*.xz=01;31:*.zst=01;31:*.tzst=01;31:*.bz2=01;31:*.bz=01;31:*.tbz=01;31:*.tbz2=01;31:*.tz=01;31:*.deb=01;31:*.rpm=01;31:*.jar=01;31:*.war=01;31:*.ear=01;31:*.sar=01;31:*.rar=01;31:*.alz=01;31:*.ace=01;31:*.zoo=01;31:*.cpio=01;31:*.7z=01;31:*.rz=01;31:*.cab=01;31:*.wim=01;31:*.swm=01;31:*.dwm=01;31:*.esd=01;31:*.jpg=01;35:*.jpeg=01;35:*.mjpg=01;35:*.mjpeg=01;35:*.gif=01;35:*.bmp=01;35:*.pbm=01;35:*.pgm=01;35:*.ppm=01;35:*.tga=01;35:*.xbm=01;35:*.xpm=01;35:*.tif=01;35:*.tiff=01;35:*.png=01;35:*.svg=01;35:*.svgz=01;35:*.mng=01;35:*.pcx=01;35:*.mov=01;35:*.mpg=01;35:*.mpeg=01;35:*.m2v=01;35:*.mkv=01;35:*.webm=01;35:*.webp=01;35:*.ogm=01;35:*.mp4=01;35:*.m4v=01;35:*.mp4v=01;35:*.vob=01;35:*.qt=01;35:*.nuv=01;35:*.wmv=01;35:*.asf=01;35:*.rm=01;35:*.rmvb=01;35:*.flc=01;35:*.avi=01;35:*.fli=01;35:*.flv=01;35:*.gl=01;35:*.dl=01;35:*.xcf=01;35:*.xwd=01;35:*.yuv=01;35:*.cgm=01;35:*.emf=01;35:*.ogv=01;35:*.ogx=01;35:*.aac=00;36:*.au=00;36:*.flac=00;36:*.m4a=00;36:*.mid=00;36:*.midi=00;36:*.mka=00;36:*.mp3=00;36:*.mpc=00;36:*.ogg=00;36:*.ra=00;36:*.wav=00;36:*.oga=00;36:*.opus=00;36:*.spx=00;36:*.xspf=00;36:'), ('ROS_DOMAIN_ID', '30'), ('AMENT_PREFIX_PATH', '/root/imu_ws/install/imu_tools:/root/imu_ws/install/rviz_imu_plugin:/root/imu_ws/install/imu_filter_madgwick:/root/imu_ws/install/imu_complementary_filter:/root/yahboomcar_ws/install/yahboomcar_visual:/root/yahboomcar_ws/install/yahboomcar_nav:/root/yahboomcar_ws/install/yahboomcar_msgs:/root/yahboomcar_ws/install/yahboomcar_mediapipe:/root/yahboomcar_ws/install/yahboomcar_laser:/root/yahboomcar_ws/install/yahboomcar_description:/root/yahboomcar_ws/install/yahboomcar_ctrl:/root/yahboomcar_ws/install/yahboomcar_bringup:/root/yahboomcar_ws/install/yahboomcar_base_node:/root/yahboomcar_ws/install/yahboomcar_astra:/root/yahboomcar_ws/install/yahboom_web_savmap_interfaces:/root/yahboomcar_ws/install/yahboom_app_save_map:/root/yahboomcar_ws/install/robot_pose_publisher_ros2:/root/yahboomcar_ws/install/robot_localization:/root/yahboomcar_ws/install/laserscan_to_point_publisher:/root/gmapping_ws/install/slam_gmapping:/root/gmapping_ws/install/openslam_gmapping:/opt/ros/humble'), ('PWD', '/root/yahboomcar_ws/build/robot_localization'), ('LC_ALL', 'C.UTF-8'), ('PYTHONPATH', '/root/yahboomcar_ws/install/yahboomcar_visual/lib/python3.10/site-packages:/root/yahboomcar_ws/install/yahboomcar_nav/lib/python3.10/site-packages:/root/yahboomcar_ws/install/yahboomcar_msgs/local/lib/python3.10/dist-packages:/root/yahboomcar_ws/install/yahboomcar_mediapipe/lib/python3.10/site-packages:/root/yahboomcar_ws/install/yahboomcar_laser/lib/python3.10/site-packages:/root/yahboomcar_ws/install/yahboomcar_description/lib/python3.10/site-packages:/root/yahboomcar_ws/install/yahboomcar_ctrl/lib/python3.10/site-packages:/root/yahboomcar_ws/install/yahboomcar_bringup/lib/python3.10/site-packages:/root/yahboomcar_ws/install/yahboomcar_astra/lib/python3.10/site-packages:/root/yahboomcar_ws/install/yahboom_web_savmap_interfaces/local/lib/python3.10/dist-packages:/root/yahboomcar_ws/install/yahboom_app_save_map/lib/python3.10/site-packages:/root/yahboomcar_ws/install/robot_localization/local/lib/python3.10/dist-packages:/root/yahboomcar_ws/install/laserscan_to_point_publisher/lib/python3.10/site-packages:/opt/ros/humble/lib/python3.10/site-packages:/opt/ros/humble/local/lib/python3.10/dist-packages'), ('COLCON', '1'), ('CMAKE_PREFIX_PATH', '/root/imu_ws/install/imu_tools:/root/imu_ws/install/rviz_imu_plugin:/root/imu_ws/install/imu_filter_madgwick:/root/imu_ws/install/imu_complementary_filter:/root/yahboomcar_ws/install/yahboomcar_msgs:/root/yahboomcar_ws/install/yahboomcar_base_node:/root/yahboomcar_ws/install/yahboom_web_savmap_interfaces:/root/yahboomcar_ws/install/robot_pose_publisher_ros2:/root/yahboomcar_ws/install/robot_localization:/root/gmapping_ws/install/slam_gmapping:/root/gmapping_ws/install/openslam_gmapping:/root/yahboomcar_ws/install/yahboomcar_visual:/root/yahboomcar_ws/install/yahboomcar_nav:/root/yahboomcar_ws/install/yahboomcar_mediapipe:/root/yahboomcar_ws/install/yahboomcar_laser:/root/yahboomcar_ws/install/yahboomcar_description:/root/yahboomcar_ws/install/yahboomcar_ctrl:/root/yahboomcar_ws/install/yahboomcar_bringup:/root/yahboomcar_ws/install/yahboomcar_astra:/root/yahboomcar_ws/install/yahboom_app_save_map:/root/yahboomcar_ws/install/laserscan_to_point_publisher:/opt/ros/humble')]), 'shell': False}
[2.300974] (yahboom_web_savmap_interfaces) JobProgress: {'identifier': 'yahboom_web_savmap_interfaces', 'progress': 'cmake'}
[2.302322] (yahboom_web_savmap_interfaces) JobProgress: {'identifier': 'yahboom_web_savmap_interfaces', 'progress': 'build'}
[2.302501] (robot_localization) StdoutLine: {'line': b'-- Install configuration: "RelWithDebInfo"\n'}
[2.302934] (robot_localization) StdoutLine: {'line': b'-- Up-to-date: /root/yahboomcar_ws/install/robot_localization/share/ament_index/resource_index/rosidl_interfaces/robot_localization\n'}
[2.303171] (robot_localization) StdoutLine: {'line': b'-- Up-to-date: /root/yahboomcar_ws/install/robot_localization/include/robot_localization/robot_localization\n'}
[2.303315] (robot_localization) StdoutLine: {'line': b'-- Up-to-date: /root/yahboomcar_ws/install/robot_localization/include/robot_localization/robot_localization/srv\n'}
[2.303577] (robot_localization) StdoutLine: {'line': b'-- Up-to-date: /root/yahboomcar_ws/install/robot_localization/include/robot_localization/robot_localization/srv/get_state.h\n'}
[2.303747] (robot_localization) StdoutLine: {'line': b'-- Up-to-date: /root/yahboomcar_ws/install/robot_localization/include/robot_localization/robot_localization/srv/set_datum.h\n'}
[2.303873] (robot_localization) StdoutLine: {'line': b'-- Up-to-date: /root/yahboomcar_ws/install/robot_localization/include/robot_localization/robot_localization/srv/set_pose.h\n'}
[2.304103] (robot_localization) StdoutLine: {'line': b'-- Up-to-date: /root/yahboomcar_ws/install/robot_localization/include/robot_localization/robot_localization/srv/to_ll.h\n'}
[2.304358] (robot_localization) StdoutLine: {'line': b'-- Up-to-date: /root/yahboomcar_ws/install/robot_localization/include/robot_localization/robot_localization/srv/from_ll.h\n'}
[2.304535] (robot_localization) StdoutLine: {'line': b'-- Up-to-date: /root/yahboomcar_ws/install/robot_localization/include/robot_localization/robot_localization/srv/detail\n'}
[2.304823] (robot_localization) StdoutLine: {'line': b'-- Up-to-date: /root/yahboomcar_ws/install/robot_localization/include/robot_localization/robot_localization/srv/detail/toggle_filter_processing__functions.c\n'}
[2.305009] (robot_localization) StdoutLine: {'line': b'-- Up-to-date: /root/yahboomcar_ws/install/robot_localization/include/robot_localization/robot_localization/srv/detail/set_datum__struct.h\n'}
[2.305186] (robot_localization) StdoutLine: {'line': b'-- Up-to-date: /root/yahboomcar_ws/install/robot_localization/include/robot_localization/robot_localization/srv/detail/from_ll__struct.h\n'}
[2.305383] (robot_localization) StdoutLine: {'line': b'-- Up-to-date: /root/yahboomcar_ws/install/robot_localization/include/robot_localization/robot_localization/srv/detail/toggle_filter_processing__type_support.h\n'}
[2.305611] (robot_localization) StdoutLine: {'line': b'-- Up-to-date: /root/yahboomcar_ws/install/robot_localization/include/robot_localization/robot_localization/srv/detail/from_ll__functions.c\n'}
[2.305783] (-) TimerEvent: {}
[2.306221] (robot_localization) StdoutLine: {'line': b'-- Up-to-date: /root/yahboomcar_ws/install/robot_localization/include/robot_localization/robot_localization/srv/detail/set_pose__type_support.h\n'}
[2.307196] (robot_localization) StdoutLine: {'line': b'-- Up-to-date: /root/yahboomcar_ws/install/robot_localization/include/robot_localization/robot_localization/srv/detail/toggle_filter_processing__functions.h\n'}
[2.307427] (robot_localization) StdoutLine: {'line': b'-- Up-to-date: /root/yahboomcar_ws/install/robot_localization/include/robot_localization/robot_localization/srv/detail/set_datum__functions.c\n'}
[2.307593] (robot_localization) StdoutLine: {'line': b'-- Up-to-date: /root/yahboomcar_ws/install/robot_localization/include/robot_localization/robot_localization/srv/detail/set_pose__functions.h\n'}
[2.307762] (robot_localization) StdoutLine: {'line': b'-- Up-to-date: /root/yahboomcar_ws/install/robot_localization/include/robot_localization/robot_localization/srv/detail/get_state__type_support.h\n'}
[2.309100] (robot_localization) StdoutLine: {'line': b'-- Up-to-date: /root/yahboomcar_ws/install/robot_localization/include/robot_localization/robot_localization/srv/detail/get_state__functions.c\n'}
[2.309327] (robot_localization) StdoutLine: {'line': b'-- Up-to-date: /root/yahboomcar_ws/install/robot_localization/include/robot_localization/robot_localization/srv/detail/to_ll__functions.h\n'}
[2.309501] (robot_localization) StdoutLine: {'line': b'-- Up-to-date: /root/yahboomcar_ws/install/robot_localization/include/robot_localization/robot_localization/srv/detail/to_ll__struct.h\n'}
[2.309677] (robot_localization) StdoutLine: {'line': b'-- Up-to-date: /root/yahboomcar_ws/install/robot_localization/include/robot_localization/robot_localization/srv/detail/to_ll__functions.c\n'}
[2.309844] (robot_localization) StdoutLine: {'line': b'-- Up-to-date: /root/yahboomcar_ws/install/robot_localization/include/robot_localization/robot_localization/srv/detail/set_datum__functions.h\n'}
[2.310029] (robot_localization) StdoutLine: {'line': b'-- Up-to-date: /root/yahboomcar_ws/install/robot_localization/include/robot_localization/robot_localization/srv/detail/set_datum__type_support.h\n'}
[2.310233] (robot_localization) StdoutLine: {'line': b'-- Up-to-date: /root/yahboomcar_ws/install/robot_localization/include/robot_localization/robot_localization/srv/detail/get_state__struct.h\n'}
[2.310797] (robot_localization) StdoutLine: {'line': b'-- Up-to-date: /root/yahboomcar_ws/install/robot_localization/include/robot_localization/robot_localization/srv/detail/set_pose__struct.h\n'}
[2.311004] (robot_localization) StdoutLine: {'line': b'-- Up-to-date: /root/yahboomcar_ws/install/robot_localization/include/robot_localization/robot_localization/srv/detail/set_pose__functions.c\n'}
[2.311188] (robot_localization) StdoutLine: {'line': b'-- Up-to-date: /root/yahboomcar_ws/install/robot_localization/include/robot_localization/robot_localization/srv/detail/get_state__functions.h\n'}
[2.311391] (robot_localization) StdoutLine: {'line': b'-- Up-to-date: /root/yahboomcar_ws/install/robot_localization/include/robot_localization/robot_localization/srv/detail/from_ll__functions.h\n'}
[2.311657] (robot_localization) StdoutLine: {'line': b'-- Up-to-date: /root/yahboomcar_ws/install/robot_localization/include/robot_localization/robot_localization/srv/detail/to_ll__type_support.h\n'}
[2.311891] (robot_localization) StdoutLine: {'line': b'-- Up-to-date: /root/yahboomcar_ws/install/robot_localization/include/robot_localization/robot_localization/srv/detail/from_ll__type_support.h\n'}
[2.312129] (robot_localization) StdoutLine: {'line': b'-- Up-to-date: /root/yahboomcar_ws/install/robot_localization/include/robot_localization/robot_localization/srv/detail/toggle_filter_processing__struct.h\n'}
[2.312347] (robot_localization) StdoutLine: {'line': b'-- Up-to-date: /root/yahboomcar_ws/install/robot_localization/include/robot_localization/robot_localization/srv/toggle_filter_processing.h\n'}
[2.312600] (robot_localization) StdoutLine: {'line': b'-- Up-to-date: /root/yahboomcar_ws/install/robot_localization/include/robot_localization/robot_localization/msg\n'}
[2.312882] (robot_localization) StdoutLine: {'line': b'-- Up-to-date: /root/yahboomcar_ws/install/robot_localization/include/robot_localization/robot_localization/msg/rosidl_generator_c__visibility_control.h\n'}
[2.313152] (robot_localization) StdoutLine: {'line': b'-- Up-to-date: /root/yahboomcar_ws/install/robot_localization/share/robot_localization/environment/library_path.sh\n'}
[2.313359] (robot_localization) StdoutLine: {'line': b'-- Up-to-date: /root/yahboomcar_ws/install/robot_localization/share/robot_localization/environment/library_path.dsv\n'}
[2.313523] (yahboom_web_savmap_interfaces) Command: {'cmd': ['/usr/bin/cmake', '--build', '/root/yahboomcar_ws/build/yahboom_web_savmap_interfaces', '--', '-j4', '-l4'], 'cwd': '/root/yahboomcar_ws/build/yahboom_web_savmap_interfaces', 'env': OrderedDict([('HOSTNAME', 'raspberrypi'), ('SHLVL', '1'), ('LD_LIBRARY_PATH', '/root/imu_ws/install/rviz_imu_plugin/lib:/root/imu_ws/install/imu_filter_madgwick/lib:/root/imu_ws/install/imu_complementary_filter/lib:/root/yahboomcar_ws/install/yahboomcar_msgs/lib:/root/yahboomcar_ws/install/yahboom_web_savmap_interfaces/lib:/root/yahboomcar_ws/install/robot_localization/lib:/root/gmapping_ws/install/openslam_gmapping/lib:/opt/ros/humble/opt/rviz_ogre_vendor/lib:/opt/ros/humble/lib/aarch64-linux-gnu:/opt/ros/humble/lib'), ('HOME', '/root'), ('OLDPWD', '/root'), ('ROS_PYTHON_VERSION', '3'), ('COLCON_PREFIX_PATH', '/root/yahboomcar_ws/install:/root/gmapping_ws/install:/root/imu_ws/install'), ('ROS_DISTRO', 'humble'), ('_', '/usr/bin/colcon'), ('ROS_VERSION', '2'), ('TERM', 'xterm'), ('ROS_LOCALHOST_ONLY', '0'), ('QT_X11_NO_MITSHM', '1'), ('PATH', '/opt/ros/humble/bin:/usr/local/sbin:/usr/local/bin:/usr/sbin:/usr/bin:/sbin:/bin'), ('DISPLAY', ':0'), ('LANG', 'C.UTF-8'), ('LS_COLORS', 'rs=0:di=01;34:ln=01;36:mh=00:pi=40;33:so=01;35:do=01;35:bd=40;33;01:cd=40;33;01:or=40;31;01:mi=00:su=37;41:sg=30;43:ca=30;41:tw=30;42:ow=34;42:st=37;44:ex=01;32:*.tar=01;31:*.tgz=01;31:*.arc=01;31:*.arj=01;31:*.taz=01;31:*.lha=01;31:*.lz4=01;31:*.lzh=01;31:*.lzma=01;31:*.tlz=01;31:*.txz=01;31:*.tzo=01;31:*.t7z=01;31:*.zip=01;31:*.z=01;31:*.dz=01;31:*.gz=01;31:*.lrz=01;31:*.lz=01;31:*.lzo=01;31:*.xz=01;31:*.zst=01;31:*.tzst=01;31:*.bz2=01;31:*.bz=01;31:*.tbz=01;31:*.tbz2=01;31:*.tz=01;31:*.deb=01;31:*.rpm=01;31:*.jar=01;31:*.war=01;31:*.ear=01;31:*.sar=01;31:*.rar=01;31:*.alz=01;31:*.ace=01;31:*.zoo=01;31:*.cpio=01;31:*.7z=01;31:*.rz=01;31:*.cab=01;31:*.wim=01;31:*.swm=01;31:*.dwm=01;31:*.esd=01;31:*.jpg=01;35:*.jpeg=01;35:*.mjpg=01;35:*.mjpeg=01;35:*.gif=01;35:*.bmp=01;35:*.pbm=01;35:*.pgm=01;35:*.ppm=01;35:*.tga=01;35:*.xbm=01;35:*.xpm=01;35:*.tif=01;35:*.tiff=01;35:*.png=01;35:*.svg=01;35:*.svgz=01;35:*.mng=01;35:*.pcx=01;35:*.mov=01;35:*.mpg=01;35:*.mpeg=01;35:*.m2v=01;35:*.mkv=01;35:*.webm=01;35:*.webp=01;35:*.ogm=01;35:*.mp4=01;35:*.m4v=01;35:*.mp4v=01;35:*.vob=01;35:*.qt=01;35:*.nuv=01;35:*.wmv=01;35:*.asf=01;35:*.rm=01;35:*.rmvb=01;35:*.flc=01;35:*.avi=01;35:*.fli=01;35:*.flv=01;35:*.gl=01;35:*.dl=01;35:*.xcf=01;35:*.xwd=01;35:*.yuv=01;35:*.cgm=01;35:*.emf=01;35:*.ogv=01;35:*.ogx=01;35:*.aac=00;36:*.au=00;36:*.flac=00;36:*.m4a=00;36:*.mid=00;36:*.midi=00;36:*.mka=00;36:*.mp3=00;36:*.mpc=00;36:*.ogg=00;36:*.ra=00;36:*.wav=00;36:*.oga=00;36:*.opus=00;36:*.spx=00;36:*.xspf=00;36:'), ('ROS_DOMAIN_ID', '30'), ('AMENT_PREFIX_PATH', '/root/imu_ws/install/imu_tools:/root/imu_ws/install/rviz_imu_plugin:/root/imu_ws/install/imu_filter_madgwick:/root/imu_ws/install/imu_complementary_filter:/root/yahboomcar_ws/install/yahboomcar_visual:/root/yahboomcar_ws/install/yahboomcar_nav:/root/yahboomcar_ws/install/yahboomcar_msgs:/root/yahboomcar_ws/install/yahboomcar_mediapipe:/root/yahboomcar_ws/install/yahboomcar_laser:/root/yahboomcar_ws/install/yahboomcar_description:/root/yahboomcar_ws/install/yahboomcar_ctrl:/root/yahboomcar_ws/install/yahboomcar_bringup:/root/yahboomcar_ws/install/yahboomcar_base_node:/root/yahboomcar_ws/install/yahboomcar_astra:/root/yahboomcar_ws/install/yahboom_web_savmap_interfaces:/root/yahboomcar_ws/install/yahboom_app_save_map:/root/yahboomcar_ws/install/robot_pose_publisher_ros2:/root/yahboomcar_ws/install/robot_localization:/root/yahboomcar_ws/install/laserscan_to_point_publisher:/root/gmapping_ws/install/slam_gmapping:/root/gmapping_ws/install/openslam_gmapping:/opt/ros/humble'), ('PWD', '/root/yahboomcar_ws/build/yahboom_web_savmap_interfaces'), ('LC_ALL', 'C.UTF-8'), ('PYTHONPATH', '/root/yahboomcar_ws/install/yahboomcar_visual/lib/python3.10/site-packages:/root/yahboomcar_ws/install/yahboomcar_nav/lib/python3.10/site-packages:/root/yahboomcar_ws/install/yahboomcar_msgs/local/lib/python3.10/dist-packages:/root/yahboomcar_ws/install/yahboomcar_mediapipe/lib/python3.10/site-packages:/root/yahboomcar_ws/install/yahboomcar_laser/lib/python3.10/site-packages:/root/yahboomcar_ws/install/yahboomcar_description/lib/python3.10/site-packages:/root/yahboomcar_ws/install/yahboomcar_ctrl/lib/python3.10/site-packages:/root/yahboomcar_ws/install/yahboomcar_bringup/lib/python3.10/site-packages:/root/yahboomcar_ws/install/yahboomcar_astra/lib/python3.10/site-packages:/root/yahboomcar_ws/install/yahboom_web_savmap_interfaces/local/lib/python3.10/dist-packages:/root/yahboomcar_ws/install/yahboom_app_save_map/lib/python3.10/site-packages:/root/yahboomcar_ws/install/robot_localization/local/lib/python3.10/dist-packages:/root/yahboomcar_ws/install/laserscan_to_point_publisher/lib/python3.10/site-packages:/opt/ros/humble/lib/python3.10/site-packages:/opt/ros/humble/local/lib/python3.10/dist-packages'), ('COLCON', '1'), ('CMAKE_PREFIX_PATH', '/root/imu_ws/install/imu_tools:/root/imu_ws/install/rviz_imu_plugin:/root/imu_ws/install/imu_filter_madgwick:/root/imu_ws/install/imu_complementary_filter:/root/yahboomcar_ws/install/yahboomcar_msgs:/root/yahboomcar_ws/install/yahboomcar_base_node:/root/yahboomcar_ws/install/yahboom_web_savmap_interfaces:/root/yahboomcar_ws/install/robot_pose_publisher_ros2:/root/yahboomcar_ws/install/robot_localization:/root/gmapping_ws/install/slam_gmapping:/root/gmapping_ws/install/openslam_gmapping:/root/yahboomcar_ws/install/yahboomcar_visual:/root/yahboomcar_ws/install/yahboomcar_nav:/root/yahboomcar_ws/install/yahboomcar_mediapipe:/root/yahboomcar_ws/install/yahboomcar_laser:/root/yahboomcar_ws/install/yahboomcar_description:/root/yahboomcar_ws/install/yahboomcar_ctrl:/root/yahboomcar_ws/install/yahboomcar_bringup:/root/yahboomcar_ws/install/yahboomcar_astra:/root/yahboomcar_ws/install/yahboom_app_save_map:/root/yahboomcar_ws/install/laserscan_to_point_publisher:/opt/ros/humble')]), 'shell': False}
[2.314729] (robot_localization) StdoutLine: {'line': b'-- Up-to-date: /root/yahboomcar_ws/install/robot_localization/lib/librobot_localization__rosidl_generator_c.so\n'}
[2.314932] (robot_localization) StdoutLine: {'line': b'-- Up-to-date: /root/yahboomcar_ws/install/robot_localization/include/robot_localization/robot_localization\n'}
[2.315051] (robot_localization) StdoutLine: {'line': b'-- Up-to-date: /root/yahboomcar_ws/install/robot_localization/include/robot_localization/robot_localization/srv\n'}
[2.315796] (robot_localization) StdoutLine: {'line': b'-- Up-to-date: /root/yahboomcar_ws/install/robot_localization/include/robot_localization/robot_localization/srv/detail\n'}
[2.316130] (robot_localization) StdoutLine: {'line': b'-- Up-to-date: /root/yahboomcar_ws/install/robot_localization/include/robot_localization/robot_localization/srv/detail/set_pose__rosidl_typesupport_fastrtps_c.h\n'}
[2.316463] (robot_localization) StdoutLine: {'line': b'-- Up-to-date: /root/yahboomcar_ws/install/robot_localization/include/robot_localization/robot_localization/srv/detail/from_ll__rosidl_typesupport_fastrtps_c.h\n'}
[2.316714] (robot_localization) StdoutLine: {'line': b'-- Up-to-date: /root/yahboomcar_ws/install/robot_localization/include/robot_localization/robot_localization/srv/detail/toggle_filter_processing__rosidl_typesupport_fastrtps_c.h\n'}
[2.316994] (robot_localization) StdoutLine: {'line': b'-- Up-to-date: /root/yahboomcar_ws/install/robot_localization/include/robot_localization/robot_localization/srv/detail/get_state__rosidl_typesupport_fastrtps_c.h\n'}
[2.317310] (robot_localization) StdoutLine: {'line': b'-- Up-to-date: /root/yahboomcar_ws/install/robot_localization/include/robot_localization/robot_localization/srv/detail/to_ll__rosidl_typesupport_fastrtps_c.h\n'}
[2.319353] (robot_localization) StdoutLine: {'line': b'-- Up-to-date: /root/yahboomcar_ws/install/robot_localization/include/robot_localization/robot_localization/srv/detail/set_datum__rosidl_typesupport_fastrtps_c.h\n'}
[2.319766] (robot_localization) StdoutLine: {'line': b'-- Up-to-date: /root/yahboomcar_ws/install/robot_localization/include/robot_localization/robot_localization/msg\n'}
[2.320014] (robot_localization) StdoutLine: {'line': b'-- Up-to-date: /root/yahboomcar_ws/install/robot_localization/include/robot_localization/robot_localization/msg/rosidl_typesupport_fastrtps_c__visibility_control.h\n'}
[2.320255] (robot_localization) StdoutLine: {'line': b'-- Up-to-date: /root/yahboomcar_ws/install/robot_localization/lib/librobot_localization__rosidl_typesupport_fastrtps_c.so\n'}
[2.320612] (robot_localization) StdoutLine: {'line': b'-- Up-to-date: /root/yahboomcar_ws/install/robot_localization/include/robot_localization/robot_localization\n'}
[2.320883] (robot_localization) StdoutLine: {'line': b'-- Up-to-date: /root/yahboomcar_ws/install/robot_localization/include/robot_localization/robot_localization/srv\n'}
[2.321146] (robot_localization) StdoutLine: {'line': b'-- Up-to-date: /root/yahboomcar_ws/install/robot_localization/include/robot_localization/robot_localization/srv/toggle_filter_processing.hpp\n'}
[2.322978] (robot_localization) StdoutLine: {'line': b'-- Up-to-date: /root/yahboomcar_ws/install/robot_localization/include/robot_localization/robot_localization/srv/detail\n'}
[2.323273] (robot_localization) StdoutLine: {'line': b'-- Up-to-date: /root/yahboomcar_ws/install/robot_localization/include/robot_localization/robot_localization/srv/detail/to_ll__builder.hpp\n'}
[2.323379] (robot_localization) StdoutLine: {'line': b'-- Up-to-date: /root/yahboomcar_ws/install/robot_localization/include/robot_localization/robot_localization/srv/detail/set_pose__builder.hpp\n'}
[2.323503] (robot_localization) StdoutLine: {'line': b'-- Up-to-date: /root/yahboomcar_ws/install/robot_localization/include/robot_localization/robot_localization/srv/detail/get_state__struct.hpp\n'}
[2.323608] (robot_localization) StdoutLine: {'line': b'-- Up-to-date: /root/yahboomcar_ws/install/robot_localization/include/robot_localization/robot_localization/srv/detail/set_datum__builder.hpp\n'}
[2.323790] (robot_localization) StdoutLine: {'line': b'-- Up-to-date: /root/yahboomcar_ws/install/robot_localization/include/robot_localization/robot_localization/srv/detail/to_ll__struct.hpp\n'}
[2.323971] (robot_localization) StdoutLine: {'line': b'-- Up-to-date: /root/yahboomcar_ws/install/robot_localization/include/robot_localization/robot_localization/srv/detail/set_datum__traits.hpp\n'}
[2.324087] (robot_localization) StdoutLine: {'line': b'-- Up-to-date: /root/yahboomcar_ws/install/robot_localization/include/robot_localization/robot_localization/srv/detail/get_state__builder.hpp\n'}
[2.324180] (robot_localization) StdoutLine: {'line': b'-- Up-to-date: /root/yahboomcar_ws/install/robot_localization/include/robot_localization/robot_localization/srv/detail/toggle_filter_processing__traits.hpp\n'}
[2.324319] (robot_localization) StdoutLine: {'line': b'-- Up-to-date: /root/yahboomcar_ws/install/robot_localization/include/robot_localization/robot_localization/srv/detail/set_pose__traits.hpp\n'}
[2.324411] (robot_localization) StdoutLine: {'line': b'-- Up-to-date: /root/yahboomcar_ws/install/robot_localization/include/robot_localization/robot_localization/srv/detail/toggle_filter_processing__struct.hpp\n'}
[2.324512] (robot_localization) StdoutLine: {'line': b'-- Up-to-date: /root/yahboomcar_ws/install/robot_localization/include/robot_localization/robot_localization/srv/detail/from_ll__struct.hpp\n'}
[2.331347] (robot_localization) StdoutLine: {'line': b'-- Up-to-date: /root/yahboomcar_ws/install/robot_localization/include/robot_localization/robot_localization/srv/detail/from_ll__traits.hpp\n'}
[2.331581] (robot_localization) StdoutLine: {'line': b'-- Up-to-date: /root/yahboomcar_ws/install/robot_localization/include/robot_localization/robot_localization/srv/detail/get_state__traits.hpp\n'}
[2.331685] (robot_localization) StdoutLine: {'line': b'-- Up-to-date: /root/yahboomcar_ws/install/robot_localization/include/robot_localization/robot_localization/srv/detail/set_datum__struct.hpp\n'}
[2.331780] (robot_localization) StdoutLine: {'line': b'-- Up-to-date: /root/yahboomcar_ws/install/robot_localization/include/robot_localization/robot_localization/srv/detail/to_ll__traits.hpp\n'}
[2.331904] (robot_localization) StdoutLine: {'line': b'-- Up-to-date: /root/yahboomcar_ws/install/robot_localization/include/robot_localization/robot_localization/srv/detail/from_ll__builder.hpp\n'}
[2.332031] (robot_localization) StdoutLine: {'line': b'-- Up-to-date: /root/yahboomcar_ws/install/robot_localization/include/robot_localization/robot_localization/srv/detail/set_pose__struct.hpp\n'}
[2.332133] (robot_localization) StdoutLine: {'line': b'-- Up-to-date: /root/yahboomcar_ws/install/robot_localization/include/robot_localization/robot_localization/srv/detail/toggle_filter_processing__builder.hpp\n'}
[2.332249] (robot_localization) StdoutLine: {'line': b'-- Up-to-date: /root/yahboomcar_ws/install/robot_localization/include/robot_localization/robot_localization/srv/set_pose.hpp\n'}
[2.332365] (robot_localization) StdoutLine: {'line': b'-- Up-to-date: /root/yahboomcar_ws/install/robot_localization/include/robot_localization/robot_localization/srv/get_state.hpp\n'}
[2.332473] (robot_localization) StdoutLine: {'line': b'-- Up-to-date: /root/yahboomcar_ws/install/robot_localization/include/robot_localization/robot_localization/srv/set_datum.hpp\n'}
[2.332562] (robot_localization) StdoutLine: {'line': b'-- Up-to-date: /root/yahboomcar_ws/install/robot_localization/include/robot_localization/robot_localization/srv/from_ll.hpp\n'}
[2.332641] (robot_localization) StdoutLine: {'line': b'-- Up-to-date: /root/yahboomcar_ws/install/robot_localization/include/robot_localization/robot_localization/srv/to_ll.hpp\n'}
[2.332734] (robot_localization) StdoutLine: {'line': b'-- Up-to-date: /root/yahboomcar_ws/install/robot_localization/include/robot_localization/robot_localization\n'}
[2.332841] (robot_localization) StdoutLine: {'line': b'-- Up-to-date: /root/yahboomcar_ws/install/robot_localization/include/robot_localization/robot_localization/srv\n'}
[2.332920] (robot_localization) StdoutLine: {'line': b'-- Up-to-date: /root/yahboomcar_ws/install/robot_localization/include/robot_localization/robot_localization/srv/detail\n'}
[2.333000] (robot_localization) StdoutLine: {'line': b'-- Up-to-date: /root/yahboomcar_ws/install/robot_localization/include/robot_localization/robot_localization/srv/detail/set_pose__rosidl_typesupport_fastrtps_cpp.hpp\n'}
[2.333081] (robot_localization) StdoutLine: {'line': b'-- Up-to-date: /root/yahboomcar_ws/install/robot_localization/include/robot_localization/robot_localization/srv/detail/set_datum__rosidl_typesupport_fastrtps_cpp.hpp\n'}
[2.333188] (robot_localization) StdoutLine: {'line': b'-- Up-to-date: /root/yahboomcar_ws/install/robot_localization/include/robot_localization/robot_localization/srv/detail/get_state__rosidl_typesupport_fastrtps_cpp.hpp\n'}
[2.333272] (robot_localization) StdoutLine: {'line': b'-- Up-to-date: /root/yahboomcar_ws/install/robot_localization/include/robot_localization/robot_localization/srv/detail/to_ll__rosidl_typesupport_fastrtps_cpp.hpp\n'}
[2.333342] (robot_localization) StdoutLine: {'line': b'-- Up-to-date: /root/yahboomcar_ws/install/robot_localization/include/robot_localization/robot_localization/srv/detail/toggle_filter_processing__rosidl_typesupport_fastrtps_cpp.hpp\n'}
[2.333415] (robot_localization) StdoutLine: {'line': b'-- Up-to-date: /root/yahboomcar_ws/install/robot_localization/include/robot_localization/robot_localization/srv/detail/from_ll__rosidl_typesupport_fastrtps_cpp.hpp\n'}
[2.333491] (robot_localization) StdoutLine: {'line': b'-- Up-to-date: /root/yahboomcar_ws/install/robot_localization/include/robot_localization/robot_localization/srv/detail/dds_fastrtps\n'}
[2.333562] (robot_localization) StdoutLine: {'line': b'-- Up-to-date: /root/yahboomcar_ws/install/robot_localization/include/robot_localization/robot_localization/msg\n'}
[2.333633] (robot_localization) StdoutLine: {'line': b'-- Up-to-date: /root/yahboomcar_ws/install/robot_localization/include/robot_localization/robot_localization/msg/rosidl_typesupport_fastrtps_cpp__visibility_control.h\n'}
[2.333703] (robot_localization) StdoutLine: {'line': b'-- Up-to-date: /root/yahboomcar_ws/install/robot_localization/lib/librobot_localization__rosidl_typesupport_fastrtps_cpp.so\n'}
[2.333779] (robot_localization) StdoutLine: {'line': b'-- Up-to-date: /root/yahboomcar_ws/install/robot_localization/include/robot_localization/robot_localization\n'}
[2.333857] (robot_localization) StdoutLine: {'line': b'-- Up-to-date: /root/yahboomcar_ws/install/robot_localization/include/robot_localization/robot_localization/srv\n'}
[2.333929] (robot_localization) StdoutLine: {'line': b'-- Up-to-date: /root/yahboomcar_ws/install/robot_localization/include/robot_localization/robot_localization/srv/detail\n'}
[2.334031] (robot_localization) StdoutLine: {'line': b'-- Up-to-date: /root/yahboomcar_ws/install/robot_localization/include/robot_localization/robot_localization/srv/detail/from_ll__rosidl_typesupport_introspection_c.h\n'}
[2.334147] (robot_localization) StdoutLine: {'line': b'-- Up-to-date: /root/yahboomcar_ws/install/robot_localization/include/robot_localization/robot_localization/srv/detail/set_datum__type_support.c\n'}
[2.334289] (robot_localization) StdoutLine: {'line': b'-- Up-to-date: /root/yahboomcar_ws/install/robot_localization/include/robot_localization/robot_localization/srv/detail/set_pose__type_support.c\n'}
[2.334413] (robot_localization) StdoutLine: {'line': b'-- Up-to-date: /root/yahboomcar_ws/install/robot_localization/include/robot_localization/robot_localization/srv/detail/get_state__type_support.c\n'}
[2.334527] (robot_localization) StdoutLine: {'line': b'-- Up-to-date: /root/yahboomcar_ws/install/robot_localization/include/robot_localization/robot_localization/srv/detail/set_datum__rosidl_typesupport_introspection_c.h\n'}
[2.334655] (robot_localization) StdoutLine: {'line': b'-- Up-to-date: /root/yahboomcar_ws/install/robot_localization/include/robot_localization/robot_localization/srv/detail/to_ll__type_support.c\n'}
[2.334771] (robot_localization) StdoutLine: {'line': b'-- Up-to-date: /root/yahboomcar_ws/install/robot_localization/include/robot_localization/robot_localization/srv/detail/from_ll__type_support.c\n'}
[2.334855] (robot_localization) StdoutLine: {'line': b'-- Up-to-date: /root/yahboomcar_ws/install/robot_localization/include/robot_localization/robot_localization/srv/detail/to_ll__rosidl_typesupport_introspection_c.h\n'}
[2.334939] (robot_localization) StdoutLine: {'line': b'-- Up-to-date: /root/yahboomcar_ws/install/robot_localization/include/robot_localization/robot_localization/srv/detail/set_pose__rosidl_typesupport_introspection_c.h\n'}
[2.335017] (robot_localization) StdoutLine: {'line': b'-- Up-to-date: /root/yahboomcar_ws/install/robot_localization/include/robot_localization/robot_localization/srv/detail/get_state__rosidl_typesupport_introspection_c.h\n'}
[2.335134] (robot_localization) StdoutLine: {'line': b'-- Up-to-date: /root/yahboomcar_ws/install/robot_localization/include/robot_localization/robot_localization/srv/detail/toggle_filter_processing__type_support.c\n'}
[2.335221] (robot_localization) StdoutLine: {'line': b'-- Up-to-date: /root/yahboomcar_ws/install/robot_localization/include/robot_localization/robot_localization/srv/detail/toggle_filter_processing__rosidl_typesupport_introspection_c.h\n'}
[2.335312] (robot_localization) StdoutLine: {'line': b'-- Up-to-date: /root/yahboomcar_ws/install/robot_localization/include/robot_localization/robot_localization/msg\n'}
[2.335397] (robot_localization) StdoutLine: {'line': b'-- Up-to-date: /root/yahboomcar_ws/install/robot_localization/include/robot_localization/robot_localization/msg/rosidl_typesupport_introspection_c__visibility_control.h\n'}
[2.335485] (robot_localization) StdoutLine: {'line': b'-- Up-to-date: /root/yahboomcar_ws/install/robot_localization/lib/librobot_localization__rosidl_typesupport_introspection_c.so\n'}
[2.335581] (robot_localization) StdoutLine: {'line': b'-- Up-to-date: /root/yahboomcar_ws/install/robot_localization/lib/librobot_localization__rosidl_typesupport_c.so\n'}
[2.335679] (robot_localization) StdoutLine: {'line': b'-- Up-to-date: /root/yahboomcar_ws/install/robot_localization/include/robot_localization/robot_localization\n'}
[2.335774] (robot_localization) StdoutLine: {'line': b'-- Up-to-date: /root/yahboomcar_ws/install/robot_localization/include/robot_localization/robot_localization/srv\n'}
[2.335877] (robot_localization) StdoutLine: {'line': b'-- Up-to-date: /root/yahboomcar_ws/install/robot_localization/include/robot_localization/robot_localization/srv/detail\n'}
[2.335975] (robot_localization) StdoutLine: {'line': b'-- Up-to-date: /root/yahboomcar_ws/install/robot_localization/include/robot_localization/robot_localization/srv/detail/set_datum__rosidl_typesupport_introspection_cpp.hpp\n'}
[2.336070] (robot_localization) StdoutLine: {'line': b'-- Up-to-date: /root/yahboomcar_ws/install/robot_localization/include/robot_localization/robot_localization/srv/detail/get_state__type_support.cpp\n'}
[2.336151] (robot_localization) StdoutLine: {'line': b'-- Up-to-date: /root/yahboomcar_ws/install/robot_localization/include/robot_localization/robot_localization/srv/detail/set_pose__type_support.cpp\n'}
[2.336232] (robot_localization) StdoutLine: {'line': b'-- Up-to-date: /root/yahboomcar_ws/install/robot_localization/include/robot_localization/robot_localization/srv/detail/from_ll__rosidl_typesupport_introspection_cpp.hpp\n'}
[2.336304] (robot_localization) StdoutLine: {'line': b'-- Up-to-date: /root/yahboomcar_ws/install/robot_localization/include/robot_localization/robot_localization/srv/detail/to_ll__type_support.cpp\n'}
[2.336404] (robot_localization) StdoutLine: {'line': b'-- Up-to-date: /root/yahboomcar_ws/install/robot_localization/include/robot_localization/robot_localization/srv/detail/to_ll__rosidl_typesupport_introspection_cpp.hpp\n'}
[2.336487] (robot_localization) StdoutLine: {'line': b'-- Up-to-date: /root/yahboomcar_ws/install/robot_localization/include/robot_localization/robot_localization/srv/detail/get_state__rosidl_typesupport_introspection_cpp.hpp\n'}
[2.336568] (robot_localization) StdoutLine: {'line': b'-- Up-to-date: /root/yahboomcar_ws/install/robot_localization/include/robot_localization/robot_localization/srv/detail/toggle_filter_processing__rosidl_typesupport_introspection_cpp.hpp\n'}
[2.336659] (robot_localization) StdoutLine: {'line': b'-- Up-to-date: /root/yahboomcar_ws/install/robot_localization/include/robot_localization/robot_localization/srv/detail/from_ll__type_support.cpp\n'}
[2.336799] (robot_localization) StdoutLine: {'line': b'-- Up-to-date: /root/yahboomcar_ws/install/robot_localization/include/robot_localization/robot_localization/srv/detail/toggle_filter_processing__type_support.cpp\n'}
[2.336891] (robot_localization) StdoutLine: {'line': b'-- Up-to-date: /root/yahboomcar_ws/install/robot_localization/include/robot_localization/robot_localization/srv/detail/set_pose__rosidl_typesupport_introspection_cpp.hpp\n'}
[2.336975] (robot_localization) StdoutLine: {'line': b'-- Up-to-date: /root/yahboomcar_ws/install/robot_localization/include/robot_localization/robot_localization/srv/detail/set_datum__type_support.cpp\n'}
[2.337051] (robot_localization) StdoutLine: {'line': b'-- Up-to-date: /root/yahboomcar_ws/install/robot_localization/lib/librobot_localization__rosidl_typesupport_introspection_cpp.so\n'}
[2.337177] (robot_localization) StdoutLine: {'line': b'-- Up-to-date: /root/yahboomcar_ws/install/robot_localization/lib/librobot_localization__rosidl_typesupport_cpp.so\n'}
[2.337282] (robot_localization) StdoutLine: {'line': b'-- Up-to-date: /root/yahboomcar_ws/install/robot_localization/share/robot_localization/environment/pythonpath.sh\n'}
[2.337383] (robot_localization) StdoutLine: {'line': b'-- Up-to-date: /root/yahboomcar_ws/install/robot_localization/share/robot_localization/environment/pythonpath.dsv\n'}
[2.337477] (robot_localization) StdoutLine: {'line': b'-- Up-to-date: /root/yahboomcar_ws/install/robot_localization/local/lib/python3.10/dist-packages/robot_localization-3.6.0-py3.10.egg-info\n'}
[2.337580] (robot_localization) StdoutLine: {'line': b'-- Installing: /root/yahboomcar_ws/install/robot_localization/local/lib/python3.10/dist-packages/robot_localization-3.6.0-py3.10.egg-info/SOURCES.txt\n'}
[2.337668] (robot_localization) StdoutLine: {'line': b'-- Installing: /root/yahboomcar_ws/install/robot_localization/local/lib/python3.10/dist-packages/robot_localization-3.6.0-py3.10.egg-info/top_level.txt\n'}
[2.337762] (robot_localization) StdoutLine: {'line': b'-- Installing: /root/yahboomcar_ws/install/robot_localization/local/lib/python3.10/dist-packages/robot_localization-3.6.0-py3.10.egg-info/PKG-INFO\n'}
[2.337862] (robot_localization) StdoutLine: {'line': b'-- Installing: /root/yahboomcar_ws/install/robot_localization/local/lib/python3.10/dist-packages/robot_localization-3.6.0-py3.10.egg-info/dependency_links.txt\n'}
[2.337958] (robot_localization) StdoutLine: {'line': b'-- Up-to-date: /root/yahboomcar_ws/install/robot_localization/local/lib/python3.10/dist-packages/robot_localization\n'}
[2.338048] (robot_localization) StdoutLine: {'line': b'-- Up-to-date: /root/yahboomcar_ws/install/robot_localization/local/lib/python3.10/dist-packages/robot_localization/__init__.py\n'}
[2.338190] (robot_localization) StdoutLine: {'line': b'-- Up-to-date: /root/yahboomcar_ws/install/robot_localization/local/lib/python3.10/dist-packages/robot_localization/_robot_localization_s.ep.rosidl_typesupport_c.c\n'}
[2.338318] (robot_localization) StdoutLine: {'line': b'-- Up-to-date: /root/yahboomcar_ws/install/robot_localization/local/lib/python3.10/dist-packages/robot_localization/srv\n'}
[2.338469] (robot_localization) StdoutLine: {'line': b'-- Up-to-date: /root/yahboomcar_ws/install/robot_localization/local/lib/python3.10/dist-packages/robot_localization/srv/__init__.py\n'}
[2.338566] (robot_localization) StdoutLine: {'line': b'-- Up-to-date: /root/yahboomcar_ws/install/robot_localization/local/lib/python3.10/dist-packages/robot_localization/srv/_set_datum.py\n'}
[2.338663] (robot_localization) StdoutLine: {'line': b'-- Up-to-date: /root/yahboomcar_ws/install/robot_localization/local/lib/python3.10/dist-packages/robot_localization/srv/_set_pose_s.c\n'}
[2.338748] (robot_localization) StdoutLine: {'line': b'-- Up-to-date: /root/yahboomcar_ws/install/robot_localization/local/lib/python3.10/dist-packages/robot_localization/srv/_toggle_filter_processing_s.c\n'}
[2.338831] (robot_localization) StdoutLine: {'line': b'-- Up-to-date: /root/yahboomcar_ws/install/robot_localization/local/lib/python3.10/dist-packages/robot_localization/srv/_get_state.py\n'}
[2.338909] (robot_localization) StdoutLine: {'line': b'-- Up-to-date: /root/yahboomcar_ws/install/robot_localization/local/lib/python3.10/dist-packages/robot_localization/srv/_set_pose.py\n'}
[2.338984] (robot_localization) StdoutLine: {'line': b'-- Up-to-date: /root/yahboomcar_ws/install/robot_localization/local/lib/python3.10/dist-packages/robot_localization/srv/_toggle_filter_processing.py\n'}
[2.339079] (robot_localization) StdoutLine: {'line': b'-- Up-to-date: /root/yahboomcar_ws/install/robot_localization/local/lib/python3.10/dist-packages/robot_localization/srv/_to_ll_s.c\n'}
[2.339167] (robot_localization) StdoutLine: {'line': b'-- Up-to-date: /root/yahboomcar_ws/install/robot_localization/local/lib/python3.10/dist-packages/robot_localization/srv/_from_ll.py\n'}
[2.339242] (robot_localization) StdoutLine: {'line': b'-- Up-to-date: /root/yahboomcar_ws/install/robot_localization/local/lib/python3.10/dist-packages/robot_localization/srv/_get_state_s.c\n'}
[2.339319] (robot_localization) StdoutLine: {'line': b'-- Up-to-date: /root/yahboomcar_ws/install/robot_localization/local/lib/python3.10/dist-packages/robot_localization/srv/_to_ll.py\n'}
[2.339415] (robot_localization) StdoutLine: {'line': b'-- Up-to-date: /root/yahboomcar_ws/install/robot_localization/local/lib/python3.10/dist-packages/robot_localization/srv/_set_datum_s.c\n'}
[2.339500] (robot_localization) StdoutLine: {'line': b'-- Up-to-date: /root/yahboomcar_ws/install/robot_localization/local/lib/python3.10/dist-packages/robot_localization/srv/_from_ll_s.c\n'}
[2.339607] (robot_localization) StdoutLine: {'line': b'-- Up-to-date: /root/yahboomcar_ws/install/robot_localization/local/lib/python3.10/dist-packages/robot_localization/robot_localization_s__rosidl_typesupport_introspection_c.cpython-310-aarch64-linux-gnu.so\n'}
[2.339714] (robot_localization) StdoutLine: {'line': b'-- Up-to-date: /root/yahboomcar_ws/install/robot_localization/local/lib/python3.10/dist-packages/robot_localization/_robot_localization_s.ep.rosidl_typesupport_introspection_c.c\n'}
[2.339812] (robot_localization) StdoutLine: {'line': b'-- Up-to-date: /root/yahboomcar_ws/install/robot_localization/local/lib/python3.10/dist-packages/robot_localization/_robot_localization_s.ep.rosidl_typesupport_fastrtps_c.c\n'}
[2.339940] (robot_localization) StdoutLine: {'line': b'-- Up-to-date: /root/yahboomcar_ws/install/robot_localization/local/lib/python3.10/dist-packages/robot_localization/robot_localization_s__rosidl_typesupport_fastrtps_c.cpython-310-aarch64-linux-gnu.so\n'}
[2.340409] (robot_localization) StdoutLine: {'line': b'-- Up-to-date: /root/yahboomcar_ws/install/robot_localization/local/lib/python3.10/dist-packages/robot_localization/librobot_localization__rosidl_generator_py.so\n'}
[2.340848] (robot_localization) StdoutLine: {'line': b'-- Up-to-date: /root/yahboomcar_ws/install/robot_localization/local/lib/python3.10/dist-packages/robot_localization/robot_localization_s__rosidl_typesupport_c.cpython-310-aarch64-linux-gnu.so\n'}
[2.406136] (-) TimerEvent: {}
[2.461681] (robot_localization) StdoutLine: {'line': b"Listing '/root/yahboomcar_ws/install/robot_localization/local/lib/python3.10/dist-packages/robot_localization'...\n"}
[2.462292] (robot_localization) StdoutLine: {'line': b"Listing '/root/yahboomcar_ws/install/robot_localization/local/lib/python3.10/dist-packages/robot_localization/srv'...\n"}
[2.474443] (yahboom_web_savmap_interfaces) StdoutLine: {'line': b'[  9%] Built target yahboom_web_savmap_interfaces__rosidl_generator_c\n'}
[2.511733] (laserscan_to_point_publisher) Command: {'cmd': ['/usr/bin/python3', 'setup.py', 'egg_info', '--egg-base', '../../build/laserscan_to_point_publisher', 'build', '--build-base', '/root/yahboomcar_ws/build/laserscan_to_point_publisher/build', 'install', '--record', '/root/yahboomcar_ws/build/laserscan_to_point_publisher/install.log', '--single-version-externally-managed'], 'cwd': '/root/yahboomcar_ws/src/laserscan_to_point_publisher', 'env': {'HOSTNAME': 'raspberrypi', 'SHLVL': '1', 'LD_LIBRARY_PATH': '/root/imu_ws/install/rviz_imu_plugin/lib:/root/imu_ws/install/imu_filter_madgwick/lib:/root/imu_ws/install/imu_complementary_filter/lib:/root/yahboomcar_ws/install/yahboomcar_msgs/lib:/root/yahboomcar_ws/install/yahboom_web_savmap_interfaces/lib:/root/yahboomcar_ws/install/robot_localization/lib:/root/gmapping_ws/install/openslam_gmapping/lib:/opt/ros/humble/opt/rviz_ogre_vendor/lib:/opt/ros/humble/lib/aarch64-linux-gnu:/opt/ros/humble/lib', 'HOME': '/root', 'OLDPWD': '/root', 'ROS_PYTHON_VERSION': '3', 'COLCON_PREFIX_PATH': '/root/yahboomcar_ws/install:/root/gmapping_ws/install:/root/imu_ws/install', 'ROS_DISTRO': 'humble', '_': '/usr/bin/colcon', 'ROS_VERSION': '2', 'TERM': 'xterm', 'ROS_LOCALHOST_ONLY': '0', 'QT_X11_NO_MITSHM': '1', 'PATH': '/opt/ros/humble/bin:/usr/local/sbin:/usr/local/bin:/usr/sbin:/usr/bin:/sbin:/bin', 'DISPLAY': ':0', 'LANG': 'C.UTF-8', 'LS_COLORS': 'rs=0:di=01;34:ln=01;36:mh=00:pi=40;33:so=01;35:do=01;35:bd=40;33;01:cd=40;33;01:or=40;31;01:mi=00:su=37;41:sg=30;43:ca=30;41:tw=30;42:ow=34;42:st=37;44:ex=01;32:*.tar=01;31:*.tgz=01;31:*.arc=01;31:*.arj=01;31:*.taz=01;31:*.lha=01;31:*.lz4=01;31:*.lzh=01;31:*.lzma=01;31:*.tlz=01;31:*.txz=01;31:*.tzo=01;31:*.t7z=01;31:*.zip=01;31:*.z=01;31:*.dz=01;31:*.gz=01;31:*.lrz=01;31:*.lz=01;31:*.lzo=01;31:*.xz=01;31:*.zst=01;31:*.tzst=01;31:*.bz2=01;31:*.bz=01;31:*.tbz=01;31:*.tbz2=01;31:*.tz=01;31:*.deb=01;31:*.rpm=01;31:*.jar=01;31:*.war=01;31:*.ear=01;31:*.sar=01;31:*.rar=01;31:*.alz=01;31:*.ace=01;31:*.zoo=01;31:*.cpio=01;31:*.7z=01;31:*.rz=01;31:*.cab=01;31:*.wim=01;31:*.swm=01;31:*.dwm=01;31:*.esd=01;31:*.jpg=01;35:*.jpeg=01;35:*.mjpg=01;35:*.mjpeg=01;35:*.gif=01;35:*.bmp=01;35:*.pbm=01;35:*.pgm=01;35:*.ppm=01;35:*.tga=01;35:*.xbm=01;35:*.xpm=01;35:*.tif=01;35:*.tiff=01;35:*.png=01;35:*.svg=01;35:*.svgz=01;35:*.mng=01;35:*.pcx=01;35:*.mov=01;35:*.mpg=01;35:*.mpeg=01;35:*.m2v=01;35:*.mkv=01;35:*.webm=01;35:*.webp=01;35:*.ogm=01;35:*.mp4=01;35:*.m4v=01;35:*.mp4v=01;35:*.vob=01;35:*.qt=01;35:*.nuv=01;35:*.wmv=01;35:*.asf=01;35:*.rm=01;35:*.rmvb=01;35:*.flc=01;35:*.avi=01;35:*.fli=01;35:*.flv=01;35:*.gl=01;35:*.dl=01;35:*.xcf=01;35:*.xwd=01;35:*.yuv=01;35:*.cgm=01;35:*.emf=01;35:*.ogv=01;35:*.ogx=01;35:*.aac=00;36:*.au=00;36:*.flac=00;36:*.m4a=00;36:*.mid=00;36:*.midi=00;36:*.mka=00;36:*.mp3=00;36:*.mpc=00;36:*.ogg=00;36:*.ra=00;36:*.wav=00;36:*.oga=00;36:*.opus=00;36:*.spx=00;36:*.xspf=00;36:', 'ROS_DOMAIN_ID': '30', 'AMENT_PREFIX_PATH': '/root/imu_ws/install/imu_tools:/root/imu_ws/install/rviz_imu_plugin:/root/imu_ws/install/imu_filter_madgwick:/root/imu_ws/install/imu_complementary_filter:/root/yahboomcar_ws/install/yahboomcar_visual:/root/yahboomcar_ws/install/yahboomcar_nav:/root/yahboomcar_ws/install/yahboomcar_msgs:/root/yahboomcar_ws/install/yahboomcar_mediapipe:/root/yahboomcar_ws/install/yahboomcar_laser:/root/yahboomcar_ws/install/yahboomcar_description:/root/yahboomcar_ws/install/yahboomcar_ctrl:/root/yahboomcar_ws/install/yahboomcar_bringup:/root/yahboomcar_ws/install/yahboomcar_base_node:/root/yahboomcar_ws/install/yahboomcar_astra:/root/yahboomcar_ws/install/yahboom_web_savmap_interfaces:/root/yahboomcar_ws/install/yahboom_app_save_map:/root/yahboomcar_ws/install/robot_pose_publisher_ros2:/root/yahboomcar_ws/install/robot_localization:/root/yahboomcar_ws/install/laserscan_to_point_publisher:/root/gmapping_ws/install/slam_gmapping:/root/gmapping_ws/install/openslam_gmapping:/opt/ros/humble', 'PWD': '/root/yahboomcar_ws/build/laserscan_to_point_publisher', 'LC_ALL': 'C.UTF-8', 'PYTHONPATH': '/root/yahboomcar_ws/build/laserscan_to_point_publisher/prefix_override:/root/yahboomcar_ws/install/laserscan_to_point_publisher/lib/python3.10/site-packages:/root/yahboomcar_ws/install/yahboomcar_visual/lib/python3.10/site-packages:/root/yahboomcar_ws/install/yahboomcar_nav/lib/python3.10/site-packages:/root/yahboomcar_ws/install/yahboomcar_msgs/local/lib/python3.10/dist-packages:/root/yahboomcar_ws/install/yahboomcar_mediapipe/lib/python3.10/site-packages:/root/yahboomcar_ws/install/yahboomcar_laser/lib/python3.10/site-packages:/root/yahboomcar_ws/install/yahboomcar_description/lib/python3.10/site-packages:/root/yahboomcar_ws/install/yahboomcar_ctrl/lib/python3.10/site-packages:/root/yahboomcar_ws/install/yahboomcar_bringup/lib/python3.10/site-packages:/root/yahboomcar_ws/install/yahboomcar_astra/lib/python3.10/site-packages:/root/yahboomcar_ws/install/yahboom_web_savmap_interfaces/local/lib/python3.10/dist-packages:/root/yahboomcar_ws/install/yahboom_app_save_map/lib/python3.10/site-packages:/root/yahboomcar_ws/install/robot_localization/local/lib/python3.10/dist-packages:/root/yahboomcar_ws/install/laserscan_to_point_publisher/lib/python3.10/site-packages:/opt/ros/humble/lib/python3.10/site-packages:/opt/ros/humble/local/lib/python3.10/dist-packages', 'COLCON': '1', 'CMAKE_PREFIX_PATH': '/root/imu_ws/install/imu_tools:/root/imu_ws/install/rviz_imu_plugin:/root/imu_ws/install/imu_filter_madgwick:/root/imu_ws/install/imu_complementary_filter:/root/yahboomcar_ws/install/yahboomcar_msgs:/root/yahboomcar_ws/install/yahboomcar_base_node:/root/yahboomcar_ws/install/yahboom_web_savmap_interfaces:/root/yahboomcar_ws/install/robot_pose_publisher_ros2:/root/yahboomcar_ws/install/robot_localization:/root/gmapping_ws/install/slam_gmapping:/root/gmapping_ws/install/openslam_gmapping'}, 'shell': False}
[2.514238] (-) TimerEvent: {}
[2.515045] (robot_localization) StdoutLine: {'line': b'-- Up-to-date: /root/yahboomcar_ws/install/robot_localization/local/lib/python3.10/dist-packages/robot_localization/robot_localization_s__rosidl_typesupport_fastrtps_c.cpython-310-aarch64-linux-gnu.so\n'}
[2.515609] (robot_localization) StdoutLine: {'line': b'-- Up-to-date: /root/yahboomcar_ws/install/robot_localization/local/lib/python3.10/dist-packages/robot_localization/robot_localization_s__rosidl_typesupport_introspection_c.cpython-310-aarch64-linux-gnu.so\n'}
[2.515980] (robot_localization) StdoutLine: {'line': b'-- Up-to-date: /root/yahboomcar_ws/install/robot_localization/local/lib/python3.10/dist-packages/robot_localization/robot_localization_s__rosidl_typesupport_c.cpython-310-aarch64-linux-gnu.so\n'}
[2.516265] (robot_localization) StdoutLine: {'line': b'-- Up-to-date: /root/yahboomcar_ws/install/robot_localization/lib/librobot_localization__rosidl_generator_py.so\n'}
[2.516384] (robot_localization) StdoutLine: {'line': b'-- Up-to-date: /root/yahboomcar_ws/install/robot_localization/share/robot_localization/srv/FromLL.idl\n'}
[2.516488] (robot_localization) StdoutLine: {'line': b'-- Up-to-date: /root/yahboomcar_ws/install/robot_localization/share/robot_localization/srv/GetState.idl\n'}
[2.516740] (robot_localization) StdoutLine: {'line': b'-- Up-to-date: /root/yahboomcar_ws/install/robot_localization/share/robot_localization/srv/SetDatum.idl\n'}
[2.516925] (robot_localization) StdoutLine: {'line': b'-- Up-to-date: /root/yahboomcar_ws/install/robot_localization/share/robot_localization/srv/SetPose.idl\n'}
[2.517050] (robot_localization) StdoutLine: {'line': b'-- Up-to-date: /root/yahboomcar_ws/install/robot_localization/share/robot_localization/srv/ToggleFilterProcessing.idl\n'}
[2.517150] (robot_localization) StdoutLine: {'line': b'-- Up-to-date: /root/yahboomcar_ws/install/robot_localization/share/robot_localization/srv/ToLL.idl\n'}
[2.517368] (robot_localization) StdoutLine: {'line': b'-- Up-to-date: /root/yahboomcar_ws/install/robot_localization/share/robot_localization/srv/FromLL.srv\n'}
[2.517475] (robot_localization) StdoutLine: {'line': b'-- Up-to-date: /root/yahboomcar_ws/install/robot_localization/share/robot_localization/srv/FromLL_Request.msg\n'}
[2.517552] (robot_localization) StdoutLine: {'line': b'-- Up-to-date: /root/yahboomcar_ws/install/robot_localization/share/robot_localization/srv/FromLL_Response.msg\n'}
[2.517640] (robot_localization) StdoutLine: {'line': b'-- Up-to-date: /root/yahboomcar_ws/install/robot_localization/share/robot_localization/srv/GetState.srv\n'}
[2.517896] (robot_localization) StdoutLine: {'line': b'-- Up-to-date: /root/yahboomcar_ws/install/robot_localization/share/robot_localization/srv/GetState_Request.msg\n'}
[2.518055] (robot_localization) StdoutLine: {'line': b'-- Up-to-date: /root/yahboomcar_ws/install/robot_localization/share/robot_localization/srv/GetState_Response.msg\n'}
[2.518165] (robot_localization) StdoutLine: {'line': b'-- Up-to-date: /root/yahboomcar_ws/install/robot_localization/share/robot_localization/srv/SetDatum.srv\n'}
[2.518270] (robot_localization) StdoutLine: {'line': b'-- Up-to-date: /root/yahboomcar_ws/install/robot_localization/share/robot_localization/srv/SetDatum_Request.msg\n'}
[2.518369] (robot_localization) StdoutLine: {'line': b'-- Up-to-date: /root/yahboomcar_ws/install/robot_localization/share/robot_localization/srv/SetDatum_Response.msg\n'}
[2.518605] (robot_localization) StdoutLine: {'line': b'-- Up-to-date: /root/yahboomcar_ws/install/robot_localization/share/robot_localization/srv/SetPose.srv\n'}
[2.518793] (robot_localization) StdoutLine: {'line': b'-- Up-to-date: /root/yahboomcar_ws/install/robot_localization/share/robot_localization/srv/SetPose_Request.msg\n'}
[2.518914] (robot_localization) StdoutLine: {'line': b'-- Up-to-date: /root/yahboomcar_ws/install/robot_localization/share/robot_localization/srv/SetPose_Response.msg\n'}
[2.519165] (robot_localization) StdoutLine: {'line': b'-- Up-to-date: /root/yahboomcar_ws/install/robot_localization/share/robot_localization/srv/ToggleFilterProcessing.srv\n'}
[2.519433] (robot_localization) StdoutLine: {'line': b'-- Up-to-date: /root/yahboomcar_ws/install/robot_localization/share/robot_localization/srv/ToggleFilterProcessing_Request.msg\n'}
[2.519600] (robot_localization) StdoutLine: {'line': b'-- Up-to-date: /root/yahboomcar_ws/install/robot_localization/share/robot_localization/srv/ToggleFilterProcessing_Response.msg\n'}
[2.519713] (robot_localization) StdoutLine: {'line': b'-- Up-to-date: /root/yahboomcar_ws/install/robot_localization/share/robot_localization/srv/ToLL.srv\n'}
[2.519822] (robot_localization) StdoutLine: {'line': b'-- Up-to-date: /root/yahboomcar_ws/install/robot_localization/share/robot_localization/srv/ToLL_Request.msg\n'}
[2.519963] (robot_localization) StdoutLine: {'line': b'-- Up-to-date: /root/yahboomcar_ws/install/robot_localization/share/robot_localization/srv/ToLL_Response.msg\n'}
[2.520088] (robot_localization) StdoutLine: {'line': b'-- Up-to-date: /root/yahboomcar_ws/install/robot_localization/lib/robot_localization/filter_base-test\n'}
[2.520176] (robot_localization) StdoutLine: {'line': b'-- Up-to-date: /root/yahboomcar_ws/install/robot_localization/lib/robot_localization/test_filter_base_diagnostics_timestamps\n'}
[2.520252] (yahboom_web_savmap_interfaces) StdoutLine: {'line': b'[ 12%] Built target yahboom_web_savmap_interfaces__cpp\n'}
[2.520426] (robot_localization) StdoutLine: {'line': b'-- Up-to-date: /root/yahboomcar_ws/install/robot_localization/lib/robot_localization/test_ekf\n'}
[2.520560] (robot_localization) StdoutLine: {'line': b'-- Up-to-date: /root/yahboomcar_ws/install/robot_localization/lib/robot_localization/test_ekf_node_interfaces\n'}
[2.524329] (robot_localization) StdoutLine: {'line': b'-- Up-to-date: /root/yahboomcar_ws/install/robot_localization/lib/robot_localization/test_ukf\n'}
[2.525421] (robot_localization) StdoutLine: {'line': b'-- Up-to-date: /root/yahboomcar_ws/install/robot_localization/lib/robot_localization/test_ukf_node_interfaces\n'}
[2.526307] (robot_localization) StdoutLine: {'line': b'-- Up-to-date: /root/yahboomcar_ws/install/robot_localization/lib/robot_localization/test_robot_localization_estimator\n'}
[2.527938] (robot_localization) StdoutLine: {'line': b'-- Up-to-date: /root/yahboomcar_ws/install/robot_localization/lib/robot_localization/test_ros_robot_localization_listener\n'}
[2.528852] (robot_localization) StdoutLine: {'line': b'-- Up-to-date: /root/yahboomcar_ws/install/robot_localization/lib/robot_localization/test_ros_robot_localization_listener_publisher\n'}
[2.529937] (robot_localization) StdoutLine: {'line': b'-- Up-to-date: /root/yahboomcar_ws/install/robot_localization/share/robot_localization/test\n'}
[2.531263] (robot_localization) StdoutLine: {'line': b'-- Up-to-date: /root/yahboomcar_ws/install/robot_localization/share/robot_localization/test/test_ekf_localization_node_bag1.sh\n'}
[2.531890] (robot_localization) StdoutLine: {'line': b'-- Up-to-date: /root/yahboomcar_ws/install/robot_localization/share/robot_localization/test/test_ekf_localization_node_bag2.launch.py\n'}
[2.532177] (robot_localization) StdoutLine: {'line': b'-- Up-to-date: /root/yahboomcar_ws/install/robot_localization/share/robot_localization/test/test_ukf_localization_node_bag1.sh\n'}
[2.532433] (robot_localization) StdoutLine: {'line': b'-- Up-to-date: /root/yahboomcar_ws/install/robot_localization/share/robot_localization/test/test_ekf_localization_node_bag3.sh\n'}
[2.532784] (robot_localization) StdoutLine: {'line': b'-- Up-to-date: /root/yahboomcar_ws/install/robot_localization/share/robot_localization/test/test_ukf_localization_node_bag2.launch.py\n'}
[2.539707] (robot_localization) StdoutLine: {'line': b'-- Up-to-date: /root/yahboomcar_ws/install/robot_localization/share/robot_localization/test/test_ukf_localization_node_bag3.sh\n'}
[2.547521] (robot_localization) StdoutLine: {'line': b'-- Up-to-date: /root/yahboomcar_ws/install/robot_localization/share/robot_localization/test/test_se_node_interfaces.cpp\n'}
[2.547742] (robot_localization) StdoutLine: {'line': b'-- Up-to-date: /root/yahboomcar_ws/install/robot_localization/share/robot_localization/test/test2.bag\n'}
[2.547884] (robot_localization) StdoutLine: {'line': b'-- Up-to-date: /root/yahboomcar_ws/install/robot_localization/share/robot_localization/test/test_ekf_localization_node_bag1.launch.py\n'}
[2.547998] (robot_localization) StdoutLine: {'line': b'-- Up-to-date: /root/yahboomcar_ws/install/robot_localization/share/robot_localization/test/test_ekf_localization_node_bag3.launch.py\n'}
[2.548104] (robot_localization) StdoutLine: {'line': b'-- Up-to-date: /root/yahboomcar_ws/install/robot_localization/share/robot_localization/test/test_ros_robot_localization_listener.cpp\n'}
[2.548223] (robot_localization) StdoutLine: {'line': b'-- Up-to-date: /root/yahboomcar_ws/install/robot_localization/share/robot_localization/test/test1.bag\n'}
[2.548332] (robot_localization) StdoutLine: {'line': b'-- Up-to-date: /root/yahboomcar_ws/install/robot_localization/share/robot_localization/test/test_ekf_localization_node_bag1.yaml\n'}
[2.548438] (robot_localization) StdoutLine: {'line': b'-- Up-to-date: /root/yahboomcar_ws/install/robot_localization/share/robot_localization/test/test_ukf_localization_node_bag3.yaml\n'}
[2.548556] (robot_localization) StdoutLine: {'line': b'-- Up-to-date: /root/yahboomcar_ws/install/robot_localization/share/robot_localization/test/test_ukf_localization_node_bag2.sh\n'}
[2.548671] (robot_localization) StdoutLine: {'line': b'-- Up-to-date: /root/yahboomcar_ws/install/robot_localization/share/robot_localization/test/test_filter_base_diagnostics_timestamps.launch.py\n'}
[2.548814] (robot_localization) StdoutLine: {'line': b'-- Up-to-date: /root/yahboomcar_ws/install/robot_localization/share/robot_localization/test/test_ukf.cpp\n'}
[2.548941] (robot_localization) StdoutLine: {'line': b'-- Up-to-date: /root/yahboomcar_ws/install/robot_localization/share/robot_localization/test/test_ekf_localization_node_bag2.sh\n'}
[2.549082] (robot_localization) StdoutLine: {'line': b'-- Up-to-date: /root/yahboomcar_ws/install/robot_localization/share/robot_localization/test/test_ros_robot_localization_listener_publisher.cpp\n'}
[2.549250] (robot_localization) StdoutLine: {'line': b'-- Up-to-date: /root/yahboomcar_ws/install/robot_localization/share/robot_localization/test/test_se_node_interfaces.yaml\n'}
[2.549431] (robot_localization) StdoutLine: {'line': b'-- Up-to-date: /root/yahboomcar_ws/install/robot_localization/share/robot_localization/test/test_ekf.cpp\n'}
[2.549655] (robot_localization) StdoutLine: {'line': b'-- Up-to-date: /root/yahboomcar_ws/install/robot_localization/share/robot_localization/test/test_ekf_localization_node_bag2.yaml\n'}
[2.549926] (robot_localization) StdoutLine: {'line': b'-- Up-to-date: /root/yahboomcar_ws/install/robot_localization/share/robot_localization/test/test_ekf_localization_node_bag3.yaml\n'}
[2.550029] (robot_localization) StdoutLine: {'line': b'-- Up-to-date: /root/yahboomcar_ws/install/robot_localization/share/robot_localization/test/test_ukf_localization_node_bag1.launch.py\n'}
[2.550118] (robot_localization) StdoutLine: {'line': b'-- Up-to-date: /root/yahboomcar_ws/install/robot_localization/share/robot_localization/test/test_robot_localization_estimator.launch.py\n'}
[2.550278] (robot_localization) StdoutLine: {'line': b'-- Up-to-date: /root/yahboomcar_ws/install/robot_localization/share/robot_localization/test/test_ukf_localization_node_bag2.yaml\n'}
[2.550457] (robot_localization) StdoutLine: {'line': b'-- Up-to-date: /root/yahboomcar_ws/install/robot_localization/share/robot_localization/test/test_se_node_interfaces.launch.py\n'}
[2.550558] (robot_localization) StdoutLine: {'line': b'-- Up-to-date: /root/yahboomcar_ws/install/robot_localization/share/robot_localization/test/test_filter_base_diagnostics_timestamps.cpp\n'}
[2.550766] (robot_localization) StdoutLine: {'line': b'-- Up-to-date: /root/yahboomcar_ws/install/robot_localization/share/robot_localization/test/test_ros_robot_localization_listener.launch.py\n'}
[2.550892] (robot_localization) StdoutLine: {'line': b'-- Up-to-date: /root/yahboomcar_ws/install/robot_localization/share/robot_localization/test/test_filter_base_diagnostics_timestamps.yaml\n'}
[2.550977] (robot_localization) StdoutLine: {'line': b'-- Up-to-date: /root/yahboomcar_ws/install/robot_localization/share/robot_localization/test/test_filter_base.cpp\n'}
[2.551100] (robot_localization) StdoutLine: {'line': b'-- Up-to-date: /root/yahboomcar_ws/install/robot_localization/share/robot_localization/test/test_ukf_localization_node_bag3.launch.py\n'}
[2.551181] (robot_localization) StdoutLine: {'line': b'-- Up-to-date: /root/yahboomcar_ws/install/robot_localization/share/robot_localization/test/test_ukf_localization_node_bag1.yaml\n'}
[2.551281] (robot_localization) StdoutLine: {'line': b'-- Up-to-date: /root/yahboomcar_ws/install/robot_localization/share/robot_localization/test/test_robot_localization_estimator.cpp\n'}
[2.551406] (robot_localization) StdoutLine: {'line': b'-- Up-to-date: /root/yahboomcar_ws/install/robot_localization/share/robot_localization/test/test_localization_node_bag_pose_tester.cpp\n'}
[2.551556] (robot_localization) StdoutLine: {'line': b'-- Up-to-date: /root/yahboomcar_ws/install/robot_localization/share/robot_localization/test/test3.bag\n'}
[2.551672] (robot_localization) StdoutLine: {'line': b'-- Up-to-date: /root/yahboomcar_ws/install/robot_localization/share/robot_localization/test/test_ros_robot_localization_listener.yaml\n'}
[2.551802] (robot_localization) StdoutLine: {'line': b'-- Up-to-date: /root/yahboomcar_ws/install/robot_localization/lib/robot_localization/navsat_transform_node\n'}
[2.551953] (robot_localization) StdoutLine: {'line': b'-- Up-to-date: /root/yahboomcar_ws/install/robot_localization/lib/robot_localization/ekf_node\n'}
[2.552101] (robot_localization) StdoutLine: {'line': b'-- Up-to-date: /root/yahboomcar_ws/install/robot_localization/lib/robot_localization/ukf_node\n'}
[2.552238] (robot_localization) StdoutLine: {'line': b'-- Up-to-date: /root/yahboomcar_ws/install/robot_localization/lib/robot_localization/robot_localization_listener_node\n'}
[2.552364] (robot_localization) StdoutLine: {'line': b'-- Up-to-date: /root/yahboomcar_ws/install/robot_localization/lib/librl_lib.so\n'}
[2.552468] (robot_localization) StdoutLine: {'line': b'-- Up-to-date: /root/yahboomcar_ws/install/robot_localization/include/robot_localization\n'}
[2.552553] (robot_localization) StdoutLine: {'line': b'-- Up-to-date: /root/yahboomcar_ws/install/robot_localization/include/robot_localization/robot_localization\n'}
[2.552659] (robot_localization) StdoutLine: {'line': b'-- Up-to-date: /root/yahboomcar_ws/install/robot_localization/include/robot_localization/robot_localization/ros_robot_localization_listener.hpp\n'}
[2.552773] (robot_localization) StdoutLine: {'line': b'-- Up-to-date: /root/yahboomcar_ws/install/robot_localization/include/robot_localization/robot_localization/robot_localization_estimator.hpp\n'}
[2.552902] (robot_localization) StdoutLine: {'line': b'-- Up-to-date: /root/yahboomcar_ws/install/robot_localization/include/robot_localization/robot_localization/filter_common.hpp\n'}
[2.553023] (robot_localization) StdoutLine: {'line': b'-- Up-to-date: /root/yahboomcar_ws/install/robot_localization/include/robot_localization/robot_localization/filter_base.hpp\n'}
[2.553138] (robot_localization) StdoutLine: {'line': b'-- Up-to-date: /root/yahboomcar_ws/install/robot_localization/include/robot_localization/robot_localization/navsat_transform.hpp\n'}
[2.553247] (robot_localization) StdoutLine: {'line': b'-- Up-to-date: /root/yahboomcar_ws/install/robot_localization/include/robot_localization/robot_localization/measurement.hpp\n'}
[2.553371] (robot_localization) StdoutLine: {'line': b'-- Up-to-date: /root/yahboomcar_ws/install/robot_localization/include/robot_localization/robot_localization/ros_filter_types.hpp\n'}
[2.553491] (robot_localization) StdoutLine: {'line': b'-- Up-to-date: /root/yahboomcar_ws/install/robot_localization/include/robot_localization/robot_localization/ekf.hpp\n'}
[2.553604] (robot_localization) StdoutLine: {'line': b'-- Up-to-date: /root/yahboomcar_ws/install/robot_localization/include/robot_localization/robot_localization/ros_filter_utilities.hpp\n'}
[2.553726] (robot_localization) StdoutLine: {'line': b'-- Up-to-date: /root/yahboomcar_ws/install/robot_localization/include/robot_localization/robot_localization/ros_filter.hpp\n'}
[2.553843] (robot_localization) StdoutLine: {'line': b'-- Up-to-date: /root/yahboomcar_ws/install/robot_localization/include/robot_localization/robot_localization/navsat_conversions.hpp\n'}
[2.554031] (robot_localization) StdoutLine: {'line': b'-- Up-to-date: /root/yahboomcar_ws/install/robot_localization/include/robot_localization/robot_localization/filter_utilities.hpp\n'}
[2.554137] (robot_localization) StdoutLine: {'line': b'-- Up-to-date: /root/yahboomcar_ws/install/robot_localization/include/robot_localization/robot_localization/filter_state.hpp\n'}
[2.554233] (robot_localization) StdoutLine: {'line': b'-- Up-to-date: /root/yahboomcar_ws/install/robot_localization/include/robot_localization/robot_localization/ukf.hpp\n'}
[2.554320] (robot_localization) StdoutLine: {'line': b'-- Up-to-date: /root/yahboomcar_ws/install/robot_localization/share/robot_localization/params\n'}
[2.554409] (robot_localization) StdoutLine: {'line': b'-- Up-to-date: /root/yahboomcar_ws/install/robot_localization/share/robot_localization/params/ukf.yaml\n'}
[2.554554] (robot_localization) StdoutLine: {'line': b'-- Up-to-date: /root/yahboomcar_ws/install/robot_localization/share/robot_localization/params/ekf.yaml\n'}
[2.571594] (robot_localization) StdoutLine: {'line': b'-- Up-to-date: /root/yahboomcar_ws/install/robot_localization/share/robot_localization/params/navsat_transform.yaml\n'}
[2.571991] (robot_localization) StdoutLine: {'line': b'-- Up-to-date: /root/yahboomcar_ws/install/robot_localization/share/robot_localization/params/dual_ekf_navsat_example.yaml\n'}
[2.572462] (robot_localization) StdoutLine: {'line': b'-- Up-to-date: /root/yahboomcar_ws/install/robot_localization/share/robot_localization/launch\n'}
[2.572737] (robot_localization) StdoutLine: {'line': b'-- Up-to-date: /root/yahboomcar_ws/install/robot_localization/share/robot_localization/launch/navsat_transform.launch.py\n'}
[2.572921] (robot_localization) StdoutLine: {'line': b'-- Up-to-date: /root/yahboomcar_ws/install/robot_localization/share/robot_localization/launch/ekf.launch.py\n'}
[2.573185] (robot_localization) StdoutLine: {'line': b'-- Up-to-date: /root/yahboomcar_ws/install/robot_localization/share/robot_localization/launch/ukf.launch.py\n'}
[2.573359] (robot_localization) StdoutLine: {'line': b'-- Up-to-date: /root/yahboomcar_ws/install/robot_localization/share/robot_localization/launch/dual_ekf_navsat_example.launch.py\n'}
[2.573575] (robot_localization) StdoutLine: {'line': b'-- Up-to-date: /root/yahboomcar_ws/install/robot_localization/share/ament_index/resource_index/package_run_dependencies/robot_localization\n'}
[2.573704] (robot_localization) StdoutLine: {'line': b'-- Up-to-date: /root/yahboomcar_ws/install/robot_localization/share/ament_index/resource_index/parent_prefix_path/robot_localization\n'}
[2.573845] (robot_localization) StdoutLine: {'line': b'-- Up-to-date: /root/yahboomcar_ws/install/robot_localization/share/robot_localization/environment/ament_prefix_path.sh\n'}
[2.573982] (robot_localization) StdoutLine: {'line': b'-- Up-to-date: /root/yahboomcar_ws/install/robot_localization/share/robot_localization/environment/ament_prefix_path.dsv\n'}
[2.574165] (robot_localization) StdoutLine: {'line': b'-- Up-to-date: /root/yahboomcar_ws/install/robot_localization/share/robot_localization/environment/path.sh\n'}
[2.574320] (robot_localization) StdoutLine: {'line': b'-- Up-to-date: /root/yahboomcar_ws/install/robot_localization/share/robot_localization/environment/path.dsv\n'}
[2.574446] (robot_localization) StdoutLine: {'line': b'-- Up-to-date: /root/yahboomcar_ws/install/robot_localization/share/robot_localization/local_setup.bash\n'}
[2.574570] (robot_localization) StdoutLine: {'line': b'-- Up-to-date: /root/yahboomcar_ws/install/robot_localization/share/robot_localization/local_setup.sh\n'}
[2.574783] (robot_localization) StdoutLine: {'line': b'-- Up-to-date: /root/yahboomcar_ws/install/robot_localization/share/robot_localization/local_setup.zsh\n'}
[2.574933] (robot_localization) StdoutLine: {'line': b'-- Up-to-date: /root/yahboomcar_ws/install/robot_localization/share/robot_localization/local_setup.dsv\n'}
[2.575070] (robot_localization) StdoutLine: {'line': b'-- Installing: /root/yahboomcar_ws/install/robot_localization/share/robot_localization/package.dsv\n'}
[2.575308] (yahboom_web_savmap_interfaces) StdoutLine: {'line': b'[ 12%] Built target ament_cmake_python_copy_yahboom_web_savmap_interfaces\n'}
[2.575479] (robot_localization) StdoutLine: {'line': b'-- Up-to-date: /root/yahboomcar_ws/install/robot_localization/share/ament_index/resource_index/packages/robot_localization\n'}
[2.575610] (robot_localization) StdoutLine: {'line': b'-- Up-to-date: /root/yahboomcar_ws/install/robot_localization/share/robot_localization/cmake/export_robot_localization__rosidl_generator_cExport.cmake\n'}
[2.575801] (robot_localization) StdoutLine: {'line': b'-- Up-to-date: /root/yahboomcar_ws/install/robot_localization/share/robot_localization/cmake/export_robot_localization__rosidl_generator_cExport-relwithdebinfo.cmake\n'}
[2.576245] (robot_localization) StdoutLine: {'line': b'-- Up-to-date: /root/yahboomcar_ws/install/robot_localization/share/robot_localization/cmake/export_robot_localization__rosidl_typesupport_fastrtps_cExport.cmake\n'}
[2.576451] (robot_localization) StdoutLine: {'line': b'-- Up-to-date: /root/yahboomcar_ws/install/robot_localization/share/robot_localization/cmake/export_robot_localization__rosidl_typesupport_fastrtps_cExport-relwithdebinfo.cmake\n'}
[2.576583] (robot_localization) StdoutLine: {'line': b'-- Up-to-date: /root/yahboomcar_ws/install/robot_localization/share/robot_localization/cmake/export_robot_localization__rosidl_generator_cppExport.cmake\n'}
[2.576717] (robot_localization) StdoutLine: {'line': b'-- Up-to-date: /root/yahboomcar_ws/install/robot_localization/share/robot_localization/cmake/export_robot_localization__rosidl_typesupport_fastrtps_cppExport.cmake\n'}
[2.576821] (robot_localization) StdoutLine: {'line': b'-- Up-to-date: /root/yahboomcar_ws/install/robot_localization/share/robot_localization/cmake/export_robot_localization__rosidl_typesupport_fastrtps_cppExport-relwithdebinfo.cmake\n'}
[2.576974] (robot_localization) StdoutLine: {'line': b'-- Up-to-date: /root/yahboomcar_ws/install/robot_localization/share/robot_localization/cmake/robot_localization__rosidl_typesupport_introspection_cExport.cmake\n'}
[2.577121] (robot_localization) StdoutLine: {'line': b'-- Up-to-date: /root/yahboomcar_ws/install/robot_localization/share/robot_localization/cmake/robot_localization__rosidl_typesupport_introspection_cExport-relwithdebinfo.cmake\n'}
[2.577290] (robot_localization) StdoutLine: {'line': b'-- Up-to-date: /root/yahboomcar_ws/install/robot_localization/share/robot_localization/cmake/robot_localization__rosidl_typesupport_cExport.cmake\n'}
[2.577463] (robot_localization) StdoutLine: {'line': b'-- Up-to-date: /root/yahboomcar_ws/install/robot_localization/share/robot_localization/cmake/robot_localization__rosidl_typesupport_cExport-relwithdebinfo.cmake\n'}
[2.577594] (robot_localization) StdoutLine: {'line': b'-- Up-to-date: /root/yahboomcar_ws/install/robot_localization/share/robot_localization/cmake/robot_localization__rosidl_typesupport_introspection_cppExport.cmake\n'}
[2.577719] (robot_localization) StdoutLine: {'line': b'-- Up-to-date: /root/yahboomcar_ws/install/robot_localization/share/robot_localization/cmake/robot_localization__rosidl_typesupport_introspection_cppExport-relwithdebinfo.cmake\n'}
[2.577882] (robot_localization) StdoutLine: {'line': b'-- Up-to-date: /root/yahboomcar_ws/install/robot_localization/share/robot_localization/cmake/robot_localization__rosidl_typesupport_cppExport.cmake\n'}
[2.578008] (robot_localization) StdoutLine: {'line': b'-- Up-to-date: /root/yahboomcar_ws/install/robot_localization/share/robot_localization/cmake/robot_localization__rosidl_typesupport_cppExport-relwithdebinfo.cmake\n'}
[2.578138] (robot_localization) StdoutLine: {'line': b'-- Up-to-date: /root/yahboomcar_ws/install/robot_localization/share/robot_localization/cmake/export_robot_localization__rosidl_generator_pyExport.cmake\n'}
[2.578251] (robot_localization) StdoutLine: {'line': b'-- Up-to-date: /root/yahboomcar_ws/install/robot_localization/share/robot_localization/cmake/export_robot_localization__rosidl_generator_pyExport-relwithdebinfo.cmake\n'}
[2.578390] (robot_localization) StdoutLine: {'line': b'-- Up-to-date: /root/yahboomcar_ws/install/robot_localization/share/robot_localization/cmake/rosidl_cmake-extras.cmake\n'}
[2.578597] (robot_localization) StdoutLine: {'line': b'-- Up-to-date: /root/yahboomcar_ws/install/robot_localization/share/robot_localization/cmake/ament_cmake_export_dependencies-extras.cmake\n'}
[2.579328] (robot_localization) StdoutLine: {'line': b'-- Up-to-date: /root/yahboomcar_ws/install/robot_localization/share/robot_localization/cmake/ament_cmake_export_include_directories-extras.cmake\n'}
[2.579515] (robot_localization) StdoutLine: {'line': b'-- Up-to-date: /root/yahboomcar_ws/install/robot_localization/share/robot_localization/cmake/ament_cmake_export_libraries-extras.cmake\n'}
[2.579698] (robot_localization) StdoutLine: {'line': b'-- Up-to-date: /root/yahboomcar_ws/install/robot_localization/share/robot_localization/cmake/ament_cmake_export_targets-extras.cmake\n'}
[2.579854] (robot_localization) StdoutLine: {'line': b'-- Up-to-date: /root/yahboomcar_ws/install/robot_localization/share/robot_localization/cmake/rosidl_cmake_export_typesupport_targets-extras.cmake\n'}
[2.579965] (robot_localization) StdoutLine: {'line': b'-- Up-to-date: /root/yahboomcar_ws/install/robot_localization/share/robot_localization/cmake/rosidl_cmake_export_typesupport_libraries-extras.cmake\n'}
[2.580072] (robot_localization) StdoutLine: {'line': b'-- Up-to-date: /root/yahboomcar_ws/install/robot_localization/share/robot_localization/cmake/robot_localizationConfig.cmake\n'}
[2.580204] (robot_localization) StdoutLine: {'line': b'-- Up-to-date: /root/yahboomcar_ws/install/robot_localization/share/robot_localization/cmake/robot_localizationConfig-version.cmake\n'}
[2.580300] (robot_localization) StdoutLine: {'line': b'-- Up-to-date: /root/yahboomcar_ws/install/robot_localization/share/robot_localization/package.xml\n'}
[2.580392] (yahboom_app_save_map) Command: {'cmd': ['/usr/bin/python3', 'setup.py', 'egg_info', '--egg-base', '../../build/yahboom_app_save_map', 'build', '--build-base', '/root/yahboomcar_ws/build/yahboom_app_save_map/build', 'install', '--record', '/root/yahboomcar_ws/build/yahboom_app_save_map/install.log', '--single-version-externally-managed'], 'cwd': '/root/yahboomcar_ws/src/yahboom_app_save_map', 'env': {'HOSTNAME': 'raspberrypi', 'SHLVL': '1', 'LD_LIBRARY_PATH': '/root/imu_ws/install/rviz_imu_plugin/lib:/root/imu_ws/install/imu_filter_madgwick/lib:/root/imu_ws/install/imu_complementary_filter/lib:/root/yahboomcar_ws/install/yahboomcar_msgs/lib:/root/yahboomcar_ws/install/yahboom_web_savmap_interfaces/lib:/root/yahboomcar_ws/install/robot_localization/lib:/root/gmapping_ws/install/openslam_gmapping/lib:/opt/ros/humble/opt/rviz_ogre_vendor/lib:/opt/ros/humble/lib/aarch64-linux-gnu:/opt/ros/humble/lib', 'HOME': '/root', 'OLDPWD': '/root', 'ROS_PYTHON_VERSION': '3', 'COLCON_PREFIX_PATH': '/root/yahboomcar_ws/install:/root/gmapping_ws/install:/root/imu_ws/install', 'ROS_DISTRO': 'humble', '_': '/usr/bin/colcon', 'ROS_VERSION': '2', 'TERM': 'xterm', 'ROS_LOCALHOST_ONLY': '0', 'QT_X11_NO_MITSHM': '1', 'PATH': '/opt/ros/humble/bin:/usr/local/sbin:/usr/local/bin:/usr/sbin:/usr/bin:/sbin:/bin', 'DISPLAY': ':0', 'LANG': 'C.UTF-8', 'LS_COLORS': 'rs=0:di=01;34:ln=01;36:mh=00:pi=40;33:so=01;35:do=01;35:bd=40;33;01:cd=40;33;01:or=40;31;01:mi=00:su=37;41:sg=30;43:ca=30;41:tw=30;42:ow=34;42:st=37;44:ex=01;32:*.tar=01;31:*.tgz=01;31:*.arc=01;31:*.arj=01;31:*.taz=01;31:*.lha=01;31:*.lz4=01;31:*.lzh=01;31:*.lzma=01;31:*.tlz=01;31:*.txz=01;31:*.tzo=01;31:*.t7z=01;31:*.zip=01;31:*.z=01;31:*.dz=01;31:*.gz=01;31:*.lrz=01;31:*.lz=01;31:*.lzo=01;31:*.xz=01;31:*.zst=01;31:*.tzst=01;31:*.bz2=01;31:*.bz=01;31:*.tbz=01;31:*.tbz2=01;31:*.tz=01;31:*.deb=01;31:*.rpm=01;31:*.jar=01;31:*.war=01;31:*.ear=01;31:*.sar=01;31:*.rar=01;31:*.alz=01;31:*.ace=01;31:*.zoo=01;31:*.cpio=01;31:*.7z=01;31:*.rz=01;31:*.cab=01;31:*.wim=01;31:*.swm=01;31:*.dwm=01;31:*.esd=01;31:*.jpg=01;35:*.jpeg=01;35:*.mjpg=01;35:*.mjpeg=01;35:*.gif=01;35:*.bmp=01;35:*.pbm=01;35:*.pgm=01;35:*.ppm=01;35:*.tga=01;35:*.xbm=01;35:*.xpm=01;35:*.tif=01;35:*.tiff=01;35:*.png=01;35:*.svg=01;35:*.svgz=01;35:*.mng=01;35:*.pcx=01;35:*.mov=01;35:*.mpg=01;35:*.mpeg=01;35:*.m2v=01;35:*.mkv=01;35:*.webm=01;35:*.webp=01;35:*.ogm=01;35:*.mp4=01;35:*.m4v=01;35:*.mp4v=01;35:*.vob=01;35:*.qt=01;35:*.nuv=01;35:*.wmv=01;35:*.asf=01;35:*.rm=01;35:*.rmvb=01;35:*.flc=01;35:*.avi=01;35:*.fli=01;35:*.flv=01;35:*.gl=01;35:*.dl=01;35:*.xcf=01;35:*.xwd=01;35:*.yuv=01;35:*.cgm=01;35:*.emf=01;35:*.ogv=01;35:*.ogx=01;35:*.aac=00;36:*.au=00;36:*.flac=00;36:*.m4a=00;36:*.mid=00;36:*.midi=00;36:*.mka=00;36:*.mp3=00;36:*.mpc=00;36:*.ogg=00;36:*.ra=00;36:*.wav=00;36:*.oga=00;36:*.opus=00;36:*.spx=00;36:*.xspf=00;36:', 'ROS_DOMAIN_ID': '30', 'AMENT_PREFIX_PATH': '/root/imu_ws/install/imu_tools:/root/imu_ws/install/rviz_imu_plugin:/root/imu_ws/install/imu_filter_madgwick:/root/imu_ws/install/imu_complementary_filter:/root/yahboomcar_ws/install/yahboomcar_visual:/root/yahboomcar_ws/install/yahboomcar_nav:/root/yahboomcar_ws/install/yahboomcar_msgs:/root/yahboomcar_ws/install/yahboomcar_mediapipe:/root/yahboomcar_ws/install/yahboomcar_laser:/root/yahboomcar_ws/install/yahboomcar_description:/root/yahboomcar_ws/install/yahboomcar_ctrl:/root/yahboomcar_ws/install/yahboomcar_bringup:/root/yahboomcar_ws/install/yahboomcar_base_node:/root/yahboomcar_ws/install/yahboomcar_astra:/root/yahboomcar_ws/install/yahboom_web_savmap_interfaces:/root/yahboomcar_ws/install/yahboom_app_save_map:/root/yahboomcar_ws/install/robot_pose_publisher_ros2:/root/yahboomcar_ws/install/robot_localization:/root/yahboomcar_ws/install/laserscan_to_point_publisher:/root/gmapping_ws/install/slam_gmapping:/root/gmapping_ws/install/openslam_gmapping:/opt/ros/humble', 'PWD': '/root/yahboomcar_ws/build/yahboom_app_save_map', 'LC_ALL': 'C.UTF-8', 'PYTHONPATH': '/root/yahboomcar_ws/build/yahboom_app_save_map/prefix_override:/root/yahboomcar_ws/install/yahboom_app_save_map/lib/python3.10/site-packages:/root/yahboomcar_ws/install/yahboomcar_visual/lib/python3.10/site-packages:/root/yahboomcar_ws/install/yahboomcar_nav/lib/python3.10/site-packages:/root/yahboomcar_ws/install/yahboomcar_msgs/local/lib/python3.10/dist-packages:/root/yahboomcar_ws/install/yahboomcar_mediapipe/lib/python3.10/site-packages:/root/yahboomcar_ws/install/yahboomcar_laser/lib/python3.10/site-packages:/root/yahboomcar_ws/install/yahboomcar_description/lib/python3.10/site-packages:/root/yahboomcar_ws/install/yahboomcar_ctrl/lib/python3.10/site-packages:/root/yahboomcar_ws/install/yahboomcar_bringup/lib/python3.10/site-packages:/root/yahboomcar_ws/install/yahboomcar_astra/lib/python3.10/site-packages:/root/yahboomcar_ws/install/yahboom_web_savmap_interfaces/local/lib/python3.10/dist-packages:/root/yahboomcar_ws/install/yahboom_app_save_map/lib/python3.10/site-packages:/root/yahboomcar_ws/install/robot_localization/local/lib/python3.10/dist-packages:/root/yahboomcar_ws/install/laserscan_to_point_publisher/lib/python3.10/site-packages:/opt/ros/humble/lib/python3.10/site-packages:/opt/ros/humble/local/lib/python3.10/dist-packages', 'COLCON': '1', 'CMAKE_PREFIX_PATH': '/root/imu_ws/install/imu_tools:/root/imu_ws/install/rviz_imu_plugin:/root/imu_ws/install/imu_filter_madgwick:/root/imu_ws/install/imu_complementary_filter:/root/yahboomcar_ws/install/yahboomcar_msgs:/root/yahboomcar_ws/install/yahboomcar_base_node:/root/yahboomcar_ws/install/yahboom_web_savmap_interfaces:/root/yahboomcar_ws/install/robot_pose_publisher_ros2:/root/yahboomcar_ws/install/robot_localization:/root/gmapping_ws/install/slam_gmapping:/root/gmapping_ws/install/openslam_gmapping'}, 'shell': False}
[2.589395] (yahboom_web_savmap_interfaces) StdoutLine: {'line': b'[ 22%] Built target yahboom_web_savmap_interfaces__rosidl_typesupport_fastrtps_c\n'}
[2.589679] (yahboom_web_savmap_interfaces) StdoutLine: {'line': b'[ 32%] Built target yahboom_web_savmap_interfaces__rosidl_typesupport_introspection_c\n'}
[2.589827] (yahboom_web_savmap_interfaces) StdoutLine: {'line': b'[ 41%] Built target yahboom_web_savmap_interfaces__rosidl_typesupport_c\n'}
[2.589929] (robot_localization) CommandEnded: {'returncode': 0}
[2.614592] (-) TimerEvent: {}
[2.617694] (yahboom_web_savmap_interfaces) StdoutLine: {'line': b'[ 51%] Built target yahboom_web_savmap_interfaces__rosidl_typesupport_introspection_cpp\n'}
[2.672717] (yahboom_web_savmap_interfaces) StdoutLine: {'line': b'[ 61%] Built target yahboom_web_savmap_interfaces__rosidl_typesupport_cpp\n'}
[2.696044] (yahboom_web_savmap_interfaces) StdoutLine: {'line': b'[ 70%] Built target yahboom_web_savmap_interfaces__rosidl_typesupport_fastrtps_cpp\n'}
[2.715373] (-) TimerEvent: {}
[2.801662] (yahboom_web_savmap_interfaces) StdoutLine: {'line': b'[ 70%] Built target yahboom_web_savmap_interfaces\n'}
[2.815485] (-) TimerEvent: {}
[2.877867] (yahboom_web_savmap_interfaces) StdoutLine: {'line': b'[ 74%] Built target yahboom_web_savmap_interfaces__py\n'}
[2.915608] (-) TimerEvent: {}
[2.933784] (yahboom_web_savmap_interfaces) StdoutLine: {'line': b'[ 80%] Built target yahboom_web_savmap_interfaces__rosidl_generator_py\n'}
[3.014879] (yahboom_web_savmap_interfaces) StdoutLine: {'line': b'[ 87%] Built target yahboom_web_savmap_interfaces__rosidl_typesupport_fastrtps_c__pyext\n'}
[3.015725] (-) TimerEvent: {}
[3.028667] (yahboom_web_savmap_interfaces) StdoutLine: {'line': b'[ 93%] Built target yahboom_web_savmap_interfaces__rosidl_typesupport_c__pyext\n'}
[3.043552] (yahboom_web_savmap_interfaces) StdoutLine: {'line': b'[100%] Built target yahboom_web_savmap_interfaces__rosidl_typesupport_introspection_c__pyext\n'}
[3.060348] (yahboom_app_save_map) StdoutLine: {'line': b'running egg_info\n'}
[3.062699] (yahboom_app_save_map) StdoutLine: {'line': b'writing ../../build/yahboom_app_save_map/yahboom_app_save_map.egg-info/PKG-INFO\n'}
[3.063645] (yahboom_app_save_map) StdoutLine: {'line': b'writing dependency_links to ../../build/yahboom_app_save_map/yahboom_app_save_map.egg-info/dependency_links.txt\n'}
[3.064504] (yahboom_app_save_map) StdoutLine: {'line': b'writing entry points to ../../build/yahboom_app_save_map/yahboom_app_save_map.egg-info/entry_points.txt\n'}
[3.065349] (yahboom_app_save_map) StdoutLine: {'line': b'writing requirements to ../../build/yahboom_app_save_map/yahboom_app_save_map.egg-info/requires.txt\n'}
[3.065982] (yahboom_app_save_map) StdoutLine: {'line': b'writing top-level names to ../../build/yahboom_app_save_map/yahboom_app_save_map.egg-info/top_level.txt\n'}
[3.071103] (yahboom_app_save_map) StdoutLine: {'line': b"reading manifest file '../../build/yahboom_app_save_map/yahboom_app_save_map.egg-info/SOURCES.txt'\n"}
[3.073226] (yahboom_app_save_map) StdoutLine: {'line': b"writing manifest file '../../build/yahboom_app_save_map/yahboom_app_save_map.egg-info/SOURCES.txt'\n"}
[3.073755] (yahboom_app_save_map) StdoutLine: {'line': b'running build\n'}
[3.073980] (yahboom_app_save_map) StdoutLine: {'line': b'running build_py\n'}
[3.074849] (yahboom_app_save_map) StdoutLine: {'line': b'running install\n'}
[3.075371] (yahboom_app_save_map) StderrLine: {'line': b'/usr/lib/python3/dist-packages/setuptools/command/install.py:34: SetuptoolsDeprecationWarning: setup.py install is deprecated. Use build and pip and other standards-based tools.\n'}
[3.075587] (yahboom_app_save_map) StderrLine: {'line': b'  warnings.warn(\n'}
[3.076639] (yahboom_app_save_map) StdoutLine: {'line': b'running install_lib\n'}
[3.079544] (yahboom_app_save_map) StdoutLine: {'line': b'running install_data\n'}
[3.081168] (yahboom_app_save_map) StdoutLine: {'line': b'running install_egg_info\n'}
[3.085238] (yahboom_app_save_map) StdoutLine: {'line': b"removing '/root/yahboomcar_ws/install/yahboom_app_save_map/lib/python3.10/site-packages/yahboom_app_save_map-0.0.0-py3.10.egg-info' (and everything under it)\n"}
[3.086320] (yahboom_app_save_map) StdoutLine: {'line': b'Copying ../../build/yahboom_app_save_map/yahboom_app_save_map.egg-info to /root/yahboomcar_ws/install/yahboom_app_save_map/lib/python3.10/site-packages/yahboom_app_save_map-0.0.0-py3.10.egg-info\n'}
[3.088787] (yahboom_app_save_map) StdoutLine: {'line': b'running install_scripts\n'}
[3.089336] (yahboom_web_savmap_interfaces) StdoutLine: {'line': b'running egg_info\n'}
[3.091492] (yahboom_web_savmap_interfaces) StdoutLine: {'line': b'writing yahboom_web_savmap_interfaces.egg-info/PKG-INFO\n'}
[3.091993] (yahboom_web_savmap_interfaces) StdoutLine: {'line': b'writing dependency_links to yahboom_web_savmap_interfaces.egg-info/dependency_links.txt\n'}
[3.092379] (yahboom_web_savmap_interfaces) StdoutLine: {'line': b'writing top-level names to yahboom_web_savmap_interfaces.egg-info/top_level.txt\n'}
[3.098227] (yahboom_web_savmap_interfaces) StdoutLine: {'line': b"reading manifest file 'yahboom_web_savmap_interfaces.egg-info/SOURCES.txt'\n"}
[3.099546] (yahboom_web_savmap_interfaces) StdoutLine: {'line': b"writing manifest file 'yahboom_web_savmap_interfaces.egg-info/SOURCES.txt'\n"}
[3.116152] (-) TimerEvent: {}
[3.118144] (laserscan_to_point_publisher) StdoutLine: {'line': b'running egg_info\n'}
[3.120038] (laserscan_to_point_publisher) StdoutLine: {'line': b'writing ../../build/laserscan_to_point_publisher/laserscan_to_point_publisher.egg-info/PKG-INFO\n'}
[3.120548] (laserscan_to_point_publisher) StdoutLine: {'line': b'writing dependency_links to ../../build/laserscan_to_point_publisher/laserscan_to_point_publisher.egg-info/dependency_links.txt\n'}
[3.120898] (laserscan_to_point_publisher) StdoutLine: {'line': b'writing entry points to ../../build/laserscan_to_point_publisher/laserscan_to_point_publisher.egg-info/entry_points.txt\n'}
[3.121198] (laserscan_to_point_publisher) StdoutLine: {'line': b'writing requirements to ../../build/laserscan_to_point_publisher/laserscan_to_point_publisher.egg-info/requires.txt\n'}
[3.121831] (laserscan_to_point_publisher) StdoutLine: {'line': b'writing top-level names to ../../build/laserscan_to_point_publisher/laserscan_to_point_publisher.egg-info/top_level.txt\n'}
[3.128981] (laserscan_to_point_publisher) StdoutLine: {'line': b"reading manifest file '../../build/laserscan_to_point_publisher/laserscan_to_point_publisher.egg-info/SOURCES.txt'\n"}
[3.131663] (laserscan_to_point_publisher) StdoutLine: {'line': b"writing manifest file '../../build/laserscan_to_point_publisher/laserscan_to_point_publisher.egg-info/SOURCES.txt'\n"}
[3.132116] (laserscan_to_point_publisher) StdoutLine: {'line': b'running build\n'}
[3.132302] (laserscan_to_point_publisher) StdoutLine: {'line': b'running build_py\n'}
[3.132739] (laserscan_to_point_publisher) StdoutLine: {'line': b'running install\n'}
[3.133142] (laserscan_to_point_publisher) StderrLine: {'line': b'/usr/lib/python3/dist-packages/setuptools/command/install.py:34: SetuptoolsDeprecationWarning: setup.py install is deprecated. Use build and pip and other standards-based tools.\n'}
[3.133470] (laserscan_to_point_publisher) StderrLine: {'line': b'  warnings.warn(\n'}
[3.134118] (laserscan_to_point_publisher) StdoutLine: {'line': b'running install_lib\n'}
[3.137823] (laserscan_to_point_publisher) StdoutLine: {'line': b'running install_data\n'}
[3.139178] (laserscan_to_point_publisher) StdoutLine: {'line': b'running install_egg_info\n'}
[3.143966] (laserscan_to_point_publisher) StdoutLine: {'line': b"removing '/root/yahboomcar_ws/install/laserscan_to_point_publisher/lib/python3.10/site-packages/laserscan_to_point_publisher-0.0.0-py3.10.egg-info' (and everything under it)\n"}
[3.144845] (laserscan_to_point_publisher) StdoutLine: {'line': b'Copying ../../build/laserscan_to_point_publisher/laserscan_to_point_publisher.egg-info to /root/yahboomcar_ws/install/laserscan_to_point_publisher/lib/python3.10/site-packages/laserscan_to_point_publisher-0.0.0-py3.10.egg-info\n'}
[3.147605] (laserscan_to_point_publisher) StdoutLine: {'line': b'running install_scripts\n'}
[3.156548] (yahboom_app_save_map) StdoutLine: {'line': b'Installing client script to /root/yahboomcar_ws/install/yahboom_app_save_map/lib/yahboom_app_save_map\n'}
[3.157820] (yahboom_app_save_map) StdoutLine: {'line': b'Installing server script to /root/yahboomcar_ws/install/yahboom_app_save_map/lib/yahboom_app_save_map\n'}
[3.159450] (yahboom_app_save_map) StdoutLine: {'line': b"writing list of installed files to '/root/yahboomcar_ws/build/yahboom_app_save_map/install.log'\n"}
[3.211896] (yahboom_web_savmap_interfaces) StdoutLine: {'line': b'[100%] Built target ament_cmake_python_build_yahboom_web_savmap_interfaces_egg\n'}
[3.212318] (laserscan_to_point_publisher) StdoutLine: {'line': b'Installing laserscan_to_point_publisher script to /root/yahboomcar_ws/install/laserscan_to_point_publisher/lib/laserscan_to_point_publisher\n'}
[3.213427] (laserscan_to_point_publisher) StdoutLine: {'line': b"writing list of installed files to '/root/yahboomcar_ws/build/laserscan_to_point_publisher/install.log'\n"}
[3.216342] (-) TimerEvent: {}
[3.237317] (yahboom_web_savmap_interfaces) CommandEnded: {'returncode': 0}
[3.290094] (yahboom_app_save_map) CommandEnded: {'returncode': 0}
[3.316783] (-) TimerEvent: {}
[3.414515] (yahboom_app_save_map) JobEnded: {'identifier': 'yahboom_app_save_map', 'rc': 0}
[3.416141] (yahboomcar_astra) JobStarted: {'identifier': 'yahboomcar_astra'}
[3.416821] (-) TimerEvent: {}
[3.517450] (-) TimerEvent: {}
[3.538611] (yahboom_web_savmap_interfaces) JobProgress: {'identifier': 'yahboom_web_savmap_interfaces', 'progress': 'install'}
[3.539365] (yahboom_web_savmap_interfaces) Command: {'cmd': ['/usr/bin/cmake', '--install', '/root/yahboomcar_ws/build/yahboom_web_savmap_interfaces'], 'cwd': '/root/yahboomcar_ws/build/yahboom_web_savmap_interfaces', 'env': OrderedDict([('HOSTNAME', 'raspberrypi'), ('SHLVL', '1'), ('LD_LIBRARY_PATH', '/root/imu_ws/install/rviz_imu_plugin/lib:/root/imu_ws/install/imu_filter_madgwick/lib:/root/imu_ws/install/imu_complementary_filter/lib:/root/yahboomcar_ws/install/yahboomcar_msgs/lib:/root/yahboomcar_ws/install/yahboom_web_savmap_interfaces/lib:/root/yahboomcar_ws/install/robot_localization/lib:/root/gmapping_ws/install/openslam_gmapping/lib:/opt/ros/humble/opt/rviz_ogre_vendor/lib:/opt/ros/humble/lib/aarch64-linux-gnu:/opt/ros/humble/lib'), ('HOME', '/root'), ('OLDPWD', '/root'), ('ROS_PYTHON_VERSION', '3'), ('COLCON_PREFIX_PATH', '/root/yahboomcar_ws/install:/root/gmapping_ws/install:/root/imu_ws/install'), ('ROS_DISTRO', 'humble'), ('_', '/usr/bin/colcon'), ('ROS_VERSION', '2'), ('TERM', 'xterm'), ('ROS_LOCALHOST_ONLY', '0'), ('QT_X11_NO_MITSHM', '1'), ('PATH', '/opt/ros/humble/bin:/usr/local/sbin:/usr/local/bin:/usr/sbin:/usr/bin:/sbin:/bin'), ('DISPLAY', ':0'), ('LANG', 'C.UTF-8'), ('LS_COLORS', 'rs=0:di=01;34:ln=01;36:mh=00:pi=40;33:so=01;35:do=01;35:bd=40;33;01:cd=40;33;01:or=40;31;01:mi=00:su=37;41:sg=30;43:ca=30;41:tw=30;42:ow=34;42:st=37;44:ex=01;32:*.tar=01;31:*.tgz=01;31:*.arc=01;31:*.arj=01;31:*.taz=01;31:*.lha=01;31:*.lz4=01;31:*.lzh=01;31:*.lzma=01;31:*.tlz=01;31:*.txz=01;31:*.tzo=01;31:*.t7z=01;31:*.zip=01;31:*.z=01;31:*.dz=01;31:*.gz=01;31:*.lrz=01;31:*.lz=01;31:*.lzo=01;31:*.xz=01;31:*.zst=01;31:*.tzst=01;31:*.bz2=01;31:*.bz=01;31:*.tbz=01;31:*.tbz2=01;31:*.tz=01;31:*.deb=01;31:*.rpm=01;31:*.jar=01;31:*.war=01;31:*.ear=01;31:*.sar=01;31:*.rar=01;31:*.alz=01;31:*.ace=01;31:*.zoo=01;31:*.cpio=01;31:*.7z=01;31:*.rz=01;31:*.cab=01;31:*.wim=01;31:*.swm=01;31:*.dwm=01;31:*.esd=01;31:*.jpg=01;35:*.jpeg=01;35:*.mjpg=01;35:*.mjpeg=01;35:*.gif=01;35:*.bmp=01;35:*.pbm=01;35:*.pgm=01;35:*.ppm=01;35:*.tga=01;35:*.xbm=01;35:*.xpm=01;35:*.tif=01;35:*.tiff=01;35:*.png=01;35:*.svg=01;35:*.svgz=01;35:*.mng=01;35:*.pcx=01;35:*.mov=01;35:*.mpg=01;35:*.mpeg=01;35:*.m2v=01;35:*.mkv=01;35:*.webm=01;35:*.webp=01;35:*.ogm=01;35:*.mp4=01;35:*.m4v=01;35:*.mp4v=01;35:*.vob=01;35:*.qt=01;35:*.nuv=01;35:*.wmv=01;35:*.asf=01;35:*.rm=01;35:*.rmvb=01;35:*.flc=01;35:*.avi=01;35:*.fli=01;35:*.flv=01;35:*.gl=01;35:*.dl=01;35:*.xcf=01;35:*.xwd=01;35:*.yuv=01;35:*.cgm=01;35:*.emf=01;35:*.ogv=01;35:*.ogx=01;35:*.aac=00;36:*.au=00;36:*.flac=00;36:*.m4a=00;36:*.mid=00;36:*.midi=00;36:*.mka=00;36:*.mp3=00;36:*.mpc=00;36:*.ogg=00;36:*.ra=00;36:*.wav=00;36:*.oga=00;36:*.opus=00;36:*.spx=00;36:*.xspf=00;36:'), ('ROS_DOMAIN_ID', '30'), ('AMENT_PREFIX_PATH', '/root/imu_ws/install/imu_tools:/root/imu_ws/install/rviz_imu_plugin:/root/imu_ws/install/imu_filter_madgwick:/root/imu_ws/install/imu_complementary_filter:/root/yahboomcar_ws/install/yahboomcar_visual:/root/yahboomcar_ws/install/yahboomcar_nav:/root/yahboomcar_ws/install/yahboomcar_msgs:/root/yahboomcar_ws/install/yahboomcar_mediapipe:/root/yahboomcar_ws/install/yahboomcar_laser:/root/yahboomcar_ws/install/yahboomcar_description:/root/yahboomcar_ws/install/yahboomcar_ctrl:/root/yahboomcar_ws/install/yahboomcar_bringup:/root/yahboomcar_ws/install/yahboomcar_base_node:/root/yahboomcar_ws/install/yahboomcar_astra:/root/yahboomcar_ws/install/yahboom_web_savmap_interfaces:/root/yahboomcar_ws/install/yahboom_app_save_map:/root/yahboomcar_ws/install/robot_pose_publisher_ros2:/root/yahboomcar_ws/install/robot_localization:/root/yahboomcar_ws/install/laserscan_to_point_publisher:/root/gmapping_ws/install/slam_gmapping:/root/gmapping_ws/install/openslam_gmapping:/opt/ros/humble'), ('PWD', '/root/yahboomcar_ws/build/yahboom_web_savmap_interfaces'), ('LC_ALL', 'C.UTF-8'), ('PYTHONPATH', '/root/yahboomcar_ws/install/yahboomcar_visual/lib/python3.10/site-packages:/root/yahboomcar_ws/install/yahboomcar_nav/lib/python3.10/site-packages:/root/yahboomcar_ws/install/yahboomcar_msgs/local/lib/python3.10/dist-packages:/root/yahboomcar_ws/install/yahboomcar_mediapipe/lib/python3.10/site-packages:/root/yahboomcar_ws/install/yahboomcar_laser/lib/python3.10/site-packages:/root/yahboomcar_ws/install/yahboomcar_description/lib/python3.10/site-packages:/root/yahboomcar_ws/install/yahboomcar_ctrl/lib/python3.10/site-packages:/root/yahboomcar_ws/install/yahboomcar_bringup/lib/python3.10/site-packages:/root/yahboomcar_ws/install/yahboomcar_astra/lib/python3.10/site-packages:/root/yahboomcar_ws/install/yahboom_web_savmap_interfaces/local/lib/python3.10/dist-packages:/root/yahboomcar_ws/install/yahboom_app_save_map/lib/python3.10/site-packages:/root/yahboomcar_ws/install/robot_localization/local/lib/python3.10/dist-packages:/root/yahboomcar_ws/install/laserscan_to_point_publisher/lib/python3.10/site-packages:/opt/ros/humble/lib/python3.10/site-packages:/opt/ros/humble/local/lib/python3.10/dist-packages'), ('COLCON', '1'), ('CMAKE_PREFIX_PATH', '/root/imu_ws/install/imu_tools:/root/imu_ws/install/rviz_imu_plugin:/root/imu_ws/install/imu_filter_madgwick:/root/imu_ws/install/imu_complementary_filter:/root/yahboomcar_ws/install/yahboomcar_msgs:/root/yahboomcar_ws/install/yahboomcar_base_node:/root/yahboomcar_ws/install/yahboom_web_savmap_interfaces:/root/yahboomcar_ws/install/robot_pose_publisher_ros2:/root/yahboomcar_ws/install/robot_localization:/root/gmapping_ws/install/slam_gmapping:/root/gmapping_ws/install/openslam_gmapping:/root/yahboomcar_ws/install/yahboomcar_visual:/root/yahboomcar_ws/install/yahboomcar_nav:/root/yahboomcar_ws/install/yahboomcar_mediapipe:/root/yahboomcar_ws/install/yahboomcar_laser:/root/yahboomcar_ws/install/yahboomcar_description:/root/yahboomcar_ws/install/yahboomcar_ctrl:/root/yahboomcar_ws/install/yahboomcar_bringup:/root/yahboomcar_ws/install/yahboomcar_astra:/root/yahboomcar_ws/install/yahboom_app_save_map:/root/yahboomcar_ws/install/laserscan_to_point_publisher:/opt/ros/humble')]), 'shell': False}
[3.618118] (-) TimerEvent: {}
[3.641681] (robot_localization) JobEnded: {'identifier': 'robot_localization', 'rc': 0}
[3.644549] (yahboomcar_base_node) JobStarted: {'identifier': 'yahboomcar_base_node'}
[3.645027] (yahboom_web_savmap_interfaces) StdoutLine: {'line': b'-- Install configuration: ""\n'}
[3.645288] (yahboom_web_savmap_interfaces) StdoutLine: {'line': b'-- Up-to-date: /root/yahboomcar_ws/install/yahboom_web_savmap_interfaces/share/ament_index/resource_index/rosidl_interfaces/yahboom_web_savmap_interfaces\n'}
[3.645656] (yahboom_web_savmap_interfaces) StdoutLine: {'line': b'-- Up-to-date: /root/yahboomcar_ws/install/yahboom_web_savmap_interfaces/include/yahboom_web_savmap_interfaces/yahboom_web_savmap_interfaces\n'}
[3.645875] (yahboom_web_savmap_interfaces) StdoutLine: {'line': b'-- Up-to-date: /root/yahboomcar_ws/install/yahboom_web_savmap_interfaces/include/yahboom_web_savmap_interfaces/yahboom_web_savmap_interfaces/srv\n'}
[3.646086] (yahboom_web_savmap_interfaces) StdoutLine: {'line': b'-- Up-to-date: /root/yahboomcar_ws/install/yahboom_web_savmap_interfaces/include/yahboom_web_savmap_interfaces/yahboom_web_savmap_interfaces/srv/detail\n'}
[3.646247] (yahboom_web_savmap_interfaces) StdoutLine: {'line': b'-- Up-to-date: /root/yahboomcar_ws/install/yahboom_web_savmap_interfaces/include/yahboom_web_savmap_interfaces/yahboom_web_savmap_interfaces/srv/detail/web_save_map__functions.h\n'}
[3.646493] (yahboom_web_savmap_interfaces) StdoutLine: {'line': b'-- Up-to-date: /root/yahboomcar_ws/install/yahboom_web_savmap_interfaces/include/yahboom_web_savmap_interfaces/yahboom_web_savmap_interfaces/srv/detail/web_save_map__type_support.h\n'}
[3.646661] (yahboom_web_savmap_interfaces) StdoutLine: {'line': b'-- Up-to-date: /root/yahboomcar_ws/install/yahboom_web_savmap_interfaces/include/yahboom_web_savmap_interfaces/yahboom_web_savmap_interfaces/srv/detail/web_save_map__functions.c\n'}
[3.646901] (yahboom_web_savmap_interfaces) StdoutLine: {'line': b'-- Up-to-date: /root/yahboomcar_ws/install/yahboom_web_savmap_interfaces/include/yahboom_web_savmap_interfaces/yahboom_web_savmap_interfaces/srv/detail/web_save_map__struct.h\n'}
[3.647030] (yahboom_web_savmap_interfaces) StdoutLine: {'line': b'-- Up-to-date: /root/yahboomcar_ws/install/yahboom_web_savmap_interfaces/include/yahboom_web_savmap_interfaces/yahboom_web_savmap_interfaces/srv/web_save_map.h\n'}
[3.647267] (yahboom_web_savmap_interfaces) StdoutLine: {'line': b'-- Up-to-date: /root/yahboomcar_ws/install/yahboom_web_savmap_interfaces/include/yahboom_web_savmap_interfaces/yahboom_web_savmap_interfaces/msg\n'}
[3.647396] (yahboom_web_savmap_interfaces) StdoutLine: {'line': b'-- Up-to-date: /root/yahboomcar_ws/install/yahboom_web_savmap_interfaces/include/yahboom_web_savmap_interfaces/yahboom_web_savmap_interfaces/msg/rosidl_generator_c__visibility_control.h\n'}
[3.647635] (yahboom_web_savmap_interfaces) StdoutLine: {'line': b'-- Up-to-date: /root/yahboomcar_ws/install/yahboom_web_savmap_interfaces/share/yahboom_web_savmap_interfaces/environment/library_path.sh\n'}
[3.647754] (yahboom_web_savmap_interfaces) StdoutLine: {'line': b'-- Up-to-date: /root/yahboomcar_ws/install/yahboom_web_savmap_interfaces/share/yahboom_web_savmap_interfaces/environment/library_path.dsv\n'}
[3.648008] (yahboom_web_savmap_interfaces) StdoutLine: {'line': b'-- Up-to-date: /root/yahboomcar_ws/install/yahboom_web_savmap_interfaces/lib/libyahboom_web_savmap_interfaces__rosidl_generator_c.so\n'}
[3.648363] (yahboom_web_savmap_interfaces) StdoutLine: {'line': b'-- Up-to-date: /root/yahboomcar_ws/install/yahboom_web_savmap_interfaces/include/yahboom_web_savmap_interfaces/yahboom_web_savmap_interfaces\n'}
[3.648519] (yahboom_web_savmap_interfaces) StdoutLine: {'line': b'-- Up-to-date: /root/yahboomcar_ws/install/yahboom_web_savmap_interfaces/include/yahboom_web_savmap_interfaces/yahboom_web_savmap_interfaces/srv\n'}
[3.648739] (yahboom_web_savmap_interfaces) StdoutLine: {'line': b'-- Up-to-date: /root/yahboomcar_ws/install/yahboom_web_savmap_interfaces/include/yahboom_web_savmap_interfaces/yahboom_web_savmap_interfaces/srv/detail\n'}
[3.648849] (yahboom_web_savmap_interfaces) StdoutLine: {'line': b'-- Up-to-date: /root/yahboomcar_ws/install/yahboom_web_savmap_interfaces/include/yahboom_web_savmap_interfaces/yahboom_web_savmap_interfaces/srv/detail/web_save_map__rosidl_typesupport_fastrtps_c.h\n'}
[3.649021] (yahboom_web_savmap_interfaces) StdoutLine: {'line': b'-- Up-to-date: /root/yahboomcar_ws/install/yahboom_web_savmap_interfaces/include/yahboom_web_savmap_interfaces/yahboom_web_savmap_interfaces/msg\n'}
[3.649138] (yahboom_web_savmap_interfaces) StdoutLine: {'line': b'-- Up-to-date: /root/yahboomcar_ws/install/yahboom_web_savmap_interfaces/include/yahboom_web_savmap_interfaces/yahboom_web_savmap_interfaces/msg/rosidl_typesupport_fastrtps_c__visibility_control.h\n'}
[3.649296] (yahboom_web_savmap_interfaces) StdoutLine: {'line': b'-- Up-to-date: /root/yahboomcar_ws/install/yahboom_web_savmap_interfaces/lib/libyahboom_web_savmap_interfaces__rosidl_typesupport_fastrtps_c.so\n'}
[3.649439] (yahboom_web_savmap_interfaces) StdoutLine: {'line': b'-- Up-to-date: /root/yahboomcar_ws/install/yahboom_web_savmap_interfaces/include/yahboom_web_savmap_interfaces/yahboom_web_savmap_interfaces\n'}
[3.649604] (yahboom_web_savmap_interfaces) StdoutLine: {'line': b'-- Up-to-date: /root/yahboomcar_ws/install/yahboom_web_savmap_interfaces/include/yahboom_web_savmap_interfaces/yahboom_web_savmap_interfaces/srv\n'}
[3.649704] (yahboom_web_savmap_interfaces) StdoutLine: {'line': b'-- Up-to-date: /root/yahboomcar_ws/install/yahboom_web_savmap_interfaces/include/yahboom_web_savmap_interfaces/yahboom_web_savmap_interfaces/srv/detail\n'}
[3.649839] (yahboom_web_savmap_interfaces) StdoutLine: {'line': b'-- Up-to-date: /root/yahboomcar_ws/install/yahboom_web_savmap_interfaces/include/yahboom_web_savmap_interfaces/yahboom_web_savmap_interfaces/srv/detail/web_save_map__struct.hpp\n'}
[3.649946] (yahboom_web_savmap_interfaces) StdoutLine: {'line': b'-- Up-to-date: /root/yahboomcar_ws/install/yahboom_web_savmap_interfaces/include/yahboom_web_savmap_interfaces/yahboom_web_savmap_interfaces/srv/detail/web_save_map__builder.hpp\n'}
[3.650090] (yahboom_web_savmap_interfaces) StdoutLine: {'line': b'-- Up-to-date: /root/yahboomcar_ws/install/yahboom_web_savmap_interfaces/include/yahboom_web_savmap_interfaces/yahboom_web_savmap_interfaces/srv/detail/web_save_map__traits.hpp\n'}
[3.650297] (yahboom_web_savmap_interfaces) StdoutLine: {'line': b'-- Up-to-date: /root/yahboomcar_ws/install/yahboom_web_savmap_interfaces/include/yahboom_web_savmap_interfaces/yahboom_web_savmap_interfaces/srv/web_save_map.hpp\n'}
[3.650405] (yahboom_web_savmap_interfaces) StdoutLine: {'line': b'-- Up-to-date: /root/yahboomcar_ws/install/yahboom_web_savmap_interfaces/include/yahboom_web_savmap_interfaces/yahboom_web_savmap_interfaces\n'}
[3.650610] (yahboom_web_savmap_interfaces) StdoutLine: {'line': b'-- Up-to-date: /root/yahboomcar_ws/install/yahboom_web_savmap_interfaces/include/yahboom_web_savmap_interfaces/yahboom_web_savmap_interfaces/srv\n'}
[3.650778] (yahboom_web_savmap_interfaces) StdoutLine: {'line': b'-- Up-to-date: /root/yahboomcar_ws/install/yahboom_web_savmap_interfaces/include/yahboom_web_savmap_interfaces/yahboom_web_savmap_interfaces/srv/detail\n'}
[3.650882] (yahboom_web_savmap_interfaces) StdoutLine: {'line': b'-- Up-to-date: /root/yahboomcar_ws/install/yahboom_web_savmap_interfaces/include/yahboom_web_savmap_interfaces/yahboom_web_savmap_interfaces/srv/detail/web_save_map__rosidl_typesupport_fastrtps_cpp.hpp\n'}
[3.651074] (yahboom_web_savmap_interfaces) StdoutLine: {'line': b'-- Up-to-date: /root/yahboomcar_ws/install/yahboom_web_savmap_interfaces/include/yahboom_web_savmap_interfaces/yahboom_web_savmap_interfaces/srv/detail/dds_fastrtps\n'}
[3.651215] (yahboom_web_savmap_interfaces) StdoutLine: {'line': b'-- Up-to-date: /root/yahboomcar_ws/install/yahboom_web_savmap_interfaces/include/yahboom_web_savmap_interfaces/yahboom_web_savmap_interfaces/msg\n'}
[3.651320] (yahboom_web_savmap_interfaces) StdoutLine: {'line': b'-- Up-to-date: /root/yahboomcar_ws/install/yahboom_web_savmap_interfaces/include/yahboom_web_savmap_interfaces/yahboom_web_savmap_interfaces/msg/rosidl_typesupport_fastrtps_cpp__visibility_control.h\n'}
[3.651506] (yahboom_web_savmap_interfaces) StdoutLine: {'line': b'-- Up-to-date: /root/yahboomcar_ws/install/yahboom_web_savmap_interfaces/lib/libyahboom_web_savmap_interfaces__rosidl_typesupport_fastrtps_cpp.so\n'}
[3.651686] (yahboom_web_savmap_interfaces) StdoutLine: {'line': b'-- Up-to-date: /root/yahboomcar_ws/install/yahboom_web_savmap_interfaces/include/yahboom_web_savmap_interfaces/yahboom_web_savmap_interfaces\n'}
[3.651793] (yahboom_web_savmap_interfaces) StdoutLine: {'line': b'-- Up-to-date: /root/yahboomcar_ws/install/yahboom_web_savmap_interfaces/include/yahboom_web_savmap_interfaces/yahboom_web_savmap_interfaces/srv\n'}
[3.651977] (yahboom_web_savmap_interfaces) StdoutLine: {'line': b'-- Up-to-date: /root/yahboomcar_ws/install/yahboom_web_savmap_interfaces/include/yahboom_web_savmap_interfaces/yahboom_web_savmap_interfaces/srv/detail\n'}
[3.652181] (yahboom_web_savmap_interfaces) StdoutLine: {'line': b'-- Up-to-date: /root/yahboomcar_ws/install/yahboom_web_savmap_interfaces/include/yahboom_web_savmap_interfaces/yahboom_web_savmap_interfaces/srv/detail/web_save_map__type_support.c\n'}
[3.652317] (yahboom_web_savmap_interfaces) StdoutLine: {'line': b'-- Up-to-date: /root/yahboomcar_ws/install/yahboom_web_savmap_interfaces/include/yahboom_web_savmap_interfaces/yahboom_web_savmap_interfaces/srv/detail/web_save_map__rosidl_typesupport_introspection_c.h\n'}
[3.652496] (yahboom_web_savmap_interfaces) StdoutLine: {'line': b'-- Up-to-date: /root/yahboomcar_ws/install/yahboom_web_savmap_interfaces/include/yahboom_web_savmap_interfaces/yahboom_web_savmap_interfaces/msg\n'}
[3.652598] (yahboom_web_savmap_interfaces) StdoutLine: {'line': b'-- Up-to-date: /root/yahboomcar_ws/install/yahboom_web_savmap_interfaces/include/yahboom_web_savmap_interfaces/yahboom_web_savmap_interfaces/msg/rosidl_typesupport_introspection_c__visibility_control.h\n'}
[3.652807] (yahboom_web_savmap_interfaces) StdoutLine: {'line': b'-- Up-to-date: /root/yahboomcar_ws/install/yahboom_web_savmap_interfaces/lib/libyahboom_web_savmap_interfaces__rosidl_typesupport_introspection_c.so\n'}
[3.652919] (yahboom_web_savmap_interfaces) StdoutLine: {'line': b'-- Up-to-date: /root/yahboomcar_ws/install/yahboom_web_savmap_interfaces/lib/libyahboom_web_savmap_interfaces__rosidl_typesupport_c.so\n'}
[3.653098] (yahboom_web_savmap_interfaces) StdoutLine: {'line': b'-- Up-to-date: /root/yahboomcar_ws/install/yahboom_web_savmap_interfaces/include/yahboom_web_savmap_interfaces/yahboom_web_savmap_interfaces\n'}
[3.653281] (yahboom_web_savmap_interfaces) StdoutLine: {'line': b'-- Up-to-date: /root/yahboomcar_ws/install/yahboom_web_savmap_interfaces/include/yahboom_web_savmap_interfaces/yahboom_web_savmap_interfaces/srv\n'}
[3.653385] (yahboom_web_savmap_interfaces) StdoutLine: {'line': b'-- Up-to-date: /root/yahboomcar_ws/install/yahboom_web_savmap_interfaces/include/yahboom_web_savmap_interfaces/yahboom_web_savmap_interfaces/srv/detail\n'}
[3.653534] (yahboom_web_savmap_interfaces) StdoutLine: {'line': b'-- Up-to-date: /root/yahboomcar_ws/install/yahboom_web_savmap_interfaces/include/yahboom_web_savmap_interfaces/yahboom_web_savmap_interfaces/srv/detail/web_save_map__rosidl_typesupport_introspection_cpp.hpp\n'}
[3.653684] (yahboom_web_savmap_interfaces) StdoutLine: {'line': b'-- Up-to-date: /root/yahboomcar_ws/install/yahboom_web_savmap_interfaces/include/yahboom_web_savmap_interfaces/yahboom_web_savmap_interfaces/srv/detail/web_save_map__type_support.cpp\n'}
[3.653831] (yahboom_web_savmap_interfaces) StdoutLine: {'line': b'-- Up-to-date: /root/yahboomcar_ws/install/yahboom_web_savmap_interfaces/lib/libyahboom_web_savmap_interfaces__rosidl_typesupport_introspection_cpp.so\n'}
[3.653935] (yahboom_web_savmap_interfaces) StdoutLine: {'line': b'-- Up-to-date: /root/yahboomcar_ws/install/yahboom_web_savmap_interfaces/lib/libyahboom_web_savmap_interfaces__rosidl_typesupport_cpp.so\n'}
[3.654076] (yahboom_web_savmap_interfaces) StdoutLine: {'line': b'-- Up-to-date: /root/yahboomcar_ws/install/yahboom_web_savmap_interfaces/share/yahboom_web_savmap_interfaces/environment/pythonpath.sh\n'}
[3.654231] (yahboom_web_savmap_interfaces) StdoutLine: {'line': b'-- Up-to-date: /root/yahboomcar_ws/install/yahboom_web_savmap_interfaces/share/yahboom_web_savmap_interfaces/environment/pythonpath.dsv\n'}
[3.654341] (yahboom_web_savmap_interfaces) StdoutLine: {'line': b'-- Up-to-date: /root/yahboomcar_ws/install/yahboom_web_savmap_interfaces/local/lib/python3.10/dist-packages/yahboom_web_savmap_interfaces-0.0.0-py3.10.egg-info\n'}
[3.654487] (yahboom_web_savmap_interfaces) StdoutLine: {'line': b'-- Installing: /root/yahboomcar_ws/install/yahboom_web_savmap_interfaces/local/lib/python3.10/dist-packages/yahboom_web_savmap_interfaces-0.0.0-py3.10.egg-info/SOURCES.txt\n'}
[3.654907] (yahboom_web_savmap_interfaces) StdoutLine: {'line': b'-- Installing: /root/yahboomcar_ws/install/yahboom_web_savmap_interfaces/local/lib/python3.10/dist-packages/yahboom_web_savmap_interfaces-0.0.0-py3.10.egg-info/top_level.txt\n'}
[3.655008] (yahboom_web_savmap_interfaces) StdoutLine: {'line': b'-- Installing: /root/yahboomcar_ws/install/yahboom_web_savmap_interfaces/local/lib/python3.10/dist-packages/yahboom_web_savmap_interfaces-0.0.0-py3.10.egg-info/PKG-INFO\n'}
[3.655201] (yahboom_web_savmap_interfaces) StdoutLine: {'line': b'-- Installing: /root/yahboomcar_ws/install/yahboom_web_savmap_interfaces/local/lib/python3.10/dist-packages/yahboom_web_savmap_interfaces-0.0.0-py3.10.egg-info/dependency_links.txt\n'}
[3.655303] (yahboom_web_savmap_interfaces) StdoutLine: {'line': b'-- Up-to-date: /root/yahboomcar_ws/install/yahboom_web_savmap_interfaces/local/lib/python3.10/dist-packages/yahboom_web_savmap_interfaces\n'}
[3.655442] (yahboom_web_savmap_interfaces) StdoutLine: {'line': b'-- Up-to-date: /root/yahboomcar_ws/install/yahboom_web_savmap_interfaces/local/lib/python3.10/dist-packages/yahboom_web_savmap_interfaces/yahboom_web_savmap_interfaces_s__rosidl_typesupport_fastrtps_c.cpython-310-aarch64-linux-gnu.so\n'}
[3.655548] (yahboom_web_savmap_interfaces) StdoutLine: {'line': b'-- Up-to-date: /root/yahboomcar_ws/install/yahboom_web_savmap_interfaces/local/lib/python3.10/dist-packages/yahboom_web_savmap_interfaces/__init__.py\n'}
[3.655702] (yahboom_web_savmap_interfaces) StdoutLine: {'line': b'-- Up-to-date: /root/yahboomcar_ws/install/yahboom_web_savmap_interfaces/local/lib/python3.10/dist-packages/yahboom_web_savmap_interfaces/srv\n'}
[3.655910] (yahboom_web_savmap_interfaces) StdoutLine: {'line': b'-- Up-to-date: /root/yahboomcar_ws/install/yahboom_web_savmap_interfaces/local/lib/python3.10/dist-packages/yahboom_web_savmap_interfaces/srv/__init__.py\n'}
[3.656016] (yahboom_web_savmap_interfaces) StdoutLine: {'line': b'-- Up-to-date: /root/yahboomcar_ws/install/yahboom_web_savmap_interfaces/local/lib/python3.10/dist-packages/yahboom_web_savmap_interfaces/srv/_web_save_map_s.c\n'}
[3.656183] (yahboom_web_savmap_interfaces) StdoutLine: {'line': b'-- Up-to-date: /root/yahboomcar_ws/install/yahboom_web_savmap_interfaces/local/lib/python3.10/dist-packages/yahboom_web_savmap_interfaces/srv/_web_save_map.py\n'}
[3.656353] (yahboom_web_savmap_interfaces) StdoutLine: {'line': b'-- Up-to-date: /root/yahboomcar_ws/install/yahboom_web_savmap_interfaces/local/lib/python3.10/dist-packages/yahboom_web_savmap_interfaces/_yahboom_web_savmap_interfaces_s.ep.rosidl_typesupport_c.c\n'}
[3.656451] (yahboom_web_savmap_interfaces) StdoutLine: {'line': b'-- Up-to-date: /root/yahboomcar_ws/install/yahboom_web_savmap_interfaces/local/lib/python3.10/dist-packages/yahboom_web_savmap_interfaces/libyahboom_web_savmap_interfaces__rosidl_generator_py.so\n'}
[3.656589] (yahboom_web_savmap_interfaces) StdoutLine: {'line': b'-- Up-to-date: /root/yahboomcar_ws/install/yahboom_web_savmap_interfaces/local/lib/python3.10/dist-packages/yahboom_web_savmap_interfaces/_yahboom_web_savmap_interfaces_s.ep.rosidl_typesupport_introspection_c.c\n'}
[3.656695] (yahboom_web_savmap_interfaces) StdoutLine: {'line': b'-- Up-to-date: /root/yahboomcar_ws/install/yahboom_web_savmap_interfaces/local/lib/python3.10/dist-packages/yahboom_web_savmap_interfaces/yahboom_web_savmap_interfaces_s__rosidl_typesupport_c.cpython-310-aarch64-linux-gnu.so\n'}
[3.656884] (yahboom_web_savmap_interfaces) StdoutLine: {'line': b'-- Up-to-date: /root/yahboomcar_ws/install/yahboom_web_savmap_interfaces/local/lib/python3.10/dist-packages/yahboom_web_savmap_interfaces/_yahboom_web_savmap_interfaces_s.ep.rosidl_typesupport_fastrtps_c.c\n'}
[3.657049] (yahboom_web_savmap_interfaces) StdoutLine: {'line': b'-- Up-to-date: /root/yahboomcar_ws/install/yahboom_web_savmap_interfaces/local/lib/python3.10/dist-packages/yahboom_web_savmap_interfaces/yahboom_web_savmap_interfaces_s__rosidl_typesupport_introspection_c.cpython-310-aarch64-linux-gnu.so\n'}
[3.657201] (yahboom_web_savmap_interfaces) StdoutLine: {'line': b"Listing '/root/yahboomcar_ws/install/yahboom_web_savmap_interfaces/local/lib/python3.10/dist-packages/yahboom_web_savmap_interfaces'...\n"}
[3.657308] (yahboom_web_savmap_interfaces) StdoutLine: {'line': b"Listing '/root/yahboomcar_ws/install/yahboom_web_savmap_interfaces/local/lib/python3.10/dist-packages/yahboom_web_savmap_interfaces/srv'...\n"}
[3.657466] (yahboom_web_savmap_interfaces) StdoutLine: {'line': b'-- Up-to-date: /root/yahboomcar_ws/install/yahboom_web_savmap_interfaces/local/lib/python3.10/dist-packages/yahboom_web_savmap_interfaces/yahboom_web_savmap_interfaces_s__rosidl_typesupport_fastrtps_c.cpython-310-aarch64-linux-gnu.so\n'}
[3.657660] (yahboom_web_savmap_interfaces) StdoutLine: {'line': b'-- Up-to-date: /root/yahboomcar_ws/install/yahboom_web_savmap_interfaces/local/lib/python3.10/dist-packages/yahboom_web_savmap_interfaces/yahboom_web_savmap_interfaces_s__rosidl_typesupport_introspection_c.cpython-310-aarch64-linux-gnu.so\n'}
[3.657799] (yahboom_web_savmap_interfaces) StdoutLine: {'line': b'-- Up-to-date: /root/yahboomcar_ws/install/yahboom_web_savmap_interfaces/local/lib/python3.10/dist-packages/yahboom_web_savmap_interfaces/yahboom_web_savmap_interfaces_s__rosidl_typesupport_c.cpython-310-aarch64-linux-gnu.so\n'}
[3.657906] (yahboom_web_savmap_interfaces) StdoutLine: {'line': b'-- Up-to-date: /root/yahboomcar_ws/install/yahboom_web_savmap_interfaces/lib/libyahboom_web_savmap_interfaces__rosidl_generator_py.so\n'}
[3.658093] (yahboom_web_savmap_interfaces) StdoutLine: {'line': b'-- Up-to-date: /root/yahboomcar_ws/install/yahboom_web_savmap_interfaces/share/yahboom_web_savmap_interfaces/srv/WebSaveMap.idl\n'}
[3.658271] (yahboom_web_savmap_interfaces) StdoutLine: {'line': b'-- Up-to-date: /root/yahboomcar_ws/install/yahboom_web_savmap_interfaces/share/yahboom_web_savmap_interfaces/srv/WebSaveMap.srv\n'}
[3.658418] (yahboom_web_savmap_interfaces) StdoutLine: {'line': b'-- Up-to-date: /root/yahboomcar_ws/install/yahboom_web_savmap_interfaces/share/yahboom_web_savmap_interfaces/srv/WebSaveMap_Request.msg\n'}
[3.658521] (yahboom_web_savmap_interfaces) StdoutLine: {'line': b'-- Up-to-date: /root/yahboomcar_ws/install/yahboom_web_savmap_interfaces/share/yahboom_web_savmap_interfaces/srv/WebSaveMap_Response.msg\n'}
[3.658680] (yahboom_web_savmap_interfaces) StdoutLine: {'line': b'-- Up-to-date: /root/yahboomcar_ws/install/yahboom_web_savmap_interfaces/share/ament_index/resource_index/package_run_dependencies/yahboom_web_savmap_interfaces\n'}
[3.658820] (yahboom_web_savmap_interfaces) StdoutLine: {'line': b'-- Up-to-date: /root/yahboomcar_ws/install/yahboom_web_savmap_interfaces/share/ament_index/resource_index/parent_prefix_path/yahboom_web_savmap_interfaces\n'}
[3.658919] (yahboom_web_savmap_interfaces) StdoutLine: {'line': b'-- Up-to-date: /root/yahboomcar_ws/install/yahboom_web_savmap_interfaces/share/yahboom_web_savmap_interfaces/environment/ament_prefix_path.sh\n'}
[3.659057] (yahboom_web_savmap_interfaces) StdoutLine: {'line': b'-- Up-to-date: /root/yahboomcar_ws/install/yahboom_web_savmap_interfaces/share/yahboom_web_savmap_interfaces/environment/ament_prefix_path.dsv\n'}
[3.659163] (yahboom_web_savmap_interfaces) StdoutLine: {'line': b'-- Up-to-date: /root/yahboomcar_ws/install/yahboom_web_savmap_interfaces/share/yahboom_web_savmap_interfaces/environment/path.sh\n'}
[3.659320] (yahboom_web_savmap_interfaces) StdoutLine: {'line': b'-- Up-to-date: /root/yahboomcar_ws/install/yahboom_web_savmap_interfaces/share/yahboom_web_savmap_interfaces/environment/path.dsv\n'}
[3.659461] (yahboom_web_savmap_interfaces) StdoutLine: {'line': b'-- Up-to-date: /root/yahboomcar_ws/install/yahboom_web_savmap_interfaces/share/yahboom_web_savmap_interfaces/local_setup.bash\n'}
[3.659567] (yahboom_web_savmap_interfaces) StdoutLine: {'line': b'-- Up-to-date: /root/yahboomcar_ws/install/yahboom_web_savmap_interfaces/share/yahboom_web_savmap_interfaces/local_setup.sh\n'}
[3.659720] (yahboom_web_savmap_interfaces) StdoutLine: {'line': b'-- Up-to-date: /root/yahboomcar_ws/install/yahboom_web_savmap_interfaces/share/yahboom_web_savmap_interfaces/local_setup.zsh\n'}
[3.659866] (yahboom_web_savmap_interfaces) StdoutLine: {'line': b'-- Up-to-date: /root/yahboomcar_ws/install/yahboom_web_savmap_interfaces/share/yahboom_web_savmap_interfaces/local_setup.dsv\n'}
[3.660230] (yahboom_web_savmap_interfaces) StdoutLine: {'line': b'-- Installing: /root/yahboomcar_ws/install/yahboom_web_savmap_interfaces/share/yahboom_web_savmap_interfaces/package.dsv\n'}
[3.660342] (yahboom_web_savmap_interfaces) StdoutLine: {'line': b'-- Up-to-date: /root/yahboomcar_ws/install/yahboom_web_savmap_interfaces/share/ament_index/resource_index/packages/yahboom_web_savmap_interfaces\n'}
[3.660483] (yahboom_web_savmap_interfaces) StdoutLine: {'line': b'-- Up-to-date: /root/yahboomcar_ws/install/yahboom_web_savmap_interfaces/share/yahboom_web_savmap_interfaces/cmake/export_yahboom_web_savmap_interfaces__rosidl_generator_cExport.cmake\n'}
[3.660591] (yahboom_web_savmap_interfaces) StdoutLine: {'line': b'-- Up-to-date: /root/yahboomcar_ws/install/yahboom_web_savmap_interfaces/share/yahboom_web_savmap_interfaces/cmake/export_yahboom_web_savmap_interfaces__rosidl_generator_cExport-noconfig.cmake\n'}
[3.660745] (yahboom_web_savmap_interfaces) StdoutLine: {'line': b'-- Up-to-date: /root/yahboomcar_ws/install/yahboom_web_savmap_interfaces/share/yahboom_web_savmap_interfaces/cmake/export_yahboom_web_savmap_interfaces__rosidl_typesupport_fastrtps_cExport.cmake\n'}
[3.660881] (yahboom_web_savmap_interfaces) StdoutLine: {'line': b'-- Up-to-date: /root/yahboomcar_ws/install/yahboom_web_savmap_interfaces/share/yahboom_web_savmap_interfaces/cmake/export_yahboom_web_savmap_interfaces__rosidl_typesupport_fastrtps_cExport-noconfig.cmake\n'}
[3.660986] (yahboom_web_savmap_interfaces) StdoutLine: {'line': b'-- Up-to-date: /root/yahboomcar_ws/install/yahboom_web_savmap_interfaces/share/yahboom_web_savmap_interfaces/cmake/export_yahboom_web_savmap_interfaces__rosidl_generator_cppExport.cmake\n'}
[3.661135] (yahboom_web_savmap_interfaces) StdoutLine: {'line': b'-- Up-to-date: /root/yahboomcar_ws/install/yahboom_web_savmap_interfaces/share/yahboom_web_savmap_interfaces/cmake/export_yahboom_web_savmap_interfaces__rosidl_typesupport_fastrtps_cppExport.cmake\n'}
[3.661275] (yahboom_web_savmap_interfaces) StdoutLine: {'line': b'-- Up-to-date: /root/yahboomcar_ws/install/yahboom_web_savmap_interfaces/share/yahboom_web_savmap_interfaces/cmake/export_yahboom_web_savmap_interfaces__rosidl_typesupport_fastrtps_cppExport-noconfig.cmake\n'}
[3.661380] (yahboom_web_savmap_interfaces) StdoutLine: {'line': b'-- Up-to-date: /root/yahboomcar_ws/install/yahboom_web_savmap_interfaces/share/yahboom_web_savmap_interfaces/cmake/yahboom_web_savmap_interfaces__rosidl_typesupport_introspection_cExport.cmake\n'}
[3.661550] (yahboom_web_savmap_interfaces) StdoutLine: {'line': b'-- Up-to-date: /root/yahboomcar_ws/install/yahboom_web_savmap_interfaces/share/yahboom_web_savmap_interfaces/cmake/yahboom_web_savmap_interfaces__rosidl_typesupport_introspection_cExport-noconfig.cmake\n'}
[3.661718] (yahboom_web_savmap_interfaces) StdoutLine: {'line': b'-- Up-to-date: /root/yahboomcar_ws/install/yahboom_web_savmap_interfaces/share/yahboom_web_savmap_interfaces/cmake/yahboom_web_savmap_interfaces__rosidl_typesupport_cExport.cmake\n'}
[3.661825] (yahboom_web_savmap_interfaces) StdoutLine: {'line': b'-- Up-to-date: /root/yahboomcar_ws/install/yahboom_web_savmap_interfaces/share/yahboom_web_savmap_interfaces/cmake/yahboom_web_savmap_interfaces__rosidl_typesupport_cExport-noconfig.cmake\n'}
[3.661980] (yahboom_web_savmap_interfaces) StdoutLine: {'line': b'-- Up-to-date: /root/yahboomcar_ws/install/yahboom_web_savmap_interfaces/share/yahboom_web_savmap_interfaces/cmake/yahboom_web_savmap_interfaces__rosidl_typesupport_introspection_cppExport.cmake\n'}
[3.662163] (yahboom_web_savmap_interfaces) StdoutLine: {'line': b'-- Up-to-date: /root/yahboomcar_ws/install/yahboom_web_savmap_interfaces/share/yahboom_web_savmap_interfaces/cmake/yahboom_web_savmap_interfaces__rosidl_typesupport_introspection_cppExport-noconfig.cmake\n'}
[3.662341] (yahboom_web_savmap_interfaces) StdoutLine: {'line': b'-- Up-to-date: /root/yahboomcar_ws/install/yahboom_web_savmap_interfaces/share/yahboom_web_savmap_interfaces/cmake/yahboom_web_savmap_interfaces__rosidl_typesupport_cppExport.cmake\n'}
[3.662443] (yahboom_web_savmap_interfaces) StdoutLine: {'line': b'-- Up-to-date: /root/yahboomcar_ws/install/yahboom_web_savmap_interfaces/share/yahboom_web_savmap_interfaces/cmake/yahboom_web_savmap_interfaces__rosidl_typesupport_cppExport-noconfig.cmake\n'}
[3.662691] (yahboom_web_savmap_interfaces) StdoutLine: {'line': b'-- Up-to-date: /root/yahboomcar_ws/install/yahboom_web_savmap_interfaces/share/yahboom_web_savmap_interfaces/cmake/export_yahboom_web_savmap_interfaces__rosidl_generator_pyExport.cmake\n'}
[3.662824] (yahboom_web_savmap_interfaces) StdoutLine: {'line': b'-- Up-to-date: /root/yahboomcar_ws/install/yahboom_web_savmap_interfaces/share/yahboom_web_savmap_interfaces/cmake/export_yahboom_web_savmap_interfaces__rosidl_generator_pyExport-noconfig.cmake\n'}
[3.662975] (yahboom_web_savmap_interfaces) StdoutLine: {'line': b'-- Up-to-date: /root/yahboomcar_ws/install/yahboom_web_savmap_interfaces/share/yahboom_web_savmap_interfaces/cmake/rosidl_cmake-extras.cmake\n'}
[3.663113] (yahboom_web_savmap_interfaces) StdoutLine: {'line': b'-- Up-to-date: /root/yahboomcar_ws/install/yahboom_web_savmap_interfaces/share/yahboom_web_savmap_interfaces/cmake/ament_cmake_export_include_directories-extras.cmake\n'}
[3.663298] (yahboom_web_savmap_interfaces) StdoutLine: {'line': b'-- Up-to-date: /root/yahboomcar_ws/install/yahboom_web_savmap_interfaces/share/yahboom_web_savmap_interfaces/cmake/ament_cmake_export_libraries-extras.cmake\n'}
[3.663445] (yahboom_web_savmap_interfaces) StdoutLine: {'line': b'-- Up-to-date: /root/yahboomcar_ws/install/yahboom_web_savmap_interfaces/share/yahboom_web_savmap_interfaces/cmake/ament_cmake_export_targets-extras.cmake\n'}
[3.663667] (yahboom_web_savmap_interfaces) StdoutLine: {'line': b'-- Up-to-date: /root/yahboomcar_ws/install/yahboom_web_savmap_interfaces/share/yahboom_web_savmap_interfaces/cmake/rosidl_cmake_export_typesupport_targets-extras.cmake\n'}
[3.663802] (yahboom_web_savmap_interfaces) StdoutLine: {'line': b'-- Up-to-date: /root/yahboomcar_ws/install/yahboom_web_savmap_interfaces/share/yahboom_web_savmap_interfaces/cmake/ament_cmake_export_dependencies-extras.cmake\n'}
[3.663974] (yahboom_web_savmap_interfaces) StdoutLine: {'line': b'-- Up-to-date: /root/yahboomcar_ws/install/yahboom_web_savmap_interfaces/share/yahboom_web_savmap_interfaces/cmake/rosidl_cmake_export_typesupport_libraries-extras.cmake\n'}
[3.664190] (yahboom_web_savmap_interfaces) StdoutLine: {'line': b'-- Up-to-date: /root/yahboomcar_ws/install/yahboom_web_savmap_interfaces/share/yahboom_web_savmap_interfaces/cmake/yahboom_web_savmap_interfacesConfig.cmake\n'}
[3.664290] (yahboom_web_savmap_interfaces) StdoutLine: {'line': b'-- Up-to-date: /root/yahboomcar_ws/install/yahboom_web_savmap_interfaces/share/yahboom_web_savmap_interfaces/cmake/yahboom_web_savmap_interfacesConfig-version.cmake\n'}
[3.664466] (yahboom_web_savmap_interfaces) StdoutLine: {'line': b'-- Up-to-date: /root/yahboomcar_ws/install/yahboom_web_savmap_interfaces/share/yahboom_web_savmap_interfaces/package.xml\n'}
[3.718219] (-) TimerEvent: {}
[3.758610] (laserscan_to_point_publisher) CommandEnded: {'returncode': 0}
[3.817375] (laserscan_to_point_publisher) JobEnded: {'identifier': 'laserscan_to_point_publisher', 'rc': 0}
[3.819271] (-) TimerEvent: {}
[3.819489] (yahboomcar_bringup) JobStarted: {'identifier': 'yahboomcar_bringup'}
[3.919392] (-) TimerEvent: {}
[4.019723] (-) TimerEvent: {}
[4.120095] (-) TimerEvent: {}
[4.220507] (-) TimerEvent: {}
[4.321043] (-) TimerEvent: {}
[4.391823] (yahboom_web_savmap_interfaces) CommandEnded: {'returncode': 0}
[4.421155] (-) TimerEvent: {}
[4.469817] (yahboomcar_base_node) JobProgress: {'identifier': 'yahboomcar_base_node', 'progress': 'cmake'}
[4.470962] (yahboomcar_base_node) JobProgress: {'identifier': 'yahboomcar_base_node', 'progress': 'build'}
[4.471408] (yahboomcar_base_node) Command: {'cmd': ['/usr/bin/cmake', '--build', '/root/yahboomcar_ws/build/yahboomcar_base_node', '--', '-j4', '-l4'], 'cwd': '/root/yahboomcar_ws/build/yahboomcar_base_node', 'env': OrderedDict([('HOSTNAME', 'raspberrypi'), ('SHLVL', '1'), ('LD_LIBRARY_PATH', '/root/imu_ws/install/rviz_imu_plugin/lib:/root/imu_ws/install/imu_filter_madgwick/lib:/root/imu_ws/install/imu_complementary_filter/lib:/root/yahboomcar_ws/install/yahboomcar_msgs/lib:/root/yahboomcar_ws/install/yahboom_web_savmap_interfaces/lib:/root/yahboomcar_ws/install/robot_localization/lib:/root/gmapping_ws/install/openslam_gmapping/lib:/opt/ros/humble/opt/rviz_ogre_vendor/lib:/opt/ros/humble/lib/aarch64-linux-gnu:/opt/ros/humble/lib'), ('HOME', '/root'), ('OLDPWD', '/root'), ('ROS_PYTHON_VERSION', '3'), ('COLCON_PREFIX_PATH', '/root/yahboomcar_ws/install:/root/gmapping_ws/install:/root/imu_ws/install'), ('ROS_DISTRO', 'humble'), ('_', '/usr/bin/colcon'), ('ROS_VERSION', '2'), ('TERM', 'xterm'), ('ROS_LOCALHOST_ONLY', '0'), ('QT_X11_NO_MITSHM', '1'), ('PATH', '/opt/ros/humble/bin:/usr/local/sbin:/usr/local/bin:/usr/sbin:/usr/bin:/sbin:/bin'), ('DISPLAY', ':0'), ('LANG', 'C.UTF-8'), ('LS_COLORS', 'rs=0:di=01;34:ln=01;36:mh=00:pi=40;33:so=01;35:do=01;35:bd=40;33;01:cd=40;33;01:or=40;31;01:mi=00:su=37;41:sg=30;43:ca=30;41:tw=30;42:ow=34;42:st=37;44:ex=01;32:*.tar=01;31:*.tgz=01;31:*.arc=01;31:*.arj=01;31:*.taz=01;31:*.lha=01;31:*.lz4=01;31:*.lzh=01;31:*.lzma=01;31:*.tlz=01;31:*.txz=01;31:*.tzo=01;31:*.t7z=01;31:*.zip=01;31:*.z=01;31:*.dz=01;31:*.gz=01;31:*.lrz=01;31:*.lz=01;31:*.lzo=01;31:*.xz=01;31:*.zst=01;31:*.tzst=01;31:*.bz2=01;31:*.bz=01;31:*.tbz=01;31:*.tbz2=01;31:*.tz=01;31:*.deb=01;31:*.rpm=01;31:*.jar=01;31:*.war=01;31:*.ear=01;31:*.sar=01;31:*.rar=01;31:*.alz=01;31:*.ace=01;31:*.zoo=01;31:*.cpio=01;31:*.7z=01;31:*.rz=01;31:*.cab=01;31:*.wim=01;31:*.swm=01;31:*.dwm=01;31:*.esd=01;31:*.jpg=01;35:*.jpeg=01;35:*.mjpg=01;35:*.mjpeg=01;35:*.gif=01;35:*.bmp=01;35:*.pbm=01;35:*.pgm=01;35:*.ppm=01;35:*.tga=01;35:*.xbm=01;35:*.xpm=01;35:*.tif=01;35:*.tiff=01;35:*.png=01;35:*.svg=01;35:*.svgz=01;35:*.mng=01;35:*.pcx=01;35:*.mov=01;35:*.mpg=01;35:*.mpeg=01;35:*.m2v=01;35:*.mkv=01;35:*.webm=01;35:*.webp=01;35:*.ogm=01;35:*.mp4=01;35:*.m4v=01;35:*.mp4v=01;35:*.vob=01;35:*.qt=01;35:*.nuv=01;35:*.wmv=01;35:*.asf=01;35:*.rm=01;35:*.rmvb=01;35:*.flc=01;35:*.avi=01;35:*.fli=01;35:*.flv=01;35:*.gl=01;35:*.dl=01;35:*.xcf=01;35:*.xwd=01;35:*.yuv=01;35:*.cgm=01;35:*.emf=01;35:*.ogv=01;35:*.ogx=01;35:*.aac=00;36:*.au=00;36:*.flac=00;36:*.m4a=00;36:*.mid=00;36:*.midi=00;36:*.mka=00;36:*.mp3=00;36:*.mpc=00;36:*.ogg=00;36:*.ra=00;36:*.wav=00;36:*.oga=00;36:*.opus=00;36:*.spx=00;36:*.xspf=00;36:'), ('ROS_DOMAIN_ID', '30'), ('AMENT_PREFIX_PATH', '/root/imu_ws/install/imu_tools:/root/imu_ws/install/rviz_imu_plugin:/root/imu_ws/install/imu_filter_madgwick:/root/imu_ws/install/imu_complementary_filter:/root/yahboomcar_ws/install/yahboomcar_visual:/root/yahboomcar_ws/install/yahboomcar_nav:/root/yahboomcar_ws/install/yahboomcar_msgs:/root/yahboomcar_ws/install/yahboomcar_mediapipe:/root/yahboomcar_ws/install/yahboomcar_laser:/root/yahboomcar_ws/install/yahboomcar_description:/root/yahboomcar_ws/install/yahboomcar_ctrl:/root/yahboomcar_ws/install/yahboomcar_bringup:/root/yahboomcar_ws/install/yahboomcar_base_node:/root/yahboomcar_ws/install/yahboomcar_astra:/root/yahboomcar_ws/install/yahboom_web_savmap_interfaces:/root/yahboomcar_ws/install/yahboom_app_save_map:/root/yahboomcar_ws/install/robot_pose_publisher_ros2:/root/yahboomcar_ws/install/robot_localization:/root/yahboomcar_ws/install/laserscan_to_point_publisher:/root/gmapping_ws/install/slam_gmapping:/root/gmapping_ws/install/openslam_gmapping:/opt/ros/humble'), ('PWD', '/root/yahboomcar_ws/build/yahboomcar_base_node'), ('LC_ALL', 'C.UTF-8'), ('PYTHONPATH', '/root/yahboomcar_ws/install/yahboomcar_visual/lib/python3.10/site-packages:/root/yahboomcar_ws/install/yahboomcar_nav/lib/python3.10/site-packages:/root/yahboomcar_ws/install/yahboomcar_msgs/local/lib/python3.10/dist-packages:/root/yahboomcar_ws/install/yahboomcar_mediapipe/lib/python3.10/site-packages:/root/yahboomcar_ws/install/yahboomcar_laser/lib/python3.10/site-packages:/root/yahboomcar_ws/install/yahboomcar_description/lib/python3.10/site-packages:/root/yahboomcar_ws/install/yahboomcar_ctrl/lib/python3.10/site-packages:/root/yahboomcar_ws/install/yahboomcar_bringup/lib/python3.10/site-packages:/root/yahboomcar_ws/install/yahboomcar_astra/lib/python3.10/site-packages:/root/yahboomcar_ws/install/yahboom_web_savmap_interfaces/local/lib/python3.10/dist-packages:/root/yahboomcar_ws/install/yahboom_app_save_map/lib/python3.10/site-packages:/root/yahboomcar_ws/install/robot_localization/local/lib/python3.10/dist-packages:/root/yahboomcar_ws/install/laserscan_to_point_publisher/lib/python3.10/site-packages:/opt/ros/humble/lib/python3.10/site-packages:/opt/ros/humble/local/lib/python3.10/dist-packages'), ('COLCON', '1'), ('CMAKE_PREFIX_PATH', '/root/imu_ws/install/imu_tools:/root/imu_ws/install/rviz_imu_plugin:/root/imu_ws/install/imu_filter_madgwick:/root/imu_ws/install/imu_complementary_filter:/root/yahboomcar_ws/install/yahboomcar_msgs:/root/yahboomcar_ws/install/yahboomcar_base_node:/root/yahboomcar_ws/install/yahboom_web_savmap_interfaces:/root/yahboomcar_ws/install/robot_pose_publisher_ros2:/root/yahboomcar_ws/install/robot_localization:/root/gmapping_ws/install/slam_gmapping:/root/gmapping_ws/install/openslam_gmapping:/root/yahboomcar_ws/install/yahboomcar_visual:/root/yahboomcar_ws/install/yahboomcar_nav:/root/yahboomcar_ws/install/yahboomcar_mediapipe:/root/yahboomcar_ws/install/yahboomcar_laser:/root/yahboomcar_ws/install/yahboomcar_description:/root/yahboomcar_ws/install/yahboomcar_ctrl:/root/yahboomcar_ws/install/yahboomcar_bringup:/root/yahboomcar_ws/install/yahboomcar_astra:/root/yahboomcar_ws/install/yahboom_app_save_map:/root/yahboomcar_ws/install/laserscan_to_point_publisher:/opt/ros/humble')]), 'shell': False}
[4.521298] (-) TimerEvent: {}
[4.569454] (yahboomcar_base_node) StdoutLine: {'line': b'[100%] Built target base_node_X3\n'}
[4.621415] (-) TimerEvent: {}
[4.721803] (-) TimerEvent: {}
[4.822269] (-) TimerEvent: {}
[4.922881] (-) TimerEvent: {}
[4.972735] (yahboomcar_base_node) CommandEnded: {'returncode': 0}
[5.023056] (-) TimerEvent: {}
[5.082254] (yahboom_web_savmap_interfaces) JobEnded: {'identifier': 'yahboom_web_savmap_interfaces', 'rc': 0}
[5.085907] (yahboomcar_ctrl) JobStarted: {'identifier': 'yahboomcar_ctrl'}
[5.123176] (-) TimerEvent: {}
[5.223698] (-) TimerEvent: {}
[5.263024] (yahboomcar_base_node) JobProgress: {'identifier': 'yahboomcar_base_node', 'progress': 'install'}
[5.264515] (yahboomcar_base_node) Command: {'cmd': ['/usr/bin/cmake', '--install', '/root/yahboomcar_ws/build/yahboomcar_base_node'], 'cwd': '/root/yahboomcar_ws/build/yahboomcar_base_node', 'env': OrderedDict([('HOSTNAME', 'raspberrypi'), ('SHLVL', '1'), ('LD_LIBRARY_PATH', '/root/imu_ws/install/rviz_imu_plugin/lib:/root/imu_ws/install/imu_filter_madgwick/lib:/root/imu_ws/install/imu_complementary_filter/lib:/root/yahboomcar_ws/install/yahboomcar_msgs/lib:/root/yahboomcar_ws/install/yahboom_web_savmap_interfaces/lib:/root/yahboomcar_ws/install/robot_localization/lib:/root/gmapping_ws/install/openslam_gmapping/lib:/opt/ros/humble/opt/rviz_ogre_vendor/lib:/opt/ros/humble/lib/aarch64-linux-gnu:/opt/ros/humble/lib'), ('HOME', '/root'), ('OLDPWD', '/root'), ('ROS_PYTHON_VERSION', '3'), ('COLCON_PREFIX_PATH', '/root/yahboomcar_ws/install:/root/gmapping_ws/install:/root/imu_ws/install'), ('ROS_DISTRO', 'humble'), ('_', '/usr/bin/colcon'), ('ROS_VERSION', '2'), ('TERM', 'xterm'), ('ROS_LOCALHOST_ONLY', '0'), ('QT_X11_NO_MITSHM', '1'), ('PATH', '/opt/ros/humble/bin:/usr/local/sbin:/usr/local/bin:/usr/sbin:/usr/bin:/sbin:/bin'), ('DISPLAY', ':0'), ('LANG', 'C.UTF-8'), ('LS_COLORS', 'rs=0:di=01;34:ln=01;36:mh=00:pi=40;33:so=01;35:do=01;35:bd=40;33;01:cd=40;33;01:or=40;31;01:mi=00:su=37;41:sg=30;43:ca=30;41:tw=30;42:ow=34;42:st=37;44:ex=01;32:*.tar=01;31:*.tgz=01;31:*.arc=01;31:*.arj=01;31:*.taz=01;31:*.lha=01;31:*.lz4=01;31:*.lzh=01;31:*.lzma=01;31:*.tlz=01;31:*.txz=01;31:*.tzo=01;31:*.t7z=01;31:*.zip=01;31:*.z=01;31:*.dz=01;31:*.gz=01;31:*.lrz=01;31:*.lz=01;31:*.lzo=01;31:*.xz=01;31:*.zst=01;31:*.tzst=01;31:*.bz2=01;31:*.bz=01;31:*.tbz=01;31:*.tbz2=01;31:*.tz=01;31:*.deb=01;31:*.rpm=01;31:*.jar=01;31:*.war=01;31:*.ear=01;31:*.sar=01;31:*.rar=01;31:*.alz=01;31:*.ace=01;31:*.zoo=01;31:*.cpio=01;31:*.7z=01;31:*.rz=01;31:*.cab=01;31:*.wim=01;31:*.swm=01;31:*.dwm=01;31:*.esd=01;31:*.jpg=01;35:*.jpeg=01;35:*.mjpg=01;35:*.mjpeg=01;35:*.gif=01;35:*.bmp=01;35:*.pbm=01;35:*.pgm=01;35:*.ppm=01;35:*.tga=01;35:*.xbm=01;35:*.xpm=01;35:*.tif=01;35:*.tiff=01;35:*.png=01;35:*.svg=01;35:*.svgz=01;35:*.mng=01;35:*.pcx=01;35:*.mov=01;35:*.mpg=01;35:*.mpeg=01;35:*.m2v=01;35:*.mkv=01;35:*.webm=01;35:*.webp=01;35:*.ogm=01;35:*.mp4=01;35:*.m4v=01;35:*.mp4v=01;35:*.vob=01;35:*.qt=01;35:*.nuv=01;35:*.wmv=01;35:*.asf=01;35:*.rm=01;35:*.rmvb=01;35:*.flc=01;35:*.avi=01;35:*.fli=01;35:*.flv=01;35:*.gl=01;35:*.dl=01;35:*.xcf=01;35:*.xwd=01;35:*.yuv=01;35:*.cgm=01;35:*.emf=01;35:*.ogv=01;35:*.ogx=01;35:*.aac=00;36:*.au=00;36:*.flac=00;36:*.m4a=00;36:*.mid=00;36:*.midi=00;36:*.mka=00;36:*.mp3=00;36:*.mpc=00;36:*.ogg=00;36:*.ra=00;36:*.wav=00;36:*.oga=00;36:*.opus=00;36:*.spx=00;36:*.xspf=00;36:'), ('ROS_DOMAIN_ID', '30'), ('AMENT_PREFIX_PATH', '/root/imu_ws/install/imu_tools:/root/imu_ws/install/rviz_imu_plugin:/root/imu_ws/install/imu_filter_madgwick:/root/imu_ws/install/imu_complementary_filter:/root/yahboomcar_ws/install/yahboomcar_visual:/root/yahboomcar_ws/install/yahboomcar_nav:/root/yahboomcar_ws/install/yahboomcar_msgs:/root/yahboomcar_ws/install/yahboomcar_mediapipe:/root/yahboomcar_ws/install/yahboomcar_laser:/root/yahboomcar_ws/install/yahboomcar_description:/root/yahboomcar_ws/install/yahboomcar_ctrl:/root/yahboomcar_ws/install/yahboomcar_bringup:/root/yahboomcar_ws/install/yahboomcar_base_node:/root/yahboomcar_ws/install/yahboomcar_astra:/root/yahboomcar_ws/install/yahboom_web_savmap_interfaces:/root/yahboomcar_ws/install/yahboom_app_save_map:/root/yahboomcar_ws/install/robot_pose_publisher_ros2:/root/yahboomcar_ws/install/robot_localization:/root/yahboomcar_ws/install/laserscan_to_point_publisher:/root/gmapping_ws/install/slam_gmapping:/root/gmapping_ws/install/openslam_gmapping:/opt/ros/humble'), ('PWD', '/root/yahboomcar_ws/build/yahboomcar_base_node'), ('LC_ALL', 'C.UTF-8'), ('PYTHONPATH', '/root/yahboomcar_ws/install/yahboomcar_visual/lib/python3.10/site-packages:/root/yahboomcar_ws/install/yahboomcar_nav/lib/python3.10/site-packages:/root/yahboomcar_ws/install/yahboomcar_msgs/local/lib/python3.10/dist-packages:/root/yahboomcar_ws/install/yahboomcar_mediapipe/lib/python3.10/site-packages:/root/yahboomcar_ws/install/yahboomcar_laser/lib/python3.10/site-packages:/root/yahboomcar_ws/install/yahboomcar_description/lib/python3.10/site-packages:/root/yahboomcar_ws/install/yahboomcar_ctrl/lib/python3.10/site-packages:/root/yahboomcar_ws/install/yahboomcar_bringup/lib/python3.10/site-packages:/root/yahboomcar_ws/install/yahboomcar_astra/lib/python3.10/site-packages:/root/yahboomcar_ws/install/yahboom_web_savmap_interfaces/local/lib/python3.10/dist-packages:/root/yahboomcar_ws/install/yahboom_app_save_map/lib/python3.10/site-packages:/root/yahboomcar_ws/install/robot_localization/local/lib/python3.10/dist-packages:/root/yahboomcar_ws/install/laserscan_to_point_publisher/lib/python3.10/site-packages:/opt/ros/humble/lib/python3.10/site-packages:/opt/ros/humble/local/lib/python3.10/dist-packages'), ('COLCON', '1'), ('CMAKE_PREFIX_PATH', '/root/imu_ws/install/imu_tools:/root/imu_ws/install/rviz_imu_plugin:/root/imu_ws/install/imu_filter_madgwick:/root/imu_ws/install/imu_complementary_filter:/root/yahboomcar_ws/install/yahboomcar_msgs:/root/yahboomcar_ws/install/yahboomcar_base_node:/root/yahboomcar_ws/install/yahboom_web_savmap_interfaces:/root/yahboomcar_ws/install/robot_pose_publisher_ros2:/root/yahboomcar_ws/install/robot_localization:/root/gmapping_ws/install/slam_gmapping:/root/gmapping_ws/install/openslam_gmapping:/root/yahboomcar_ws/install/yahboomcar_visual:/root/yahboomcar_ws/install/yahboomcar_nav:/root/yahboomcar_ws/install/yahboomcar_mediapipe:/root/yahboomcar_ws/install/yahboomcar_laser:/root/yahboomcar_ws/install/yahboomcar_description:/root/yahboomcar_ws/install/yahboomcar_ctrl:/root/yahboomcar_ws/install/yahboomcar_bringup:/root/yahboomcar_ws/install/yahboomcar_astra:/root/yahboomcar_ws/install/yahboom_app_save_map:/root/yahboomcar_ws/install/laserscan_to_point_publisher:/opt/ros/humble')]), 'shell': False}
[5.276381] (yahboomcar_base_node) StdoutLine: {'line': b'-- Install configuration: ""\n'}
[5.276827] (yahboomcar_base_node) StdoutLine: {'line': b'-- Up-to-date: /root/yahboomcar_ws/install/yahboomcar_base_node/lib/yahboomcar_base_node/base_node_X3\n'}
[5.277476] (yahboomcar_base_node) StdoutLine: {'line': b'-- Up-to-date: /root/yahboomcar_ws/install/yahboomcar_base_node/share/ament_index/resource_index/package_run_dependencies/yahboomcar_base_node\n'}
[5.278361] (yahboomcar_base_node) StdoutLine: {'line': b'-- Up-to-date: /root/yahboomcar_ws/install/yahboomcar_base_node/share/ament_index/resource_index/parent_prefix_path/yahboomcar_base_node\n'}
[5.278573] (yahboomcar_base_node) StdoutLine: {'line': b'-- Up-to-date: /root/yahboomcar_ws/install/yahboomcar_base_node/share/yahboomcar_base_node/environment/ament_prefix_path.sh\n'}
[5.278719] (yahboomcar_base_node) StdoutLine: {'line': b'-- Up-to-date: /root/yahboomcar_ws/install/yahboomcar_base_node/share/yahboomcar_base_node/environment/ament_prefix_path.dsv\n'}
[5.278833] (yahboomcar_base_node) StdoutLine: {'line': b'-- Up-to-date: /root/yahboomcar_ws/install/yahboomcar_base_node/share/yahboomcar_base_node/environment/path.sh\n'}
[5.278939] (yahboomcar_base_node) StdoutLine: {'line': b'-- Up-to-date: /root/yahboomcar_ws/install/yahboomcar_base_node/share/yahboomcar_base_node/environment/path.dsv\n'}
[5.279096] (yahboomcar_base_node) StdoutLine: {'line': b'-- Up-to-date: /root/yahboomcar_ws/install/yahboomcar_base_node/share/yahboomcar_base_node/local_setup.bash\n'}
[5.279250] (yahboomcar_base_node) StdoutLine: {'line': b'-- Up-to-date: /root/yahboomcar_ws/install/yahboomcar_base_node/share/yahboomcar_base_node/local_setup.sh\n'}
[5.279406] (yahboomcar_base_node) StdoutLine: {'line': b'-- Up-to-date: /root/yahboomcar_ws/install/yahboomcar_base_node/share/yahboomcar_base_node/local_setup.zsh\n'}
[5.279926] (yahboomcar_base_node) StdoutLine: {'line': b'-- Up-to-date: /root/yahboomcar_ws/install/yahboomcar_base_node/share/yahboomcar_base_node/local_setup.dsv\n'}
[5.280104] (yahboomcar_base_node) StdoutLine: {'line': b'-- Installing: /root/yahboomcar_ws/install/yahboomcar_base_node/share/yahboomcar_base_node/package.dsv\n'}
[5.280197] (yahboomcar_base_node) StdoutLine: {'line': b'-- Up-to-date: /root/yahboomcar_ws/install/yahboomcar_base_node/share/ament_index/resource_index/packages/yahboomcar_base_node\n'}
[5.280287] (yahboomcar_base_node) StdoutLine: {'line': b'-- Up-to-date: /root/yahboomcar_ws/install/yahboomcar_base_node/share/yahboomcar_base_node/cmake/yahboomcar_base_nodeConfig.cmake\n'}
[5.280365] (yahboomcar_base_node) StdoutLine: {'line': b'-- Up-to-date: /root/yahboomcar_ws/install/yahboomcar_base_node/share/yahboomcar_base_node/cmake/yahboomcar_base_nodeConfig-version.cmake\n'}
[5.280492] (yahboomcar_base_node) StdoutLine: {'line': b'-- Up-to-date: /root/yahboomcar_ws/install/yahboomcar_base_node/share/yahboomcar_base_node/package.xml\n'}
[5.323815] (-) TimerEvent: {}
[5.424294] (-) TimerEvent: {}
[5.524865] (-) TimerEvent: {}
[5.625273] (-) TimerEvent: {}
[5.725668] (-) TimerEvent: {}
[5.809578] (yahboomcar_base_node) CommandEnded: {'returncode': 0}
[5.828020] (-) TimerEvent: {}
[5.872601] (yahboomcar_astra) Command: {'cmd': ['/usr/bin/python3', 'setup.py', 'egg_info', '--egg-base', '../../build/yahboomcar_astra', 'build', '--build-base', '/root/yahboomcar_ws/build/yahboomcar_astra/build', 'install', '--record', '/root/yahboomcar_ws/build/yahboomcar_astra/install.log', '--install-scripts', '$base/lib/yahboomcar_astra', '--single-version-externally-managed'], 'cwd': '/root/yahboomcar_ws/src/yahboomcar_astra', 'env': {'HOSTNAME': 'raspberrypi', 'SHLVL': '1', 'LD_LIBRARY_PATH': '/root/imu_ws/install/rviz_imu_plugin/lib:/root/imu_ws/install/imu_filter_madgwick/lib:/root/imu_ws/install/imu_complementary_filter/lib:/root/yahboomcar_ws/install/yahboomcar_msgs/lib:/root/yahboomcar_ws/install/yahboom_web_savmap_interfaces/lib:/root/yahboomcar_ws/install/robot_localization/lib:/root/gmapping_ws/install/openslam_gmapping/lib:/opt/ros/humble/opt/rviz_ogre_vendor/lib:/opt/ros/humble/lib/aarch64-linux-gnu:/opt/ros/humble/lib', 'HOME': '/root', 'OLDPWD': '/root', 'ROS_PYTHON_VERSION': '3', 'COLCON_PREFIX_PATH': '/root/yahboomcar_ws/install:/root/gmapping_ws/install:/root/imu_ws/install', 'ROS_DISTRO': 'humble', '_': '/usr/bin/colcon', 'ROS_VERSION': '2', 'TERM': 'xterm', 'ROS_LOCALHOST_ONLY': '0', 'QT_X11_NO_MITSHM': '1', 'PATH': '/opt/ros/humble/bin:/usr/local/sbin:/usr/local/bin:/usr/sbin:/usr/bin:/sbin:/bin', 'DISPLAY': ':0', 'LANG': 'C.UTF-8', 'LS_COLORS': 'rs=0:di=01;34:ln=01;36:mh=00:pi=40;33:so=01;35:do=01;35:bd=40;33;01:cd=40;33;01:or=40;31;01:mi=00:su=37;41:sg=30;43:ca=30;41:tw=30;42:ow=34;42:st=37;44:ex=01;32:*.tar=01;31:*.tgz=01;31:*.arc=01;31:*.arj=01;31:*.taz=01;31:*.lha=01;31:*.lz4=01;31:*.lzh=01;31:*.lzma=01;31:*.tlz=01;31:*.txz=01;31:*.tzo=01;31:*.t7z=01;31:*.zip=01;31:*.z=01;31:*.dz=01;31:*.gz=01;31:*.lrz=01;31:*.lz=01;31:*.lzo=01;31:*.xz=01;31:*.zst=01;31:*.tzst=01;31:*.bz2=01;31:*.bz=01;31:*.tbz=01;31:*.tbz2=01;31:*.tz=01;31:*.deb=01;31:*.rpm=01;31:*.jar=01;31:*.war=01;31:*.ear=01;31:*.sar=01;31:*.rar=01;31:*.alz=01;31:*.ace=01;31:*.zoo=01;31:*.cpio=01;31:*.7z=01;31:*.rz=01;31:*.cab=01;31:*.wim=01;31:*.swm=01;31:*.dwm=01;31:*.esd=01;31:*.jpg=01;35:*.jpeg=01;35:*.mjpg=01;35:*.mjpeg=01;35:*.gif=01;35:*.bmp=01;35:*.pbm=01;35:*.pgm=01;35:*.ppm=01;35:*.tga=01;35:*.xbm=01;35:*.xpm=01;35:*.tif=01;35:*.tiff=01;35:*.png=01;35:*.svg=01;35:*.svgz=01;35:*.mng=01;35:*.pcx=01;35:*.mov=01;35:*.mpg=01;35:*.mpeg=01;35:*.m2v=01;35:*.mkv=01;35:*.webm=01;35:*.webp=01;35:*.ogm=01;35:*.mp4=01;35:*.m4v=01;35:*.mp4v=01;35:*.vob=01;35:*.qt=01;35:*.nuv=01;35:*.wmv=01;35:*.asf=01;35:*.rm=01;35:*.rmvb=01;35:*.flc=01;35:*.avi=01;35:*.fli=01;35:*.flv=01;35:*.gl=01;35:*.dl=01;35:*.xcf=01;35:*.xwd=01;35:*.yuv=01;35:*.cgm=01;35:*.emf=01;35:*.ogv=01;35:*.ogx=01;35:*.aac=00;36:*.au=00;36:*.flac=00;36:*.m4a=00;36:*.mid=00;36:*.midi=00;36:*.mka=00;36:*.mp3=00;36:*.mpc=00;36:*.ogg=00;36:*.ra=00;36:*.wav=00;36:*.oga=00;36:*.opus=00;36:*.spx=00;36:*.xspf=00;36:', 'ROS_DOMAIN_ID': '30', 'AMENT_PREFIX_PATH': '/root/imu_ws/install/imu_tools:/root/imu_ws/install/rviz_imu_plugin:/root/imu_ws/install/imu_filter_madgwick:/root/imu_ws/install/imu_complementary_filter:/root/yahboomcar_ws/install/yahboomcar_visual:/root/yahboomcar_ws/install/yahboomcar_nav:/root/yahboomcar_ws/install/yahboomcar_msgs:/root/yahboomcar_ws/install/yahboomcar_mediapipe:/root/yahboomcar_ws/install/yahboomcar_laser:/root/yahboomcar_ws/install/yahboomcar_description:/root/yahboomcar_ws/install/yahboomcar_ctrl:/root/yahboomcar_ws/install/yahboomcar_bringup:/root/yahboomcar_ws/install/yahboomcar_base_node:/root/yahboomcar_ws/install/yahboomcar_astra:/root/yahboomcar_ws/install/yahboom_web_savmap_interfaces:/root/yahboomcar_ws/install/yahboom_app_save_map:/root/yahboomcar_ws/install/robot_pose_publisher_ros2:/root/yahboomcar_ws/install/robot_localization:/root/yahboomcar_ws/install/laserscan_to_point_publisher:/root/gmapping_ws/install/slam_gmapping:/root/gmapping_ws/install/openslam_gmapping:/opt/ros/humble', 'PWD': '/root/yahboomcar_ws/build/yahboomcar_astra', 'LC_ALL': 'C.UTF-8', 'PYTHONPATH': '/root/yahboomcar_ws/build/yahboomcar_astra/prefix_override:/root/yahboomcar_ws/install/yahboomcar_astra/lib/python3.10/site-packages:/root/yahboomcar_ws/install/yahboomcar_visual/lib/python3.10/site-packages:/root/yahboomcar_ws/install/yahboomcar_nav/lib/python3.10/site-packages:/root/yahboomcar_ws/install/yahboomcar_msgs/local/lib/python3.10/dist-packages:/root/yahboomcar_ws/install/yahboomcar_mediapipe/lib/python3.10/site-packages:/root/yahboomcar_ws/install/yahboomcar_laser/lib/python3.10/site-packages:/root/yahboomcar_ws/install/yahboomcar_description/lib/python3.10/site-packages:/root/yahboomcar_ws/install/yahboomcar_ctrl/lib/python3.10/site-packages:/root/yahboomcar_ws/install/yahboomcar_bringup/lib/python3.10/site-packages:/root/yahboomcar_ws/install/yahboomcar_astra/lib/python3.10/site-packages:/root/yahboomcar_ws/install/yahboom_web_savmap_interfaces/local/lib/python3.10/dist-packages:/root/yahboomcar_ws/install/yahboom_app_save_map/lib/python3.10/site-packages:/root/yahboomcar_ws/install/robot_localization/local/lib/python3.10/dist-packages:/root/yahboomcar_ws/install/laserscan_to_point_publisher/lib/python3.10/site-packages:/opt/ros/humble/lib/python3.10/site-packages:/opt/ros/humble/local/lib/python3.10/dist-packages', 'COLCON': '1', 'CMAKE_PREFIX_PATH': '/root/imu_ws/install/imu_tools:/root/imu_ws/install/rviz_imu_plugin:/root/imu_ws/install/imu_filter_madgwick:/root/imu_ws/install/imu_complementary_filter:/root/yahboomcar_ws/install/yahboomcar_msgs:/root/yahboomcar_ws/install/yahboomcar_base_node:/root/yahboomcar_ws/install/yahboom_web_savmap_interfaces:/root/yahboomcar_ws/install/robot_pose_publisher_ros2:/root/yahboomcar_ws/install/robot_localization:/root/gmapping_ws/install/slam_gmapping:/root/gmapping_ws/install/openslam_gmapping'}, 'shell': False}
[5.878074] (yahboomcar_bringup) Command: {'cmd': ['/usr/bin/python3', 'setup.py', 'egg_info', '--egg-base', '../../build/yahboomcar_bringup', 'build', '--build-base', '/root/yahboomcar_ws/build/yahboomcar_bringup/build', 'install', '--record', '/root/yahboomcar_ws/build/yahboomcar_bringup/install.log', '--single-version-externally-managed'], 'cwd': '/root/yahboomcar_ws/src/yahboomcar_bringup', 'env': {'HOSTNAME': 'raspberrypi', 'SHLVL': '1', 'LD_LIBRARY_PATH': '/root/imu_ws/install/rviz_imu_plugin/lib:/root/imu_ws/install/imu_filter_madgwick/lib:/root/imu_ws/install/imu_complementary_filter/lib:/root/yahboomcar_ws/install/yahboomcar_msgs/lib:/root/yahboomcar_ws/install/yahboom_web_savmap_interfaces/lib:/root/yahboomcar_ws/install/robot_localization/lib:/root/gmapping_ws/install/openslam_gmapping/lib:/opt/ros/humble/opt/rviz_ogre_vendor/lib:/opt/ros/humble/lib/aarch64-linux-gnu:/opt/ros/humble/lib', 'HOME': '/root', 'OLDPWD': '/root', 'ROS_PYTHON_VERSION': '3', 'COLCON_PREFIX_PATH': '/root/yahboomcar_ws/install:/root/gmapping_ws/install:/root/imu_ws/install', 'ROS_DISTRO': 'humble', '_': '/usr/bin/colcon', 'ROS_VERSION': '2', 'TERM': 'xterm', 'ROS_LOCALHOST_ONLY': '0', 'QT_X11_NO_MITSHM': '1', 'PATH': '/opt/ros/humble/bin:/usr/local/sbin:/usr/local/bin:/usr/sbin:/usr/bin:/sbin:/bin', 'DISPLAY': ':0', 'LANG': 'C.UTF-8', 'LS_COLORS': 'rs=0:di=01;34:ln=01;36:mh=00:pi=40;33:so=01;35:do=01;35:bd=40;33;01:cd=40;33;01:or=40;31;01:mi=00:su=37;41:sg=30;43:ca=30;41:tw=30;42:ow=34;42:st=37;44:ex=01;32:*.tar=01;31:*.tgz=01;31:*.arc=01;31:*.arj=01;31:*.taz=01;31:*.lha=01;31:*.lz4=01;31:*.lzh=01;31:*.lzma=01;31:*.tlz=01;31:*.txz=01;31:*.tzo=01;31:*.t7z=01;31:*.zip=01;31:*.z=01;31:*.dz=01;31:*.gz=01;31:*.lrz=01;31:*.lz=01;31:*.lzo=01;31:*.xz=01;31:*.zst=01;31:*.tzst=01;31:*.bz2=01;31:*.bz=01;31:*.tbz=01;31:*.tbz2=01;31:*.tz=01;31:*.deb=01;31:*.rpm=01;31:*.jar=01;31:*.war=01;31:*.ear=01;31:*.sar=01;31:*.rar=01;31:*.alz=01;31:*.ace=01;31:*.zoo=01;31:*.cpio=01;31:*.7z=01;31:*.rz=01;31:*.cab=01;31:*.wim=01;31:*.swm=01;31:*.dwm=01;31:*.esd=01;31:*.jpg=01;35:*.jpeg=01;35:*.mjpg=01;35:*.mjpeg=01;35:*.gif=01;35:*.bmp=01;35:*.pbm=01;35:*.pgm=01;35:*.ppm=01;35:*.tga=01;35:*.xbm=01;35:*.xpm=01;35:*.tif=01;35:*.tiff=01;35:*.png=01;35:*.svg=01;35:*.svgz=01;35:*.mng=01;35:*.pcx=01;35:*.mov=01;35:*.mpg=01;35:*.mpeg=01;35:*.m2v=01;35:*.mkv=01;35:*.webm=01;35:*.webp=01;35:*.ogm=01;35:*.mp4=01;35:*.m4v=01;35:*.mp4v=01;35:*.vob=01;35:*.qt=01;35:*.nuv=01;35:*.wmv=01;35:*.asf=01;35:*.rm=01;35:*.rmvb=01;35:*.flc=01;35:*.avi=01;35:*.fli=01;35:*.flv=01;35:*.gl=01;35:*.dl=01;35:*.xcf=01;35:*.xwd=01;35:*.yuv=01;35:*.cgm=01;35:*.emf=01;35:*.ogv=01;35:*.ogx=01;35:*.aac=00;36:*.au=00;36:*.flac=00;36:*.m4a=00;36:*.mid=00;36:*.midi=00;36:*.mka=00;36:*.mp3=00;36:*.mpc=00;36:*.ogg=00;36:*.ra=00;36:*.wav=00;36:*.oga=00;36:*.opus=00;36:*.spx=00;36:*.xspf=00;36:', 'ROS_DOMAIN_ID': '30', 'AMENT_PREFIX_PATH': '/root/imu_ws/install/imu_tools:/root/imu_ws/install/rviz_imu_plugin:/root/imu_ws/install/imu_filter_madgwick:/root/imu_ws/install/imu_complementary_filter:/root/yahboomcar_ws/install/yahboomcar_visual:/root/yahboomcar_ws/install/yahboomcar_nav:/root/yahboomcar_ws/install/yahboomcar_msgs:/root/yahboomcar_ws/install/yahboomcar_mediapipe:/root/yahboomcar_ws/install/yahboomcar_laser:/root/yahboomcar_ws/install/yahboomcar_description:/root/yahboomcar_ws/install/yahboomcar_ctrl:/root/yahboomcar_ws/install/yahboomcar_bringup:/root/yahboomcar_ws/install/yahboomcar_base_node:/root/yahboomcar_ws/install/yahboomcar_astra:/root/yahboomcar_ws/install/yahboom_web_savmap_interfaces:/root/yahboomcar_ws/install/yahboom_app_save_map:/root/yahboomcar_ws/install/robot_pose_publisher_ros2:/root/yahboomcar_ws/install/robot_localization:/root/yahboomcar_ws/install/laserscan_to_point_publisher:/root/gmapping_ws/install/slam_gmapping:/root/gmapping_ws/install/openslam_gmapping:/opt/ros/humble', 'PWD': '/root/yahboomcar_ws/build/yahboomcar_bringup', 'LC_ALL': 'C.UTF-8', 'PYTHONPATH': '/root/yahboomcar_ws/build/yahboomcar_bringup/prefix_override:/root/yahboomcar_ws/install/yahboomcar_bringup/lib/python3.10/site-packages:/root/yahboomcar_ws/install/yahboomcar_visual/lib/python3.10/site-packages:/root/yahboomcar_ws/install/yahboomcar_nav/lib/python3.10/site-packages:/root/yahboomcar_ws/install/yahboomcar_msgs/local/lib/python3.10/dist-packages:/root/yahboomcar_ws/install/yahboomcar_mediapipe/lib/python3.10/site-packages:/root/yahboomcar_ws/install/yahboomcar_laser/lib/python3.10/site-packages:/root/yahboomcar_ws/install/yahboomcar_description/lib/python3.10/site-packages:/root/yahboomcar_ws/install/yahboomcar_ctrl/lib/python3.10/site-packages:/root/yahboomcar_ws/install/yahboomcar_bringup/lib/python3.10/site-packages:/root/yahboomcar_ws/install/yahboomcar_astra/lib/python3.10/site-packages:/root/yahboomcar_ws/install/yahboom_web_savmap_interfaces/local/lib/python3.10/dist-packages:/root/yahboomcar_ws/install/yahboom_app_save_map/lib/python3.10/site-packages:/root/yahboomcar_ws/install/robot_localization/local/lib/python3.10/dist-packages:/root/yahboomcar_ws/install/laserscan_to_point_publisher/lib/python3.10/site-packages:/opt/ros/humble/lib/python3.10/site-packages:/opt/ros/humble/local/lib/python3.10/dist-packages', 'COLCON': '1', 'CMAKE_PREFIX_PATH': '/root/imu_ws/install/imu_tools:/root/imu_ws/install/rviz_imu_plugin:/root/imu_ws/install/imu_filter_madgwick:/root/imu_ws/install/imu_complementary_filter:/root/yahboomcar_ws/install/yahboomcar_msgs:/root/yahboomcar_ws/install/yahboomcar_base_node:/root/yahboomcar_ws/install/yahboom_web_savmap_interfaces:/root/yahboomcar_ws/install/robot_pose_publisher_ros2:/root/yahboomcar_ws/install/robot_localization:/root/gmapping_ws/install/slam_gmapping:/root/gmapping_ws/install/openslam_gmapping'}, 'shell': False}
[5.928167] (-) TimerEvent: {}
[6.028981] (-) TimerEvent: {}
[6.054820] (yahboomcar_base_node) JobEnded: {'identifier': 'yahboomcar_base_node', 'rc': 0}
[6.057384] (yahboomcar_description) JobStarted: {'identifier': 'yahboomcar_description'}
[6.129191] (-) TimerEvent: {}
[6.229708] (-) TimerEvent: {}
[6.282105] (yahboomcar_astra) StderrLine: {'line': b"/usr/lib/python3/dist-packages/setuptools/dist.py:723: UserWarning: Usage of dash-separated 'script-dir' will not be supported in future versions. Please use the underscore name 'script_dir' instead\n"}
[6.282447] (yahboomcar_astra) StderrLine: {'line': b'  warnings.warn(\n'}
[6.290866] (yahboomcar_bringup) StdoutLine: {'line': b'running egg_info\n'}
[6.292527] (yahboomcar_bringup) StdoutLine: {'line': b'writing ../../build/yahboomcar_bringup/yahboomcar_bringup.egg-info/PKG-INFO\n'}
[6.293103] (yahboomcar_bringup) StdoutLine: {'line': b'writing dependency_links to ../../build/yahboomcar_bringup/yahboomcar_bringup.egg-info/dependency_links.txt\n'}
[6.293682] (yahboomcar_bringup) StdoutLine: {'line': b'writing entry points to ../../build/yahboomcar_bringup/yahboomcar_bringup.egg-info/entry_points.txt\n'}
[6.294077] (yahboomcar_bringup) StdoutLine: {'line': b'writing requirements to ../../build/yahboomcar_bringup/yahboomcar_bringup.egg-info/requires.txt\n'}
[6.294376] (yahboomcar_bringup) StdoutLine: {'line': b'writing top-level names to ../../build/yahboomcar_bringup/yahboomcar_bringup.egg-info/top_level.txt\n'}
[6.299207] (yahboomcar_bringup) StdoutLine: {'line': b"reading manifest file '../../build/yahboomcar_bringup/yahboomcar_bringup.egg-info/SOURCES.txt'\n"}
[6.301330] (yahboomcar_bringup) StdoutLine: {'line': b"writing manifest file '../../build/yahboomcar_bringup/yahboomcar_bringup.egg-info/SOURCES.txt'\n"}
[6.301734] (yahboomcar_bringup) StdoutLine: {'line': b'running build\n'}
[6.301889] (yahboomcar_bringup) StdoutLine: {'line': b'running build_py\n'}
[6.303325] (yahboomcar_bringup) StdoutLine: {'line': b'running install\n'}
[6.303741] (yahboomcar_bringup) StderrLine: {'line': b'/usr/lib/python3/dist-packages/setuptools/command/install.py:34: SetuptoolsDeprecationWarning: setup.py install is deprecated. Use build and pip and other standards-based tools.\n'}
[6.303926] (yahboomcar_bringup) StderrLine: {'line': b'  warnings.warn(\n'}
[6.304380] (yahboomcar_bringup) StdoutLine: {'line': b'running install_lib\n'}
[6.305970] (yahboomcar_astra) StdoutLine: {'line': b'running egg_info\n'}
[6.307836] (yahboomcar_bringup) StdoutLine: {'line': b'running install_data\n'}
[6.308692] (yahboomcar_astra) StdoutLine: {'line': b'writing ../../build/yahboomcar_astra/yahboomcar_astra.egg-info/PKG-INFO\n'}
[6.309179] (yahboomcar_bringup) StdoutLine: {'line': b'running install_egg_info\n'}
[6.309893] (yahboomcar_astra) StdoutLine: {'line': b'writing dependency_links to ../../build/yahboomcar_astra/yahboomcar_astra.egg-info/dependency_links.txt\n'}
[6.310696] (yahboomcar_astra) StdoutLine: {'line': b'writing entry points to ../../build/yahboomcar_astra/yahboomcar_astra.egg-info/entry_points.txt\n'}
[6.311561] (yahboomcar_astra) StdoutLine: {'line': b'writing requirements to ../../build/yahboomcar_astra/yahboomcar_astra.egg-info/requires.txt\n'}
[6.312368] (yahboomcar_astra) StdoutLine: {'line': b'writing top-level names to ../../build/yahboomcar_astra/yahboomcar_astra.egg-info/top_level.txt\n'}
[6.312995] (yahboomcar_bringup) StdoutLine: {'line': b"removing '/root/yahboomcar_ws/install/yahboomcar_bringup/lib/python3.10/site-packages/yahboomcar_bringup-0.0.0-py3.10.egg-info' (and everything under it)\n"}
[6.313664] (yahboomcar_bringup) StdoutLine: {'line': b'Copying ../../build/yahboomcar_bringup/yahboomcar_bringup.egg-info to /root/yahboomcar_ws/install/yahboomcar_bringup/lib/python3.10/site-packages/yahboomcar_bringup-0.0.0-py3.10.egg-info\n'}
[6.315393] (yahboomcar_bringup) StdoutLine: {'line': b'running install_scripts\n'}
[6.318345] (yahboomcar_astra) StdoutLine: {'line': b"reading manifest file '../../build/yahboomcar_astra/yahboomcar_astra.egg-info/SOURCES.txt'\n"}
[6.320923] (yahboomcar_astra) StdoutLine: {'line': b"writing manifest file '../../build/yahboomcar_astra/yahboomcar_astra.egg-info/SOURCES.txt'\n"}
[6.321630] (yahboomcar_astra) StdoutLine: {'line': b'running build\n'}
[6.322082] (yahboomcar_astra) StdoutLine: {'line': b'running build_py\n'}
[6.323054] (yahboomcar_astra) StdoutLine: {'line': b'copying yahboomcar_astra/colorTracker.py -> /root/yahboomcar_ws/build/yahboomcar_astra/build/lib/yahboomcar_astra\n'}
[6.324533] (yahboomcar_astra) StdoutLine: {'line': b'running install\n'}
[6.325436] (yahboomcar_astra) StderrLine: {'line': b'/usr/lib/python3/dist-packages/setuptools/command/install.py:34: SetuptoolsDeprecationWarning: setup.py install is deprecated. Use build and pip and other standards-based tools.\n'}
[6.325759] (yahboomcar_astra) StderrLine: {'line': b'  warnings.warn(\n'}
[6.327221] (yahboomcar_astra) StdoutLine: {'line': b'running install_lib\n'}
[6.329861] (-) TimerEvent: {}
[6.330517] (yahboomcar_astra) StdoutLine: {'line': b'copying /root/yahboomcar_ws/build/yahboomcar_astra/build/lib/yahboomcar_astra/colorTracker.py -> /root/yahboomcar_ws/install/yahboomcar_astra/lib/python3.10/site-packages/yahboomcar_astra\n'}
[6.333167] (yahboomcar_astra) StdoutLine: {'line': b'byte-compiling /root/yahboomcar_ws/install/yahboomcar_astra/lib/python3.10/site-packages/yahboomcar_astra/colorTracker.py to colorTracker.cpython-310.pyc\n'}
[6.336885] (yahboomcar_astra) StdoutLine: {'line': b'running install_data\n'}
[6.339349] (yahboomcar_astra) StdoutLine: {'line': b'running install_egg_info\n'}
[6.344555] (yahboomcar_astra) StdoutLine: {'line': b"removing '/root/yahboomcar_ws/install/yahboomcar_astra/lib/python3.10/site-packages/yahboomcar_astra-0.0.0-py3.10.egg-info' (and everything under it)\n"}
[6.346620] (yahboomcar_astra) StdoutLine: {'line': b'Copying ../../build/yahboomcar_astra/yahboomcar_astra.egg-info to /root/yahboomcar_ws/install/yahboomcar_astra/lib/python3.10/site-packages/yahboomcar_astra-0.0.0-py3.10.egg-info\n'}
[6.349321] (yahboomcar_astra) StdoutLine: {'line': b'running install_scripts\n'}
[6.363115] (yahboomcar_bringup) StdoutLine: {'line': b'Installing Ackman_driver_R2 script to /root/yahboomcar_ws/install/yahboomcar_bringup/lib/yahboomcar_bringup\n'}
[6.363586] (yahboomcar_bringup) StdoutLine: {'line': b'Installing Mcnamu_driver_X3 script to /root/yahboomcar_ws/install/yahboomcar_bringup/lib/yahboomcar_bringup\n'}
[6.363851] (yahboomcar_bringup) StdoutLine: {'line': b'Installing Mcnamu_driver_x1 script to /root/yahboomcar_ws/install/yahboomcar_bringup/lib/yahboomcar_bringup\n'}
[6.364095] (yahboomcar_bringup) StdoutLine: {'line': b'Installing calibrate_angular script to /root/yahboomcar_ws/install/yahboomcar_bringup/lib/yahboomcar_bringup\n'}
[6.364344] (yahboomcar_bringup) StdoutLine: {'line': b'Installing calibrate_angular_R2 script to /root/yahboomcar_ws/install/yahboomcar_bringup/lib/yahboomcar_bringup\n'}
[6.364561] (yahboomcar_bringup) StdoutLine: {'line': b'Installing calibrate_linear script to /root/yahboomcar_ws/install/yahboomcar_bringup/lib/yahboomcar_bringup\n'}
[6.364758] (yahboomcar_bringup) StdoutLine: {'line': b'Installing calibrate_linear_R2 script to /root/yahboomcar_ws/install/yahboomcar_bringup/lib/yahboomcar_bringup\n'}
[6.364986] (yahboomcar_bringup) StdoutLine: {'line': b'Installing patrol script to /root/yahboomcar_ws/install/yahboomcar_bringup/lib/yahboomcar_bringup\n'}
[6.365212] (yahboomcar_bringup) StdoutLine: {'line': b'Installing patrol_4ROS script to /root/yahboomcar_ws/install/yahboomcar_bringup/lib/yahboomcar_bringup\n'}
[6.365415] (yahboomcar_bringup) StdoutLine: {'line': b'Installing patrol_4ROS_R2 script to /root/yahboomcar_ws/install/yahboomcar_bringup/lib/yahboomcar_bringup\n'}
[6.365633] (yahboomcar_bringup) StdoutLine: {'line': b'Installing patrol_a1_R2 script to /root/yahboomcar_ws/install/yahboomcar_bringup/lib/yahboomcar_bringup\n'}
[6.367015] (yahboomcar_bringup) StdoutLine: {'line': b"writing list of installed files to '/root/yahboomcar_ws/build/yahboomcar_bringup/install.log'\n"}
[6.407590] (yahboomcar_astra) StdoutLine: {'line': b'Installing colorHSV script to /root/yahboomcar_ws/install/yahboomcar_astra/lib/yahboomcar_astra\n'}
[6.408900] (yahboomcar_astra) StdoutLine: {'line': b'Installing colorTracker script to /root/yahboomcar_ws/install/yahboomcar_astra/lib/yahboomcar_astra\n'}
[6.410577] (yahboomcar_astra) StdoutLine: {'line': b"writing list of installed files to '/root/yahboomcar_ws/build/yahboomcar_astra/install.log'\n"}
[6.429994] (-) TimerEvent: {}
[6.530803] (-) TimerEvent: {}
[6.631380] (-) TimerEvent: {}
[6.731825] (-) TimerEvent: {}
[6.812508] (yahboomcar_bringup) CommandEnded: {'returncode': 0}
[6.833216] (-) TimerEvent: {}
[6.873320] (yahboomcar_bringup) JobEnded: {'identifier': 'yahboomcar_bringup', 'rc': 0}
[6.875042] (yahboomcar_astra) CommandEnded: {'returncode': 0}
[6.930295] (yahboomcar_astra) JobEnded: {'identifier': 'yahboomcar_astra', 'rc': 0}
[6.934248] (-) TimerEvent: {}
[6.934944] (yahboomcar_ctrl) Command: {'cmd': ['/usr/bin/python3', 'setup.py', 'egg_info', '--egg-base', '../../build/yahboomcar_ctrl', 'build', '--build-base', '/root/yahboomcar_ws/build/yahboomcar_ctrl/build', 'install', '--record', '/root/yahboomcar_ws/build/yahboomcar_ctrl/install.log', '--single-version-externally-managed'], 'cwd': '/root/yahboomcar_ws/src/yahboomcar_ctrl', 'env': {'HOSTNAME': 'raspberrypi', 'SHLVL': '1', 'LD_LIBRARY_PATH': '/root/imu_ws/install/rviz_imu_plugin/lib:/root/imu_ws/install/imu_filter_madgwick/lib:/root/imu_ws/install/imu_complementary_filter/lib:/root/yahboomcar_ws/install/yahboomcar_msgs/lib:/root/yahboomcar_ws/install/yahboom_web_savmap_interfaces/lib:/root/yahboomcar_ws/install/robot_localization/lib:/root/gmapping_ws/install/openslam_gmapping/lib:/opt/ros/humble/opt/rviz_ogre_vendor/lib:/opt/ros/humble/lib/aarch64-linux-gnu:/opt/ros/humble/lib', 'HOME': '/root', 'OLDPWD': '/root', 'ROS_PYTHON_VERSION': '3', 'COLCON_PREFIX_PATH': '/root/yahboomcar_ws/install:/root/gmapping_ws/install:/root/imu_ws/install', 'ROS_DISTRO': 'humble', '_': '/usr/bin/colcon', 'ROS_VERSION': '2', 'TERM': 'xterm', 'ROS_LOCALHOST_ONLY': '0', 'QT_X11_NO_MITSHM': '1', 'PATH': '/opt/ros/humble/bin:/usr/local/sbin:/usr/local/bin:/usr/sbin:/usr/bin:/sbin:/bin', 'DISPLAY': ':0', 'LANG': 'C.UTF-8', 'LS_COLORS': 'rs=0:di=01;34:ln=01;36:mh=00:pi=40;33:so=01;35:do=01;35:bd=40;33;01:cd=40;33;01:or=40;31;01:mi=00:su=37;41:sg=30;43:ca=30;41:tw=30;42:ow=34;42:st=37;44:ex=01;32:*.tar=01;31:*.tgz=01;31:*.arc=01;31:*.arj=01;31:*.taz=01;31:*.lha=01;31:*.lz4=01;31:*.lzh=01;31:*.lzma=01;31:*.tlz=01;31:*.txz=01;31:*.tzo=01;31:*.t7z=01;31:*.zip=01;31:*.z=01;31:*.dz=01;31:*.gz=01;31:*.lrz=01;31:*.lz=01;31:*.lzo=01;31:*.xz=01;31:*.zst=01;31:*.tzst=01;31:*.bz2=01;31:*.bz=01;31:*.tbz=01;31:*.tbz2=01;31:*.tz=01;31:*.deb=01;31:*.rpm=01;31:*.jar=01;31:*.war=01;31:*.ear=01;31:*.sar=01;31:*.rar=01;31:*.alz=01;31:*.ace=01;31:*.zoo=01;31:*.cpio=01;31:*.7z=01;31:*.rz=01;31:*.cab=01;31:*.wim=01;31:*.swm=01;31:*.dwm=01;31:*.esd=01;31:*.jpg=01;35:*.jpeg=01;35:*.mjpg=01;35:*.mjpeg=01;35:*.gif=01;35:*.bmp=01;35:*.pbm=01;35:*.pgm=01;35:*.ppm=01;35:*.tga=01;35:*.xbm=01;35:*.xpm=01;35:*.tif=01;35:*.tiff=01;35:*.png=01;35:*.svg=01;35:*.svgz=01;35:*.mng=01;35:*.pcx=01;35:*.mov=01;35:*.mpg=01;35:*.mpeg=01;35:*.m2v=01;35:*.mkv=01;35:*.webm=01;35:*.webp=01;35:*.ogm=01;35:*.mp4=01;35:*.m4v=01;35:*.mp4v=01;35:*.vob=01;35:*.qt=01;35:*.nuv=01;35:*.wmv=01;35:*.asf=01;35:*.rm=01;35:*.rmvb=01;35:*.flc=01;35:*.avi=01;35:*.fli=01;35:*.flv=01;35:*.gl=01;35:*.dl=01;35:*.xcf=01;35:*.xwd=01;35:*.yuv=01;35:*.cgm=01;35:*.emf=01;35:*.ogv=01;35:*.ogx=01;35:*.aac=00;36:*.au=00;36:*.flac=00;36:*.m4a=00;36:*.mid=00;36:*.midi=00;36:*.mka=00;36:*.mp3=00;36:*.mpc=00;36:*.ogg=00;36:*.ra=00;36:*.wav=00;36:*.oga=00;36:*.opus=00;36:*.spx=00;36:*.xspf=00;36:', 'ROS_DOMAIN_ID': '30', 'AMENT_PREFIX_PATH': '/root/imu_ws/install/imu_tools:/root/imu_ws/install/rviz_imu_plugin:/root/imu_ws/install/imu_filter_madgwick:/root/imu_ws/install/imu_complementary_filter:/root/yahboomcar_ws/install/yahboomcar_visual:/root/yahboomcar_ws/install/yahboomcar_nav:/root/yahboomcar_ws/install/yahboomcar_msgs:/root/yahboomcar_ws/install/yahboomcar_mediapipe:/root/yahboomcar_ws/install/yahboomcar_laser:/root/yahboomcar_ws/install/yahboomcar_description:/root/yahboomcar_ws/install/yahboomcar_ctrl:/root/yahboomcar_ws/install/yahboomcar_bringup:/root/yahboomcar_ws/install/yahboomcar_base_node:/root/yahboomcar_ws/install/yahboomcar_astra:/root/yahboomcar_ws/install/yahboom_web_savmap_interfaces:/root/yahboomcar_ws/install/yahboom_app_save_map:/root/yahboomcar_ws/install/robot_pose_publisher_ros2:/root/yahboomcar_ws/install/robot_localization:/root/yahboomcar_ws/install/laserscan_to_point_publisher:/root/gmapping_ws/install/slam_gmapping:/root/gmapping_ws/install/openslam_gmapping:/opt/ros/humble', 'PWD': '/root/yahboomcar_ws/build/yahboomcar_ctrl', 'LC_ALL': 'C.UTF-8', 'PYTHONPATH': '/root/yahboomcar_ws/build/yahboomcar_ctrl/prefix_override:/root/yahboomcar_ws/install/yahboomcar_ctrl/lib/python3.10/site-packages:/root/yahboomcar_ws/install/yahboomcar_visual/lib/python3.10/site-packages:/root/yahboomcar_ws/install/yahboomcar_nav/lib/python3.10/site-packages:/root/yahboomcar_ws/install/yahboomcar_msgs/local/lib/python3.10/dist-packages:/root/yahboomcar_ws/install/yahboomcar_mediapipe/lib/python3.10/site-packages:/root/yahboomcar_ws/install/yahboomcar_laser/lib/python3.10/site-packages:/root/yahboomcar_ws/install/yahboomcar_description/lib/python3.10/site-packages:/root/yahboomcar_ws/install/yahboomcar_ctrl/lib/python3.10/site-packages:/root/yahboomcar_ws/install/yahboomcar_bringup/lib/python3.10/site-packages:/root/yahboomcar_ws/install/yahboomcar_astra/lib/python3.10/site-packages:/root/yahboomcar_ws/install/yahboom_web_savmap_interfaces/local/lib/python3.10/dist-packages:/root/yahboomcar_ws/install/yahboom_app_save_map/lib/python3.10/site-packages:/root/yahboomcar_ws/install/robot_localization/local/lib/python3.10/dist-packages:/root/yahboomcar_ws/install/laserscan_to_point_publisher/lib/python3.10/site-packages:/opt/ros/humble/lib/python3.10/site-packages:/opt/ros/humble/local/lib/python3.10/dist-packages', 'COLCON': '1', 'CMAKE_PREFIX_PATH': '/root/imu_ws/install/imu_tools:/root/imu_ws/install/rviz_imu_plugin:/root/imu_ws/install/imu_filter_madgwick:/root/imu_ws/install/imu_complementary_filter:/root/yahboomcar_ws/install/yahboomcar_msgs:/root/yahboomcar_ws/install/yahboomcar_base_node:/root/yahboomcar_ws/install/yahboom_web_savmap_interfaces:/root/yahboomcar_ws/install/robot_pose_publisher_ros2:/root/yahboomcar_ws/install/robot_localization:/root/gmapping_ws/install/slam_gmapping:/root/gmapping_ws/install/openslam_gmapping'}, 'shell': False}
[6.936659] (yahboomcar_laser) JobStarted: {'identifier': 'yahboomcar_laser'}
[7.034387] (-) TimerEvent: {}
[7.067063] (yahboomcar_mediapipe) JobStarted: {'identifier': 'yahboomcar_mediapipe'}
[7.134598] (-) TimerEvent: {}
[7.234958] (-) TimerEvent: {}
[7.264926] (yahboomcar_ctrl) StdoutLine: {'line': b'running egg_info\n'}
[7.266555] (yahboomcar_ctrl) StdoutLine: {'line': b'writing ../../build/yahboomcar_ctrl/yahboomcar_ctrl.egg-info/PKG-INFO\n'}
[7.267094] (yahboomcar_ctrl) StdoutLine: {'line': b'writing dependency_links to ../../build/yahboomcar_ctrl/yahboomcar_ctrl.egg-info/dependency_links.txt\n'}
[7.267398] (yahboomcar_ctrl) StdoutLine: {'line': b'writing entry points to ../../build/yahboomcar_ctrl/yahboomcar_ctrl.egg-info/entry_points.txt\n'}
[7.267585] (yahboomcar_ctrl) StdoutLine: {'line': b'writing requirements to ../../build/yahboomcar_ctrl/yahboomcar_ctrl.egg-info/requires.txt\n'}
[7.267732] (yahboomcar_ctrl) StdoutLine: {'line': b'writing top-level names to ../../build/yahboomcar_ctrl/yahboomcar_ctrl.egg-info/top_level.txt\n'}
[7.271654] (yahboomcar_ctrl) StdoutLine: {'line': b"reading manifest file '../../build/yahboomcar_ctrl/yahboomcar_ctrl.egg-info/SOURCES.txt'\n"}
[7.273046] (yahboomcar_ctrl) StdoutLine: {'line': b"writing manifest file '../../build/yahboomcar_ctrl/yahboomcar_ctrl.egg-info/SOURCES.txt'\n"}
[7.273337] (yahboomcar_ctrl) StdoutLine: {'line': b'running build\n'}
[7.273432] (yahboomcar_ctrl) StdoutLine: {'line': b'running build_py\n'}
[7.273895] (yahboomcar_ctrl) StdoutLine: {'line': b'running install\n'}
[7.274139] (yahboomcar_ctrl) StderrLine: {'line': b'/usr/lib/python3/dist-packages/setuptools/command/install.py:34: SetuptoolsDeprecationWarning: setup.py install is deprecated. Use build and pip and other standards-based tools.\n'}
[7.274284] (yahboomcar_ctrl) StderrLine: {'line': b'  warnings.warn(\n'}
[7.274820] (yahboomcar_ctrl) StdoutLine: {'line': b'running install_lib\n'}
[7.277279] (yahboomcar_ctrl) StdoutLine: {'line': b'running install_data\n'}
[7.278239] (yahboomcar_ctrl) StdoutLine: {'line': b'running install_egg_info\n'}
[7.281268] (yahboomcar_ctrl) StdoutLine: {'line': b"removing '/root/yahboomcar_ws/install/yahboomcar_ctrl/lib/python3.10/site-packages/yahboomcar_ctrl-0.0.0-py3.10.egg-info' (and everything under it)\n"}
[7.282025] (yahboomcar_ctrl) StdoutLine: {'line': b'Copying ../../build/yahboomcar_ctrl/yahboomcar_ctrl.egg-info to /root/yahboomcar_ws/install/yahboomcar_ctrl/lib/python3.10/site-packages/yahboomcar_ctrl-0.0.0-py3.10.egg-info\n'}
[7.283544] (yahboomcar_ctrl) StdoutLine: {'line': b'running install_scripts\n'}
[7.322237] (yahboomcar_ctrl) StdoutLine: {'line': b'Installing yahboom_joy script to /root/yahboomcar_ws/install/yahboomcar_ctrl/lib/yahboomcar_ctrl\n'}
[7.322587] (yahboomcar_ctrl) StdoutLine: {'line': b'Installing yahboom_joy_R2 script to /root/yahboomcar_ws/install/yahboomcar_ctrl/lib/yahboomcar_ctrl\n'}
[7.322786] (yahboomcar_ctrl) StdoutLine: {'line': b'Installing yahboom_keyboard script to /root/yahboomcar_ws/install/yahboomcar_ctrl/lib/yahboomcar_ctrl\n'}
[7.323442] (yahboomcar_ctrl) StdoutLine: {'line': b"writing list of installed files to '/root/yahboomcar_ws/build/yahboomcar_ctrl/install.log'\n"}
[7.335084] (-) TimerEvent: {}
[7.435553] (-) TimerEvent: {}
[7.536402] (-) TimerEvent: {}
[7.637236] (-) TimerEvent: {}
[7.738142] (-) TimerEvent: {}
[7.838832] (-) TimerEvent: {}
[7.939345] (-) TimerEvent: {}
[8.039778] (-) TimerEvent: {}
[8.140186] (-) TimerEvent: {}
[8.202152] (yahboomcar_ctrl) CommandEnded: {'returncode': 0}
[8.240281] (-) TimerEvent: {}
[8.259465] (yahboomcar_ctrl) JobEnded: {'identifier': 'yahboomcar_ctrl', 'rc': 0}
[8.262772] (yahboomcar_description) Command: {'cmd': ['/usr/bin/python3', 'setup.py', 'egg_info', '--egg-base', '../../build/yahboomcar_description', 'build', '--build-base', '/root/yahboomcar_ws/build/yahboomcar_description/build', 'install', '--record', '/root/yahboomcar_ws/build/yahboomcar_description/install.log', '--single-version-externally-managed'], 'cwd': '/root/yahboomcar_ws/src/yahboomcar_description', 'env': {'HOSTNAME': 'raspberrypi', 'SHLVL': '1', 'LD_LIBRARY_PATH': '/root/imu_ws/install/rviz_imu_plugin/lib:/root/imu_ws/install/imu_filter_madgwick/lib:/root/imu_ws/install/imu_complementary_filter/lib:/root/yahboomcar_ws/install/yahboomcar_msgs/lib:/root/yahboomcar_ws/install/yahboom_web_savmap_interfaces/lib:/root/yahboomcar_ws/install/robot_localization/lib:/root/gmapping_ws/install/openslam_gmapping/lib:/opt/ros/humble/opt/rviz_ogre_vendor/lib:/opt/ros/humble/lib/aarch64-linux-gnu:/opt/ros/humble/lib', 'HOME': '/root', 'OLDPWD': '/root', 'ROS_PYTHON_VERSION': '3', 'COLCON_PREFIX_PATH': '/root/yahboomcar_ws/install:/root/gmapping_ws/install:/root/imu_ws/install', 'ROS_DISTRO': 'humble', '_': '/usr/bin/colcon', 'ROS_VERSION': '2', 'TERM': 'xterm', 'ROS_LOCALHOST_ONLY': '0', 'QT_X11_NO_MITSHM': '1', 'PATH': '/opt/ros/humble/bin:/usr/local/sbin:/usr/local/bin:/usr/sbin:/usr/bin:/sbin:/bin', 'DISPLAY': ':0', 'LANG': 'C.UTF-8', 'LS_COLORS': 'rs=0:di=01;34:ln=01;36:mh=00:pi=40;33:so=01;35:do=01;35:bd=40;33;01:cd=40;33;01:or=40;31;01:mi=00:su=37;41:sg=30;43:ca=30;41:tw=30;42:ow=34;42:st=37;44:ex=01;32:*.tar=01;31:*.tgz=01;31:*.arc=01;31:*.arj=01;31:*.taz=01;31:*.lha=01;31:*.lz4=01;31:*.lzh=01;31:*.lzma=01;31:*.tlz=01;31:*.txz=01;31:*.tzo=01;31:*.t7z=01;31:*.zip=01;31:*.z=01;31:*.dz=01;31:*.gz=01;31:*.lrz=01;31:*.lz=01;31:*.lzo=01;31:*.xz=01;31:*.zst=01;31:*.tzst=01;31:*.bz2=01;31:*.bz=01;31:*.tbz=01;31:*.tbz2=01;31:*.tz=01;31:*.deb=01;31:*.rpm=01;31:*.jar=01;31:*.war=01;31:*.ear=01;31:*.sar=01;31:*.rar=01;31:*.alz=01;31:*.ace=01;31:*.zoo=01;31:*.cpio=01;31:*.7z=01;31:*.rz=01;31:*.cab=01;31:*.wim=01;31:*.swm=01;31:*.dwm=01;31:*.esd=01;31:*.jpg=01;35:*.jpeg=01;35:*.mjpg=01;35:*.mjpeg=01;35:*.gif=01;35:*.bmp=01;35:*.pbm=01;35:*.pgm=01;35:*.ppm=01;35:*.tga=01;35:*.xbm=01;35:*.xpm=01;35:*.tif=01;35:*.tiff=01;35:*.png=01;35:*.svg=01;35:*.svgz=01;35:*.mng=01;35:*.pcx=01;35:*.mov=01;35:*.mpg=01;35:*.mpeg=01;35:*.m2v=01;35:*.mkv=01;35:*.webm=01;35:*.webp=01;35:*.ogm=01;35:*.mp4=01;35:*.m4v=01;35:*.mp4v=01;35:*.vob=01;35:*.qt=01;35:*.nuv=01;35:*.wmv=01;35:*.asf=01;35:*.rm=01;35:*.rmvb=01;35:*.flc=01;35:*.avi=01;35:*.fli=01;35:*.flv=01;35:*.gl=01;35:*.dl=01;35:*.xcf=01;35:*.xwd=01;35:*.yuv=01;35:*.cgm=01;35:*.emf=01;35:*.ogv=01;35:*.ogx=01;35:*.aac=00;36:*.au=00;36:*.flac=00;36:*.m4a=00;36:*.mid=00;36:*.midi=00;36:*.mka=00;36:*.mp3=00;36:*.mpc=00;36:*.ogg=00;36:*.ra=00;36:*.wav=00;36:*.oga=00;36:*.opus=00;36:*.spx=00;36:*.xspf=00;36:', 'ROS_DOMAIN_ID': '30', 'AMENT_PREFIX_PATH': '/root/imu_ws/install/imu_tools:/root/imu_ws/install/rviz_imu_plugin:/root/imu_ws/install/imu_filter_madgwick:/root/imu_ws/install/imu_complementary_filter:/root/yahboomcar_ws/install/yahboomcar_visual:/root/yahboomcar_ws/install/yahboomcar_nav:/root/yahboomcar_ws/install/yahboomcar_msgs:/root/yahboomcar_ws/install/yahboomcar_mediapipe:/root/yahboomcar_ws/install/yahboomcar_laser:/root/yahboomcar_ws/install/yahboomcar_description:/root/yahboomcar_ws/install/yahboomcar_ctrl:/root/yahboomcar_ws/install/yahboomcar_bringup:/root/yahboomcar_ws/install/yahboomcar_base_node:/root/yahboomcar_ws/install/yahboomcar_astra:/root/yahboomcar_ws/install/yahboom_web_savmap_interfaces:/root/yahboomcar_ws/install/yahboom_app_save_map:/root/yahboomcar_ws/install/robot_pose_publisher_ros2:/root/yahboomcar_ws/install/robot_localization:/root/yahboomcar_ws/install/laserscan_to_point_publisher:/root/gmapping_ws/install/slam_gmapping:/root/gmapping_ws/install/openslam_gmapping:/opt/ros/humble', 'PWD': '/root/yahboomcar_ws/build/yahboomcar_description', 'LC_ALL': 'C.UTF-8', 'PYTHONPATH': '/root/yahboomcar_ws/build/yahboomcar_description/prefix_override:/root/yahboomcar_ws/install/yahboomcar_description/lib/python3.10/site-packages:/root/yahboomcar_ws/install/yahboomcar_visual/lib/python3.10/site-packages:/root/yahboomcar_ws/install/yahboomcar_nav/lib/python3.10/site-packages:/root/yahboomcar_ws/install/yahboomcar_msgs/local/lib/python3.10/dist-packages:/root/yahboomcar_ws/install/yahboomcar_mediapipe/lib/python3.10/site-packages:/root/yahboomcar_ws/install/yahboomcar_laser/lib/python3.10/site-packages:/root/yahboomcar_ws/install/yahboomcar_description/lib/python3.10/site-packages:/root/yahboomcar_ws/install/yahboomcar_ctrl/lib/python3.10/site-packages:/root/yahboomcar_ws/install/yahboomcar_bringup/lib/python3.10/site-packages:/root/yahboomcar_ws/install/yahboomcar_astra/lib/python3.10/site-packages:/root/yahboomcar_ws/install/yahboom_web_savmap_interfaces/local/lib/python3.10/dist-packages:/root/yahboomcar_ws/install/yahboom_app_save_map/lib/python3.10/site-packages:/root/yahboomcar_ws/install/robot_localization/local/lib/python3.10/dist-packages:/root/yahboomcar_ws/install/laserscan_to_point_publisher/lib/python3.10/site-packages:/opt/ros/humble/lib/python3.10/site-packages:/opt/ros/humble/local/lib/python3.10/dist-packages', 'COLCON': '1', 'CMAKE_PREFIX_PATH': '/root/imu_ws/install/imu_tools:/root/imu_ws/install/rviz_imu_plugin:/root/imu_ws/install/imu_filter_madgwick:/root/imu_ws/install/imu_complementary_filter:/root/yahboomcar_ws/install/yahboomcar_msgs:/root/yahboomcar_ws/install/yahboomcar_base_node:/root/yahboomcar_ws/install/yahboom_web_savmap_interfaces:/root/yahboomcar_ws/install/robot_pose_publisher_ros2:/root/yahboomcar_ws/install/robot_localization:/root/gmapping_ws/install/slam_gmapping:/root/gmapping_ws/install/openslam_gmapping'}, 'shell': False}
[8.265920] (yahboomcar_msgs) JobStarted: {'identifier': 'yahboomcar_msgs'}
[8.359333] (-) TimerEvent: {}
[8.437637] (yahboomcar_msgs) JobProgress: {'identifier': 'yahboomcar_msgs', 'progress': 'cmake'}
[8.439054] (yahboomcar_msgs) JobProgress: {'identifier': 'yahboomcar_msgs', 'progress': 'build'}
[8.439576] (yahboomcar_msgs) Command: {'cmd': ['/usr/bin/cmake', '--build', '/root/yahboomcar_ws/build/yahboomcar_msgs', '--', '-j4', '-l4'], 'cwd': '/root/yahboomcar_ws/build/yahboomcar_msgs', 'env': OrderedDict([('HOSTNAME', 'raspberrypi'), ('SHLVL', '1'), ('LD_LIBRARY_PATH', '/root/imu_ws/install/rviz_imu_plugin/lib:/root/imu_ws/install/imu_filter_madgwick/lib:/root/imu_ws/install/imu_complementary_filter/lib:/root/yahboomcar_ws/install/yahboomcar_msgs/lib:/root/yahboomcar_ws/install/yahboom_web_savmap_interfaces/lib:/root/yahboomcar_ws/install/robot_localization/lib:/root/gmapping_ws/install/openslam_gmapping/lib:/opt/ros/humble/opt/rviz_ogre_vendor/lib:/opt/ros/humble/lib/aarch64-linux-gnu:/opt/ros/humble/lib'), ('HOME', '/root'), ('OLDPWD', '/root'), ('ROS_PYTHON_VERSION', '3'), ('COLCON_PREFIX_PATH', '/root/yahboomcar_ws/install:/root/gmapping_ws/install:/root/imu_ws/install'), ('ROS_DISTRO', 'humble'), ('_', '/usr/bin/colcon'), ('ROS_VERSION', '2'), ('TERM', 'xterm'), ('ROS_LOCALHOST_ONLY', '0'), ('QT_X11_NO_MITSHM', '1'), ('PATH', '/opt/ros/humble/bin:/usr/local/sbin:/usr/local/bin:/usr/sbin:/usr/bin:/sbin:/bin'), ('DISPLAY', ':0'), ('LANG', 'C.UTF-8'), ('LS_COLORS', 'rs=0:di=01;34:ln=01;36:mh=00:pi=40;33:so=01;35:do=01;35:bd=40;33;01:cd=40;33;01:or=40;31;01:mi=00:su=37;41:sg=30;43:ca=30;41:tw=30;42:ow=34;42:st=37;44:ex=01;32:*.tar=01;31:*.tgz=01;31:*.arc=01;31:*.arj=01;31:*.taz=01;31:*.lha=01;31:*.lz4=01;31:*.lzh=01;31:*.lzma=01;31:*.tlz=01;31:*.txz=01;31:*.tzo=01;31:*.t7z=01;31:*.zip=01;31:*.z=01;31:*.dz=01;31:*.gz=01;31:*.lrz=01;31:*.lz=01;31:*.lzo=01;31:*.xz=01;31:*.zst=01;31:*.tzst=01;31:*.bz2=01;31:*.bz=01;31:*.tbz=01;31:*.tbz2=01;31:*.tz=01;31:*.deb=01;31:*.rpm=01;31:*.jar=01;31:*.war=01;31:*.ear=01;31:*.sar=01;31:*.rar=01;31:*.alz=01;31:*.ace=01;31:*.zoo=01;31:*.cpio=01;31:*.7z=01;31:*.rz=01;31:*.cab=01;31:*.wim=01;31:*.swm=01;31:*.dwm=01;31:*.esd=01;31:*.jpg=01;35:*.jpeg=01;35:*.mjpg=01;35:*.mjpeg=01;35:*.gif=01;35:*.bmp=01;35:*.pbm=01;35:*.pgm=01;35:*.ppm=01;35:*.tga=01;35:*.xbm=01;35:*.xpm=01;35:*.tif=01;35:*.tiff=01;35:*.png=01;35:*.svg=01;35:*.svgz=01;35:*.mng=01;35:*.pcx=01;35:*.mov=01;35:*.mpg=01;35:*.mpeg=01;35:*.m2v=01;35:*.mkv=01;35:*.webm=01;35:*.webp=01;35:*.ogm=01;35:*.mp4=01;35:*.m4v=01;35:*.mp4v=01;35:*.vob=01;35:*.qt=01;35:*.nuv=01;35:*.wmv=01;35:*.asf=01;35:*.rm=01;35:*.rmvb=01;35:*.flc=01;35:*.avi=01;35:*.fli=01;35:*.flv=01;35:*.gl=01;35:*.dl=01;35:*.xcf=01;35:*.xwd=01;35:*.yuv=01;35:*.cgm=01;35:*.emf=01;35:*.ogv=01;35:*.ogx=01;35:*.aac=00;36:*.au=00;36:*.flac=00;36:*.m4a=00;36:*.mid=00;36:*.midi=00;36:*.mka=00;36:*.mp3=00;36:*.mpc=00;36:*.ogg=00;36:*.ra=00;36:*.wav=00;36:*.oga=00;36:*.opus=00;36:*.spx=00;36:*.xspf=00;36:'), ('ROS_DOMAIN_ID', '30'), ('AMENT_PREFIX_PATH', '/root/imu_ws/install/imu_tools:/root/imu_ws/install/rviz_imu_plugin:/root/imu_ws/install/imu_filter_madgwick:/root/imu_ws/install/imu_complementary_filter:/root/yahboomcar_ws/install/yahboomcar_visual:/root/yahboomcar_ws/install/yahboomcar_nav:/root/yahboomcar_ws/install/yahboomcar_msgs:/root/yahboomcar_ws/install/yahboomcar_mediapipe:/root/yahboomcar_ws/install/yahboomcar_laser:/root/yahboomcar_ws/install/yahboomcar_description:/root/yahboomcar_ws/install/yahboomcar_ctrl:/root/yahboomcar_ws/install/yahboomcar_bringup:/root/yahboomcar_ws/install/yahboomcar_base_node:/root/yahboomcar_ws/install/yahboomcar_astra:/root/yahboomcar_ws/install/yahboom_web_savmap_interfaces:/root/yahboomcar_ws/install/yahboom_app_save_map:/root/yahboomcar_ws/install/robot_pose_publisher_ros2:/root/yahboomcar_ws/install/robot_localization:/root/yahboomcar_ws/install/laserscan_to_point_publisher:/root/gmapping_ws/install/slam_gmapping:/root/gmapping_ws/install/openslam_gmapping:/opt/ros/humble'), ('PWD', '/root/yahboomcar_ws/build/yahboomcar_msgs'), ('LC_ALL', 'C.UTF-8'), ('PYTHONPATH', '/root/yahboomcar_ws/install/yahboomcar_visual/lib/python3.10/site-packages:/root/yahboomcar_ws/install/yahboomcar_nav/lib/python3.10/site-packages:/root/yahboomcar_ws/install/yahboomcar_msgs/local/lib/python3.10/dist-packages:/root/yahboomcar_ws/install/yahboomcar_mediapipe/lib/python3.10/site-packages:/root/yahboomcar_ws/install/yahboomcar_laser/lib/python3.10/site-packages:/root/yahboomcar_ws/install/yahboomcar_description/lib/python3.10/site-packages:/root/yahboomcar_ws/install/yahboomcar_ctrl/lib/python3.10/site-packages:/root/yahboomcar_ws/install/yahboomcar_bringup/lib/python3.10/site-packages:/root/yahboomcar_ws/install/yahboomcar_astra/lib/python3.10/site-packages:/root/yahboomcar_ws/install/yahboom_web_savmap_interfaces/local/lib/python3.10/dist-packages:/root/yahboomcar_ws/install/yahboom_app_save_map/lib/python3.10/site-packages:/root/yahboomcar_ws/install/robot_localization/local/lib/python3.10/dist-packages:/root/yahboomcar_ws/install/laserscan_to_point_publisher/lib/python3.10/site-packages:/opt/ros/humble/lib/python3.10/site-packages:/opt/ros/humble/local/lib/python3.10/dist-packages'), ('COLCON', '1'), ('CMAKE_PREFIX_PATH', '/root/imu_ws/install/imu_tools:/root/imu_ws/install/rviz_imu_plugin:/root/imu_ws/install/imu_filter_madgwick:/root/imu_ws/install/imu_complementary_filter:/root/yahboomcar_ws/install/yahboomcar_msgs:/root/yahboomcar_ws/install/yahboomcar_base_node:/root/yahboomcar_ws/install/yahboom_web_savmap_interfaces:/root/yahboomcar_ws/install/robot_pose_publisher_ros2:/root/yahboomcar_ws/install/robot_localization:/root/gmapping_ws/install/slam_gmapping:/root/gmapping_ws/install/openslam_gmapping:/root/yahboomcar_ws/install/yahboomcar_visual:/root/yahboomcar_ws/install/yahboomcar_nav:/root/yahboomcar_ws/install/yahboomcar_mediapipe:/root/yahboomcar_ws/install/yahboomcar_laser:/root/yahboomcar_ws/install/yahboomcar_description:/root/yahboomcar_ws/install/yahboomcar_ctrl:/root/yahboomcar_ws/install/yahboomcar_bringup:/root/yahboomcar_ws/install/yahboomcar_astra:/root/yahboomcar_ws/install/yahboom_app_save_map:/root/yahboomcar_ws/install/laserscan_to_point_publisher:/opt/ros/humble')]), 'shell': False}
[8.459474] (-) TimerEvent: {}
[8.560016] (-) TimerEvent: {}
[8.568729] (yahboomcar_msgs) StdoutLine: {'line': b'[ 11%] Built target yahboomcar_msgs__rosidl_generator_c\n'}
[8.600548] (yahboomcar_msgs) StdoutLine: {'line': b'[ 12%] Built target yahboomcar_msgs__cpp\n'}
[8.640203] (yahboomcar_msgs) StdoutLine: {'line': b'[ 12%] Built target ament_cmake_python_copy_yahboomcar_msgs\n'}
[8.660194] (-) TimerEvent: {}
[8.669743] (yahboomcar_msgs) StdoutLine: {'line': b'[ 23%] Built target yahboomcar_msgs__rosidl_typesupport_fastrtps_c\n'}
[8.677045] (yahboomcar_description) StdoutLine: {'line': b'running egg_info\n'}
[8.678709] (yahboomcar_description) StdoutLine: {'line': b'writing ../../build/yahboomcar_description/yahboomcar_description.egg-info/PKG-INFO\n'}
[8.679545] (yahboomcar_description) StdoutLine: {'line': b'writing dependency_links to ../../build/yahboomcar_description/yahboomcar_description.egg-info/dependency_links.txt\n'}
[8.679889] (yahboomcar_description) StdoutLine: {'line': b'writing entry points to ../../build/yahboomcar_description/yahboomcar_description.egg-info/entry_points.txt\n'}
[8.680178] (yahboomcar_description) StdoutLine: {'line': b'writing requirements to ../../build/yahboomcar_description/yahboomcar_description.egg-info/requires.txt\n'}
[8.680396] (yahboomcar_description) StdoutLine: {'line': b'writing top-level names to ../../build/yahboomcar_description/yahboomcar_description.egg-info/top_level.txt\n'}
[8.685295] (yahboomcar_description) StdoutLine: {'line': b"reading manifest file '../../build/yahboomcar_description/yahboomcar_description.egg-info/SOURCES.txt'\n"}
[8.686988] (yahboomcar_description) StdoutLine: {'line': b"writing manifest file '../../build/yahboomcar_description/yahboomcar_description.egg-info/SOURCES.txt'\n"}
[8.687423] (yahboomcar_description) StdoutLine: {'line': b'running build\n'}
[8.687560] (yahboomcar_description) StdoutLine: {'line': b'running build_py\n'}
[8.687776] (yahboomcar_description) StdoutLine: {'line': b'running install\n'}
[8.688118] (yahboomcar_description) StderrLine: {'line': b'/usr/lib/python3/dist-packages/setuptools/command/install.py:34: SetuptoolsDeprecationWarning: setup.py install is deprecated. Use build and pip and other standards-based tools.\n'}
[8.688300] (yahboomcar_description) StderrLine: {'line': b'  warnings.warn(\n'}
[8.688834] (yahboomcar_description) StdoutLine: {'line': b'running install_lib\n'}
[8.691581] (yahboomcar_description) StdoutLine: {'line': b'running install_data\n'}
[8.693315] (yahboomcar_description) StdoutLine: {'line': b'running install_egg_info\n'}
[8.698112] (yahboomcar_description) StdoutLine: {'line': b"removing '/root/yahboomcar_ws/install/yahboomcar_description/lib/python3.10/site-packages/yahboomcar_description-0.0.0-py3.10.egg-info' (and everything under it)\n"}
[8.699344] (yahboomcar_description) StdoutLine: {'line': b'Copying ../../build/yahboomcar_description/yahboomcar_description.egg-info to /root/yahboomcar_ws/install/yahboomcar_description/lib/python3.10/site-packages/yahboomcar_description-0.0.0-py3.10.egg-info\n'}
[8.701351] (yahboomcar_description) StdoutLine: {'line': b'running install_scripts\n'}
[8.709975] (yahboomcar_msgs) StdoutLine: {'line': b'[ 34%] Built target yahboomcar_msgs__rosidl_typesupport_introspection_c\n'}
[8.715633] (yahboomcar_msgs) StdoutLine: {'line': b'[ 46%] Built target yahboomcar_msgs__rosidl_typesupport_c\n'}
[8.750584] (yahboomcar_msgs) StdoutLine: {'line': b'[ 57%] Built target yahboomcar_msgs__rosidl_typesupport_fastrtps_cpp\n'}
[8.756535] (yahboomcar_description) StdoutLine: {'line': b"writing list of installed files to '/root/yahboomcar_ws/build/yahboomcar_description/install.log'\n"}
[8.760376] (-) TimerEvent: {}
[8.787656] (yahboomcar_msgs) StdoutLine: {'line': b'[ 68%] Built target yahboomcar_msgs__rosidl_typesupport_introspection_cpp\n'}
[8.825144] (yahboomcar_msgs) StdoutLine: {'line': b'[ 79%] Built target yahboomcar_msgs__rosidl_typesupport_cpp\n'}
[8.850413] (yahboomcar_description) CommandEnded: {'returncode': 0}
[8.860493] (-) TimerEvent: {}
[8.920691] (yahboomcar_msgs) StdoutLine: {'line': b'[ 79%] Built target yahboomcar_msgs\n'}
[8.960912] (-) TimerEvent: {}
[8.965683] (yahboomcar_description) JobEnded: {'identifier': 'yahboomcar_description', 'rc': 0}
[8.968926] (yahboomcar_nav) JobStarted: {'identifier': 'yahboomcar_nav'}
[9.050531] (yahboomcar_msgs) StdoutLine: {'line': b'[ 80%] Built target yahboomcar_msgs__py\n'}
[9.061094] (-) TimerEvent: {}
[9.161801] (-) TimerEvent: {}
[9.211645] (yahboomcar_msgs) StdoutLine: {'line': b'[ 90%] Built target yahboomcar_msgs__rosidl_generator_py\n'}
[9.262089] (-) TimerEvent: {}
[9.306272] (yahboomcar_msgs) StdoutLine: {'line': b'[ 93%] Built target yahboomcar_msgs__rosidl_typesupport_fastrtps_c__pyext\n'}
[9.323955] (yahboomcar_msgs) StdoutLine: {'line': b'[100%] Built target yahboomcar_msgs__rosidl_typesupport_introspection_c__pyext\n'}
[9.324364] (yahboomcar_msgs) StdoutLine: {'line': b'[100%] Built target yahboomcar_msgs__rosidl_typesupport_c__pyext\n'}
[9.349406] (yahboomcar_msgs) StdoutLine: {'line': b'running egg_info\n'}
[9.350865] (yahboomcar_msgs) StdoutLine: {'line': b'writing yahboomcar_msgs.egg-info/PKG-INFO\n'}
[9.351516] (yahboomcar_msgs) StdoutLine: {'line': b'writing dependency_links to yahboomcar_msgs.egg-info/dependency_links.txt\n'}
[9.351728] (yahboomcar_msgs) StdoutLine: {'line': b'writing top-level names to yahboomcar_msgs.egg-info/top_level.txt\n'}
[9.355452] (yahboomcar_msgs) StdoutLine: {'line': b"reading manifest file 'yahboomcar_msgs.egg-info/SOURCES.txt'\n"}
[9.356321] (yahboomcar_msgs) StdoutLine: {'line': b"writing manifest file 'yahboomcar_msgs.egg-info/SOURCES.txt'\n"}
[9.362186] (-) TimerEvent: {}
[9.427980] (yahboomcar_msgs) StdoutLine: {'line': b'[100%] Built target ament_cmake_python_build_yahboomcar_msgs_egg\n'}
[9.462286] (-) TimerEvent: {}
[9.562691] (-) TimerEvent: {}
[9.663119] (-) TimerEvent: {}
[9.763703] (-) TimerEvent: {}
[9.777869] (yahboomcar_msgs) CommandEnded: {'returncode': 0}
[9.780909] (yahboomcar_laser) Command: {'cmd': ['/usr/bin/python3', 'setup.py', 'egg_info', '--egg-base', '../../build/yahboomcar_laser', 'build', '--build-base', '/root/yahboomcar_ws/build/yahboomcar_laser/build', 'install', '--record', '/root/yahboomcar_ws/build/yahboomcar_laser/install.log', '--single-version-externally-managed'], 'cwd': '/root/yahboomcar_ws/src/yahboomcar_laser', 'env': {'HOSTNAME': 'raspberrypi', 'SHLVL': '1', 'LD_LIBRARY_PATH': '/root/imu_ws/install/rviz_imu_plugin/lib:/root/imu_ws/install/imu_filter_madgwick/lib:/root/imu_ws/install/imu_complementary_filter/lib:/root/yahboomcar_ws/install/yahboomcar_msgs/lib:/root/yahboomcar_ws/install/yahboom_web_savmap_interfaces/lib:/root/yahboomcar_ws/install/robot_localization/lib:/root/gmapping_ws/install/openslam_gmapping/lib:/opt/ros/humble/opt/rviz_ogre_vendor/lib:/opt/ros/humble/lib/aarch64-linux-gnu:/opt/ros/humble/lib', 'HOME': '/root', 'OLDPWD': '/root', 'ROS_PYTHON_VERSION': '3', 'COLCON_PREFIX_PATH': '/root/yahboomcar_ws/install:/root/gmapping_ws/install:/root/imu_ws/install', 'ROS_DISTRO': 'humble', '_': '/usr/bin/colcon', 'ROS_VERSION': '2', 'TERM': 'xterm', 'ROS_LOCALHOST_ONLY': '0', 'QT_X11_NO_MITSHM': '1', 'PATH': '/opt/ros/humble/bin:/usr/local/sbin:/usr/local/bin:/usr/sbin:/usr/bin:/sbin:/bin', 'DISPLAY': ':0', 'LANG': 'C.UTF-8', 'LS_COLORS': 'rs=0:di=01;34:ln=01;36:mh=00:pi=40;33:so=01;35:do=01;35:bd=40;33;01:cd=40;33;01:or=40;31;01:mi=00:su=37;41:sg=30;43:ca=30;41:tw=30;42:ow=34;42:st=37;44:ex=01;32:*.tar=01;31:*.tgz=01;31:*.arc=01;31:*.arj=01;31:*.taz=01;31:*.lha=01;31:*.lz4=01;31:*.lzh=01;31:*.lzma=01;31:*.tlz=01;31:*.txz=01;31:*.tzo=01;31:*.t7z=01;31:*.zip=01;31:*.z=01;31:*.dz=01;31:*.gz=01;31:*.lrz=01;31:*.lz=01;31:*.lzo=01;31:*.xz=01;31:*.zst=01;31:*.tzst=01;31:*.bz2=01;31:*.bz=01;31:*.tbz=01;31:*.tbz2=01;31:*.tz=01;31:*.deb=01;31:*.rpm=01;31:*.jar=01;31:*.war=01;31:*.ear=01;31:*.sar=01;31:*.rar=01;31:*.alz=01;31:*.ace=01;31:*.zoo=01;31:*.cpio=01;31:*.7z=01;31:*.rz=01;31:*.cab=01;31:*.wim=01;31:*.swm=01;31:*.dwm=01;31:*.esd=01;31:*.jpg=01;35:*.jpeg=01;35:*.mjpg=01;35:*.mjpeg=01;35:*.gif=01;35:*.bmp=01;35:*.pbm=01;35:*.pgm=01;35:*.ppm=01;35:*.tga=01;35:*.xbm=01;35:*.xpm=01;35:*.tif=01;35:*.tiff=01;35:*.png=01;35:*.svg=01;35:*.svgz=01;35:*.mng=01;35:*.pcx=01;35:*.mov=01;35:*.mpg=01;35:*.mpeg=01;35:*.m2v=01;35:*.mkv=01;35:*.webm=01;35:*.webp=01;35:*.ogm=01;35:*.mp4=01;35:*.m4v=01;35:*.mp4v=01;35:*.vob=01;35:*.qt=01;35:*.nuv=01;35:*.wmv=01;35:*.asf=01;35:*.rm=01;35:*.rmvb=01;35:*.flc=01;35:*.avi=01;35:*.fli=01;35:*.flv=01;35:*.gl=01;35:*.dl=01;35:*.xcf=01;35:*.xwd=01;35:*.yuv=01;35:*.cgm=01;35:*.emf=01;35:*.ogv=01;35:*.ogx=01;35:*.aac=00;36:*.au=00;36:*.flac=00;36:*.m4a=00;36:*.mid=00;36:*.midi=00;36:*.mka=00;36:*.mp3=00;36:*.mpc=00;36:*.ogg=00;36:*.ra=00;36:*.wav=00;36:*.oga=00;36:*.opus=00;36:*.spx=00;36:*.xspf=00;36:', 'ROS_DOMAIN_ID': '30', 'AMENT_PREFIX_PATH': '/root/imu_ws/install/imu_tools:/root/imu_ws/install/rviz_imu_plugin:/root/imu_ws/install/imu_filter_madgwick:/root/imu_ws/install/imu_complementary_filter:/root/yahboomcar_ws/install/yahboomcar_visual:/root/yahboomcar_ws/install/yahboomcar_nav:/root/yahboomcar_ws/install/yahboomcar_msgs:/root/yahboomcar_ws/install/yahboomcar_mediapipe:/root/yahboomcar_ws/install/yahboomcar_laser:/root/yahboomcar_ws/install/yahboomcar_description:/root/yahboomcar_ws/install/yahboomcar_ctrl:/root/yahboomcar_ws/install/yahboomcar_bringup:/root/yahboomcar_ws/install/yahboomcar_base_node:/root/yahboomcar_ws/install/yahboomcar_astra:/root/yahboomcar_ws/install/yahboom_web_savmap_interfaces:/root/yahboomcar_ws/install/yahboom_app_save_map:/root/yahboomcar_ws/install/robot_pose_publisher_ros2:/root/yahboomcar_ws/install/robot_localization:/root/yahboomcar_ws/install/laserscan_to_point_publisher:/root/gmapping_ws/install/slam_gmapping:/root/gmapping_ws/install/openslam_gmapping:/opt/ros/humble', 'PWD': '/root/yahboomcar_ws/build/yahboomcar_laser', 'LC_ALL': 'C.UTF-8', 'PYTHONPATH': '/root/yahboomcar_ws/build/yahboomcar_laser/prefix_override:/root/yahboomcar_ws/install/yahboomcar_laser/lib/python3.10/site-packages:/root/yahboomcar_ws/install/yahboomcar_visual/lib/python3.10/site-packages:/root/yahboomcar_ws/install/yahboomcar_nav/lib/python3.10/site-packages:/root/yahboomcar_ws/install/yahboomcar_msgs/local/lib/python3.10/dist-packages:/root/yahboomcar_ws/install/yahboomcar_mediapipe/lib/python3.10/site-packages:/root/yahboomcar_ws/install/yahboomcar_laser/lib/python3.10/site-packages:/root/yahboomcar_ws/install/yahboomcar_description/lib/python3.10/site-packages:/root/yahboomcar_ws/install/yahboomcar_ctrl/lib/python3.10/site-packages:/root/yahboomcar_ws/install/yahboomcar_bringup/lib/python3.10/site-packages:/root/yahboomcar_ws/install/yahboomcar_astra/lib/python3.10/site-packages:/root/yahboomcar_ws/install/yahboom_web_savmap_interfaces/local/lib/python3.10/dist-packages:/root/yahboomcar_ws/install/yahboom_app_save_map/lib/python3.10/site-packages:/root/yahboomcar_ws/install/robot_localization/local/lib/python3.10/dist-packages:/root/yahboomcar_ws/install/laserscan_to_point_publisher/lib/python3.10/site-packages:/opt/ros/humble/lib/python3.10/site-packages:/opt/ros/humble/local/lib/python3.10/dist-packages', 'COLCON': '1', 'CMAKE_PREFIX_PATH': '/root/imu_ws/install/imu_tools:/root/imu_ws/install/rviz_imu_plugin:/root/imu_ws/install/imu_filter_madgwick:/root/imu_ws/install/imu_complementary_filter:/root/yahboomcar_ws/install/yahboomcar_msgs:/root/yahboomcar_ws/install/yahboomcar_base_node:/root/yahboomcar_ws/install/yahboom_web_savmap_interfaces:/root/yahboomcar_ws/install/robot_pose_publisher_ros2:/root/yahboomcar_ws/install/robot_localization:/root/gmapping_ws/install/slam_gmapping:/root/gmapping_ws/install/openslam_gmapping'}, 'shell': False}
[9.786930] (yahboomcar_mediapipe) Command: {'cmd': ['/usr/bin/python3', 'setup.py', 'egg_info', '--egg-base', '../../build/yahboomcar_mediapipe', 'build', '--build-base', '/root/yahboomcar_ws/build/yahboomcar_mediapipe/build', 'install', '--record', '/root/yahboomcar_ws/build/yahboomcar_mediapipe/install.log', '--install-scripts', '$base/lib/yahboomcar_mediapipe', '--single-version-externally-managed'], 'cwd': '/root/yahboomcar_ws/src/yahboomcar_mediapipe', 'env': {'HOSTNAME': 'raspberrypi', 'SHLVL': '1', 'LD_LIBRARY_PATH': '/root/imu_ws/install/rviz_imu_plugin/lib:/root/imu_ws/install/imu_filter_madgwick/lib:/root/imu_ws/install/imu_complementary_filter/lib:/root/yahboomcar_ws/install/yahboomcar_msgs/lib:/root/yahboomcar_ws/install/yahboom_web_savmap_interfaces/lib:/root/yahboomcar_ws/install/robot_localization/lib:/root/gmapping_ws/install/openslam_gmapping/lib:/opt/ros/humble/opt/rviz_ogre_vendor/lib:/opt/ros/humble/lib/aarch64-linux-gnu:/opt/ros/humble/lib', 'HOME': '/root', 'OLDPWD': '/root', 'ROS_PYTHON_VERSION': '3', 'COLCON_PREFIX_PATH': '/root/yahboomcar_ws/install:/root/gmapping_ws/install:/root/imu_ws/install', 'ROS_DISTRO': 'humble', '_': '/usr/bin/colcon', 'ROS_VERSION': '2', 'TERM': 'xterm', 'ROS_LOCALHOST_ONLY': '0', 'QT_X11_NO_MITSHM': '1', 'PATH': '/opt/ros/humble/bin:/usr/local/sbin:/usr/local/bin:/usr/sbin:/usr/bin:/sbin:/bin', 'DISPLAY': ':0', 'LANG': 'C.UTF-8', 'LS_COLORS': 'rs=0:di=01;34:ln=01;36:mh=00:pi=40;33:so=01;35:do=01;35:bd=40;33;01:cd=40;33;01:or=40;31;01:mi=00:su=37;41:sg=30;43:ca=30;41:tw=30;42:ow=34;42:st=37;44:ex=01;32:*.tar=01;31:*.tgz=01;31:*.arc=01;31:*.arj=01;31:*.taz=01;31:*.lha=01;31:*.lz4=01;31:*.lzh=01;31:*.lzma=01;31:*.tlz=01;31:*.txz=01;31:*.tzo=01;31:*.t7z=01;31:*.zip=01;31:*.z=01;31:*.dz=01;31:*.gz=01;31:*.lrz=01;31:*.lz=01;31:*.lzo=01;31:*.xz=01;31:*.zst=01;31:*.tzst=01;31:*.bz2=01;31:*.bz=01;31:*.tbz=01;31:*.tbz2=01;31:*.tz=01;31:*.deb=01;31:*.rpm=01;31:*.jar=01;31:*.war=01;31:*.ear=01;31:*.sar=01;31:*.rar=01;31:*.alz=01;31:*.ace=01;31:*.zoo=01;31:*.cpio=01;31:*.7z=01;31:*.rz=01;31:*.cab=01;31:*.wim=01;31:*.swm=01;31:*.dwm=01;31:*.esd=01;31:*.jpg=01;35:*.jpeg=01;35:*.mjpg=01;35:*.mjpeg=01;35:*.gif=01;35:*.bmp=01;35:*.pbm=01;35:*.pgm=01;35:*.ppm=01;35:*.tga=01;35:*.xbm=01;35:*.xpm=01;35:*.tif=01;35:*.tiff=01;35:*.png=01;35:*.svg=01;35:*.svgz=01;35:*.mng=01;35:*.pcx=01;35:*.mov=01;35:*.mpg=01;35:*.mpeg=01;35:*.m2v=01;35:*.mkv=01;35:*.webm=01;35:*.webp=01;35:*.ogm=01;35:*.mp4=01;35:*.m4v=01;35:*.mp4v=01;35:*.vob=01;35:*.qt=01;35:*.nuv=01;35:*.wmv=01;35:*.asf=01;35:*.rm=01;35:*.rmvb=01;35:*.flc=01;35:*.avi=01;35:*.fli=01;35:*.flv=01;35:*.gl=01;35:*.dl=01;35:*.xcf=01;35:*.xwd=01;35:*.yuv=01;35:*.cgm=01;35:*.emf=01;35:*.ogv=01;35:*.ogx=01;35:*.aac=00;36:*.au=00;36:*.flac=00;36:*.m4a=00;36:*.mid=00;36:*.midi=00;36:*.mka=00;36:*.mp3=00;36:*.mpc=00;36:*.ogg=00;36:*.ra=00;36:*.wav=00;36:*.oga=00;36:*.opus=00;36:*.spx=00;36:*.xspf=00;36:', 'ROS_DOMAIN_ID': '30', 'AMENT_PREFIX_PATH': '/root/imu_ws/install/imu_tools:/root/imu_ws/install/rviz_imu_plugin:/root/imu_ws/install/imu_filter_madgwick:/root/imu_ws/install/imu_complementary_filter:/root/yahboomcar_ws/install/yahboomcar_visual:/root/yahboomcar_ws/install/yahboomcar_nav:/root/yahboomcar_ws/install/yahboomcar_msgs:/root/yahboomcar_ws/install/yahboomcar_mediapipe:/root/yahboomcar_ws/install/yahboomcar_laser:/root/yahboomcar_ws/install/yahboomcar_description:/root/yahboomcar_ws/install/yahboomcar_ctrl:/root/yahboomcar_ws/install/yahboomcar_bringup:/root/yahboomcar_ws/install/yahboomcar_base_node:/root/yahboomcar_ws/install/yahboomcar_astra:/root/yahboomcar_ws/install/yahboom_web_savmap_interfaces:/root/yahboomcar_ws/install/yahboom_app_save_map:/root/yahboomcar_ws/install/robot_pose_publisher_ros2:/root/yahboomcar_ws/install/robot_localization:/root/yahboomcar_ws/install/laserscan_to_point_publisher:/root/gmapping_ws/install/slam_gmapping:/root/gmapping_ws/install/openslam_gmapping:/opt/ros/humble', 'PWD': '/root/yahboomcar_ws/build/yahboomcar_mediapipe', 'LC_ALL': 'C.UTF-8', 'PYTHONPATH': '/root/yahboomcar_ws/build/yahboomcar_mediapipe/prefix_override:/root/yahboomcar_ws/install/yahboomcar_mediapipe/lib/python3.10/site-packages:/root/yahboomcar_ws/install/yahboomcar_visual/lib/python3.10/site-packages:/root/yahboomcar_ws/install/yahboomcar_nav/lib/python3.10/site-packages:/root/yahboomcar_ws/install/yahboomcar_msgs/local/lib/python3.10/dist-packages:/root/yahboomcar_ws/install/yahboomcar_mediapipe/lib/python3.10/site-packages:/root/yahboomcar_ws/install/yahboomcar_laser/lib/python3.10/site-packages:/root/yahboomcar_ws/install/yahboomcar_description/lib/python3.10/site-packages:/root/yahboomcar_ws/install/yahboomcar_ctrl/lib/python3.10/site-packages:/root/yahboomcar_ws/install/yahboomcar_bringup/lib/python3.10/site-packages:/root/yahboomcar_ws/install/yahboomcar_astra/lib/python3.10/site-packages:/root/yahboomcar_ws/install/yahboom_web_savmap_interfaces/local/lib/python3.10/dist-packages:/root/yahboomcar_ws/install/yahboom_app_save_map/lib/python3.10/site-packages:/root/yahboomcar_ws/install/robot_localization/local/lib/python3.10/dist-packages:/root/yahboomcar_ws/install/laserscan_to_point_publisher/lib/python3.10/site-packages:/opt/ros/humble/lib/python3.10/site-packages:/opt/ros/humble/local/lib/python3.10/dist-packages', 'COLCON': '1', 'CMAKE_PREFIX_PATH': '/root/imu_ws/install/imu_tools:/root/imu_ws/install/rviz_imu_plugin:/root/imu_ws/install/imu_filter_madgwick:/root/imu_ws/install/imu_complementary_filter:/root/yahboomcar_ws/install/yahboomcar_msgs:/root/yahboomcar_ws/install/yahboomcar_base_node:/root/yahboomcar_ws/install/yahboom_web_savmap_interfaces:/root/yahboomcar_ws/install/robot_pose_publisher_ros2:/root/yahboomcar_ws/install/robot_localization:/root/gmapping_ws/install/slam_gmapping:/root/gmapping_ws/install/openslam_gmapping'}, 'shell': False}
[9.863877] (-) TimerEvent: {}
[9.965016] (-) TimerEvent: {}
[10.055292] (yahboomcar_msgs) JobProgress: {'identifier': 'yahboomcar_msgs', 'progress': 'install'}
[10.056564] (yahboomcar_msgs) Command: {'cmd': ['/usr/bin/cmake', '--install', '/root/yahboomcar_ws/build/yahboomcar_msgs'], 'cwd': '/root/yahboomcar_ws/build/yahboomcar_msgs', 'env': OrderedDict([('HOSTNAME', 'raspberrypi'), ('SHLVL', '1'), ('LD_LIBRARY_PATH', '/root/imu_ws/install/rviz_imu_plugin/lib:/root/imu_ws/install/imu_filter_madgwick/lib:/root/imu_ws/install/imu_complementary_filter/lib:/root/yahboomcar_ws/install/yahboomcar_msgs/lib:/root/yahboomcar_ws/install/yahboom_web_savmap_interfaces/lib:/root/yahboomcar_ws/install/robot_localization/lib:/root/gmapping_ws/install/openslam_gmapping/lib:/opt/ros/humble/opt/rviz_ogre_vendor/lib:/opt/ros/humble/lib/aarch64-linux-gnu:/opt/ros/humble/lib'), ('HOME', '/root'), ('OLDPWD', '/root'), ('ROS_PYTHON_VERSION', '3'), ('COLCON_PREFIX_PATH', '/root/yahboomcar_ws/install:/root/gmapping_ws/install:/root/imu_ws/install'), ('ROS_DISTRO', 'humble'), ('_', '/usr/bin/colcon'), ('ROS_VERSION', '2'), ('TERM', 'xterm'), ('ROS_LOCALHOST_ONLY', '0'), ('QT_X11_NO_MITSHM', '1'), ('PATH', '/opt/ros/humble/bin:/usr/local/sbin:/usr/local/bin:/usr/sbin:/usr/bin:/sbin:/bin'), ('DISPLAY', ':0'), ('LANG', 'C.UTF-8'), ('LS_COLORS', 'rs=0:di=01;34:ln=01;36:mh=00:pi=40;33:so=01;35:do=01;35:bd=40;33;01:cd=40;33;01:or=40;31;01:mi=00:su=37;41:sg=30;43:ca=30;41:tw=30;42:ow=34;42:st=37;44:ex=01;32:*.tar=01;31:*.tgz=01;31:*.arc=01;31:*.arj=01;31:*.taz=01;31:*.lha=01;31:*.lz4=01;31:*.lzh=01;31:*.lzma=01;31:*.tlz=01;31:*.txz=01;31:*.tzo=01;31:*.t7z=01;31:*.zip=01;31:*.z=01;31:*.dz=01;31:*.gz=01;31:*.lrz=01;31:*.lz=01;31:*.lzo=01;31:*.xz=01;31:*.zst=01;31:*.tzst=01;31:*.bz2=01;31:*.bz=01;31:*.tbz=01;31:*.tbz2=01;31:*.tz=01;31:*.deb=01;31:*.rpm=01;31:*.jar=01;31:*.war=01;31:*.ear=01;31:*.sar=01;31:*.rar=01;31:*.alz=01;31:*.ace=01;31:*.zoo=01;31:*.cpio=01;31:*.7z=01;31:*.rz=01;31:*.cab=01;31:*.wim=01;31:*.swm=01;31:*.dwm=01;31:*.esd=01;31:*.jpg=01;35:*.jpeg=01;35:*.mjpg=01;35:*.mjpeg=01;35:*.gif=01;35:*.bmp=01;35:*.pbm=01;35:*.pgm=01;35:*.ppm=01;35:*.tga=01;35:*.xbm=01;35:*.xpm=01;35:*.tif=01;35:*.tiff=01;35:*.png=01;35:*.svg=01;35:*.svgz=01;35:*.mng=01;35:*.pcx=01;35:*.mov=01;35:*.mpg=01;35:*.mpeg=01;35:*.m2v=01;35:*.mkv=01;35:*.webm=01;35:*.webp=01;35:*.ogm=01;35:*.mp4=01;35:*.m4v=01;35:*.mp4v=01;35:*.vob=01;35:*.qt=01;35:*.nuv=01;35:*.wmv=01;35:*.asf=01;35:*.rm=01;35:*.rmvb=01;35:*.flc=01;35:*.avi=01;35:*.fli=01;35:*.flv=01;35:*.gl=01;35:*.dl=01;35:*.xcf=01;35:*.xwd=01;35:*.yuv=01;35:*.cgm=01;35:*.emf=01;35:*.ogv=01;35:*.ogx=01;35:*.aac=00;36:*.au=00;36:*.flac=00;36:*.m4a=00;36:*.mid=00;36:*.midi=00;36:*.mka=00;36:*.mp3=00;36:*.mpc=00;36:*.ogg=00;36:*.ra=00;36:*.wav=00;36:*.oga=00;36:*.opus=00;36:*.spx=00;36:*.xspf=00;36:'), ('ROS_DOMAIN_ID', '30'), ('AMENT_PREFIX_PATH', '/root/imu_ws/install/imu_tools:/root/imu_ws/install/rviz_imu_plugin:/root/imu_ws/install/imu_filter_madgwick:/root/imu_ws/install/imu_complementary_filter:/root/yahboomcar_ws/install/yahboomcar_visual:/root/yahboomcar_ws/install/yahboomcar_nav:/root/yahboomcar_ws/install/yahboomcar_msgs:/root/yahboomcar_ws/install/yahboomcar_mediapipe:/root/yahboomcar_ws/install/yahboomcar_laser:/root/yahboomcar_ws/install/yahboomcar_description:/root/yahboomcar_ws/install/yahboomcar_ctrl:/root/yahboomcar_ws/install/yahboomcar_bringup:/root/yahboomcar_ws/install/yahboomcar_base_node:/root/yahboomcar_ws/install/yahboomcar_astra:/root/yahboomcar_ws/install/yahboom_web_savmap_interfaces:/root/yahboomcar_ws/install/yahboom_app_save_map:/root/yahboomcar_ws/install/robot_pose_publisher_ros2:/root/yahboomcar_ws/install/robot_localization:/root/yahboomcar_ws/install/laserscan_to_point_publisher:/root/gmapping_ws/install/slam_gmapping:/root/gmapping_ws/install/openslam_gmapping:/opt/ros/humble'), ('PWD', '/root/yahboomcar_ws/build/yahboomcar_msgs'), ('LC_ALL', 'C.UTF-8'), ('PYTHONPATH', '/root/yahboomcar_ws/install/yahboomcar_visual/lib/python3.10/site-packages:/root/yahboomcar_ws/install/yahboomcar_nav/lib/python3.10/site-packages:/root/yahboomcar_ws/install/yahboomcar_msgs/local/lib/python3.10/dist-packages:/root/yahboomcar_ws/install/yahboomcar_mediapipe/lib/python3.10/site-packages:/root/yahboomcar_ws/install/yahboomcar_laser/lib/python3.10/site-packages:/root/yahboomcar_ws/install/yahboomcar_description/lib/python3.10/site-packages:/root/yahboomcar_ws/install/yahboomcar_ctrl/lib/python3.10/site-packages:/root/yahboomcar_ws/install/yahboomcar_bringup/lib/python3.10/site-packages:/root/yahboomcar_ws/install/yahboomcar_astra/lib/python3.10/site-packages:/root/yahboomcar_ws/install/yahboom_web_savmap_interfaces/local/lib/python3.10/dist-packages:/root/yahboomcar_ws/install/yahboom_app_save_map/lib/python3.10/site-packages:/root/yahboomcar_ws/install/robot_localization/local/lib/python3.10/dist-packages:/root/yahboomcar_ws/install/laserscan_to_point_publisher/lib/python3.10/site-packages:/opt/ros/humble/lib/python3.10/site-packages:/opt/ros/humble/local/lib/python3.10/dist-packages'), ('COLCON', '1'), ('CMAKE_PREFIX_PATH', '/root/imu_ws/install/imu_tools:/root/imu_ws/install/rviz_imu_plugin:/root/imu_ws/install/imu_filter_madgwick:/root/imu_ws/install/imu_complementary_filter:/root/yahboomcar_ws/install/yahboomcar_msgs:/root/yahboomcar_ws/install/yahboomcar_base_node:/root/yahboomcar_ws/install/yahboom_web_savmap_interfaces:/root/yahboomcar_ws/install/robot_pose_publisher_ros2:/root/yahboomcar_ws/install/robot_localization:/root/gmapping_ws/install/slam_gmapping:/root/gmapping_ws/install/openslam_gmapping:/root/yahboomcar_ws/install/yahboomcar_visual:/root/yahboomcar_ws/install/yahboomcar_nav:/root/yahboomcar_ws/install/yahboomcar_mediapipe:/root/yahboomcar_ws/install/yahboomcar_laser:/root/yahboomcar_ws/install/yahboomcar_description:/root/yahboomcar_ws/install/yahboomcar_ctrl:/root/yahboomcar_ws/install/yahboomcar_bringup:/root/yahboomcar_ws/install/yahboomcar_astra:/root/yahboomcar_ws/install/yahboom_app_save_map:/root/yahboomcar_ws/install/laserscan_to_point_publisher:/opt/ros/humble')]), 'shell': False}
[10.065294] (-) TimerEvent: {}
[10.071387] (yahboomcar_msgs) StdoutLine: {'line': b'-- Install configuration: ""\n'}
[10.071782] (yahboomcar_msgs) StdoutLine: {'line': b'-- Up-to-date: /root/yahboomcar_ws/install/yahboomcar_msgs/share/ament_index/resource_index/rosidl_interfaces/yahboomcar_msgs\n'}
[10.071934] (yahboomcar_msgs) StdoutLine: {'line': b'-- Up-to-date: /root/yahboomcar_ws/install/yahboomcar_msgs/include/yahboomcar_msgs/yahboomcar_msgs\n'}
[10.072027] (yahboomcar_msgs) StdoutLine: {'line': b'-- Up-to-date: /root/yahboomcar_ws/install/yahboomcar_msgs/include/yahboomcar_msgs/yahboomcar_msgs/msg\n'}
[10.072107] (yahboomcar_msgs) StdoutLine: {'line': b'-- Up-to-date: /root/yahboomcar_ws/install/yahboomcar_msgs/include/yahboomcar_msgs/yahboomcar_msgs/msg/image_msg.h\n'}
[10.072187] (yahboomcar_msgs) StdoutLine: {'line': b'-- Up-to-date: /root/yahboomcar_ws/install/yahboomcar_msgs/include/yahboomcar_msgs/yahboomcar_msgs/msg/rosidl_generator_c__visibility_control.h\n'}
[10.072269] (yahboomcar_msgs) StdoutLine: {'line': b'-- Up-to-date: /root/yahboomcar_ws/install/yahboomcar_msgs/include/yahboomcar_msgs/yahboomcar_msgs/msg/target.h\n'}
[10.072342] (yahboomcar_msgs) StdoutLine: {'line': b'-- Up-to-date: /root/yahboomcar_ws/install/yahboomcar_msgs/include/yahboomcar_msgs/yahboomcar_msgs/msg/point_array.h\n'}
[10.072412] (yahboomcar_msgs) StdoutLine: {'line': b'-- Up-to-date: /root/yahboomcar_ws/install/yahboomcar_msgs/include/yahboomcar_msgs/yahboomcar_msgs/msg/detail\n'}
[10.072644] (yahboomcar_msgs) StdoutLine: {'line': b'-- Up-to-date: /root/yahboomcar_ws/install/yahboomcar_msgs/include/yahboomcar_msgs/yahboomcar_msgs/msg/detail/point_array__struct.h\n'}
[10.072768] (yahboomcar_msgs) StdoutLine: {'line': b'-- Up-to-date: /root/yahboomcar_ws/install/yahboomcar_msgs/include/yahboomcar_msgs/yahboomcar_msgs/msg/detail/image_msg__functions.c\n'}
[10.072848] (yahboomcar_msgs) StdoutLine: {'line': b'-- Up-to-date: /root/yahboomcar_ws/install/yahboomcar_msgs/include/yahboomcar_msgs/yahboomcar_msgs/msg/detail/image_msg__functions.h\n'}
[10.072918] (yahboomcar_msgs) StdoutLine: {'line': b'-- Up-to-date: /root/yahboomcar_ws/install/yahboomcar_msgs/include/yahboomcar_msgs/yahboomcar_msgs/msg/detail/image_msg__struct.h\n'}
[10.073004] (yahboomcar_msgs) StdoutLine: {'line': b'-- Up-to-date: /root/yahboomcar_ws/install/yahboomcar_msgs/include/yahboomcar_msgs/yahboomcar_msgs/msg/detail/target_array__functions.h\n'}
[10.073084] (yahboomcar_msgs) StdoutLine: {'line': b'-- Up-to-date: /root/yahboomcar_ws/install/yahboomcar_msgs/include/yahboomcar_msgs/yahboomcar_msgs/msg/detail/position__struct.h\n'}
[10.073156] (yahboomcar_msgs) StdoutLine: {'line': b'-- Up-to-date: /root/yahboomcar_ws/install/yahboomcar_msgs/include/yahboomcar_msgs/yahboomcar_msgs/msg/detail/target__type_support.h\n'}
[10.073228] (yahboomcar_msgs) StdoutLine: {'line': b'-- Up-to-date: /root/yahboomcar_ws/install/yahboomcar_msgs/include/yahboomcar_msgs/yahboomcar_msgs/msg/detail/point_array__functions.c\n'}
[10.073305] (yahboomcar_msgs) StdoutLine: {'line': b'-- Up-to-date: /root/yahboomcar_ws/install/yahboomcar_msgs/include/yahboomcar_msgs/yahboomcar_msgs/msg/detail/target_array__type_support.h\n'}
[10.073377] (yahboomcar_msgs) StdoutLine: {'line': b'-- Up-to-date: /root/yahboomcar_ws/install/yahboomcar_msgs/include/yahboomcar_msgs/yahboomcar_msgs/msg/detail/target__struct.h\n'}
[10.073448] (yahboomcar_msgs) StdoutLine: {'line': b'-- Up-to-date: /root/yahboomcar_ws/install/yahboomcar_msgs/include/yahboomcar_msgs/yahboomcar_msgs/msg/detail/position__functions.c\n'}
[10.073519] (yahboomcar_msgs) StdoutLine: {'line': b'-- Up-to-date: /root/yahboomcar_ws/install/yahboomcar_msgs/include/yahboomcar_msgs/yahboomcar_msgs/msg/detail/point_array__type_support.h\n'}
[10.073589] (yahboomcar_msgs) StdoutLine: {'line': b'-- Up-to-date: /root/yahboomcar_ws/install/yahboomcar_msgs/include/yahboomcar_msgs/yahboomcar_msgs/msg/detail/target_array__functions.c\n'}
[10.073660] (yahboomcar_msgs) StdoutLine: {'line': b'-- Up-to-date: /root/yahboomcar_ws/install/yahboomcar_msgs/include/yahboomcar_msgs/yahboomcar_msgs/msg/detail/position__type_support.h\n'}
[10.073744] (yahboomcar_msgs) StdoutLine: {'line': b'-- Up-to-date: /root/yahboomcar_ws/install/yahboomcar_msgs/include/yahboomcar_msgs/yahboomcar_msgs/msg/detail/point_array__functions.h\n'}
[10.073825] (yahboomcar_msgs) StdoutLine: {'line': b'-- Up-to-date: /root/yahboomcar_ws/install/yahboomcar_msgs/include/yahboomcar_msgs/yahboomcar_msgs/msg/detail/image_msg__type_support.h\n'}
[10.073905] (yahboomcar_msgs) StdoutLine: {'line': b'-- Up-to-date: /root/yahboomcar_ws/install/yahboomcar_msgs/include/yahboomcar_msgs/yahboomcar_msgs/msg/detail/target_array__struct.h\n'}
[10.073982] (yahboomcar_msgs) StdoutLine: {'line': b'-- Up-to-date: /root/yahboomcar_ws/install/yahboomcar_msgs/include/yahboomcar_msgs/yahboomcar_msgs/msg/detail/target__functions.h\n'}
[10.074050] (yahboomcar_msgs) StdoutLine: {'line': b'-- Up-to-date: /root/yahboomcar_ws/install/yahboomcar_msgs/include/yahboomcar_msgs/yahboomcar_msgs/msg/detail/position__functions.h\n'}
[10.074120] (yahboomcar_msgs) StdoutLine: {'line': b'-- Up-to-date: /root/yahboomcar_ws/install/yahboomcar_msgs/include/yahboomcar_msgs/yahboomcar_msgs/msg/detail/target__functions.c\n'}
[10.074195] (yahboomcar_msgs) StdoutLine: {'line': b'-- Up-to-date: /root/yahboomcar_ws/install/yahboomcar_msgs/include/yahboomcar_msgs/yahboomcar_msgs/msg/position.h\n'}
[10.074268] (yahboomcar_msgs) StdoutLine: {'line': b'-- Up-to-date: /root/yahboomcar_ws/install/yahboomcar_msgs/include/yahboomcar_msgs/yahboomcar_msgs/msg/target_array.h\n'}
[10.074360] (yahboomcar_msgs) StdoutLine: {'line': b'-- Up-to-date: /root/yahboomcar_ws/install/yahboomcar_msgs/share/yahboomcar_msgs/environment/library_path.sh\n'}
[10.074573] (yahboomcar_msgs) StdoutLine: {'line': b'-- Up-to-date: /root/yahboomcar_ws/install/yahboomcar_msgs/share/yahboomcar_msgs/environment/library_path.dsv\n'}
[10.074738] (yahboomcar_msgs) StdoutLine: {'line': b'-- Up-to-date: /root/yahboomcar_ws/install/yahboomcar_msgs/lib/libyahboomcar_msgs__rosidl_generator_c.so\n'}
[10.074832] (yahboomcar_msgs) StdoutLine: {'line': b'-- Up-to-date: /root/yahboomcar_ws/install/yahboomcar_msgs/include/yahboomcar_msgs/yahboomcar_msgs\n'}
[10.074919] (yahboomcar_msgs) StdoutLine: {'line': b'-- Up-to-date: /root/yahboomcar_ws/install/yahboomcar_msgs/include/yahboomcar_msgs/yahboomcar_msgs/msg\n'}
[10.075013] (yahboomcar_msgs) StdoutLine: {'line': b'-- Up-to-date: /root/yahboomcar_ws/install/yahboomcar_msgs/include/yahboomcar_msgs/yahboomcar_msgs/msg/detail\n'}
[10.075090] (yahboomcar_msgs) StdoutLine: {'line': b'-- Up-to-date: /root/yahboomcar_ws/install/yahboomcar_msgs/include/yahboomcar_msgs/yahboomcar_msgs/msg/detail/point_array__rosidl_typesupport_fastrtps_c.h\n'}
[10.075161] (yahboomcar_msgs) StdoutLine: {'line': b'-- Up-to-date: /root/yahboomcar_ws/install/yahboomcar_msgs/include/yahboomcar_msgs/yahboomcar_msgs/msg/detail/target_array__rosidl_typesupport_fastrtps_c.h\n'}
[10.075235] (yahboomcar_msgs) StdoutLine: {'line': b'-- Up-to-date: /root/yahboomcar_ws/install/yahboomcar_msgs/include/yahboomcar_msgs/yahboomcar_msgs/msg/detail/position__rosidl_typesupport_fastrtps_c.h\n'}
[10.075305] (yahboomcar_msgs) StdoutLine: {'line': b'-- Up-to-date: /root/yahboomcar_ws/install/yahboomcar_msgs/include/yahboomcar_msgs/yahboomcar_msgs/msg/detail/image_msg__rosidl_typesupport_fastrtps_c.h\n'}
[10.075386] (yahboomcar_msgs) StdoutLine: {'line': b'-- Up-to-date: /root/yahboomcar_ws/install/yahboomcar_msgs/include/yahboomcar_msgs/yahboomcar_msgs/msg/detail/target__rosidl_typesupport_fastrtps_c.h\n'}
[10.075463] (yahboomcar_msgs) StdoutLine: {'line': b'-- Up-to-date: /root/yahboomcar_ws/install/yahboomcar_msgs/include/yahboomcar_msgs/yahboomcar_msgs/msg/rosidl_typesupport_fastrtps_c__visibility_control.h\n'}
[10.075535] (yahboomcar_msgs) StdoutLine: {'line': b'-- Up-to-date: /root/yahboomcar_ws/install/yahboomcar_msgs/lib/libyahboomcar_msgs__rosidl_typesupport_fastrtps_c.so\n'}
[10.075615] (yahboomcar_msgs) StdoutLine: {'line': b'-- Up-to-date: /root/yahboomcar_ws/install/yahboomcar_msgs/include/yahboomcar_msgs/yahboomcar_msgs\n'}
[10.075706] (yahboomcar_msgs) StdoutLine: {'line': b'-- Up-to-date: /root/yahboomcar_ws/install/yahboomcar_msgs/include/yahboomcar_msgs/yahboomcar_msgs/msg\n'}
[10.075785] (yahboomcar_msgs) StdoutLine: {'line': b'-- Up-to-date: /root/yahboomcar_ws/install/yahboomcar_msgs/include/yahboomcar_msgs/yahboomcar_msgs/msg/detail\n'}
[10.075860] (yahboomcar_msgs) StdoutLine: {'line': b'-- Up-to-date: /root/yahboomcar_ws/install/yahboomcar_msgs/include/yahboomcar_msgs/yahboomcar_msgs/msg/detail/target_array__rosidl_typesupport_introspection_c.h\n'}
[10.075933] (yahboomcar_msgs) StdoutLine: {'line': b'-- Up-to-date: /root/yahboomcar_ws/install/yahboomcar_msgs/include/yahboomcar_msgs/yahboomcar_msgs/msg/detail/target_array__type_support.c\n'}
[10.076002] (yahboomcar_msgs) StdoutLine: {'line': b'-- Up-to-date: /root/yahboomcar_ws/install/yahboomcar_msgs/include/yahboomcar_msgs/yahboomcar_msgs/msg/detail/target__rosidl_typesupport_introspection_c.h\n'}
[10.076071] (yahboomcar_msgs) StdoutLine: {'line': b'-- Up-to-date: /root/yahboomcar_ws/install/yahboomcar_msgs/include/yahboomcar_msgs/yahboomcar_msgs/msg/detail/image_msg__type_support.c\n'}
[10.076141] (yahboomcar_msgs) StdoutLine: {'line': b'-- Up-to-date: /root/yahboomcar_ws/install/yahboomcar_msgs/include/yahboomcar_msgs/yahboomcar_msgs/msg/detail/image_msg__rosidl_typesupport_introspection_c.h\n'}
[10.076212] (yahboomcar_msgs) StdoutLine: {'line': b'-- Up-to-date: /root/yahboomcar_ws/install/yahboomcar_msgs/include/yahboomcar_msgs/yahboomcar_msgs/msg/detail/point_array__rosidl_typesupport_introspection_c.h\n'}
[10.076287] (yahboomcar_msgs) StdoutLine: {'line': b'-- Up-to-date: /root/yahboomcar_ws/install/yahboomcar_msgs/include/yahboomcar_msgs/yahboomcar_msgs/msg/detail/position__rosidl_typesupport_introspection_c.h\n'}
[10.076365] (yahboomcar_msgs) StdoutLine: {'line': b'-- Up-to-date: /root/yahboomcar_ws/install/yahboomcar_msgs/include/yahboomcar_msgs/yahboomcar_msgs/msg/detail/target__type_support.c\n'}
[10.076440] (yahboomcar_msgs) StdoutLine: {'line': b'-- Up-to-date: /root/yahboomcar_ws/install/yahboomcar_msgs/include/yahboomcar_msgs/yahboomcar_msgs/msg/detail/position__type_support.c\n'}
[10.076671] (yahboomcar_msgs) StdoutLine: {'line': b'-- Up-to-date: /root/yahboomcar_ws/install/yahboomcar_msgs/include/yahboomcar_msgs/yahboomcar_msgs/msg/detail/point_array__type_support.c\n'}
[10.076921] (yahboomcar_msgs) StdoutLine: {'line': b'-- Up-to-date: /root/yahboomcar_ws/install/yahboomcar_msgs/include/yahboomcar_msgs/yahboomcar_msgs/msg/rosidl_typesupport_introspection_c__visibility_control.h\n'}
[10.077019] (yahboomcar_msgs) StdoutLine: {'line': b'-- Up-to-date: /root/yahboomcar_ws/install/yahboomcar_msgs/lib/libyahboomcar_msgs__rosidl_typesupport_introspection_c.so\n'}
[10.077093] (yahboomcar_msgs) StdoutLine: {'line': b'-- Up-to-date: /root/yahboomcar_ws/install/yahboomcar_msgs/lib/libyahboomcar_msgs__rosidl_typesupport_c.so\n'}
[10.077185] (yahboomcar_msgs) StdoutLine: {'line': b'-- Up-to-date: /root/yahboomcar_ws/install/yahboomcar_msgs/include/yahboomcar_msgs/yahboomcar_msgs\n'}
[10.077311] (yahboomcar_msgs) StdoutLine: {'line': b'-- Up-to-date: /root/yahboomcar_ws/install/yahboomcar_msgs/include/yahboomcar_msgs/yahboomcar_msgs/msg\n'}
[10.077390] (yahboomcar_msgs) StdoutLine: {'line': b'-- Up-to-date: /root/yahboomcar_ws/install/yahboomcar_msgs/include/yahboomcar_msgs/yahboomcar_msgs/msg/point_array.hpp\n'}
[10.077481] (yahboomcar_msgs) StdoutLine: {'line': b'-- Up-to-date: /root/yahboomcar_ws/install/yahboomcar_msgs/include/yahboomcar_msgs/yahboomcar_msgs/msg/detail\n'}
[10.077690] (yahboomcar_msgs) StdoutLine: {'line': b'-- Up-to-date: /root/yahboomcar_ws/install/yahboomcar_msgs/include/yahboomcar_msgs/yahboomcar_msgs/msg/detail/image_msg__traits.hpp\n'}
[10.077923] (yahboomcar_msgs) StdoutLine: {'line': b'-- Up-to-date: /root/yahboomcar_ws/install/yahboomcar_msgs/include/yahboomcar_msgs/yahboomcar_msgs/msg/detail/position__struct.hpp\n'}
[10.078046] (yahboomcar_msgs) StdoutLine: {'line': b'-- Up-to-date: /root/yahboomcar_ws/install/yahboomcar_msgs/include/yahboomcar_msgs/yahboomcar_msgs/msg/detail/point_array__builder.hpp\n'}
[10.078124] (yahboomcar_msgs) StdoutLine: {'line': b'-- Up-to-date: /root/yahboomcar_ws/install/yahboomcar_msgs/include/yahboomcar_msgs/yahboomcar_msgs/msg/detail/target__traits.hpp\n'}
[10.078197] (yahboomcar_msgs) StdoutLine: {'line': b'-- Up-to-date: /root/yahboomcar_ws/install/yahboomcar_msgs/include/yahboomcar_msgs/yahboomcar_msgs/msg/detail/target_array__builder.hpp\n'}
[10.078318] (yahboomcar_msgs) StdoutLine: {'line': b'-- Up-to-date: /root/yahboomcar_ws/install/yahboomcar_msgs/include/yahboomcar_msgs/yahboomcar_msgs/msg/detail/point_array__traits.hpp\n'}
[10.078394] (yahboomcar_msgs) StdoutLine: {'line': b'-- Up-to-date: /root/yahboomcar_ws/install/yahboomcar_msgs/include/yahboomcar_msgs/yahboomcar_msgs/msg/detail/target__builder.hpp\n'}
[10.078465] (yahboomcar_msgs) StdoutLine: {'line': b'-- Up-to-date: /root/yahboomcar_ws/install/yahboomcar_msgs/include/yahboomcar_msgs/yahboomcar_msgs/msg/detail/target_array__traits.hpp\n'}
[10.078535] (yahboomcar_msgs) StdoutLine: {'line': b'-- Up-to-date: /root/yahboomcar_ws/install/yahboomcar_msgs/include/yahboomcar_msgs/yahboomcar_msgs/msg/detail/point_array__struct.hpp\n'}
[10.078605] (yahboomcar_msgs) StdoutLine: {'line': b'-- Up-to-date: /root/yahboomcar_ws/install/yahboomcar_msgs/include/yahboomcar_msgs/yahboomcar_msgs/msg/detail/position__traits.hpp\n'}
[10.078713] (yahboomcar_msgs) StdoutLine: {'line': b'-- Up-to-date: /root/yahboomcar_ws/install/yahboomcar_msgs/include/yahboomcar_msgs/yahboomcar_msgs/msg/detail/position__builder.hpp\n'}
[10.078805] (yahboomcar_msgs) StdoutLine: {'line': b'-- Up-to-date: /root/yahboomcar_ws/install/yahboomcar_msgs/include/yahboomcar_msgs/yahboomcar_msgs/msg/detail/image_msg__builder.hpp\n'}
[10.078891] (yahboomcar_msgs) StdoutLine: {'line': b'-- Up-to-date: /root/yahboomcar_ws/install/yahboomcar_msgs/include/yahboomcar_msgs/yahboomcar_msgs/msg/detail/target__struct.hpp\n'}
[10.078971] (yahboomcar_msgs) StdoutLine: {'line': b'-- Up-to-date: /root/yahboomcar_ws/install/yahboomcar_msgs/include/yahboomcar_msgs/yahboomcar_msgs/msg/detail/target_array__struct.hpp\n'}
[10.079051] (yahboomcar_msgs) StdoutLine: {'line': b'-- Up-to-date: /root/yahboomcar_ws/install/yahboomcar_msgs/include/yahboomcar_msgs/yahboomcar_msgs/msg/detail/image_msg__struct.hpp\n'}
[10.079202] (yahboomcar_msgs) StdoutLine: {'line': b'-- Up-to-date: /root/yahboomcar_ws/install/yahboomcar_msgs/include/yahboomcar_msgs/yahboomcar_msgs/msg/image_msg.hpp\n'}
[10.079284] (yahboomcar_msgs) StdoutLine: {'line': b'-- Up-to-date: /root/yahboomcar_ws/install/yahboomcar_msgs/include/yahboomcar_msgs/yahboomcar_msgs/msg/position.hpp\n'}
[10.079370] (yahboomcar_msgs) StdoutLine: {'line': b'-- Up-to-date: /root/yahboomcar_ws/install/yahboomcar_msgs/include/yahboomcar_msgs/yahboomcar_msgs/msg/target_array.hpp\n'}
[10.079572] (yahboomcar_msgs) StdoutLine: {'line': b'-- Up-to-date: /root/yahboomcar_ws/install/yahboomcar_msgs/include/yahboomcar_msgs/yahboomcar_msgs/msg/target.hpp\n'}
[10.079695] (yahboomcar_msgs) StdoutLine: {'line': b'-- Up-to-date: /root/yahboomcar_ws/install/yahboomcar_msgs/include/yahboomcar_msgs/yahboomcar_msgs\n'}
[10.079780] (yahboomcar_msgs) StdoutLine: {'line': b'-- Up-to-date: /root/yahboomcar_ws/install/yahboomcar_msgs/include/yahboomcar_msgs/yahboomcar_msgs/msg\n'}
[10.079859] (yahboomcar_msgs) StdoutLine: {'line': b'-- Up-to-date: /root/yahboomcar_ws/install/yahboomcar_msgs/include/yahboomcar_msgs/yahboomcar_msgs/msg/rosidl_typesupport_fastrtps_cpp__visibility_control.h\n'}
[10.079951] (yahboomcar_msgs) StdoutLine: {'line': b'-- Up-to-date: /root/yahboomcar_ws/install/yahboomcar_msgs/include/yahboomcar_msgs/yahboomcar_msgs/msg/detail\n'}
[10.080081] (yahboomcar_msgs) StdoutLine: {'line': b'-- Up-to-date: /root/yahboomcar_ws/install/yahboomcar_msgs/include/yahboomcar_msgs/yahboomcar_msgs/msg/detail/target__rosidl_typesupport_fastrtps_cpp.hpp\n'}
[10.080162] (yahboomcar_msgs) StdoutLine: {'line': b'-- Up-to-date: /root/yahboomcar_ws/install/yahboomcar_msgs/include/yahboomcar_msgs/yahboomcar_msgs/msg/detail/point_array__rosidl_typesupport_fastrtps_cpp.hpp\n'}
[10.080290] (yahboomcar_msgs) StdoutLine: {'line': b'-- Up-to-date: /root/yahboomcar_ws/install/yahboomcar_msgs/include/yahboomcar_msgs/yahboomcar_msgs/msg/detail/image_msg__rosidl_typesupport_fastrtps_cpp.hpp\n'}
[10.080374] (yahboomcar_msgs) StdoutLine: {'line': b'-- Up-to-date: /root/yahboomcar_ws/install/yahboomcar_msgs/include/yahboomcar_msgs/yahboomcar_msgs/msg/detail/target_array__rosidl_typesupport_fastrtps_cpp.hpp\n'}
[10.080538] (yahboomcar_msgs) StdoutLine: {'line': b'-- Up-to-date: /root/yahboomcar_ws/install/yahboomcar_msgs/include/yahboomcar_msgs/yahboomcar_msgs/msg/detail/position__rosidl_typesupport_fastrtps_cpp.hpp\n'}
[10.080637] (yahboomcar_msgs) StdoutLine: {'line': b'-- Up-to-date: /root/yahboomcar_ws/install/yahboomcar_msgs/include/yahboomcar_msgs/yahboomcar_msgs/msg/detail/dds_fastrtps\n'}
[10.080730] (yahboomcar_msgs) StdoutLine: {'line': b'-- Up-to-date: /root/yahboomcar_ws/install/yahboomcar_msgs/lib/libyahboomcar_msgs__rosidl_typesupport_fastrtps_cpp.so\n'}
[10.080930] (yahboomcar_msgs) StdoutLine: {'line': b'-- Up-to-date: /root/yahboomcar_ws/install/yahboomcar_msgs/include/yahboomcar_msgs/yahboomcar_msgs\n'}
[10.081149] (yahboomcar_msgs) StdoutLine: {'line': b'-- Up-to-date: /root/yahboomcar_ws/install/yahboomcar_msgs/include/yahboomcar_msgs/yahboomcar_msgs/msg\n'}
[10.081465] (yahboomcar_msgs) StdoutLine: {'line': b'-- Up-to-date: /root/yahboomcar_ws/install/yahboomcar_msgs/include/yahboomcar_msgs/yahboomcar_msgs/msg/detail\n'}
[10.081625] (yahboomcar_msgs) StdoutLine: {'line': b'-- Up-to-date: /root/yahboomcar_ws/install/yahboomcar_msgs/include/yahboomcar_msgs/yahboomcar_msgs/msg/detail/target__type_support.cpp\n'}
[10.081730] (yahboomcar_msgs) StdoutLine: {'line': b'-- Up-to-date: /root/yahboomcar_ws/install/yahboomcar_msgs/include/yahboomcar_msgs/yahboomcar_msgs/msg/detail/target_array__rosidl_typesupport_introspection_cpp.hpp\n'}
[10.081812] (yahboomcar_msgs) StdoutLine: {'line': b'-- Up-to-date: /root/yahboomcar_ws/install/yahboomcar_msgs/include/yahboomcar_msgs/yahboomcar_msgs/msg/detail/target__rosidl_typesupport_introspection_cpp.hpp\n'}
[10.081900] (yahboomcar_msgs) StdoutLine: {'line': b'-- Up-to-date: /root/yahboomcar_ws/install/yahboomcar_msgs/include/yahboomcar_msgs/yahboomcar_msgs/msg/detail/position__rosidl_typesupport_introspection_cpp.hpp\n'}
[10.081989] (yahboomcar_msgs) StdoutLine: {'line': b'-- Up-to-date: /root/yahboomcar_ws/install/yahboomcar_msgs/include/yahboomcar_msgs/yahboomcar_msgs/msg/detail/point_array__type_support.cpp\n'}
[10.082060] (yahboomcar_msgs) StdoutLine: {'line': b'-- Up-to-date: /root/yahboomcar_ws/install/yahboomcar_msgs/include/yahboomcar_msgs/yahboomcar_msgs/msg/detail/position__type_support.cpp\n'}
[10.082128] (yahboomcar_msgs) StdoutLine: {'line': b'-- Up-to-date: /root/yahboomcar_ws/install/yahboomcar_msgs/include/yahboomcar_msgs/yahboomcar_msgs/msg/detail/point_array__rosidl_typesupport_introspection_cpp.hpp\n'}
[10.082199] (yahboomcar_msgs) StdoutLine: {'line': b'-- Up-to-date: /root/yahboomcar_ws/install/yahboomcar_msgs/include/yahboomcar_msgs/yahboomcar_msgs/msg/detail/image_msg__type_support.cpp\n'}
[10.082271] (yahboomcar_msgs) StdoutLine: {'line': b'-- Up-to-date: /root/yahboomcar_ws/install/yahboomcar_msgs/include/yahboomcar_msgs/yahboomcar_msgs/msg/detail/target_array__type_support.cpp\n'}
[10.082340] (yahboomcar_msgs) StdoutLine: {'line': b'-- Up-to-date: /root/yahboomcar_ws/install/yahboomcar_msgs/include/yahboomcar_msgs/yahboomcar_msgs/msg/detail/image_msg__rosidl_typesupport_introspection_cpp.hpp\n'}
[10.082406] (yahboomcar_msgs) StdoutLine: {'line': b'-- Up-to-date: /root/yahboomcar_ws/install/yahboomcar_msgs/lib/libyahboomcar_msgs__rosidl_typesupport_introspection_cpp.so\n'}
[10.082473] (yahboomcar_msgs) StdoutLine: {'line': b'-- Up-to-date: /root/yahboomcar_ws/install/yahboomcar_msgs/lib/libyahboomcar_msgs__rosidl_typesupport_cpp.so\n'}
[10.082538] (yahboomcar_msgs) StdoutLine: {'line': b'-- Up-to-date: /root/yahboomcar_ws/install/yahboomcar_msgs/share/yahboomcar_msgs/environment/pythonpath.sh\n'}
[10.082603] (yahboomcar_msgs) StdoutLine: {'line': b'-- Up-to-date: /root/yahboomcar_ws/install/yahboomcar_msgs/share/yahboomcar_msgs/environment/pythonpath.dsv\n'}
[10.094940] (yahboomcar_msgs) StdoutLine: {'line': b'-- Up-to-date: /root/yahboomcar_ws/install/yahboomcar_msgs/local/lib/python3.10/dist-packages/yahboomcar_msgs-0.0.0-py3.10.egg-info\n'}
[10.095109] (yahboomcar_msgs) StdoutLine: {'line': b'-- Installing: /root/yahboomcar_ws/install/yahboomcar_msgs/local/lib/python3.10/dist-packages/yahboomcar_msgs-0.0.0-py3.10.egg-info/SOURCES.txt\n'}
[10.095196] (yahboomcar_msgs) StdoutLine: {'line': b'-- Installing: /root/yahboomcar_ws/install/yahboomcar_msgs/local/lib/python3.10/dist-packages/yahboomcar_msgs-0.0.0-py3.10.egg-info/top_level.txt\n'}
[10.095272] (yahboomcar_msgs) StdoutLine: {'line': b'-- Installing: /root/yahboomcar_ws/install/yahboomcar_msgs/local/lib/python3.10/dist-packages/yahboomcar_msgs-0.0.0-py3.10.egg-info/PKG-INFO\n'}
[10.095375] (yahboomcar_msgs) StdoutLine: {'line': b'-- Installing: /root/yahboomcar_ws/install/yahboomcar_msgs/local/lib/python3.10/dist-packages/yahboomcar_msgs-0.0.0-py3.10.egg-info/dependency_links.txt\n'}
[10.095470] (yahboomcar_msgs) StdoutLine: {'line': b'-- Up-to-date: /root/yahboomcar_ws/install/yahboomcar_msgs/local/lib/python3.10/dist-packages/yahboomcar_msgs\n'}
[10.095605] (yahboomcar_msgs) StdoutLine: {'line': b'-- Up-to-date: /root/yahboomcar_ws/install/yahboomcar_msgs/local/lib/python3.10/dist-packages/yahboomcar_msgs/__init__.py\n'}
[10.095709] (yahboomcar_msgs) StdoutLine: {'line': b'-- Up-to-date: /root/yahboomcar_ws/install/yahboomcar_msgs/local/lib/python3.10/dist-packages/yahboomcar_msgs/msg\n'}
[10.095781] (yahboomcar_msgs) StdoutLine: {'line': b'-- Up-to-date: /root/yahboomcar_ws/install/yahboomcar_msgs/local/lib/python3.10/dist-packages/yahboomcar_msgs/msg/__init__.py\n'}
[10.095848] (yahboomcar_msgs) StdoutLine: {'line': b'-- Up-to-date: /root/yahboomcar_ws/install/yahboomcar_msgs/local/lib/python3.10/dist-packages/yahboomcar_msgs/msg/_point_array.py\n'}
[10.095920] (yahboomcar_msgs) StdoutLine: {'line': b'-- Up-to-date: /root/yahboomcar_ws/install/yahboomcar_msgs/local/lib/python3.10/dist-packages/yahboomcar_msgs/msg/_image_msg.py\n'}
[10.096006] (yahboomcar_msgs) StdoutLine: {'line': b'-- Up-to-date: /root/yahboomcar_ws/install/yahboomcar_msgs/local/lib/python3.10/dist-packages/yahboomcar_msgs/msg/_image_msg_s.c\n'}
[10.096086] (yahboomcar_msgs) StdoutLine: {'line': b'-- Up-to-date: /root/yahboomcar_ws/install/yahboomcar_msgs/local/lib/python3.10/dist-packages/yahboomcar_msgs/msg/_position.py\n'}
[10.096191] (yahboomcar_msgs) StdoutLine: {'line': b'-- Up-to-date: /root/yahboomcar_ws/install/yahboomcar_msgs/local/lib/python3.10/dist-packages/yahboomcar_msgs/msg/_target.py\n'}
[10.096271] (yahboomcar_msgs) StdoutLine: {'line': b'-- Up-to-date: /root/yahboomcar_ws/install/yahboomcar_msgs/local/lib/python3.10/dist-packages/yahboomcar_msgs/msg/_target_s.c\n'}
[10.096336] (yahboomcar_msgs) StdoutLine: {'line': b'-- Up-to-date: /root/yahboomcar_ws/install/yahboomcar_msgs/local/lib/python3.10/dist-packages/yahboomcar_msgs/msg/_target_array.py\n'}
[10.096400] (yahboomcar_msgs) StdoutLine: {'line': b'-- Up-to-date: /root/yahboomcar_ws/install/yahboomcar_msgs/local/lib/python3.10/dist-packages/yahboomcar_msgs/msg/_target_array_s.c\n'}
[10.096466] (yahboomcar_msgs) StdoutLine: {'line': b'-- Up-to-date: /root/yahboomcar_ws/install/yahboomcar_msgs/local/lib/python3.10/dist-packages/yahboomcar_msgs/msg/_position_s.c\n'}
[10.096536] (yahboomcar_msgs) StdoutLine: {'line': b'-- Up-to-date: /root/yahboomcar_ws/install/yahboomcar_msgs/local/lib/python3.10/dist-packages/yahboomcar_msgs/msg/_point_array_s.c\n'}
[10.096606] (yahboomcar_msgs) StdoutLine: {'line': b'-- Up-to-date: /root/yahboomcar_ws/install/yahboomcar_msgs/local/lib/python3.10/dist-packages/yahboomcar_msgs/_yahboomcar_msgs_s.ep.rosidl_typesupport_introspection_c.c\n'}
[10.096676] (yahboomcar_msgs) StdoutLine: {'line': b'-- Up-to-date: /root/yahboomcar_ws/install/yahboomcar_msgs/local/lib/python3.10/dist-packages/yahboomcar_msgs/yahboomcar_msgs_s__rosidl_typesupport_introspection_c.cpython-310-aarch64-linux-gnu.so\n'}
[10.096744] (yahboomcar_msgs) StdoutLine: {'line': b'-- Up-to-date: /root/yahboomcar_ws/install/yahboomcar_msgs/local/lib/python3.10/dist-packages/yahboomcar_msgs/yahboomcar_msgs_s__rosidl_typesupport_fastrtps_c.cpython-310-aarch64-linux-gnu.so\n'}
[10.096811] (yahboomcar_msgs) StdoutLine: {'line': b'-- Up-to-date: /root/yahboomcar_ws/install/yahboomcar_msgs/local/lib/python3.10/dist-packages/yahboomcar_msgs/_yahboomcar_msgs_s.ep.rosidl_typesupport_c.c\n'}
[10.096889] (yahboomcar_msgs) StdoutLine: {'line': b'-- Up-to-date: /root/yahboomcar_ws/install/yahboomcar_msgs/local/lib/python3.10/dist-packages/yahboomcar_msgs/yahboomcar_msgs_s__rosidl_typesupport_c.cpython-310-aarch64-linux-gnu.so\n'}
[10.096986] (yahboomcar_msgs) StdoutLine: {'line': b'-- Up-to-date: /root/yahboomcar_ws/install/yahboomcar_msgs/local/lib/python3.10/dist-packages/yahboomcar_msgs/libyahboomcar_msgs__rosidl_generator_py.so\n'}
[10.097066] (yahboomcar_msgs) StdoutLine: {'line': b'-- Up-to-date: /root/yahboomcar_ws/install/yahboomcar_msgs/local/lib/python3.10/dist-packages/yahboomcar_msgs/_yahboomcar_msgs_s.ep.rosidl_typesupport_fastrtps_c.c\n'}
[10.139955] (yahboomcar_msgs) StdoutLine: {'line': b"Listing '/root/yahboomcar_ws/install/yahboomcar_msgs/local/lib/python3.10/dist-packages/yahboomcar_msgs'...\n"}
[10.140354] (yahboomcar_msgs) StdoutLine: {'line': b"Listing '/root/yahboomcar_ws/install/yahboomcar_msgs/local/lib/python3.10/dist-packages/yahboomcar_msgs/msg'...\n"}
[10.153313] (yahboomcar_msgs) StdoutLine: {'line': b'-- Up-to-date: /root/yahboomcar_ws/install/yahboomcar_msgs/local/lib/python3.10/dist-packages/yahboomcar_msgs/yahboomcar_msgs_s__rosidl_typesupport_fastrtps_c.cpython-310-aarch64-linux-gnu.so\n'}
[10.153750] (yahboomcar_msgs) StdoutLine: {'line': b'-- Up-to-date: /root/yahboomcar_ws/install/yahboomcar_msgs/local/lib/python3.10/dist-packages/yahboomcar_msgs/yahboomcar_msgs_s__rosidl_typesupport_introspection_c.cpython-310-aarch64-linux-gnu.so\n'}
[10.154267] (yahboomcar_msgs) StdoutLine: {'line': b'-- Up-to-date: /root/yahboomcar_ws/install/yahboomcar_msgs/local/lib/python3.10/dist-packages/yahboomcar_msgs/yahboomcar_msgs_s__rosidl_typesupport_c.cpython-310-aarch64-linux-gnu.so\n'}
[10.154824] (yahboomcar_msgs) StdoutLine: {'line': b'-- Up-to-date: /root/yahboomcar_ws/install/yahboomcar_msgs/lib/libyahboomcar_msgs__rosidl_generator_py.so\n'}
[10.155046] (yahboomcar_msgs) StdoutLine: {'line': b'-- Up-to-date: /root/yahboomcar_ws/install/yahboomcar_msgs/share/yahboomcar_msgs/msg/ImageMsg.idl\n'}
[10.155234] (yahboomcar_msgs) StdoutLine: {'line': b'-- Up-to-date: /root/yahboomcar_ws/install/yahboomcar_msgs/share/yahboomcar_msgs/msg/PointArray.idl\n'}
[10.155364] (yahboomcar_msgs) StdoutLine: {'line': b'-- Up-to-date: /root/yahboomcar_ws/install/yahboomcar_msgs/share/yahboomcar_msgs/msg/Position.idl\n'}
[10.155464] (yahboomcar_msgs) StdoutLine: {'line': b'-- Up-to-date: /root/yahboomcar_ws/install/yahboomcar_msgs/share/yahboomcar_msgs/msg/Target.idl\n'}
[10.155614] (yahboomcar_msgs) StdoutLine: {'line': b'-- Up-to-date: /root/yahboomcar_ws/install/yahboomcar_msgs/share/yahboomcar_msgs/msg/TargetArray.idl\n'}
[10.155725] (yahboomcar_msgs) StdoutLine: {'line': b'-- Up-to-date: /root/yahboomcar_ws/install/yahboomcar_msgs/share/yahboomcar_msgs/msg/ImageMsg.msg\n'}
[10.155812] (yahboomcar_msgs) StdoutLine: {'line': b'-- Up-to-date: /root/yahboomcar_ws/install/yahboomcar_msgs/share/yahboomcar_msgs/msg/PointArray.msg\n'}
[10.155893] (yahboomcar_msgs) StdoutLine: {'line': b'-- Up-to-date: /root/yahboomcar_ws/install/yahboomcar_msgs/share/yahboomcar_msgs/msg/Position.msg\n'}
[10.155981] (yahboomcar_msgs) StdoutLine: {'line': b'-- Up-to-date: /root/yahboomcar_ws/install/yahboomcar_msgs/share/yahboomcar_msgs/msg/Target.msg\n'}
[10.156062] (yahboomcar_msgs) StdoutLine: {'line': b'-- Up-to-date: /root/yahboomcar_ws/install/yahboomcar_msgs/share/yahboomcar_msgs/msg/TargetArray.msg\n'}
[10.156267] (yahboomcar_msgs) StdoutLine: {'line': b'-- Up-to-date: /root/yahboomcar_ws/install/yahboomcar_msgs/share/ament_index/resource_index/package_run_dependencies/yahboomcar_msgs\n'}
[10.156392] (yahboomcar_msgs) StdoutLine: {'line': b'-- Up-to-date: /root/yahboomcar_ws/install/yahboomcar_msgs/share/ament_index/resource_index/parent_prefix_path/yahboomcar_msgs\n'}
[10.156496] (yahboomcar_msgs) StdoutLine: {'line': b'-- Up-to-date: /root/yahboomcar_ws/install/yahboomcar_msgs/share/yahboomcar_msgs/environment/ament_prefix_path.sh\n'}
[10.156606] (yahboomcar_msgs) StdoutLine: {'line': b'-- Up-to-date: /root/yahboomcar_ws/install/yahboomcar_msgs/share/yahboomcar_msgs/environment/ament_prefix_path.dsv\n'}
[10.156707] (yahboomcar_msgs) StdoutLine: {'line': b'-- Up-to-date: /root/yahboomcar_ws/install/yahboomcar_msgs/share/yahboomcar_msgs/environment/path.sh\n'}
[10.156806] (yahboomcar_msgs) StdoutLine: {'line': b'-- Up-to-date: /root/yahboomcar_ws/install/yahboomcar_msgs/share/yahboomcar_msgs/environment/path.dsv\n'}
[10.156900] (yahboomcar_msgs) StdoutLine: {'line': b'-- Up-to-date: /root/yahboomcar_ws/install/yahboomcar_msgs/share/yahboomcar_msgs/local_setup.bash\n'}
[10.156988] (yahboomcar_msgs) StdoutLine: {'line': b'-- Up-to-date: /root/yahboomcar_ws/install/yahboomcar_msgs/share/yahboomcar_msgs/local_setup.sh\n'}
[10.157075] (yahboomcar_msgs) StdoutLine: {'line': b'-- Up-to-date: /root/yahboomcar_ws/install/yahboomcar_msgs/share/yahboomcar_msgs/local_setup.zsh\n'}
[10.157242] (yahboomcar_msgs) StdoutLine: {'line': b'-- Up-to-date: /root/yahboomcar_ws/install/yahboomcar_msgs/share/yahboomcar_msgs/local_setup.dsv\n'}
[10.157349] (yahboomcar_msgs) StdoutLine: {'line': b'-- Installing: /root/yahboomcar_ws/install/yahboomcar_msgs/share/yahboomcar_msgs/package.dsv\n'}
[10.157446] (yahboomcar_msgs) StdoutLine: {'line': b'-- Up-to-date: /root/yahboomcar_ws/install/yahboomcar_msgs/share/ament_index/resource_index/packages/yahboomcar_msgs\n'}
[10.157532] (yahboomcar_msgs) StdoutLine: {'line': b'-- Up-to-date: /root/yahboomcar_ws/install/yahboomcar_msgs/share/yahboomcar_msgs/cmake/export_yahboomcar_msgs__rosidl_generator_cExport.cmake\n'}
[10.157620] (yahboomcar_msgs) StdoutLine: {'line': b'-- Up-to-date: /root/yahboomcar_ws/install/yahboomcar_msgs/share/yahboomcar_msgs/cmake/export_yahboomcar_msgs__rosidl_generator_cExport-noconfig.cmake\n'}
[10.157774] (yahboomcar_msgs) StdoutLine: {'line': b'-- Up-to-date: /root/yahboomcar_ws/install/yahboomcar_msgs/share/yahboomcar_msgs/cmake/export_yahboomcar_msgs__rosidl_typesupport_fastrtps_cExport.cmake\n'}
[10.157885] (yahboomcar_msgs) StdoutLine: {'line': b'-- Up-to-date: /root/yahboomcar_ws/install/yahboomcar_msgs/share/yahboomcar_msgs/cmake/export_yahboomcar_msgs__rosidl_typesupport_fastrtps_cExport-noconfig.cmake\n'}
[10.157973] (yahboomcar_msgs) StdoutLine: {'line': b'-- Up-to-date: /root/yahboomcar_ws/install/yahboomcar_msgs/share/yahboomcar_msgs/cmake/yahboomcar_msgs__rosidl_typesupport_introspection_cExport.cmake\n'}
[10.158056] (yahboomcar_msgs) StdoutLine: {'line': b'-- Up-to-date: /root/yahboomcar_ws/install/yahboomcar_msgs/share/yahboomcar_msgs/cmake/yahboomcar_msgs__rosidl_typesupport_introspection_cExport-noconfig.cmake\n'}
[10.158138] (yahboomcar_msgs) StdoutLine: {'line': b'-- Up-to-date: /root/yahboomcar_ws/install/yahboomcar_msgs/share/yahboomcar_msgs/cmake/yahboomcar_msgs__rosidl_typesupport_cExport.cmake\n'}
[10.158223] (yahboomcar_msgs) StdoutLine: {'line': b'-- Up-to-date: /root/yahboomcar_ws/install/yahboomcar_msgs/share/yahboomcar_msgs/cmake/yahboomcar_msgs__rosidl_typesupport_cExport-noconfig.cmake\n'}
[10.158370] (yahboomcar_msgs) StdoutLine: {'line': b'-- Up-to-date: /root/yahboomcar_ws/install/yahboomcar_msgs/share/yahboomcar_msgs/cmake/export_yahboomcar_msgs__rosidl_generator_cppExport.cmake\n'}
[10.158558] (yahboomcar_msgs) StdoutLine: {'line': b'-- Up-to-date: /root/yahboomcar_ws/install/yahboomcar_msgs/share/yahboomcar_msgs/cmake/export_yahboomcar_msgs__rosidl_typesupport_fastrtps_cppExport.cmake\n'}
[10.158719] (yahboomcar_msgs) StdoutLine: {'line': b'-- Up-to-date: /root/yahboomcar_ws/install/yahboomcar_msgs/share/yahboomcar_msgs/cmake/export_yahboomcar_msgs__rosidl_typesupport_fastrtps_cppExport-noconfig.cmake\n'}
[10.158962] (yahboomcar_msgs) StdoutLine: {'line': b'-- Up-to-date: /root/yahboomcar_ws/install/yahboomcar_msgs/share/yahboomcar_msgs/cmake/yahboomcar_msgs__rosidl_typesupport_introspection_cppExport.cmake\n'}
[10.159131] (yahboomcar_msgs) StdoutLine: {'line': b'-- Up-to-date: /root/yahboomcar_ws/install/yahboomcar_msgs/share/yahboomcar_msgs/cmake/yahboomcar_msgs__rosidl_typesupport_introspection_cppExport-noconfig.cmake\n'}
[10.159348] (yahboomcar_msgs) StdoutLine: {'line': b'-- Up-to-date: /root/yahboomcar_ws/install/yahboomcar_msgs/share/yahboomcar_msgs/cmake/yahboomcar_msgs__rosidl_typesupport_cppExport.cmake\n'}
[10.159478] (yahboomcar_msgs) StdoutLine: {'line': b'-- Up-to-date: /root/yahboomcar_ws/install/yahboomcar_msgs/share/yahboomcar_msgs/cmake/yahboomcar_msgs__rosidl_typesupport_cppExport-noconfig.cmake\n'}
[10.159563] (yahboomcar_msgs) StdoutLine: {'line': b'-- Up-to-date: /root/yahboomcar_ws/install/yahboomcar_msgs/share/yahboomcar_msgs/cmake/export_yahboomcar_msgs__rosidl_generator_pyExport.cmake\n'}
[10.159654] (yahboomcar_msgs) StdoutLine: {'line': b'-- Up-to-date: /root/yahboomcar_ws/install/yahboomcar_msgs/share/yahboomcar_msgs/cmake/export_yahboomcar_msgs__rosidl_generator_pyExport-noconfig.cmake\n'}
[10.159751] (yahboomcar_msgs) StdoutLine: {'line': b'-- Up-to-date: /root/yahboomcar_ws/install/yahboomcar_msgs/share/yahboomcar_msgs/cmake/rosidl_cmake-extras.cmake\n'}
[10.159859] (yahboomcar_msgs) StdoutLine: {'line': b'-- Up-to-date: /root/yahboomcar_ws/install/yahboomcar_msgs/share/yahboomcar_msgs/cmake/ament_cmake_export_dependencies-extras.cmake\n'}
[10.159956] (yahboomcar_msgs) StdoutLine: {'line': b'-- Up-to-date: /root/yahboomcar_ws/install/yahboomcar_msgs/share/yahboomcar_msgs/cmake/ament_cmake_export_include_directories-extras.cmake\n'}
[10.160049] (yahboomcar_msgs) StdoutLine: {'line': b'-- Up-to-date: /root/yahboomcar_ws/install/yahboomcar_msgs/share/yahboomcar_msgs/cmake/ament_cmake_export_libraries-extras.cmake\n'}
[10.160146] (yahboomcar_msgs) StdoutLine: {'line': b'-- Up-to-date: /root/yahboomcar_ws/install/yahboomcar_msgs/share/yahboomcar_msgs/cmake/ament_cmake_export_targets-extras.cmake\n'}
[10.160235] (yahboomcar_msgs) StdoutLine: {'line': b'-- Up-to-date: /root/yahboomcar_ws/install/yahboomcar_msgs/share/yahboomcar_msgs/cmake/rosidl_cmake_export_typesupport_targets-extras.cmake\n'}
[10.160326] (yahboomcar_msgs) StdoutLine: {'line': b'-- Up-to-date: /root/yahboomcar_ws/install/yahboomcar_msgs/share/yahboomcar_msgs/cmake/rosidl_cmake_export_typesupport_libraries-extras.cmake\n'}
[10.160416] (yahboomcar_msgs) StdoutLine: {'line': b'-- Up-to-date: /root/yahboomcar_ws/install/yahboomcar_msgs/share/yahboomcar_msgs/cmake/yahboomcar_msgsConfig.cmake\n'}
[10.160507] (yahboomcar_msgs) StdoutLine: {'line': b'-- Up-to-date: /root/yahboomcar_ws/install/yahboomcar_msgs/share/yahboomcar_msgs/cmake/yahboomcar_msgsConfig-version.cmake\n'}
[10.160597] (yahboomcar_msgs) StdoutLine: {'line': b'-- Up-to-date: /root/yahboomcar_ws/install/yahboomcar_msgs/share/yahboomcar_msgs/package.xml\n'}
[10.161987] (yahboomcar_msgs) CommandEnded: {'returncode': 0}
[10.165343] (-) TimerEvent: {}
[10.213875] (yahboomcar_mediapipe) StderrLine: {'line': b"/usr/lib/python3/dist-packages/setuptools/dist.py:723: UserWarning: Usage of dash-separated 'script-dir' will not be supported in future versions. Please use the underscore name 'script_dir' instead\n"}
[10.214559] (yahboomcar_mediapipe) StderrLine: {'line': b'  warnings.warn(\n'}
[10.229761] (yahboomcar_mediapipe) StdoutLine: {'line': b'running egg_info\n'}
[10.231198] (yahboomcar_mediapipe) StdoutLine: {'line': b'writing ../../build/yahboomcar_mediapipe/yahboomcar_mediapipe.egg-info/PKG-INFO\n'}
[10.231865] (yahboomcar_mediapipe) StdoutLine: {'line': b'writing dependency_links to ../../build/yahboomcar_mediapipe/yahboomcar_mediapipe.egg-info/dependency_links.txt\n'}
[10.232376] (yahboomcar_mediapipe) StdoutLine: {'line': b'writing entry points to ../../build/yahboomcar_mediapipe/yahboomcar_mediapipe.egg-info/entry_points.txt\n'}
[10.232691] (yahboomcar_mediapipe) StdoutLine: {'line': b'writing requirements to ../../build/yahboomcar_mediapipe/yahboomcar_mediapipe.egg-info/requires.txt\n'}
[10.233147] (yahboomcar_mediapipe) StdoutLine: {'line': b'writing top-level names to ../../build/yahboomcar_mediapipe/yahboomcar_mediapipe.egg-info/top_level.txt\n'}
[10.237559] (yahboomcar_mediapipe) StdoutLine: {'line': b"reading manifest file '../../build/yahboomcar_mediapipe/yahboomcar_mediapipe.egg-info/SOURCES.txt'\n"}
[10.238246] (yahboomcar_mediapipe) StdoutLine: {'line': b"writing manifest file '../../build/yahboomcar_mediapipe/yahboomcar_mediapipe.egg-info/SOURCES.txt'\n"}
[10.238913] (yahboomcar_mediapipe) StdoutLine: {'line': b'running build\n'}
[10.239338] (yahboomcar_mediapipe) StdoutLine: {'line': b'running build_py\n'}
[10.240326] (yahboomcar_mediapipe) StdoutLine: {'line': b'running install\n'}
[10.240585] (yahboomcar_mediapipe) StderrLine: {'line': b'/usr/lib/python3/dist-packages/setuptools/command/install.py:34: SetuptoolsDeprecationWarning: setup.py install is deprecated. Use build and pip and other standards-based tools.\n'}
[10.240823] (yahboomcar_mediapipe) StderrLine: {'line': b'  warnings.warn(\n'}
[10.242083] (yahboomcar_mediapipe) StdoutLine: {'line': b'running install_lib\n'}
[10.245046] (yahboomcar_mediapipe) StdoutLine: {'line': b'running install_data\n'}
[10.246592] (yahboomcar_mediapipe) StdoutLine: {'line': b'running install_egg_info\n'}
[10.250424] (yahboomcar_mediapipe) StdoutLine: {'line': b"removing '/root/yahboomcar_ws/install/yahboomcar_mediapipe/lib/python3.10/site-packages/yahboomcar_mediapipe-0.0.0-py3.10.egg-info' (and everything under it)\n"}
[10.251016] (yahboomcar_mediapipe) StdoutLine: {'line': b'Copying ../../build/yahboomcar_mediapipe/yahboomcar_mediapipe.egg-info to /root/yahboomcar_ws/install/yahboomcar_mediapipe/lib/python3.10/site-packages/yahboomcar_mediapipe-0.0.0-py3.10.egg-info\n'}
[10.252413] (yahboomcar_mediapipe) StdoutLine: {'line': b'running install_scripts\n'}
[10.267114] (-) TimerEvent: {}
[10.293409] (yahboomcar_mediapipe) StdoutLine: {'line': b'Installing 01_HandDetector script to /root/yahboomcar_ws/install/yahboomcar_mediapipe/lib/yahboomcar_mediapipe\n'}
[10.293815] (yahboomcar_mediapipe) StdoutLine: {'line': b'Installing 02_PoseDetector script to /root/yahboomcar_ws/install/yahboomcar_mediapipe/lib/yahboomcar_mediapipe\n'}
[10.294081] (yahboomcar_mediapipe) StdoutLine: {'line': b'Installing 03_Holistic script to /root/yahboomcar_ws/install/yahboomcar_mediapipe/lib/yahboomcar_mediapipe\n'}
[10.294250] (yahboomcar_mediapipe) StdoutLine: {'line': b'Installing 04_FaceMesh script to /root/yahboomcar_ws/install/yahboomcar_mediapipe/lib/yahboomcar_mediapipe\n'}
[10.294405] (yahboomcar_mediapipe) StdoutLine: {'line': b'Installing 05_FaceEyeDetection script to /root/yahboomcar_ws/install/yahboomcar_mediapipe/lib/yahboomcar_mediapipe\n'}
[10.294525] (yahboomcar_mediapipe) StdoutLine: {'line': b'Installing test_msg script to /root/yahboomcar_ws/install/yahboomcar_mediapipe/lib/yahboomcar_mediapipe\n'}
[10.294949] (yahboomcar_laser) StdoutLine: {'line': b'running egg_info\n'}
[10.295348] (yahboomcar_mediapipe) StdoutLine: {'line': b"writing list of installed files to '/root/yahboomcar_ws/build/yahboomcar_mediapipe/install.log'\n"}
[10.297660] (yahboomcar_laser) StdoutLine: {'line': b'writing ../../build/yahboomcar_laser/yahboomcar_laser.egg-info/PKG-INFO\n'}
[10.299096] (yahboomcar_laser) StdoutLine: {'line': b'writing dependency_links to ../../build/yahboomcar_laser/yahboomcar_laser.egg-info/dependency_links.txt\n'}
[10.300400] (yahboomcar_laser) StdoutLine: {'line': b'writing entry points to ../../build/yahboomcar_laser/yahboomcar_laser.egg-info/entry_points.txt\n'}
[10.301451] (yahboomcar_laser) StdoutLine: {'line': b'writing requirements to ../../build/yahboomcar_laser/yahboomcar_laser.egg-info/requires.txt\n'}
[10.302164] (yahboomcar_laser) StdoutLine: {'line': b'writing top-level names to ../../build/yahboomcar_laser/yahboomcar_laser.egg-info/top_level.txt\n'}
[10.309154] (yahboomcar_laser) StdoutLine: {'line': b"reading manifest file '../../build/yahboomcar_laser/yahboomcar_laser.egg-info/SOURCES.txt'\n"}
[10.312069] (yahboomcar_laser) StdoutLine: {'line': b"writing manifest file '../../build/yahboomcar_laser/yahboomcar_laser.egg-info/SOURCES.txt'\n"}
[10.312968] (yahboomcar_laser) StdoutLine: {'line': b'running build\n'}
[10.313355] (yahboomcar_laser) StdoutLine: {'line': b'running build_py\n'}
[10.315882] (yahboomcar_laser) StdoutLine: {'line': b'running install\n'}
[10.316637] (yahboomcar_laser) StderrLine: {'line': b'/usr/lib/python3/dist-packages/setuptools/command/install.py:34: SetuptoolsDeprecationWarning: setup.py install is deprecated. Use build and pip and other standards-based tools.\n'}
[10.316892] (yahboomcar_laser) StderrLine: {'line': b'  warnings.warn(\n'}
[10.317916] (yahboomcar_laser) StdoutLine: {'line': b'running install_lib\n'}
[10.324047] (yahboomcar_laser) StdoutLine: {'line': b'running install_data\n'}
[10.326544] (yahboomcar_laser) StdoutLine: {'line': b'running install_egg_info\n'}
[10.333954] (yahboomcar_laser) StdoutLine: {'line': b"removing '/root/yahboomcar_ws/install/yahboomcar_laser/lib/python3.10/site-packages/yahboomcar_laser-0.0.0-py3.10.egg-info' (and everything under it)\n"}
[10.335553] (yahboomcar_laser) StdoutLine: {'line': b'Copying ../../build/yahboomcar_laser/yahboomcar_laser.egg-info to /root/yahboomcar_ws/install/yahboomcar_laser/lib/python3.10/site-packages/yahboomcar_laser-0.0.0-py3.10.egg-info\n'}
[10.338732] (yahboomcar_laser) StdoutLine: {'line': b'running install_scripts\n'}
[10.367301] (-) TimerEvent: {}
[10.397636] (yahboomcar_laser) StdoutLine: {'line': b'Installing laser_Avoidance script to /root/yahboomcar_ws/install/yahboomcar_laser/lib/yahboomcar_laser\n'}
[10.398618] (yahboomcar_laser) StdoutLine: {'line': b'Installing laser_Tracker script to /root/yahboomcar_ws/install/yahboomcar_laser/lib/yahboomcar_laser\n'}
[10.400091] (yahboomcar_laser) StdoutLine: {'line': b'Installing laser_Warning script to /root/yahboomcar_ws/install/yahboomcar_laser/lib/yahboomcar_laser\n'}
[10.400386] (yahboomcar_mediapipe) CommandEnded: {'returncode': 0}
[10.401964] (yahboomcar_laser) StdoutLine: {'line': b"writing list of installed files to '/root/yahboomcar_ws/build/yahboomcar_laser/install.log'\n"}
[10.467573] (-) TimerEvent: {}
[10.560129] (yahboomcar_mediapipe) JobEnded: {'identifier': 'yahboomcar_mediapipe', 'rc': 0}
[10.563322] (yahboomcar_visual) JobStarted: {'identifier': 'yahboomcar_visual'}
[10.567869] (-) TimerEvent: {}
[10.668630] (-) TimerEvent: {}
[10.689758] (yahboomcar_laser) CommandEnded: {'returncode': 0}
[10.745880] (yahboomcar_laser) JobEnded: {'identifier': 'yahboomcar_laser', 'rc': 0}
[10.748303] (yahboomcar_nav) Command: {'cmd': ['/usr/bin/python3', 'setup.py', 'egg_info', '--egg-base', '../../build/yahboomcar_nav', 'build', '--build-base', '/root/yahboomcar_ws/build/yahboomcar_nav/build', 'install', '--record', '/root/yahboomcar_ws/build/yahboomcar_nav/install.log', '--single-version-externally-managed'], 'cwd': '/root/yahboomcar_ws/src/yahboomcar_nav', 'env': {'HOSTNAME': 'raspberrypi', 'SHLVL': '1', 'LD_LIBRARY_PATH': '/root/imu_ws/install/rviz_imu_plugin/lib:/root/imu_ws/install/imu_filter_madgwick/lib:/root/imu_ws/install/imu_complementary_filter/lib:/root/yahboomcar_ws/install/yahboomcar_msgs/lib:/root/yahboomcar_ws/install/yahboom_web_savmap_interfaces/lib:/root/yahboomcar_ws/install/robot_localization/lib:/root/gmapping_ws/install/openslam_gmapping/lib:/opt/ros/humble/opt/rviz_ogre_vendor/lib:/opt/ros/humble/lib/aarch64-linux-gnu:/opt/ros/humble/lib', 'HOME': '/root', 'OLDPWD': '/root', 'ROS_PYTHON_VERSION': '3', 'COLCON_PREFIX_PATH': '/root/yahboomcar_ws/install:/root/gmapping_ws/install:/root/imu_ws/install', 'ROS_DISTRO': 'humble', '_': '/usr/bin/colcon', 'ROS_VERSION': '2', 'TERM': 'xterm', 'ROS_LOCALHOST_ONLY': '0', 'QT_X11_NO_MITSHM': '1', 'PATH': '/opt/ros/humble/bin:/usr/local/sbin:/usr/local/bin:/usr/sbin:/usr/bin:/sbin:/bin', 'DISPLAY': ':0', 'LANG': 'C.UTF-8', 'LS_COLORS': 'rs=0:di=01;34:ln=01;36:mh=00:pi=40;33:so=01;35:do=01;35:bd=40;33;01:cd=40;33;01:or=40;31;01:mi=00:su=37;41:sg=30;43:ca=30;41:tw=30;42:ow=34;42:st=37;44:ex=01;32:*.tar=01;31:*.tgz=01;31:*.arc=01;31:*.arj=01;31:*.taz=01;31:*.lha=01;31:*.lz4=01;31:*.lzh=01;31:*.lzma=01;31:*.tlz=01;31:*.txz=01;31:*.tzo=01;31:*.t7z=01;31:*.zip=01;31:*.z=01;31:*.dz=01;31:*.gz=01;31:*.lrz=01;31:*.lz=01;31:*.lzo=01;31:*.xz=01;31:*.zst=01;31:*.tzst=01;31:*.bz2=01;31:*.bz=01;31:*.tbz=01;31:*.tbz2=01;31:*.tz=01;31:*.deb=01;31:*.rpm=01;31:*.jar=01;31:*.war=01;31:*.ear=01;31:*.sar=01;31:*.rar=01;31:*.alz=01;31:*.ace=01;31:*.zoo=01;31:*.cpio=01;31:*.7z=01;31:*.rz=01;31:*.cab=01;31:*.wim=01;31:*.swm=01;31:*.dwm=01;31:*.esd=01;31:*.jpg=01;35:*.jpeg=01;35:*.mjpg=01;35:*.mjpeg=01;35:*.gif=01;35:*.bmp=01;35:*.pbm=01;35:*.pgm=01;35:*.ppm=01;35:*.tga=01;35:*.xbm=01;35:*.xpm=01;35:*.tif=01;35:*.tiff=01;35:*.png=01;35:*.svg=01;35:*.svgz=01;35:*.mng=01;35:*.pcx=01;35:*.mov=01;35:*.mpg=01;35:*.mpeg=01;35:*.m2v=01;35:*.mkv=01;35:*.webm=01;35:*.webp=01;35:*.ogm=01;35:*.mp4=01;35:*.m4v=01;35:*.mp4v=01;35:*.vob=01;35:*.qt=01;35:*.nuv=01;35:*.wmv=01;35:*.asf=01;35:*.rm=01;35:*.rmvb=01;35:*.flc=01;35:*.avi=01;35:*.fli=01;35:*.flv=01;35:*.gl=01;35:*.dl=01;35:*.xcf=01;35:*.xwd=01;35:*.yuv=01;35:*.cgm=01;35:*.emf=01;35:*.ogv=01;35:*.ogx=01;35:*.aac=00;36:*.au=00;36:*.flac=00;36:*.m4a=00;36:*.mid=00;36:*.midi=00;36:*.mka=00;36:*.mp3=00;36:*.mpc=00;36:*.ogg=00;36:*.ra=00;36:*.wav=00;36:*.oga=00;36:*.opus=00;36:*.spx=00;36:*.xspf=00;36:', 'ROS_DOMAIN_ID': '30', 'AMENT_PREFIX_PATH': '/root/imu_ws/install/imu_tools:/root/imu_ws/install/rviz_imu_plugin:/root/imu_ws/install/imu_filter_madgwick:/root/imu_ws/install/imu_complementary_filter:/root/yahboomcar_ws/install/yahboomcar_visual:/root/yahboomcar_ws/install/yahboomcar_nav:/root/yahboomcar_ws/install/yahboomcar_msgs:/root/yahboomcar_ws/install/yahboomcar_mediapipe:/root/yahboomcar_ws/install/yahboomcar_laser:/root/yahboomcar_ws/install/yahboomcar_description:/root/yahboomcar_ws/install/yahboomcar_ctrl:/root/yahboomcar_ws/install/yahboomcar_bringup:/root/yahboomcar_ws/install/yahboomcar_base_node:/root/yahboomcar_ws/install/yahboomcar_astra:/root/yahboomcar_ws/install/yahboom_web_savmap_interfaces:/root/yahboomcar_ws/install/yahboom_app_save_map:/root/yahboomcar_ws/install/robot_pose_publisher_ros2:/root/yahboomcar_ws/install/robot_localization:/root/yahboomcar_ws/install/laserscan_to_point_publisher:/root/gmapping_ws/install/slam_gmapping:/root/gmapping_ws/install/openslam_gmapping:/opt/ros/humble', 'PWD': '/root/yahboomcar_ws/build/yahboomcar_nav', 'LC_ALL': 'C.UTF-8', 'PYTHONPATH': '/root/yahboomcar_ws/build/yahboomcar_nav/prefix_override:/root/yahboomcar_ws/install/yahboomcar_nav/lib/python3.10/site-packages:/root/yahboomcar_ws/install/yahboomcar_visual/lib/python3.10/site-packages:/root/yahboomcar_ws/install/yahboomcar_nav/lib/python3.10/site-packages:/root/yahboomcar_ws/install/yahboomcar_msgs/local/lib/python3.10/dist-packages:/root/yahboomcar_ws/install/yahboomcar_mediapipe/lib/python3.10/site-packages:/root/yahboomcar_ws/install/yahboomcar_laser/lib/python3.10/site-packages:/root/yahboomcar_ws/install/yahboomcar_description/lib/python3.10/site-packages:/root/yahboomcar_ws/install/yahboomcar_ctrl/lib/python3.10/site-packages:/root/yahboomcar_ws/install/yahboomcar_bringup/lib/python3.10/site-packages:/root/yahboomcar_ws/install/yahboomcar_astra/lib/python3.10/site-packages:/root/yahboomcar_ws/install/yahboom_web_savmap_interfaces/local/lib/python3.10/dist-packages:/root/yahboomcar_ws/install/yahboom_app_save_map/lib/python3.10/site-packages:/root/yahboomcar_ws/install/robot_localization/local/lib/python3.10/dist-packages:/root/yahboomcar_ws/install/laserscan_to_point_publisher/lib/python3.10/site-packages:/opt/ros/humble/lib/python3.10/site-packages:/opt/ros/humble/local/lib/python3.10/dist-packages', 'COLCON': '1', 'CMAKE_PREFIX_PATH': '/root/imu_ws/install/imu_tools:/root/imu_ws/install/rviz_imu_plugin:/root/imu_ws/install/imu_filter_madgwick:/root/imu_ws/install/imu_complementary_filter:/root/yahboomcar_ws/install/yahboomcar_msgs:/root/yahboomcar_ws/install/yahboomcar_base_node:/root/yahboomcar_ws/install/yahboom_web_savmap_interfaces:/root/yahboomcar_ws/install/robot_pose_publisher_ros2:/root/yahboomcar_ws/install/robot_localization:/root/gmapping_ws/install/slam_gmapping:/root/gmapping_ws/install/openslam_gmapping'}, 'shell': False}
[10.769241] (-) TimerEvent: {}
[10.851034] (yahboomcar_msgs) JobEnded: {'identifier': 'yahboomcar_msgs', 'rc': 0}
[10.869388] (-) TimerEvent: {}
[10.969845] (-) TimerEvent: {}
[11.066156] (yahboomcar_nav) StdoutLine: {'line': b'running egg_info\n'}
[11.067295] (yahboomcar_nav) StdoutLine: {'line': b'writing ../../build/yahboomcar_nav/yahboomcar_nav.egg-info/PKG-INFO\n'}
[11.067657] (yahboomcar_nav) StdoutLine: {'line': b'writing dependency_links to ../../build/yahboomcar_nav/yahboomcar_nav.egg-info/dependency_links.txt\n'}
[11.067868] (yahboomcar_nav) StdoutLine: {'line': b'writing entry points to ../../build/yahboomcar_nav/yahboomcar_nav.egg-info/entry_points.txt\n'}
[11.068022] (yahboomcar_nav) StdoutLine: {'line': b'writing requirements to ../../build/yahboomcar_nav/yahboomcar_nav.egg-info/requires.txt\n'}
[11.068147] (yahboomcar_nav) StdoutLine: {'line': b'writing top-level names to ../../build/yahboomcar_nav/yahboomcar_nav.egg-info/top_level.txt\n'}
[11.069920] (-) TimerEvent: {}
[11.071864] (yahboomcar_nav) StdoutLine: {'line': b"reading manifest file '../../build/yahboomcar_nav/yahboomcar_nav.egg-info/SOURCES.txt'\n"}
[11.073626] (yahboomcar_nav) StdoutLine: {'line': b"writing manifest file '../../build/yahboomcar_nav/yahboomcar_nav.egg-info/SOURCES.txt'\n"}
[11.073893] (yahboomcar_nav) StdoutLine: {'line': b'running build\n'}
[11.073980] (yahboomcar_nav) StdoutLine: {'line': b'running build_py\n'}
[11.074507] (yahboomcar_nav) StdoutLine: {'line': b'running install\n'}
[11.074802] (yahboomcar_nav) StderrLine: {'line': b'/usr/lib/python3/dist-packages/setuptools/command/install.py:34: SetuptoolsDeprecationWarning: setup.py install is deprecated. Use build and pip and other standards-based tools.\n'}
[11.074942] (yahboomcar_nav) StderrLine: {'line': b'  warnings.warn(\n'}
[11.075282] (yahboomcar_nav) StdoutLine: {'line': b'running install_lib\n'}
[11.077424] (yahboomcar_nav) StdoutLine: {'line': b'running install_data\n'}
[11.078887] (yahboomcar_nav) StdoutLine: {'line': b'running install_egg_info\n'}
[11.081384] (yahboomcar_nav) StdoutLine: {'line': b"removing '/root/yahboomcar_ws/install/yahboomcar_nav/lib/python3.10/site-packages/yahboomcar_nav-0.0.0-py3.10.egg-info' (and everything under it)\n"}
[11.081868] (yahboomcar_nav) StdoutLine: {'line': b'Copying ../../build/yahboomcar_nav/yahboomcar_nav.egg-info to /root/yahboomcar_ws/install/yahboomcar_nav/lib/python3.10/site-packages/yahboomcar_nav-0.0.0-py3.10.egg-info\n'}
[11.083227] (yahboomcar_nav) StdoutLine: {'line': b'running install_scripts\n'}
[11.112928] (yahboomcar_nav) StdoutLine: {'line': b'Installing stop_car script to /root/yahboomcar_ws/install/yahboomcar_nav/lib/yahboomcar_nav\n'}
[11.113595] (yahboomcar_nav) StdoutLine: {'line': b"writing list of installed files to '/root/yahboomcar_ws/build/yahboomcar_nav/install.log'\n"}
[11.170059] (-) TimerEvent: {}
[11.270449] (-) TimerEvent: {}
[11.343974] (yahboomcar_nav) CommandEnded: {'returncode': 0}
[11.370561] (-) TimerEvent: {}
[11.400737] (yahboomcar_nav) JobEnded: {'identifier': 'yahboomcar_nav', 'rc': 0}
[11.470688] (-) TimerEvent: {}
[11.571015] (-) TimerEvent: {}
[11.671545] (-) TimerEvent: {}
[11.771881] (-) TimerEvent: {}
[11.849670] (yahboomcar_visual) Command: {'cmd': ['/usr/bin/python3', 'setup.py', 'egg_info', '--egg-base', '../../build/yahboomcar_visual', 'build', '--build-base', '/root/yahboomcar_ws/build/yahboomcar_visual/build', 'install', '--record', '/root/yahboomcar_ws/build/yahboomcar_visual/install.log', '--install-scripts', '$base/lib/yahboomcar_visual', '--single-version-externally-managed'], 'cwd': '/root/yahboomcar_ws/src/yahboomcar_visual', 'env': {'HOSTNAME': 'raspberrypi', 'SHLVL': '1', 'LD_LIBRARY_PATH': '/root/imu_ws/install/rviz_imu_plugin/lib:/root/imu_ws/install/imu_filter_madgwick/lib:/root/imu_ws/install/imu_complementary_filter/lib:/root/yahboomcar_ws/install/yahboomcar_msgs/lib:/root/yahboomcar_ws/install/yahboom_web_savmap_interfaces/lib:/root/yahboomcar_ws/install/robot_localization/lib:/root/gmapping_ws/install/openslam_gmapping/lib:/opt/ros/humble/opt/rviz_ogre_vendor/lib:/opt/ros/humble/lib/aarch64-linux-gnu:/opt/ros/humble/lib', 'HOME': '/root', 'OLDPWD': '/root', 'ROS_PYTHON_VERSION': '3', 'COLCON_PREFIX_PATH': '/root/yahboomcar_ws/install:/root/gmapping_ws/install:/root/imu_ws/install', 'ROS_DISTRO': 'humble', '_': '/usr/bin/colcon', 'ROS_VERSION': '2', 'TERM': 'xterm', 'ROS_LOCALHOST_ONLY': '0', 'QT_X11_NO_MITSHM': '1', 'PATH': '/opt/ros/humble/bin:/usr/local/sbin:/usr/local/bin:/usr/sbin:/usr/bin:/sbin:/bin', 'DISPLAY': ':0', 'LANG': 'C.UTF-8', 'LS_COLORS': 'rs=0:di=01;34:ln=01;36:mh=00:pi=40;33:so=01;35:do=01;35:bd=40;33;01:cd=40;33;01:or=40;31;01:mi=00:su=37;41:sg=30;43:ca=30;41:tw=30;42:ow=34;42:st=37;44:ex=01;32:*.tar=01;31:*.tgz=01;31:*.arc=01;31:*.arj=01;31:*.taz=01;31:*.lha=01;31:*.lz4=01;31:*.lzh=01;31:*.lzma=01;31:*.tlz=01;31:*.txz=01;31:*.tzo=01;31:*.t7z=01;31:*.zip=01;31:*.z=01;31:*.dz=01;31:*.gz=01;31:*.lrz=01;31:*.lz=01;31:*.lzo=01;31:*.xz=01;31:*.zst=01;31:*.tzst=01;31:*.bz2=01;31:*.bz=01;31:*.tbz=01;31:*.tbz2=01;31:*.tz=01;31:*.deb=01;31:*.rpm=01;31:*.jar=01;31:*.war=01;31:*.ear=01;31:*.sar=01;31:*.rar=01;31:*.alz=01;31:*.ace=01;31:*.zoo=01;31:*.cpio=01;31:*.7z=01;31:*.rz=01;31:*.cab=01;31:*.wim=01;31:*.swm=01;31:*.dwm=01;31:*.esd=01;31:*.jpg=01;35:*.jpeg=01;35:*.mjpg=01;35:*.mjpeg=01;35:*.gif=01;35:*.bmp=01;35:*.pbm=01;35:*.pgm=01;35:*.ppm=01;35:*.tga=01;35:*.xbm=01;35:*.xpm=01;35:*.tif=01;35:*.tiff=01;35:*.png=01;35:*.svg=01;35:*.svgz=01;35:*.mng=01;35:*.pcx=01;35:*.mov=01;35:*.mpg=01;35:*.mpeg=01;35:*.m2v=01;35:*.mkv=01;35:*.webm=01;35:*.webp=01;35:*.ogm=01;35:*.mp4=01;35:*.m4v=01;35:*.mp4v=01;35:*.vob=01;35:*.qt=01;35:*.nuv=01;35:*.wmv=01;35:*.asf=01;35:*.rm=01;35:*.rmvb=01;35:*.flc=01;35:*.avi=01;35:*.fli=01;35:*.flv=01;35:*.gl=01;35:*.dl=01;35:*.xcf=01;35:*.xwd=01;35:*.yuv=01;35:*.cgm=01;35:*.emf=01;35:*.ogv=01;35:*.ogx=01;35:*.aac=00;36:*.au=00;36:*.flac=00;36:*.m4a=00;36:*.mid=00;36:*.midi=00;36:*.mka=00;36:*.mp3=00;36:*.mpc=00;36:*.ogg=00;36:*.ra=00;36:*.wav=00;36:*.oga=00;36:*.opus=00;36:*.spx=00;36:*.xspf=00;36:', 'ROS_DOMAIN_ID': '30', 'AMENT_PREFIX_PATH': '/root/imu_ws/install/imu_tools:/root/imu_ws/install/rviz_imu_plugin:/root/imu_ws/install/imu_filter_madgwick:/root/imu_ws/install/imu_complementary_filter:/root/yahboomcar_ws/install/yahboomcar_visual:/root/yahboomcar_ws/install/yahboomcar_nav:/root/yahboomcar_ws/install/yahboomcar_msgs:/root/yahboomcar_ws/install/yahboomcar_mediapipe:/root/yahboomcar_ws/install/yahboomcar_laser:/root/yahboomcar_ws/install/yahboomcar_description:/root/yahboomcar_ws/install/yahboomcar_ctrl:/root/yahboomcar_ws/install/yahboomcar_bringup:/root/yahboomcar_ws/install/yahboomcar_base_node:/root/yahboomcar_ws/install/yahboomcar_astra:/root/yahboomcar_ws/install/yahboom_web_savmap_interfaces:/root/yahboomcar_ws/install/yahboom_app_save_map:/root/yahboomcar_ws/install/robot_pose_publisher_ros2:/root/yahboomcar_ws/install/robot_localization:/root/yahboomcar_ws/install/laserscan_to_point_publisher:/root/gmapping_ws/install/slam_gmapping:/root/gmapping_ws/install/openslam_gmapping:/opt/ros/humble', 'PWD': '/root/yahboomcar_ws/build/yahboomcar_visual', 'LC_ALL': 'C.UTF-8', 'PYTHONPATH': '/root/yahboomcar_ws/build/yahboomcar_visual/prefix_override:/root/yahboomcar_ws/install/yahboomcar_visual/lib/python3.10/site-packages:/root/yahboomcar_ws/install/yahboomcar_visual/lib/python3.10/site-packages:/root/yahboomcar_ws/install/yahboomcar_nav/lib/python3.10/site-packages:/root/yahboomcar_ws/install/yahboomcar_msgs/local/lib/python3.10/dist-packages:/root/yahboomcar_ws/install/yahboomcar_mediapipe/lib/python3.10/site-packages:/root/yahboomcar_ws/install/yahboomcar_laser/lib/python3.10/site-packages:/root/yahboomcar_ws/install/yahboomcar_description/lib/python3.10/site-packages:/root/yahboomcar_ws/install/yahboomcar_ctrl/lib/python3.10/site-packages:/root/yahboomcar_ws/install/yahboomcar_bringup/lib/python3.10/site-packages:/root/yahboomcar_ws/install/yahboomcar_astra/lib/python3.10/site-packages:/root/yahboomcar_ws/install/yahboom_web_savmap_interfaces/local/lib/python3.10/dist-packages:/root/yahboomcar_ws/install/yahboom_app_save_map/lib/python3.10/site-packages:/root/yahboomcar_ws/install/robot_localization/local/lib/python3.10/dist-packages:/root/yahboomcar_ws/install/laserscan_to_point_publisher/lib/python3.10/site-packages:/opt/ros/humble/lib/python3.10/site-packages:/opt/ros/humble/local/lib/python3.10/dist-packages', 'COLCON': '1', 'CMAKE_PREFIX_PATH': '/root/imu_ws/install/imu_tools:/root/imu_ws/install/rviz_imu_plugin:/root/imu_ws/install/imu_filter_madgwick:/root/imu_ws/install/imu_complementary_filter:/root/yahboomcar_ws/install/yahboomcar_msgs:/root/yahboomcar_ws/install/yahboomcar_base_node:/root/yahboomcar_ws/install/yahboom_web_savmap_interfaces:/root/yahboomcar_ws/install/robot_pose_publisher_ros2:/root/yahboomcar_ws/install/robot_localization:/root/gmapping_ws/install/slam_gmapping:/root/gmapping_ws/install/openslam_gmapping'}, 'shell': False}
[11.871987] (-) TimerEvent: {}
[11.972459] (-) TimerEvent: {}
[12.073005] (-) TimerEvent: {}
[12.146903] (yahboomcar_visual) StderrLine: {'line': b"/usr/lib/python3/dist-packages/setuptools/dist.py:723: UserWarning: Usage of dash-separated 'script-dir' will not be supported in future versions. Please use the underscore name 'script_dir' instead\n"}
[12.147177] (yahboomcar_visual) StderrLine: {'line': b'  warnings.warn(\n'}
[12.158255] (yahboomcar_visual) StdoutLine: {'line': b'running egg_info\n'}
[12.159650] (yahboomcar_visual) StdoutLine: {'line': b'writing ../../build/yahboomcar_visual/yahboomcar_visual.egg-info/PKG-INFO\n'}
[12.160283] (yahboomcar_visual) StdoutLine: {'line': b'writing dependency_links to ../../build/yahboomcar_visual/yahboomcar_visual.egg-info/dependency_links.txt\n'}
[12.160817] (yahboomcar_visual) StdoutLine: {'line': b'writing entry points to ../../build/yahboomcar_visual/yahboomcar_visual.egg-info/entry_points.txt\n'}
[12.161260] (yahboomcar_visual) StdoutLine: {'line': b'writing requirements to ../../build/yahboomcar_visual/yahboomcar_visual.egg-info/requires.txt\n'}
[12.161591] (yahboomcar_visual) StdoutLine: {'line': b'writing top-level names to ../../build/yahboomcar_visual/yahboomcar_visual.egg-info/top_level.txt\n'}
[12.164603] (yahboomcar_visual) StdoutLine: {'line': b"reading manifest file '../../build/yahboomcar_visual/yahboomcar_visual.egg-info/SOURCES.txt'\n"}
[12.165933] (yahboomcar_visual) StdoutLine: {'line': b"writing manifest file '../../build/yahboomcar_visual/yahboomcar_visual.egg-info/SOURCES.txt'\n"}
[12.166241] (yahboomcar_visual) StdoutLine: {'line': b'running build\n'}
[12.166437] (yahboomcar_visual) StdoutLine: {'line': b'running build_py\n'}
[12.167193] (yahboomcar_visual) StdoutLine: {'line': b'running install\n'}
[12.167522] (yahboomcar_visual) StderrLine: {'line': b'/usr/lib/python3/dist-packages/setuptools/command/install.py:34: SetuptoolsDeprecationWarning: setup.py install is deprecated. Use build and pip and other standards-based tools.\n'}
[12.167629] (yahboomcar_visual) StderrLine: {'line': b'  warnings.warn(\n'}
[12.168153] (yahboomcar_visual) StdoutLine: {'line': b'running install_lib\n'}
[12.170813] (yahboomcar_visual) StdoutLine: {'line': b'running install_data\n'}
[12.171750] (yahboomcar_visual) StdoutLine: {'line': b'running install_egg_info\n'}
[12.173069] (-) TimerEvent: {}
[12.174953] (yahboomcar_visual) StdoutLine: {'line': b"removing '/root/yahboomcar_ws/install/yahboomcar_visual/lib/python3.10/site-packages/yahboomcar_visual-0.0.0-py3.10.egg-info' (and everything under it)\n"}
[12.175668] (yahboomcar_visual) StdoutLine: {'line': b'Copying ../../build/yahboomcar_visual/yahboomcar_visual.egg-info to /root/yahboomcar_ws/install/yahboomcar_visual/lib/python3.10/site-packages/yahboomcar_visual-0.0.0-py3.10.egg-info\n'}
[12.177140] (yahboomcar_visual) StdoutLine: {'line': b'running install_scripts\n'}
[12.207759] (yahboomcar_visual) StdoutLine: {'line': b'Installing astra_color_point script to /root/yahboomcar_ws/install/yahboomcar_visual/lib/yahboomcar_visual\n'}
[12.208372] (yahboomcar_visual) StdoutLine: {'line': b'Installing astra_depth_image script to /root/yahboomcar_ws/install/yahboomcar_visual/lib/yahboomcar_visual\n'}
[12.208820] (yahboomcar_visual) StdoutLine: {'line': b'Installing astra_image_flip script to /root/yahboomcar_ws/install/yahboomcar_visual/lib/yahboomcar_visual\n'}
[12.209200] (yahboomcar_visual) StdoutLine: {'line': b'Installing astra_rgb_image script to /root/yahboomcar_ws/install/yahboomcar_visual/lib/yahboomcar_visual\n'}
[12.209531] (yahboomcar_visual) StdoutLine: {'line': b'Installing laser_to_image script to /root/yahboomcar_ws/install/yahboomcar_visual/lib/yahboomcar_visual\n'}
[12.209841] (yahboomcar_visual) StdoutLine: {'line': b'Installing pub_image script to /root/yahboomcar_ws/install/yahboomcar_visual/lib/yahboomcar_visual\n'}
[12.210133] (yahboomcar_visual) StdoutLine: {'line': b'Installing simple_AR script to /root/yahboomcar_ws/install/yahboomcar_visual/lib/yahboomcar_visual\n'}
[12.210869] (yahboomcar_visual) StdoutLine: {'line': b"writing list of installed files to '/root/yahboomcar_ws/build/yahboomcar_visual/install.log'\n"}
[12.272286] (yahboomcar_visual) CommandEnded: {'returncode': 0}
[12.273171] (-) TimerEvent: {}
[12.328029] (yahboomcar_visual) JobEnded: {'identifier': 'yahboomcar_visual', 'rc': 0}
[12.329807] (-) EventReactorShutdown: {}
