[1.512s] DEBUG:colcon:Command line arguments: ['/usr/bin/colcon', 'build']
[1.512s] DEBUG:colcon:Parsed command line arguments: Namespace(log_base=None, log_level=None, verb_name='build', build_base='build', install_base='install', merge_install=False, symlink_install=False, test_result_base=None, continue_on_error=False, executor='parallel', parallel_workers=4, event_handlers=None, ignore_user_meta=False, metas=['./colcon.meta'], base_paths=['.'], packages_ignore=None, packages_ignore_regex=None, paths=None, packages_up_to=None, packages_up_to_regex=None, packages_above=None, packages_above_and_dependencies=None, packages_above_depth=None, packages_select_by_dep=None, packages_skip_by_dep=None, packages_skip_up_to=None, packages_select_build_failed=False, packages_skip_build_finished=False, packages_select_test_failures=False, packages_skip_test_passed=False, packages_select=None, packages_skip=None, packages_select_regex=None, packages_skip_regex=None, packages_start=None, packages_end=None, cmake_args=None, cmake_target=None, cmake_target_skip_unavailable=False, cmake_clean_cache=False, cmake_clean_first=False, cmake_force_configure=False, ament_cmake_args=None, catkin_cmake_args=None, catkin_skip_building_tests=False, mixin_files=None, mixin=None, verb_parser=<colcon_mixin.mixin.mixin_argument.MixinArgumentDecorator object at 0x7ffef38c9360>, verb_extension=<colcon_core.verb.build.BuildVerb object at 0x7ffef38ca0e0>, main=<bound method BuildVerb.main of <colcon_core.verb.build.BuildVerb object at 0x7ffef38ca0e0>>, mixin_verb=('build',))
[1.626s] Level 1:colcon.colcon_core.package_discovery:discover_packages(colcon_meta) check parameters
[1.628s] INFO:colcon.colcon_metadata.package_discovery.colcon_meta:Using configuration from '/root/.colcon/metadata/default/Gazebo.meta'
[1.629s] INFO:colcon.colcon_metadata.package_discovery.colcon_meta:Using configuration from '/root/.colcon/metadata/default/fastrtps.meta'
[1.629s] Level 1:colcon.colcon_core.package_discovery:discover_packages(recursive) check parameters
[1.629s] Level 1:colcon.colcon_core.package_discovery:discover_packages(ignore) check parameters
[1.629s] Level 1:colcon.colcon_core.package_discovery:discover_packages(path) check parameters
[1.629s] Level 1:colcon.colcon_core.package_discovery:discover_packages(colcon_meta) discover
[1.629s] Level 1:colcon.colcon_core.package_discovery:discover_packages(recursive) discover
[1.629s] INFO:colcon.colcon_core.package_discovery:Crawling recursively for packages in '/root/yahboomcar_ws'
[1.629s] Level 1:colcon.colcon_core.package_identification:_identify(.) by extensions ['ignore', 'ignore_ament_install']
[1.629s] Level 1:colcon.colcon_core.package_identification:_identify(.) by extension 'ignore'
[1.629s] Level 1:colcon.colcon_core.package_identification:_identify(.) by extension 'ignore_ament_install'
[1.630s] Level 1:colcon.colcon_core.package_identification:_identify(.) by extensions ['colcon_pkg']
[1.630s] Level 1:colcon.colcon_core.package_identification:_identify(.) by extension 'colcon_pkg'
[1.630s] Level 1:colcon.colcon_core.package_identification:_identify(.) by extensions ['colcon_meta']
[1.630s] Level 1:colcon.colcon_core.package_identification:_identify(.) by extension 'colcon_meta'
[1.630s] Level 1:colcon.colcon_core.package_identification:_identify(.) by extensions ['ros']
[1.630s] Level 1:colcon.colcon_core.package_identification:_identify(.) by extension 'ros'
[1.657s] Level 1:colcon.colcon_core.package_identification:_identify(.) by extensions ['cmake', 'python']
[1.657s] Level 1:colcon.colcon_core.package_identification:_identify(.) by extension 'cmake'
[1.657s] Level 1:colcon.colcon_core.package_identification:_identify(.) by extension 'python'
[1.657s] Level 1:colcon.colcon_core.package_identification:_identify(.) by extensions ['python_setup_py']
[1.657s] Level 1:colcon.colcon_core.package_identification:_identify(.) by extension 'python_setup_py'
[1.658s] Level 1:colcon.colcon_core.package_identification:_identify(build) by extensions ['ignore', 'ignore_ament_install']
[1.658s] Level 1:colcon.colcon_core.package_identification:_identify(build) by extension 'ignore'
[1.658s] Level 1:colcon.colcon_core.package_identification:_identify(build) ignored
[1.658s] Level 1:colcon.colcon_core.package_identification:_identify(install) by extensions ['ignore', 'ignore_ament_install']
[1.658s] Level 1:colcon.colcon_core.package_identification:_identify(install) by extension 'ignore'
[1.658s] Level 1:colcon.colcon_core.package_identification:_identify(install) ignored
[1.659s] Level 1:colcon.colcon_core.package_identification:_identify(log) by extensions ['ignore', 'ignore_ament_install']
[1.659s] Level 1:colcon.colcon_core.package_identification:_identify(log) by extension 'ignore'
[1.659s] Level 1:colcon.colcon_core.package_identification:_identify(log) ignored
[1.659s] Level 1:colcon.colcon_core.package_identification:_identify(src) by extensions ['ignore', 'ignore_ament_install']
[1.659s] Level 1:colcon.colcon_core.package_identification:_identify(src) by extension 'ignore'
[1.659s] Level 1:colcon.colcon_core.package_identification:_identify(src) by extension 'ignore_ament_install'
[1.659s] Level 1:colcon.colcon_core.package_identification:_identify(src) by extensions ['colcon_pkg']
[1.659s] Level 1:colcon.colcon_core.package_identification:_identify(src) by extension 'colcon_pkg'
[1.659s] Level 1:colcon.colcon_core.package_identification:_identify(src) by extensions ['colcon_meta']
[1.659s] Level 1:colcon.colcon_core.package_identification:_identify(src) by extension 'colcon_meta'
[1.659s] Level 1:colcon.colcon_core.package_identification:_identify(src) by extensions ['ros']
[1.659s] Level 1:colcon.colcon_core.package_identification:_identify(src) by extension 'ros'
[1.660s] Level 1:colcon.colcon_core.package_identification:_identify(src) by extensions ['cmake', 'python']
[1.660s] Level 1:colcon.colcon_core.package_identification:_identify(src) by extension 'cmake'
[1.660s] Level 1:colcon.colcon_core.package_identification:_identify(src) by extension 'python'
[1.660s] Level 1:colcon.colcon_core.package_identification:_identify(src) by extensions ['python_setup_py']
[1.660s] Level 1:colcon.colcon_core.package_identification:_identify(src) by extension 'python_setup_py'
[1.661s] Level 1:colcon.colcon_core.package_identification:_identify(src/laserscan_to_point_publisher) by extensions ['ignore', 'ignore_ament_install']
[1.661s] Level 1:colcon.colcon_core.package_identification:_identify(src/laserscan_to_point_publisher) by extension 'ignore'
[1.661s] Level 1:colcon.colcon_core.package_identification:_identify(src/laserscan_to_point_publisher) by extension 'ignore_ament_install'
[1.661s] Level 1:colcon.colcon_core.package_identification:_identify(src/laserscan_to_point_publisher) by extensions ['colcon_pkg']
[1.661s] Level 1:colcon.colcon_core.package_identification:_identify(src/laserscan_to_point_publisher) by extension 'colcon_pkg'
[1.661s] Level 1:colcon.colcon_core.package_identification:_identify(src/laserscan_to_point_publisher) by extensions ['colcon_meta']
[1.661s] Level 1:colcon.colcon_core.package_identification:_identify(src/laserscan_to_point_publisher) by extension 'colcon_meta'
[1.661s] Level 1:colcon.colcon_core.package_identification:_identify(src/laserscan_to_point_publisher) by extensions ['ros']
[1.661s] Level 1:colcon.colcon_core.package_identification:_identify(src/laserscan_to_point_publisher) by extension 'ros'
[1.689s] DEBUG:colcon.colcon_core.package_identification:Package 'src/laserscan_to_point_publisher' with type 'ros.ament_python' and name 'laserscan_to_point_publisher'
[1.690s] Level 1:colcon.colcon_core.package_identification:_identify(src/robot_localization) by extensions ['ignore', 'ignore_ament_install']
[1.690s] Level 1:colcon.colcon_core.package_identification:_identify(src/robot_localization) by extension 'ignore'
[1.690s] Level 1:colcon.colcon_core.package_identification:_identify(src/robot_localization) by extension 'ignore_ament_install'
[1.690s] Level 1:colcon.colcon_core.package_identification:_identify(src/robot_localization) by extensions ['colcon_pkg']
[1.690s] Level 1:colcon.colcon_core.package_identification:_identify(src/robot_localization) by extension 'colcon_pkg'
[1.690s] Level 1:colcon.colcon_core.package_identification:_identify(src/robot_localization) by extensions ['colcon_meta']
[1.690s] Level 1:colcon.colcon_core.package_identification:_identify(src/robot_localization) by extension 'colcon_meta'
[1.690s] Level 1:colcon.colcon_core.package_identification:_identify(src/robot_localization) by extensions ['ros']
[1.690s] Level 1:colcon.colcon_core.package_identification:_identify(src/robot_localization) by extension 'ros'
[1.693s] DEBUG:colcon.colcon_core.package_identification:Package 'src/robot_localization' with type 'ros.ament_cmake' and name 'robot_localization'
[1.694s] Level 1:colcon.colcon_core.package_identification:_identify(src/robot_pose_publisher_ros2) by extensions ['ignore', 'ignore_ament_install']
[1.694s] Level 1:colcon.colcon_core.package_identification:_identify(src/robot_pose_publisher_ros2) by extension 'ignore'
[1.694s] Level 1:colcon.colcon_core.package_identification:_identify(src/robot_pose_publisher_ros2) by extension 'ignore_ament_install'
[1.694s] Level 1:colcon.colcon_core.package_identification:_identify(src/robot_pose_publisher_ros2) by extensions ['colcon_pkg']
[1.694s] Level 1:colcon.colcon_core.package_identification:_identify(src/robot_pose_publisher_ros2) by extension 'colcon_pkg'
[1.694s] Level 1:colcon.colcon_core.package_identification:_identify(src/robot_pose_publisher_ros2) by extensions ['colcon_meta']
[1.694s] Level 1:colcon.colcon_core.package_identification:_identify(src/robot_pose_publisher_ros2) by extension 'colcon_meta'
[1.694s] Level 1:colcon.colcon_core.package_identification:_identify(src/robot_pose_publisher_ros2) by extensions ['ros']
[1.695s] Level 1:colcon.colcon_core.package_identification:_identify(src/robot_pose_publisher_ros2) by extension 'ros'
[1.696s] DEBUG:colcon.colcon_core.package_identification:Package 'src/robot_pose_publisher_ros2' with type 'ros.ament_cmake' and name 'robot_pose_publisher_ros2'
[1.696s] Level 1:colcon.colcon_core.package_identification:_identify(src/yahboom_app_save_map) by extensions ['ignore', 'ignore_ament_install']
[1.697s] Level 1:colcon.colcon_core.package_identification:_identify(src/yahboom_app_save_map) by extension 'ignore'
[1.697s] Level 1:colcon.colcon_core.package_identification:_identify(src/yahboom_app_save_map) by extension 'ignore_ament_install'
[1.697s] Level 1:colcon.colcon_core.package_identification:_identify(src/yahboom_app_save_map) by extensions ['colcon_pkg']
[1.697s] Level 1:colcon.colcon_core.package_identification:_identify(src/yahboom_app_save_map) by extension 'colcon_pkg'
[1.697s] Level 1:colcon.colcon_core.package_identification:_identify(src/yahboom_app_save_map) by extensions ['colcon_meta']
[1.697s] Level 1:colcon.colcon_core.package_identification:_identify(src/yahboom_app_save_map) by extension 'colcon_meta'
[1.697s] Level 1:colcon.colcon_core.package_identification:_identify(src/yahboom_app_save_map) by extensions ['ros']
[1.697s] Level 1:colcon.colcon_core.package_identification:_identify(src/yahboom_app_save_map) by extension 'ros'
[1.698s] DEBUG:colcon.colcon_core.package_identification:Package 'src/yahboom_app_save_map' with type 'ros.ament_python' and name 'yahboom_app_save_map'
[1.699s] Level 1:colcon.colcon_core.package_identification:_identify(src/yahboom_web_savmap_interfaces) by extensions ['ignore', 'ignore_ament_install']
[1.699s] Level 1:colcon.colcon_core.package_identification:_identify(src/yahboom_web_savmap_interfaces) by extension 'ignore'
[1.699s] Level 1:colcon.colcon_core.package_identification:_identify(src/yahboom_web_savmap_interfaces) by extension 'ignore_ament_install'
[1.699s] Level 1:colcon.colcon_core.package_identification:_identify(src/yahboom_web_savmap_interfaces) by extensions ['colcon_pkg']
[1.699s] Level 1:colcon.colcon_core.package_identification:_identify(src/yahboom_web_savmap_interfaces) by extension 'colcon_pkg'
[1.699s] Level 1:colcon.colcon_core.package_identification:_identify(src/yahboom_web_savmap_interfaces) by extensions ['colcon_meta']
[1.699s] Level 1:colcon.colcon_core.package_identification:_identify(src/yahboom_web_savmap_interfaces) by extension 'colcon_meta'
[1.699s] Level 1:colcon.colcon_core.package_identification:_identify(src/yahboom_web_savmap_interfaces) by extensions ['ros']
[1.699s] Level 1:colcon.colcon_core.package_identification:_identify(src/yahboom_web_savmap_interfaces) by extension 'ros'
[1.700s] DEBUG:colcon.colcon_core.package_identification:Package 'src/yahboom_web_savmap_interfaces' with type 'ros.ament_cmake' and name 'yahboom_web_savmap_interfaces'
[1.700s] Level 1:colcon.colcon_core.package_identification:_identify(src/yahboomcar_astra) by extensions ['ignore', 'ignore_ament_install']
[1.700s] Level 1:colcon.colcon_core.package_identification:_identify(src/yahboomcar_astra) by extension 'ignore'
[1.700s] Level 1:colcon.colcon_core.package_identification:_identify(src/yahboomcar_astra) by extension 'ignore_ament_install'
[1.700s] Level 1:colcon.colcon_core.package_identification:_identify(src/yahboomcar_astra) by extensions ['colcon_pkg']
[1.701s] Level 1:colcon.colcon_core.package_identification:_identify(src/yahboomcar_astra) by extension 'colcon_pkg'
[1.701s] Level 1:colcon.colcon_core.package_identification:_identify(src/yahboomcar_astra) by extensions ['colcon_meta']
[1.701s] Level 1:colcon.colcon_core.package_identification:_identify(src/yahboomcar_astra) by extension 'colcon_meta'
[1.701s] Level 1:colcon.colcon_core.package_identification:_identify(src/yahboomcar_astra) by extensions ['ros']
[1.701s] Level 1:colcon.colcon_core.package_identification:_identify(src/yahboomcar_astra) by extension 'ros'
[1.702s] DEBUG:colcon.colcon_core.package_identification:Package 'src/yahboomcar_astra' with type 'ros.ament_python' and name 'yahboomcar_astra'
[1.702s] Level 1:colcon.colcon_core.package_identification:_identify(src/yahboomcar_base_node) by extensions ['ignore', 'ignore_ament_install']
[1.702s] Level 1:colcon.colcon_core.package_identification:_identify(src/yahboomcar_base_node) by extension 'ignore'
[1.702s] Level 1:colcon.colcon_core.package_identification:_identify(src/yahboomcar_base_node) by extension 'ignore_ament_install'
[1.703s] Level 1:colcon.colcon_core.package_identification:_identify(src/yahboomcar_base_node) by extensions ['colcon_pkg']
[1.703s] Level 1:colcon.colcon_core.package_identification:_identify(src/yahboomcar_base_node) by extension 'colcon_pkg'
[1.703s] Level 1:colcon.colcon_core.package_identification:_identify(src/yahboomcar_base_node) by extensions ['colcon_meta']
[1.703s] Level 1:colcon.colcon_core.package_identification:_identify(src/yahboomcar_base_node) by extension 'colcon_meta'
[1.703s] Level 1:colcon.colcon_core.package_identification:_identify(src/yahboomcar_base_node) by extensions ['ros']
[1.703s] Level 1:colcon.colcon_core.package_identification:_identify(src/yahboomcar_base_node) by extension 'ros'
[1.704s] DEBUG:colcon.colcon_core.package_identification:Package 'src/yahboomcar_base_node' with type 'ros.ament_cmake' and name 'yahboomcar_base_node'
[1.705s] Level 1:colcon.colcon_core.package_identification:_identify(src/yahboomcar_bringup) by extensions ['ignore', 'ignore_ament_install']
[1.705s] Level 1:colcon.colcon_core.package_identification:_identify(src/yahboomcar_bringup) by extension 'ignore'
[1.705s] Level 1:colcon.colcon_core.package_identification:_identify(src/yahboomcar_bringup) by extension 'ignore_ament_install'
[1.705s] Level 1:colcon.colcon_core.package_identification:_identify(src/yahboomcar_bringup) by extensions ['colcon_pkg']
[1.705s] Level 1:colcon.colcon_core.package_identification:_identify(src/yahboomcar_bringup) by extension 'colcon_pkg'
[1.705s] Level 1:colcon.colcon_core.package_identification:_identify(src/yahboomcar_bringup) by extensions ['colcon_meta']
[1.705s] Level 1:colcon.colcon_core.package_identification:_identify(src/yahboomcar_bringup) by extension 'colcon_meta'
[1.705s] Level 1:colcon.colcon_core.package_identification:_identify(src/yahboomcar_bringup) by extensions ['ros']
[1.705s] Level 1:colcon.colcon_core.package_identification:_identify(src/yahboomcar_bringup) by extension 'ros'
[1.707s] DEBUG:colcon.colcon_core.package_identification:Package 'src/yahboomcar_bringup' with type 'ros.ament_python' and name 'yahboomcar_bringup'
[1.708s] Level 1:colcon.colcon_core.package_identification:_identify(src/yahboomcar_ctrl) by extensions ['ignore', 'ignore_ament_install']
[1.708s] Level 1:colcon.colcon_core.package_identification:_identify(src/yahboomcar_ctrl) by extension 'ignore'
[1.708s] Level 1:colcon.colcon_core.package_identification:_identify(src/yahboomcar_ctrl) by extension 'ignore_ament_install'
[1.708s] Level 1:colcon.colcon_core.package_identification:_identify(src/yahboomcar_ctrl) by extensions ['colcon_pkg']
[1.708s] Level 1:colcon.colcon_core.package_identification:_identify(src/yahboomcar_ctrl) by extension 'colcon_pkg'
[1.708s] Level 1:colcon.colcon_core.package_identification:_identify(src/yahboomcar_ctrl) by extensions ['colcon_meta']
[1.708s] Level 1:colcon.colcon_core.package_identification:_identify(src/yahboomcar_ctrl) by extension 'colcon_meta'
[1.708s] Level 1:colcon.colcon_core.package_identification:_identify(src/yahboomcar_ctrl) by extensions ['ros']
[1.709s] Level 1:colcon.colcon_core.package_identification:_identify(src/yahboomcar_ctrl) by extension 'ros'
[1.709s] DEBUG:colcon.colcon_core.package_identification:Package 'src/yahboomcar_ctrl' with type 'ros.ament_python' and name 'yahboomcar_ctrl'
[1.710s] Level 1:colcon.colcon_core.package_identification:_identify(src/yahboomcar_description) by extensions ['ignore', 'ignore_ament_install']
[1.710s] Level 1:colcon.colcon_core.package_identification:_identify(src/yahboomcar_description) by extension 'ignore'
[1.710s] Level 1:colcon.colcon_core.package_identification:_identify(src/yahboomcar_description) by extension 'ignore_ament_install'
[1.710s] Level 1:colcon.colcon_core.package_identification:_identify(src/yahboomcar_description) by extensions ['colcon_pkg']
[1.710s] Level 1:colcon.colcon_core.package_identification:_identify(src/yahboomcar_description) by extension 'colcon_pkg'
[1.711s] Level 1:colcon.colcon_core.package_identification:_identify(src/yahboomcar_description) by extensions ['colcon_meta']
[1.711s] Level 1:colcon.colcon_core.package_identification:_identify(src/yahboomcar_description) by extension 'colcon_meta'
[1.711s] Level 1:colcon.colcon_core.package_identification:_identify(src/yahboomcar_description) by extensions ['ros']
[1.711s] Level 1:colcon.colcon_core.package_identification:_identify(src/yahboomcar_description) by extension 'ros'
[1.711s] DEBUG:colcon.colcon_core.package_identification:Package 'src/yahboomcar_description' with type 'ros.ament_python' and name 'yahboomcar_description'
[1.713s] Level 1:colcon.colcon_core.package_identification:_identify(src/yahboomcar_laser) by extensions ['ignore', 'ignore_ament_install']
[1.713s] Level 1:colcon.colcon_core.package_identification:_identify(src/yahboomcar_laser) by extension 'ignore'
[1.713s] Level 1:colcon.colcon_core.package_identification:_identify(src/yahboomcar_laser) by extension 'ignore_ament_install'
[1.713s] Level 1:colcon.colcon_core.package_identification:_identify(src/yahboomcar_laser) by extensions ['colcon_pkg']
[1.713s] Level 1:colcon.colcon_core.package_identification:_identify(src/yahboomcar_laser) by extension 'colcon_pkg'
[1.713s] Level 1:colcon.colcon_core.package_identification:_identify(src/yahboomcar_laser) by extensions ['colcon_meta']
[1.713s] Level 1:colcon.colcon_core.package_identification:_identify(src/yahboomcar_laser) by extension 'colcon_meta'
[1.713s] Level 1:colcon.colcon_core.package_identification:_identify(src/yahboomcar_laser) by extensions ['ros']
[1.713s] Level 1:colcon.colcon_core.package_identification:_identify(src/yahboomcar_laser) by extension 'ros'
[1.714s] DEBUG:colcon.colcon_core.package_identification:Package 'src/yahboomcar_laser' with type 'ros.ament_python' and name 'yahboomcar_laser'
[1.715s] Level 1:colcon.colcon_core.package_identification:_identify(src/yahboomcar_mediapipe) by extensions ['ignore', 'ignore_ament_install']
[1.715s] Level 1:colcon.colcon_core.package_identification:_identify(src/yahboomcar_mediapipe) by extension 'ignore'
[1.715s] Level 1:colcon.colcon_core.package_identification:_identify(src/yahboomcar_mediapipe) by extension 'ignore_ament_install'
[1.715s] Level 1:colcon.colcon_core.package_identification:_identify(src/yahboomcar_mediapipe) by extensions ['colcon_pkg']
[1.715s] Level 1:colcon.colcon_core.package_identification:_identify(src/yahboomcar_mediapipe) by extension 'colcon_pkg'
[1.715s] Level 1:colcon.colcon_core.package_identification:_identify(src/yahboomcar_mediapipe) by extensions ['colcon_meta']
[1.715s] Level 1:colcon.colcon_core.package_identification:_identify(src/yahboomcar_mediapipe) by extension 'colcon_meta'
[1.715s] Level 1:colcon.colcon_core.package_identification:_identify(src/yahboomcar_mediapipe) by extensions ['ros']
[1.715s] Level 1:colcon.colcon_core.package_identification:_identify(src/yahboomcar_mediapipe) by extension 'ros'
[1.716s] DEBUG:colcon.colcon_core.package_identification:Package 'src/yahboomcar_mediapipe' with type 'ros.ament_python' and name 'yahboomcar_mediapipe'
[1.717s] Level 1:colcon.colcon_core.package_identification:_identify(src/yahboomcar_msgs) by extensions ['ignore', 'ignore_ament_install']
[1.717s] Level 1:colcon.colcon_core.package_identification:_identify(src/yahboomcar_msgs) by extension 'ignore'
[1.717s] Level 1:colcon.colcon_core.package_identification:_identify(src/yahboomcar_msgs) by extension 'ignore_ament_install'
[1.717s] Level 1:colcon.colcon_core.package_identification:_identify(src/yahboomcar_msgs) by extensions ['colcon_pkg']
[1.717s] Level 1:colcon.colcon_core.package_identification:_identify(src/yahboomcar_msgs) by extension 'colcon_pkg'
[1.717s] Level 1:colcon.colcon_core.package_identification:_identify(src/yahboomcar_msgs) by extensions ['colcon_meta']
[1.717s] Level 1:colcon.colcon_core.package_identification:_identify(src/yahboomcar_msgs) by extension 'colcon_meta'
[1.717s] Level 1:colcon.colcon_core.package_identification:_identify(src/yahboomcar_msgs) by extensions ['ros']
[1.717s] Level 1:colcon.colcon_core.package_identification:_identify(src/yahboomcar_msgs) by extension 'ros'
[1.718s] DEBUG:colcon.colcon_core.package_identification:Package 'src/yahboomcar_msgs' with type 'ros.ament_cmake' and name 'yahboomcar_msgs'
[1.720s] Level 1:colcon.colcon_core.package_identification:_identify(src/yahboomcar_nav) by extensions ['ignore', 'ignore_ament_install']
[1.720s] Level 1:colcon.colcon_core.package_identification:_identify(src/yahboomcar_nav) by extension 'ignore'
[1.720s] Level 1:colcon.colcon_core.package_identification:_identify(src/yahboomcar_nav) by extension 'ignore_ament_install'
[1.720s] Level 1:colcon.colcon_core.package_identification:_identify(src/yahboomcar_nav) by extensions ['colcon_pkg']
[1.720s] Level 1:colcon.colcon_core.package_identification:_identify(src/yahboomcar_nav) by extension 'colcon_pkg'
[1.720s] Level 1:colcon.colcon_core.package_identification:_identify(src/yahboomcar_nav) by extensions ['colcon_meta']
[1.720s] Level 1:colcon.colcon_core.package_identification:_identify(src/yahboomcar_nav) by extension 'colcon_meta'
[1.720s] Level 1:colcon.colcon_core.package_identification:_identify(src/yahboomcar_nav) by extensions ['ros']
[1.720s] Level 1:colcon.colcon_core.package_identification:_identify(src/yahboomcar_nav) by extension 'ros'
[1.721s] DEBUG:colcon.colcon_core.package_identification:Package 'src/yahboomcar_nav' with type 'ros.ament_python' and name 'yahboomcar_nav'
[1.722s] Level 1:colcon.colcon_core.package_identification:_identify(src/yahboomcar_visual) by extensions ['ignore', 'ignore_ament_install']
[1.722s] Level 1:colcon.colcon_core.package_identification:_identify(src/yahboomcar_visual) by extension 'ignore'
[1.722s] Level 1:colcon.colcon_core.package_identification:_identify(src/yahboomcar_visual) by extension 'ignore_ament_install'
[1.722s] Level 1:colcon.colcon_core.package_identification:_identify(src/yahboomcar_visual) by extensions ['colcon_pkg']
[1.722s] Level 1:colcon.colcon_core.package_identification:_identify(src/yahboomcar_visual) by extension 'colcon_pkg'
[1.722s] Level 1:colcon.colcon_core.package_identification:_identify(src/yahboomcar_visual) by extensions ['colcon_meta']
[1.722s] Level 1:colcon.colcon_core.package_identification:_identify(src/yahboomcar_visual) by extension 'colcon_meta'
[1.722s] Level 1:colcon.colcon_core.package_identification:_identify(src/yahboomcar_visual) by extensions ['ros']
[1.722s] Level 1:colcon.colcon_core.package_identification:_identify(src/yahboomcar_visual) by extension 'ros'
[1.723s] DEBUG:colcon.colcon_core.package_identification:Package 'src/yahboomcar_visual' with type 'ros.ament_python' and name 'yahboomcar_visual'
[1.723s] Level 1:colcon.colcon_core.package_discovery:discover_packages(recursive) using defaults
[1.724s] Level 1:colcon.colcon_core.package_discovery:discover_packages(ignore) discover
[1.724s] Level 1:colcon.colcon_core.package_discovery:discover_packages(ignore) using defaults
[1.724s] Level 1:colcon.colcon_core.package_discovery:discover_packages(path) discover
[1.724s] Level 1:colcon.colcon_core.package_discovery:discover_packages(path) using defaults
[1.844s] Level 5:colcon.colcon_core.verb:set package 'laserscan_to_point_publisher' build argument 'cmake_args' from command line to 'None'
[1.844s] Level 5:colcon.colcon_core.verb:set package 'laserscan_to_point_publisher' build argument 'cmake_target' from command line to 'None'
[1.844s] Level 5:colcon.colcon_core.verb:set package 'laserscan_to_point_publisher' build argument 'cmake_target_skip_unavailable' from command line to 'False'
[1.844s] Level 5:colcon.colcon_core.verb:set package 'laserscan_to_point_publisher' build argument 'cmake_clean_cache' from command line to 'False'
[1.844s] Level 5:colcon.colcon_core.verb:set package 'laserscan_to_point_publisher' build argument 'cmake_clean_first' from command line to 'False'
[1.844s] Level 5:colcon.colcon_core.verb:set package 'laserscan_to_point_publisher' build argument 'cmake_force_configure' from command line to 'False'
[1.844s] Level 5:colcon.colcon_core.verb:set package 'laserscan_to_point_publisher' build argument 'ament_cmake_args' from command line to 'None'
[1.844s] Level 5:colcon.colcon_core.verb:set package 'laserscan_to_point_publisher' build argument 'catkin_cmake_args' from command line to 'None'
[1.844s] Level 5:colcon.colcon_core.verb:set package 'laserscan_to_point_publisher' build argument 'catkin_skip_building_tests' from command line to 'False'
[1.845s] DEBUG:colcon.colcon_core.verb:Building package 'laserscan_to_point_publisher' with the following arguments: {'ament_cmake_args': None, 'build_base': '/root/yahboomcar_ws/build/laserscan_to_point_publisher', 'catkin_cmake_args': None, 'catkin_skip_building_tests': False, 'cmake_args': None, 'cmake_clean_cache': False, 'cmake_clean_first': False, 'cmake_force_configure': False, 'cmake_target': None, 'cmake_target_skip_unavailable': False, 'install_base': '/root/yahboomcar_ws/install/laserscan_to_point_publisher', 'merge_install': False, 'path': '/root/yahboomcar_ws/src/laserscan_to_point_publisher', 'symlink_install': False, 'test_result_base': None}
[1.860s] Level 5:colcon.colcon_core.verb:set package 'robot_localization' build argument 'cmake_args' from command line to 'None'
[1.860s] Level 5:colcon.colcon_core.verb:set package 'robot_localization' build argument 'cmake_target' from command line to 'None'
[1.860s] Level 5:colcon.colcon_core.verb:set package 'robot_localization' build argument 'cmake_target_skip_unavailable' from command line to 'False'
[1.860s] Level 5:colcon.colcon_core.verb:set package 'robot_localization' build argument 'cmake_clean_cache' from command line to 'False'
[1.860s] Level 5:colcon.colcon_core.verb:set package 'robot_localization' build argument 'cmake_clean_first' from command line to 'False'
[1.860s] Level 5:colcon.colcon_core.verb:set package 'robot_localization' build argument 'cmake_force_configure' from command line to 'False'
[1.860s] Level 5:colcon.colcon_core.verb:set package 'robot_localization' build argument 'ament_cmake_args' from command line to 'None'
[1.860s] Level 5:colcon.colcon_core.verb:set package 'robot_localization' build argument 'catkin_cmake_args' from command line to 'None'
[1.860s] Level 5:colcon.colcon_core.verb:set package 'robot_localization' build argument 'catkin_skip_building_tests' from command line to 'False'
[1.860s] DEBUG:colcon.colcon_core.verb:Building package 'robot_localization' with the following arguments: {'ament_cmake_args': None, 'build_base': '/root/yahboomcar_ws/build/robot_localization', 'catkin_cmake_args': None, 'catkin_skip_building_tests': False, 'cmake_args': None, 'cmake_clean_cache': False, 'cmake_clean_first': False, 'cmake_force_configure': False, 'cmake_target': None, 'cmake_target_skip_unavailable': False, 'install_base': '/root/yahboomcar_ws/install/robot_localization', 'merge_install': False, 'path': '/root/yahboomcar_ws/src/robot_localization', 'symlink_install': False, 'test_result_base': None}
[1.877s] Level 5:colcon.colcon_core.verb:set package 'robot_pose_publisher_ros2' build argument 'cmake_args' from command line to 'None'
[1.877s] Level 5:colcon.colcon_core.verb:set package 'robot_pose_publisher_ros2' build argument 'cmake_target' from command line to 'None'
[1.877s] Level 5:colcon.colcon_core.verb:set package 'robot_pose_publisher_ros2' build argument 'cmake_target_skip_unavailable' from command line to 'False'
[1.877s] Level 5:colcon.colcon_core.verb:set package 'robot_pose_publisher_ros2' build argument 'cmake_clean_cache' from command line to 'False'
[1.877s] Level 5:colcon.colcon_core.verb:set package 'robot_pose_publisher_ros2' build argument 'cmake_clean_first' from command line to 'False'
[1.877s] Level 5:colcon.colcon_core.verb:set package 'robot_pose_publisher_ros2' build argument 'cmake_force_configure' from command line to 'False'
[1.877s] Level 5:colcon.colcon_core.verb:set package 'robot_pose_publisher_ros2' build argument 'ament_cmake_args' from command line to 'None'
[1.877s] Level 5:colcon.colcon_core.verb:set package 'robot_pose_publisher_ros2' build argument 'catkin_cmake_args' from command line to 'None'
[1.877s] Level 5:colcon.colcon_core.verb:set package 'robot_pose_publisher_ros2' build argument 'catkin_skip_building_tests' from command line to 'False'
[1.877s] DEBUG:colcon.colcon_core.verb:Building package 'robot_pose_publisher_ros2' with the following arguments: {'ament_cmake_args': None, 'build_base': '/root/yahboomcar_ws/build/robot_pose_publisher_ros2', 'catkin_cmake_args': None, 'catkin_skip_building_tests': False, 'cmake_args': None, 'cmake_clean_cache': False, 'cmake_clean_first': False, 'cmake_force_configure': False, 'cmake_target': None, 'cmake_target_skip_unavailable': False, 'install_base': '/root/yahboomcar_ws/install/robot_pose_publisher_ros2', 'merge_install': False, 'path': '/root/yahboomcar_ws/src/robot_pose_publisher_ros2', 'symlink_install': False, 'test_result_base': None}
[1.893s] Level 5:colcon.colcon_core.verb:set package 'yahboom_app_save_map' build argument 'cmake_args' from command line to 'None'
[1.893s] Level 5:colcon.colcon_core.verb:set package 'yahboom_app_save_map' build argument 'cmake_target' from command line to 'None'
[1.893s] Level 5:colcon.colcon_core.verb:set package 'yahboom_app_save_map' build argument 'cmake_target_skip_unavailable' from command line to 'False'
[1.893s] Level 5:colcon.colcon_core.verb:set package 'yahboom_app_save_map' build argument 'cmake_clean_cache' from command line to 'False'
[1.893s] Level 5:colcon.colcon_core.verb:set package 'yahboom_app_save_map' build argument 'cmake_clean_first' from command line to 'False'
[1.893s] Level 5:colcon.colcon_core.verb:set package 'yahboom_app_save_map' build argument 'cmake_force_configure' from command line to 'False'
[1.893s] Level 5:colcon.colcon_core.verb:set package 'yahboom_app_save_map' build argument 'ament_cmake_args' from command line to 'None'
[1.893s] Level 5:colcon.colcon_core.verb:set package 'yahboom_app_save_map' build argument 'catkin_cmake_args' from command line to 'None'
[1.893s] Level 5:colcon.colcon_core.verb:set package 'yahboom_app_save_map' build argument 'catkin_skip_building_tests' from command line to 'False'
[1.893s] DEBUG:colcon.colcon_core.verb:Building package 'yahboom_app_save_map' with the following arguments: {'ament_cmake_args': None, 'build_base': '/root/yahboomcar_ws/build/yahboom_app_save_map', 'catkin_cmake_args': None, 'catkin_skip_building_tests': False, 'cmake_args': None, 'cmake_clean_cache': False, 'cmake_clean_first': False, 'cmake_force_configure': False, 'cmake_target': None, 'cmake_target_skip_unavailable': False, 'install_base': '/root/yahboomcar_ws/install/yahboom_app_save_map', 'merge_install': False, 'path': '/root/yahboomcar_ws/src/yahboom_app_save_map', 'symlink_install': False, 'test_result_base': None}
[1.910s] Level 5:colcon.colcon_core.verb:set package 'yahboom_web_savmap_interfaces' build argument 'cmake_args' from command line to 'None'
[1.910s] Level 5:colcon.colcon_core.verb:set package 'yahboom_web_savmap_interfaces' build argument 'cmake_target' from command line to 'None'
[1.910s] Level 5:colcon.colcon_core.verb:set package 'yahboom_web_savmap_interfaces' build argument 'cmake_target_skip_unavailable' from command line to 'False'
[1.910s] Level 5:colcon.colcon_core.verb:set package 'yahboom_web_savmap_interfaces' build argument 'cmake_clean_cache' from command line to 'False'
[1.910s] Level 5:colcon.colcon_core.verb:set package 'yahboom_web_savmap_interfaces' build argument 'cmake_clean_first' from command line to 'False'
[1.910s] Level 5:colcon.colcon_core.verb:set package 'yahboom_web_savmap_interfaces' build argument 'cmake_force_configure' from command line to 'False'
[1.910s] Level 5:colcon.colcon_core.verb:set package 'yahboom_web_savmap_interfaces' build argument 'ament_cmake_args' from command line to 'None'
[1.910s] Level 5:colcon.colcon_core.verb:set package 'yahboom_web_savmap_interfaces' build argument 'catkin_cmake_args' from command line to 'None'
[1.910s] Level 5:colcon.colcon_core.verb:set package 'yahboom_web_savmap_interfaces' build argument 'catkin_skip_building_tests' from command line to 'False'
[1.910s] DEBUG:colcon.colcon_core.verb:Building package 'yahboom_web_savmap_interfaces' with the following arguments: {'ament_cmake_args': None, 'build_base': '/root/yahboomcar_ws/build/yahboom_web_savmap_interfaces', 'catkin_cmake_args': None, 'catkin_skip_building_tests': False, 'cmake_args': None, 'cmake_clean_cache': False, 'cmake_clean_first': False, 'cmake_force_configure': False, 'cmake_target': None, 'cmake_target_skip_unavailable': False, 'install_base': '/root/yahboomcar_ws/install/yahboom_web_savmap_interfaces', 'merge_install': False, 'path': '/root/yahboomcar_ws/src/yahboom_web_savmap_interfaces', 'symlink_install': False, 'test_result_base': None}
[1.929s] Level 5:colcon.colcon_core.verb:set package 'yahboomcar_astra' build argument 'cmake_args' from command line to 'None'
[1.929s] Level 5:colcon.colcon_core.verb:set package 'yahboomcar_astra' build argument 'cmake_target' from command line to 'None'
[1.929s] Level 5:colcon.colcon_core.verb:set package 'yahboomcar_astra' build argument 'cmake_target_skip_unavailable' from command line to 'False'
[1.929s] Level 5:colcon.colcon_core.verb:set package 'yahboomcar_astra' build argument 'cmake_clean_cache' from command line to 'False'
[1.929s] Level 5:colcon.colcon_core.verb:set package 'yahboomcar_astra' build argument 'cmake_clean_first' from command line to 'False'
[1.929s] Level 5:colcon.colcon_core.verb:set package 'yahboomcar_astra' build argument 'cmake_force_configure' from command line to 'False'
[1.929s] Level 5:colcon.colcon_core.verb:set package 'yahboomcar_astra' build argument 'ament_cmake_args' from command line to 'None'
[1.929s] Level 5:colcon.colcon_core.verb:set package 'yahboomcar_astra' build argument 'catkin_cmake_args' from command line to 'None'
[1.929s] Level 5:colcon.colcon_core.verb:set package 'yahboomcar_astra' build argument 'catkin_skip_building_tests' from command line to 'False'
[1.929s] DEBUG:colcon.colcon_core.verb:Building package 'yahboomcar_astra' with the following arguments: {'ament_cmake_args': None, 'build_base': '/root/yahboomcar_ws/build/yahboomcar_astra', 'catkin_cmake_args': None, 'catkin_skip_building_tests': False, 'cmake_args': None, 'cmake_clean_cache': False, 'cmake_clean_first': False, 'cmake_force_configure': False, 'cmake_target': None, 'cmake_target_skip_unavailable': False, 'install_base': '/root/yahboomcar_ws/install/yahboomcar_astra', 'merge_install': False, 'path': '/root/yahboomcar_ws/src/yahboomcar_astra', 'symlink_install': False, 'test_result_base': None}
[1.949s] Level 5:colcon.colcon_core.verb:set package 'yahboomcar_base_node' build argument 'cmake_args' from command line to 'None'
[1.949s] Level 5:colcon.colcon_core.verb:set package 'yahboomcar_base_node' build argument 'cmake_target' from command line to 'None'
[1.949s] Level 5:colcon.colcon_core.verb:set package 'yahboomcar_base_node' build argument 'cmake_target_skip_unavailable' from command line to 'False'
[1.949s] Level 5:colcon.colcon_core.verb:set package 'yahboomcar_base_node' build argument 'cmake_clean_cache' from command line to 'False'
[1.949s] Level 5:colcon.colcon_core.verb:set package 'yahboomcar_base_node' build argument 'cmake_clean_first' from command line to 'False'
[1.949s] Level 5:colcon.colcon_core.verb:set package 'yahboomcar_base_node' build argument 'cmake_force_configure' from command line to 'False'
[1.949s] Level 5:colcon.colcon_core.verb:set package 'yahboomcar_base_node' build argument 'ament_cmake_args' from command line to 'None'
[1.949s] Level 5:colcon.colcon_core.verb:set package 'yahboomcar_base_node' build argument 'catkin_cmake_args' from command line to 'None'
[1.949s] Level 5:colcon.colcon_core.verb:set package 'yahboomcar_base_node' build argument 'catkin_skip_building_tests' from command line to 'False'
[1.949s] DEBUG:colcon.colcon_core.verb:Building package 'yahboomcar_base_node' with the following arguments: {'ament_cmake_args': None, 'build_base': '/root/yahboomcar_ws/build/yahboomcar_base_node', 'catkin_cmake_args': None, 'catkin_skip_building_tests': False, 'cmake_args': None, 'cmake_clean_cache': False, 'cmake_clean_first': False, 'cmake_force_configure': False, 'cmake_target': None, 'cmake_target_skip_unavailable': False, 'install_base': '/root/yahboomcar_ws/install/yahboomcar_base_node', 'merge_install': False, 'path': '/root/yahboomcar_ws/src/yahboomcar_base_node', 'symlink_install': False, 'test_result_base': None}
[1.966s] Level 5:colcon.colcon_core.verb:set package 'yahboomcar_bringup' build argument 'cmake_args' from command line to 'None'
[1.966s] Level 5:colcon.colcon_core.verb:set package 'yahboomcar_bringup' build argument 'cmake_target' from command line to 'None'
[1.966s] Level 5:colcon.colcon_core.verb:set package 'yahboomcar_bringup' build argument 'cmake_target_skip_unavailable' from command line to 'False'
[1.966s] Level 5:colcon.colcon_core.verb:set package 'yahboomcar_bringup' build argument 'cmake_clean_cache' from command line to 'False'
[1.966s] Level 5:colcon.colcon_core.verb:set package 'yahboomcar_bringup' build argument 'cmake_clean_first' from command line to 'False'
[1.966s] Level 5:colcon.colcon_core.verb:set package 'yahboomcar_bringup' build argument 'cmake_force_configure' from command line to 'False'
[1.966s] Level 5:colcon.colcon_core.verb:set package 'yahboomcar_bringup' build argument 'ament_cmake_args' from command line to 'None'
[1.966s] Level 5:colcon.colcon_core.verb:set package 'yahboomcar_bringup' build argument 'catkin_cmake_args' from command line to 'None'
[1.966s] Level 5:colcon.colcon_core.verb:set package 'yahboomcar_bringup' build argument 'catkin_skip_building_tests' from command line to 'False'
[1.966s] DEBUG:colcon.colcon_core.verb:Building package 'yahboomcar_bringup' with the following arguments: {'ament_cmake_args': None, 'build_base': '/root/yahboomcar_ws/build/yahboomcar_bringup', 'catkin_cmake_args': None, 'catkin_skip_building_tests': False, 'cmake_args': None, 'cmake_clean_cache': False, 'cmake_clean_first': False, 'cmake_force_configure': False, 'cmake_target': None, 'cmake_target_skip_unavailable': False, 'install_base': '/root/yahboomcar_ws/install/yahboomcar_bringup', 'merge_install': False, 'path': '/root/yahboomcar_ws/src/yahboomcar_bringup', 'symlink_install': False, 'test_result_base': None}
[1.982s] Level 5:colcon.colcon_core.verb:set package 'yahboomcar_ctrl' build argument 'cmake_args' from command line to 'None'
[1.982s] Level 5:colcon.colcon_core.verb:set package 'yahboomcar_ctrl' build argument 'cmake_target' from command line to 'None'
[1.982s] Level 5:colcon.colcon_core.verb:set package 'yahboomcar_ctrl' build argument 'cmake_target_skip_unavailable' from command line to 'False'
[1.982s] Level 5:colcon.colcon_core.verb:set package 'yahboomcar_ctrl' build argument 'cmake_clean_cache' from command line to 'False'
[1.982s] Level 5:colcon.colcon_core.verb:set package 'yahboomcar_ctrl' build argument 'cmake_clean_first' from command line to 'False'
[1.982s] Level 5:colcon.colcon_core.verb:set package 'yahboomcar_ctrl' build argument 'cmake_force_configure' from command line to 'False'
[1.982s] Level 5:colcon.colcon_core.verb:set package 'yahboomcar_ctrl' build argument 'ament_cmake_args' from command line to 'None'
[1.982s] Level 5:colcon.colcon_core.verb:set package 'yahboomcar_ctrl' build argument 'catkin_cmake_args' from command line to 'None'
[1.982s] Level 5:colcon.colcon_core.verb:set package 'yahboomcar_ctrl' build argument 'catkin_skip_building_tests' from command line to 'False'
[1.982s] DEBUG:colcon.colcon_core.verb:Building package 'yahboomcar_ctrl' with the following arguments: {'ament_cmake_args': None, 'build_base': '/root/yahboomcar_ws/build/yahboomcar_ctrl', 'catkin_cmake_args': None, 'catkin_skip_building_tests': False, 'cmake_args': None, 'cmake_clean_cache': False, 'cmake_clean_first': False, 'cmake_force_configure': False, 'cmake_target': None, 'cmake_target_skip_unavailable': False, 'install_base': '/root/yahboomcar_ws/install/yahboomcar_ctrl', 'merge_install': False, 'path': '/root/yahboomcar_ws/src/yahboomcar_ctrl', 'symlink_install': False, 'test_result_base': None}
[1.998s] Level 5:colcon.colcon_core.verb:set package 'yahboomcar_description' build argument 'cmake_args' from command line to 'None'
[1.998s] Level 5:colcon.colcon_core.verb:set package 'yahboomcar_description' build argument 'cmake_target' from command line to 'None'
[1.998s] Level 5:colcon.colcon_core.verb:set package 'yahboomcar_description' build argument 'cmake_target_skip_unavailable' from command line to 'False'
[1.998s] Level 5:colcon.colcon_core.verb:set package 'yahboomcar_description' build argument 'cmake_clean_cache' from command line to 'False'
[1.998s] Level 5:colcon.colcon_core.verb:set package 'yahboomcar_description' build argument 'cmake_clean_first' from command line to 'False'
[1.998s] Level 5:colcon.colcon_core.verb:set package 'yahboomcar_description' build argument 'cmake_force_configure' from command line to 'False'
[1.998s] Level 5:colcon.colcon_core.verb:set package 'yahboomcar_description' build argument 'ament_cmake_args' from command line to 'None'
[1.998s] Level 5:colcon.colcon_core.verb:set package 'yahboomcar_description' build argument 'catkin_cmake_args' from command line to 'None'
[1.998s] Level 5:colcon.colcon_core.verb:set package 'yahboomcar_description' build argument 'catkin_skip_building_tests' from command line to 'False'
[1.998s] DEBUG:colcon.colcon_core.verb:Building package 'yahboomcar_description' with the following arguments: {'ament_cmake_args': None, 'build_base': '/root/yahboomcar_ws/build/yahboomcar_description', 'catkin_cmake_args': None, 'catkin_skip_building_tests': False, 'cmake_args': None, 'cmake_clean_cache': False, 'cmake_clean_first': False, 'cmake_force_configure': False, 'cmake_target': None, 'cmake_target_skip_unavailable': False, 'install_base': '/root/yahboomcar_ws/install/yahboomcar_description', 'merge_install': False, 'path': '/root/yahboomcar_ws/src/yahboomcar_description', 'symlink_install': False, 'test_result_base': None}
[2.014s] Level 5:colcon.colcon_core.verb:set package 'yahboomcar_laser' build argument 'cmake_args' from command line to 'None'
[2.014s] Level 5:colcon.colcon_core.verb:set package 'yahboomcar_laser' build argument 'cmake_target' from command line to 'None'
[2.014s] Level 5:colcon.colcon_core.verb:set package 'yahboomcar_laser' build argument 'cmake_target_skip_unavailable' from command line to 'False'
[2.014s] Level 5:colcon.colcon_core.verb:set package 'yahboomcar_laser' build argument 'cmake_clean_cache' from command line to 'False'
[2.014s] Level 5:colcon.colcon_core.verb:set package 'yahboomcar_laser' build argument 'cmake_clean_first' from command line to 'False'
[2.014s] Level 5:colcon.colcon_core.verb:set package 'yahboomcar_laser' build argument 'cmake_force_configure' from command line to 'False'
[2.014s] Level 5:colcon.colcon_core.verb:set package 'yahboomcar_laser' build argument 'ament_cmake_args' from command line to 'None'
[2.014s] Level 5:colcon.colcon_core.verb:set package 'yahboomcar_laser' build argument 'catkin_cmake_args' from command line to 'None'
[2.014s] Level 5:colcon.colcon_core.verb:set package 'yahboomcar_laser' build argument 'catkin_skip_building_tests' from command line to 'False'
[2.014s] DEBUG:colcon.colcon_core.verb:Building package 'yahboomcar_laser' with the following arguments: {'ament_cmake_args': None, 'build_base': '/root/yahboomcar_ws/build/yahboomcar_laser', 'catkin_cmake_args': None, 'catkin_skip_building_tests': False, 'cmake_args': None, 'cmake_clean_cache': False, 'cmake_clean_first': False, 'cmake_force_configure': False, 'cmake_target': None, 'cmake_target_skip_unavailable': False, 'install_base': '/root/yahboomcar_ws/install/yahboomcar_laser', 'merge_install': False, 'path': '/root/yahboomcar_ws/src/yahboomcar_laser', 'symlink_install': False, 'test_result_base': None}
[2.030s] Level 5:colcon.colcon_core.verb:set package 'yahboomcar_mediapipe' build argument 'cmake_args' from command line to 'None'
[2.030s] Level 5:colcon.colcon_core.verb:set package 'yahboomcar_mediapipe' build argument 'cmake_target' from command line to 'None'
[2.030s] Level 5:colcon.colcon_core.verb:set package 'yahboomcar_mediapipe' build argument 'cmake_target_skip_unavailable' from command line to 'False'
[2.030s] Level 5:colcon.colcon_core.verb:set package 'yahboomcar_mediapipe' build argument 'cmake_clean_cache' from command line to 'False'
[2.030s] Level 5:colcon.colcon_core.verb:set package 'yahboomcar_mediapipe' build argument 'cmake_clean_first' from command line to 'False'
[2.030s] Level 5:colcon.colcon_core.verb:set package 'yahboomcar_mediapipe' build argument 'cmake_force_configure' from command line to 'False'
[2.030s] Level 5:colcon.colcon_core.verb:set package 'yahboomcar_mediapipe' build argument 'ament_cmake_args' from command line to 'None'
[2.030s] Level 5:colcon.colcon_core.verb:set package 'yahboomcar_mediapipe' build argument 'catkin_cmake_args' from command line to 'None'
[2.030s] Level 5:colcon.colcon_core.verb:set package 'yahboomcar_mediapipe' build argument 'catkin_skip_building_tests' from command line to 'False'
[2.030s] DEBUG:colcon.colcon_core.verb:Building package 'yahboomcar_mediapipe' with the following arguments: {'ament_cmake_args': None, 'build_base': '/root/yahboomcar_ws/build/yahboomcar_mediapipe', 'catkin_cmake_args': None, 'catkin_skip_building_tests': False, 'cmake_args': None, 'cmake_clean_cache': False, 'cmake_clean_first': False, 'cmake_force_configure': False, 'cmake_target': None, 'cmake_target_skip_unavailable': False, 'install_base': '/root/yahboomcar_ws/install/yahboomcar_mediapipe', 'merge_install': False, 'path': '/root/yahboomcar_ws/src/yahboomcar_mediapipe', 'symlink_install': False, 'test_result_base': None}
[2.046s] Level 5:colcon.colcon_core.verb:set package 'yahboomcar_msgs' build argument 'cmake_args' from command line to 'None'
[2.046s] Level 5:colcon.colcon_core.verb:set package 'yahboomcar_msgs' build argument 'cmake_target' from command line to 'None'
[2.046s] Level 5:colcon.colcon_core.verb:set package 'yahboomcar_msgs' build argument 'cmake_target_skip_unavailable' from command line to 'False'
[2.046s] Level 5:colcon.colcon_core.verb:set package 'yahboomcar_msgs' build argument 'cmake_clean_cache' from command line to 'False'
[2.046s] Level 5:colcon.colcon_core.verb:set package 'yahboomcar_msgs' build argument 'cmake_clean_first' from command line to 'False'
[2.046s] Level 5:colcon.colcon_core.verb:set package 'yahboomcar_msgs' build argument 'cmake_force_configure' from command line to 'False'
[2.046s] Level 5:colcon.colcon_core.verb:set package 'yahboomcar_msgs' build argument 'ament_cmake_args' from command line to 'None'
[2.046s] Level 5:colcon.colcon_core.verb:set package 'yahboomcar_msgs' build argument 'catkin_cmake_args' from command line to 'None'
[2.046s] Level 5:colcon.colcon_core.verb:set package 'yahboomcar_msgs' build argument 'catkin_skip_building_tests' from command line to 'False'
[2.046s] DEBUG:colcon.colcon_core.verb:Building package 'yahboomcar_msgs' with the following arguments: {'ament_cmake_args': None, 'build_base': '/root/yahboomcar_ws/build/yahboomcar_msgs', 'catkin_cmake_args': None, 'catkin_skip_building_tests': False, 'cmake_args': None, 'cmake_clean_cache': False, 'cmake_clean_first': False, 'cmake_force_configure': False, 'cmake_target': None, 'cmake_target_skip_unavailable': False, 'install_base': '/root/yahboomcar_ws/install/yahboomcar_msgs', 'merge_install': False, 'path': '/root/yahboomcar_ws/src/yahboomcar_msgs', 'symlink_install': False, 'test_result_base': None}
[2.062s] Level 5:colcon.colcon_core.verb:set package 'yahboomcar_nav' build argument 'cmake_args' from command line to 'None'
[2.062s] Level 5:colcon.colcon_core.verb:set package 'yahboomcar_nav' build argument 'cmake_target' from command line to 'None'
[2.062s] Level 5:colcon.colcon_core.verb:set package 'yahboomcar_nav' build argument 'cmake_target_skip_unavailable' from command line to 'False'
[2.062s] Level 5:colcon.colcon_core.verb:set package 'yahboomcar_nav' build argument 'cmake_clean_cache' from command line to 'False'
[2.062s] Level 5:colcon.colcon_core.verb:set package 'yahboomcar_nav' build argument 'cmake_clean_first' from command line to 'False'
[2.062s] Level 5:colcon.colcon_core.verb:set package 'yahboomcar_nav' build argument 'cmake_force_configure' from command line to 'False'
[2.062s] Level 5:colcon.colcon_core.verb:set package 'yahboomcar_nav' build argument 'ament_cmake_args' from command line to 'None'
[2.062s] Level 5:colcon.colcon_core.verb:set package 'yahboomcar_nav' build argument 'catkin_cmake_args' from command line to 'None'
[2.062s] Level 5:colcon.colcon_core.verb:set package 'yahboomcar_nav' build argument 'catkin_skip_building_tests' from command line to 'False'
[2.062s] DEBUG:colcon.colcon_core.verb:Building package 'yahboomcar_nav' with the following arguments: {'ament_cmake_args': None, 'build_base': '/root/yahboomcar_ws/build/yahboomcar_nav', 'catkin_cmake_args': None, 'catkin_skip_building_tests': False, 'cmake_args': None, 'cmake_clean_cache': False, 'cmake_clean_first': False, 'cmake_force_configure': False, 'cmake_target': None, 'cmake_target_skip_unavailable': False, 'install_base': '/root/yahboomcar_ws/install/yahboomcar_nav', 'merge_install': False, 'path': '/root/yahboomcar_ws/src/yahboomcar_nav', 'symlink_install': False, 'test_result_base': None}
[2.078s] Level 5:colcon.colcon_core.verb:set package 'yahboomcar_visual' build argument 'cmake_args' from command line to 'None'
[2.078s] Level 5:colcon.colcon_core.verb:set package 'yahboomcar_visual' build argument 'cmake_target' from command line to 'None'
[2.078s] Level 5:colcon.colcon_core.verb:set package 'yahboomcar_visual' build argument 'cmake_target_skip_unavailable' from command line to 'False'
[2.078s] Level 5:colcon.colcon_core.verb:set package 'yahboomcar_visual' build argument 'cmake_clean_cache' from command line to 'False'
[2.078s] Level 5:colcon.colcon_core.verb:set package 'yahboomcar_visual' build argument 'cmake_clean_first' from command line to 'False'
[2.078s] Level 5:colcon.colcon_core.verb:set package 'yahboomcar_visual' build argument 'cmake_force_configure' from command line to 'False'
[2.078s] Level 5:colcon.colcon_core.verb:set package 'yahboomcar_visual' build argument 'ament_cmake_args' from command line to 'None'
[2.078s] Level 5:colcon.colcon_core.verb:set package 'yahboomcar_visual' build argument 'catkin_cmake_args' from command line to 'None'
[2.078s] Level 5:colcon.colcon_core.verb:set package 'yahboomcar_visual' build argument 'catkin_skip_building_tests' from command line to 'False'
[2.078s] DEBUG:colcon.colcon_core.verb:Building package 'yahboomcar_visual' with the following arguments: {'ament_cmake_args': None, 'build_base': '/root/yahboomcar_ws/build/yahboomcar_visual', 'catkin_cmake_args': None, 'catkin_skip_building_tests': False, 'cmake_args': None, 'cmake_clean_cache': False, 'cmake_clean_first': False, 'cmake_force_configure': False, 'cmake_target': None, 'cmake_target_skip_unavailable': False, 'install_base': '/root/yahboomcar_ws/install/yahboomcar_visual', 'merge_install': False, 'path': '/root/yahboomcar_ws/src/yahboomcar_visual', 'symlink_install': False, 'test_result_base': None}
[2.093s] INFO:colcon.colcon_core.executor:Executing jobs using 'parallel' executor
[2.112s] DEBUG:colcon.colcon_parallel_executor.executor.parallel:run_until_complete
[2.113s] INFO:colcon.colcon_ros.task.ament_python.build:Building ROS package in '/root/yahboomcar_ws/src/laserscan_to_point_publisher' with build type 'ament_python'
[2.114s] Level 1:colcon.colcon_core.shell:create_environment_hook('laserscan_to_point_publisher', 'ament_prefix_path')
[2.150s] INFO:colcon.colcon_core.plugin_system:Skipping extension 'colcon_core.shell.bat': Not used on non-Windows systems
[2.150s] INFO:colcon.colcon_core.shell:Creating environment hook '/root/yahboomcar_ws/install/laserscan_to_point_publisher/share/laserscan_to_point_publisher/hook/ament_prefix_path.ps1'
[2.152s] INFO:colcon.colcon_core.shell:Creating environment descriptor '/root/yahboomcar_ws/install/laserscan_to_point_publisher/share/laserscan_to_point_publisher/hook/ament_prefix_path.dsv'
[2.154s] INFO:colcon.colcon_core.shell:Creating environment hook '/root/yahboomcar_ws/install/laserscan_to_point_publisher/share/laserscan_to_point_publisher/hook/ament_prefix_path.sh'
[2.179s] INFO:colcon.colcon_core.shell:Skip shell extension 'powershell' for command environment: Not usable outside of PowerShell
[2.179s] DEBUG:colcon.colcon_core.shell:Skip shell extension 'dsv' for command environment
[2.281s] INFO:colcon.colcon_ros.task.ament_cmake.build:Building ROS package in '/root/yahboomcar_ws/src/robot_localization' with build type 'ament_cmake'
[2.281s] INFO:colcon.colcon_cmake.task.cmake.build:Building CMake package in '/root/yahboomcar_ws/src/robot_localization'
[2.298s] INFO:colcon.colcon_core.shell:Skip shell extension 'powershell' for command environment: Not usable outside of PowerShell
[2.299s] DEBUG:colcon.colcon_core.shell:Skip shell extension 'dsv' for command environment
[2.384s] INFO:colcon.colcon_ros.task.ament_cmake.build:Building ROS package in '/root/yahboomcar_ws/src/robot_pose_publisher_ros2' with build type 'ament_cmake'
[2.384s] INFO:colcon.colcon_cmake.task.cmake.build:Building CMake package in '/root/yahboomcar_ws/src/robot_pose_publisher_ros2'
[2.402s] INFO:colcon.colcon_core.shell:Skip shell extension 'powershell' for command environment: Not usable outside of PowerShell
[2.402s] DEBUG:colcon.colcon_core.shell:Skip shell extension 'dsv' for command environment
[2.489s] INFO:colcon.colcon_ros.task.ament_python.build:Building ROS package in '/root/yahboomcar_ws/src/yahboom_app_save_map' with build type 'ament_python'
[2.489s] Level 1:colcon.colcon_core.shell:create_environment_hook('yahboom_app_save_map', 'ament_prefix_path')
[2.507s] INFO:colcon.colcon_core.shell:Creating environment hook '/root/yahboomcar_ws/install/yahboom_app_save_map/share/yahboom_app_save_map/hook/ament_prefix_path.ps1'
[2.507s] INFO:colcon.colcon_core.shell:Creating environment descriptor '/root/yahboomcar_ws/install/yahboom_app_save_map/share/yahboom_app_save_map/hook/ament_prefix_path.dsv'
[2.508s] INFO:colcon.colcon_core.shell:Creating environment hook '/root/yahboomcar_ws/install/yahboom_app_save_map/share/yahboom_app_save_map/hook/ament_prefix_path.sh'
[2.525s] INFO:colcon.colcon_core.shell:Skip shell extension 'powershell' for command environment: Not usable outside of PowerShell
[2.525s] DEBUG:colcon.colcon_core.shell:Skip shell extension 'dsv' for command environment
[3.028s] INFO:colcon.colcon_core.task.python.build:Building Python package in '/root/yahboomcar_ws/src/laserscan_to_point_publisher'
[3.047s] INFO:colcon.colcon_core.shell:Skip shell extension 'powershell' for command environment: Not usable outside of PowerShell
[3.047s] DEBUG:colcon.colcon_core.shell:Skip shell extension 'dsv' for command environment
[3.152s] DEBUG:colcon.colcon_core.event_handler.log_command:Invoking command in '/root/yahboomcar_ws/build/robot_localization': CMAKE_PREFIX_PATH=${CMAKE_PREFIX_PATH}:/root/yahboomcar_ws/install/yahboomcar_visual:/root/yahboomcar_ws/install/yahboomcar_nav:/root/yahboomcar_ws/install/yahboomcar_mediapipe:/root/yahboomcar_ws/install/yahboomcar_laser:/root/yahboomcar_ws/install/yahboomcar_description:/root/yahboomcar_ws/install/yahboomcar_ctrl:/root/yahboomcar_ws/install/yahboomcar_bringup:/root/yahboomcar_ws/install/yahboomcar_astra:/root/yahboomcar_ws/install/yahboom_app_save_map:/root/yahboomcar_ws/install/laserscan_to_point_publisher:/opt/ros/humble /usr/bin/cmake --build /root/yahboomcar_ws/build/robot_localization -- -j4 -l4
[3.175s] DEBUG:colcon.colcon_core.event_handler.log_command:Invoking command in '/root/yahboomcar_ws/build/robot_pose_publisher_ros2': CMAKE_PREFIX_PATH=${CMAKE_PREFIX_PATH}:/root/yahboomcar_ws/install/yahboomcar_visual:/root/yahboomcar_ws/install/yahboomcar_nav:/root/yahboomcar_ws/install/yahboomcar_mediapipe:/root/yahboomcar_ws/install/yahboomcar_laser:/root/yahboomcar_ws/install/yahboomcar_description:/root/yahboomcar_ws/install/yahboomcar_ctrl:/root/yahboomcar_ws/install/yahboomcar_bringup:/root/yahboomcar_ws/install/yahboomcar_astra:/root/yahboomcar_ws/install/yahboom_app_save_map:/root/yahboomcar_ws/install/laserscan_to_point_publisher:/opt/ros/humble /usr/bin/cmake --build /root/yahboomcar_ws/build/robot_pose_publisher_ros2 -- -j4 -l4
[3.664s] INFO:colcon.colcon_core.task.python.build:Building Python package in '/root/yahboomcar_ws/src/yahboom_app_save_map'
[3.690s] INFO:colcon.colcon_core.shell:Skip shell extension 'powershell' for command environment: Not usable outside of PowerShell
[3.690s] DEBUG:colcon.colcon_core.shell:Skip shell extension 'dsv' for command environment
[4.062s] DEBUG:colcon.colcon_core.event_handler.log_command:Invoked command in '/root/yahboomcar_ws/build/robot_pose_publisher_ros2' returned '0': CMAKE_PREFIX_PATH=${CMAKE_PREFIX_PATH}:/root/yahboomcar_ws/install/yahboomcar_visual:/root/yahboomcar_ws/install/yahboomcar_nav:/root/yahboomcar_ws/install/yahboomcar_mediapipe:/root/yahboomcar_ws/install/yahboomcar_laser:/root/yahboomcar_ws/install/yahboomcar_description:/root/yahboomcar_ws/install/yahboomcar_ctrl:/root/yahboomcar_ws/install/yahboomcar_bringup:/root/yahboomcar_ws/install/yahboomcar_astra:/root/yahboomcar_ws/install/yahboom_app_save_map:/root/yahboomcar_ws/install/laserscan_to_point_publisher:/opt/ros/humble /usr/bin/cmake --build /root/yahboomcar_ws/build/robot_pose_publisher_ros2 -- -j4 -l4
[4.195s] DEBUG:colcon.colcon_core.event_handler.log_command:Invoking command in '/root/yahboomcar_ws/build/robot_pose_publisher_ros2': CMAKE_PREFIX_PATH=${CMAKE_PREFIX_PATH}:/root/yahboomcar_ws/install/yahboomcar_visual:/root/yahboomcar_ws/install/yahboomcar_nav:/root/yahboomcar_ws/install/yahboomcar_mediapipe:/root/yahboomcar_ws/install/yahboomcar_laser:/root/yahboomcar_ws/install/yahboomcar_description:/root/yahboomcar_ws/install/yahboomcar_ctrl:/root/yahboomcar_ws/install/yahboomcar_bringup:/root/yahboomcar_ws/install/yahboomcar_astra:/root/yahboomcar_ws/install/yahboom_app_save_map:/root/yahboomcar_ws/install/laserscan_to_point_publisher:/opt/ros/humble /usr/bin/cmake --install /root/yahboomcar_ws/build/robot_pose_publisher_ros2
[4.491s] Level 1:colcon.colcon_core.environment:create_environment_scripts_only(robot_pose_publisher_ros2)
[4.495s] DEBUG:colcon.colcon_core.event_handler.log_command:Invoked command in '/root/yahboomcar_ws/build/robot_pose_publisher_ros2' returned '0': CMAKE_PREFIX_PATH=${CMAKE_PREFIX_PATH}:/root/yahboomcar_ws/install/yahboomcar_visual:/root/yahboomcar_ws/install/yahboomcar_nav:/root/yahboomcar_ws/install/yahboomcar_mediapipe:/root/yahboomcar_ws/install/yahboomcar_laser:/root/yahboomcar_ws/install/yahboomcar_description:/root/yahboomcar_ws/install/yahboomcar_ctrl:/root/yahboomcar_ws/install/yahboomcar_bringup:/root/yahboomcar_ws/install/yahboomcar_astra:/root/yahboomcar_ws/install/yahboom_app_save_map:/root/yahboomcar_ws/install/laserscan_to_point_publisher:/opt/ros/humble /usr/bin/cmake --install /root/yahboomcar_ws/build/robot_pose_publisher_ros2
[4.616s] Level 1:colcon.colcon_core.environment:checking '/root/yahboomcar_ws/install/robot_pose_publisher_ros2' for CMake module files
[4.630s] Level 1:colcon.colcon_core.environment:checking '/root/yahboomcar_ws/install/robot_pose_publisher_ros2' for CMake config files
[4.635s] Level 1:colcon.colcon_core.shell:create_environment_hook('robot_pose_publisher_ros2', 'cmake_prefix_path')
[4.697s] INFO:colcon.colcon_core.shell:Creating environment hook '/root/yahboomcar_ws/install/robot_pose_publisher_ros2/share/robot_pose_publisher_ros2/hook/cmake_prefix_path.ps1'
[4.698s] INFO:colcon.colcon_core.shell:Creating environment descriptor '/root/yahboomcar_ws/install/robot_pose_publisher_ros2/share/robot_pose_publisher_ros2/hook/cmake_prefix_path.dsv'
[4.707s] INFO:colcon.colcon_core.shell:Creating environment hook '/root/yahboomcar_ws/install/robot_pose_publisher_ros2/share/robot_pose_publisher_ros2/hook/cmake_prefix_path.sh'
[4.709s] Level 1:colcon.colcon_core.environment:checking '/root/yahboomcar_ws/install/robot_pose_publisher_ros2/lib'
[4.710s] Level 1:colcon.colcon_core.environment:checking '/root/yahboomcar_ws/install/robot_pose_publisher_ros2/bin'
[4.710s] Level 1:colcon.colcon_core.environment:checking '/root/yahboomcar_ws/install/robot_pose_publisher_ros2/lib/pkgconfig/robot_pose_publisher_ros2.pc'
[4.711s] Level 1:colcon.colcon_core.environment:checking '/root/yahboomcar_ws/install/robot_pose_publisher_ros2/lib/python3.10/site-packages'
[4.711s] Level 1:colcon.colcon_core.environment:checking '/root/yahboomcar_ws/install/robot_pose_publisher_ros2/bin'
[4.886s] INFO:colcon.colcon_core.shell:Creating package script '/root/yahboomcar_ws/install/robot_pose_publisher_ros2/share/robot_pose_publisher_ros2/package.ps1'
[4.895s] INFO:colcon.colcon_core.shell:Creating package descriptor '/root/yahboomcar_ws/install/robot_pose_publisher_ros2/share/robot_pose_publisher_ros2/package.dsv'
[4.898s] INFO:colcon.colcon_core.shell:Creating package script '/root/yahboomcar_ws/install/robot_pose_publisher_ros2/share/robot_pose_publisher_ros2/package.sh'
[4.905s] INFO:colcon.colcon_core.shell:Creating package script '/root/yahboomcar_ws/install/robot_pose_publisher_ros2/share/robot_pose_publisher_ros2/package.bash'
[4.912s] INFO:colcon.colcon_core.shell:Creating package script '/root/yahboomcar_ws/install/robot_pose_publisher_ros2/share/robot_pose_publisher_ros2/package.zsh'
[4.916s] Level 1:colcon.colcon_core.environment:create_file_with_runtime_dependencies(/root/yahboomcar_ws/install/robot_pose_publisher_ros2/share/colcon-core/packages/robot_pose_publisher_ros2)
[5.140s] Level 1:colcon.colcon_core.environment:create_environment_scripts_only(robot_pose_publisher_ros2)
[5.169s] Level 1:colcon.colcon_core.environment:checking '/root/yahboomcar_ws/install/robot_pose_publisher_ros2' for CMake module files
[5.170s] Level 1:colcon.colcon_core.environment:checking '/root/yahboomcar_ws/install/robot_pose_publisher_ros2' for CMake config files
[5.171s] Level 1:colcon.colcon_core.shell:create_environment_hook('robot_pose_publisher_ros2', 'cmake_prefix_path')
[5.203s] INFO:colcon.colcon_core.shell:Creating environment hook '/root/yahboomcar_ws/install/robot_pose_publisher_ros2/share/robot_pose_publisher_ros2/hook/cmake_prefix_path.ps1'
[5.204s] INFO:colcon.colcon_core.shell:Creating environment descriptor '/root/yahboomcar_ws/install/robot_pose_publisher_ros2/share/robot_pose_publisher_ros2/hook/cmake_prefix_path.dsv'
[5.205s] INFO:colcon.colcon_core.shell:Creating environment hook '/root/yahboomcar_ws/install/robot_pose_publisher_ros2/share/robot_pose_publisher_ros2/hook/cmake_prefix_path.sh'
[5.206s] Level 1:colcon.colcon_core.environment:checking '/root/yahboomcar_ws/install/robot_pose_publisher_ros2/lib'
[5.206s] Level 1:colcon.colcon_core.environment:checking '/root/yahboomcar_ws/install/robot_pose_publisher_ros2/bin'
[5.206s] Level 1:colcon.colcon_core.environment:checking '/root/yahboomcar_ws/install/robot_pose_publisher_ros2/lib/pkgconfig/robot_pose_publisher_ros2.pc'
[5.207s] Level 1:colcon.colcon_core.environment:checking '/root/yahboomcar_ws/install/robot_pose_publisher_ros2/lib/python3.10/site-packages'
[5.208s] Level 1:colcon.colcon_core.environment:checking '/root/yahboomcar_ws/install/robot_pose_publisher_ros2/bin'
[5.228s] INFO:colcon.colcon_core.shell:Creating package script '/root/yahboomcar_ws/install/robot_pose_publisher_ros2/share/robot_pose_publisher_ros2/package.ps1'
[5.229s] INFO:colcon.colcon_core.shell:Creating package descriptor '/root/yahboomcar_ws/install/robot_pose_publisher_ros2/share/robot_pose_publisher_ros2/package.dsv'
[5.230s] INFO:colcon.colcon_core.shell:Creating package script '/root/yahboomcar_ws/install/robot_pose_publisher_ros2/share/robot_pose_publisher_ros2/package.sh'
[5.232s] INFO:colcon.colcon_core.shell:Creating package script '/root/yahboomcar_ws/install/robot_pose_publisher_ros2/share/robot_pose_publisher_ros2/package.bash'
[5.232s] INFO:colcon.colcon_core.shell:Creating package script '/root/yahboomcar_ws/install/robot_pose_publisher_ros2/share/robot_pose_publisher_ros2/package.zsh'
[5.233s] Level 1:colcon.colcon_core.environment:create_file_with_runtime_dependencies(/root/yahboomcar_ws/install/robot_pose_publisher_ros2/share/colcon-core/packages/robot_pose_publisher_ros2)
[5.234s] INFO:colcon.colcon_ros.task.ament_cmake.build:Building ROS package in '/root/yahboomcar_ws/src/yahboom_web_savmap_interfaces' with build type 'ament_cmake'
[5.234s] INFO:colcon.colcon_cmake.task.cmake.build:Building CMake package in '/root/yahboomcar_ws/src/yahboom_web_savmap_interfaces'
[5.257s] INFO:colcon.colcon_core.shell:Skip shell extension 'powershell' for command environment: Not usable outside of PowerShell
[5.257s] DEBUG:colcon.colcon_core.shell:Skip shell extension 'dsv' for command environment
[5.415s] DEBUG:colcon.colcon_core.event_handler.log_command:Invoked command in '/root/yahboomcar_ws/build/robot_localization' returned '0': CMAKE_PREFIX_PATH=${CMAKE_PREFIX_PATH}:/root/yahboomcar_ws/install/yahboomcar_visual:/root/yahboomcar_ws/install/yahboomcar_nav:/root/yahboomcar_ws/install/yahboomcar_mediapipe:/root/yahboomcar_ws/install/yahboomcar_laser:/root/yahboomcar_ws/install/yahboomcar_description:/root/yahboomcar_ws/install/yahboomcar_ctrl:/root/yahboomcar_ws/install/yahboomcar_bringup:/root/yahboomcar_ws/install/yahboomcar_astra:/root/yahboomcar_ws/install/yahboom_app_save_map:/root/yahboomcar_ws/install/laserscan_to_point_publisher:/opt/ros/humble /usr/bin/cmake --build /root/yahboomcar_ws/build/robot_localization -- -j4 -l4
[5.422s] DEBUG:colcon.colcon_core.event_handler.log_command:Invoking command in '/root/yahboomcar_ws/src/yahboom_app_save_map': PYTHONPATH=/root/yahboomcar_ws/build/yahboom_app_save_map/prefix_override:/root/yahboomcar_ws/install/yahboom_app_save_map/lib/python3.10/site-packages:${PYTHONPATH} /usr/bin/python3 setup.py egg_info --egg-base ../../build/yahboom_app_save_map build --build-base /root/yahboomcar_ws/build/yahboom_app_save_map/build install --record /root/yahboomcar_ws/build/yahboom_app_save_map/install.log --single-version-externally-managed
[5.427s] DEBUG:colcon.colcon_core.event_handler.log_command:Invoking command in '/root/yahboomcar_ws/src/laserscan_to_point_publisher': PYTHONPATH=/root/yahboomcar_ws/build/laserscan_to_point_publisher/prefix_override:/root/yahboomcar_ws/install/laserscan_to_point_publisher/lib/python3.10/site-packages:${PYTHONPATH} /usr/bin/python3 setup.py egg_info --egg-base ../../build/laserscan_to_point_publisher build --build-base /root/yahboomcar_ws/build/laserscan_to_point_publisher/build install --record /root/yahboomcar_ws/build/laserscan_to_point_publisher/install.log --single-version-externally-managed
[5.437s] DEBUG:colcon.colcon_core.event_handler.log_command:Invoking command in '/root/yahboomcar_ws/build/yahboom_web_savmap_interfaces': CMAKE_PREFIX_PATH=${CMAKE_PREFIX_PATH}:/root/yahboomcar_ws/install/yahboomcar_visual:/root/yahboomcar_ws/install/yahboomcar_nav:/root/yahboomcar_ws/install/yahboomcar_mediapipe:/root/yahboomcar_ws/install/yahboomcar_laser:/root/yahboomcar_ws/install/yahboomcar_description:/root/yahboomcar_ws/install/yahboomcar_ctrl:/root/yahboomcar_ws/install/yahboomcar_bringup:/root/yahboomcar_ws/install/yahboomcar_astra:/root/yahboomcar_ws/install/yahboom_app_save_map:/root/yahboomcar_ws/install/laserscan_to_point_publisher:/opt/ros/humble /usr/bin/cmake --build /root/yahboomcar_ws/build/yahboom_web_savmap_interfaces -- -j4 -l4
[6.176s] DEBUG:colcon.colcon_core.event_handler.log_command:Invoked command in '/root/yahboomcar_ws/src/laserscan_to_point_publisher' returned '0': PYTHONPATH=/root/yahboomcar_ws/build/laserscan_to_point_publisher/prefix_override:/root/yahboomcar_ws/install/laserscan_to_point_publisher/lib/python3.10/site-packages:${PYTHONPATH} /usr/bin/python3 setup.py egg_info --egg-base ../../build/laserscan_to_point_publisher build --build-base /root/yahboomcar_ws/build/laserscan_to_point_publisher/build install --record /root/yahboomcar_ws/build/laserscan_to_point_publisher/install.log --single-version-externally-managed
[6.216s] Level 1:colcon.colcon_core.environment:checking '/root/yahboomcar_ws/install/laserscan_to_point_publisher' for CMake module files
[6.222s] Level 1:colcon.colcon_core.environment:checking '/root/yahboomcar_ws/install/laserscan_to_point_publisher' for CMake config files
[6.231s] Level 1:colcon.colcon_core.environment:checking '/root/yahboomcar_ws/install/laserscan_to_point_publisher/lib'
[6.231s] Level 1:colcon.colcon_core.environment:checking '/root/yahboomcar_ws/install/laserscan_to_point_publisher/bin'
[6.232s] Level 1:colcon.colcon_core.environment:checking '/root/yahboomcar_ws/install/laserscan_to_point_publisher/lib/pkgconfig/laserscan_to_point_publisher.pc'
[6.232s] Level 1:colcon.colcon_core.environment:checking '/root/yahboomcar_ws/install/laserscan_to_point_publisher/lib/python3.10/site-packages'
[6.233s] Level 1:colcon.colcon_core.shell:create_environment_hook('laserscan_to_point_publisher', 'pythonpath')
[6.279s] INFO:colcon.colcon_core.shell:Creating environment hook '/root/yahboomcar_ws/install/laserscan_to_point_publisher/share/laserscan_to_point_publisher/hook/pythonpath.ps1'
[6.281s] INFO:colcon.colcon_core.shell:Creating environment descriptor '/root/yahboomcar_ws/install/laserscan_to_point_publisher/share/laserscan_to_point_publisher/hook/pythonpath.dsv'
[6.282s] INFO:colcon.colcon_core.shell:Creating environment hook '/root/yahboomcar_ws/install/laserscan_to_point_publisher/share/laserscan_to_point_publisher/hook/pythonpath.sh'
[6.285s] Level 1:colcon.colcon_core.environment:checking '/root/yahboomcar_ws/install/laserscan_to_point_publisher/bin'
[6.285s] Level 1:colcon.colcon_core.environment:create_environment_scripts_only(laserscan_to_point_publisher)
[6.313s] INFO:colcon.colcon_core.shell:Creating package script '/root/yahboomcar_ws/install/laserscan_to_point_publisher/share/laserscan_to_point_publisher/package.ps1'
[6.314s] INFO:colcon.colcon_core.shell:Creating package descriptor '/root/yahboomcar_ws/install/laserscan_to_point_publisher/share/laserscan_to_point_publisher/package.dsv'
[6.315s] INFO:colcon.colcon_core.shell:Creating package script '/root/yahboomcar_ws/install/laserscan_to_point_publisher/share/laserscan_to_point_publisher/package.sh'
[6.316s] INFO:colcon.colcon_core.shell:Creating package script '/root/yahboomcar_ws/install/laserscan_to_point_publisher/share/laserscan_to_point_publisher/package.bash'
[6.317s] INFO:colcon.colcon_core.shell:Creating package script '/root/yahboomcar_ws/install/laserscan_to_point_publisher/share/laserscan_to_point_publisher/package.zsh'
[6.317s] Level 1:colcon.colcon_core.environment:create_file_with_runtime_dependencies(/root/yahboomcar_ws/install/laserscan_to_point_publisher/share/colcon-core/packages/laserscan_to_point_publisher)
[6.319s] INFO:colcon.colcon_ros.task.ament_python.build:Building ROS package in '/root/yahboomcar_ws/src/yahboomcar_astra' with build type 'ament_python'
[6.319s] Level 1:colcon.colcon_core.shell:create_environment_hook('yahboomcar_astra', 'ament_prefix_path')
[6.340s] INFO:colcon.colcon_core.shell:Creating environment hook '/root/yahboomcar_ws/install/yahboomcar_astra/share/yahboomcar_astra/hook/ament_prefix_path.ps1'
[6.341s] INFO:colcon.colcon_core.shell:Creating environment descriptor '/root/yahboomcar_ws/install/yahboomcar_astra/share/yahboomcar_astra/hook/ament_prefix_path.dsv'
[6.341s] INFO:colcon.colcon_core.shell:Creating environment hook '/root/yahboomcar_ws/install/yahboomcar_astra/share/yahboomcar_astra/hook/ament_prefix_path.sh'
[6.360s] INFO:colcon.colcon_core.shell:Skip shell extension 'powershell' for command environment: Not usable outside of PowerShell
[6.360s] DEBUG:colcon.colcon_core.shell:Skip shell extension 'dsv' for command environment
[6.466s] DEBUG:colcon.colcon_core.event_handler.log_command:Invoked command in '/root/yahboomcar_ws/src/yahboom_app_save_map' returned '0': PYTHONPATH=/root/yahboomcar_ws/build/yahboom_app_save_map/prefix_override:/root/yahboomcar_ws/install/yahboom_app_save_map/lib/python3.10/site-packages:${PYTHONPATH} /usr/bin/python3 setup.py egg_info --egg-base ../../build/yahboom_app_save_map build --build-base /root/yahboomcar_ws/build/yahboom_app_save_map/build install --record /root/yahboomcar_ws/build/yahboom_app_save_map/install.log --single-version-externally-managed
[6.483s] Level 1:colcon.colcon_core.environment:checking '/root/yahboomcar_ws/install/yahboom_app_save_map' for CMake module files
[6.487s] Level 1:colcon.colcon_core.environment:checking '/root/yahboomcar_ws/install/yahboom_app_save_map' for CMake config files
[6.493s] Level 1:colcon.colcon_core.environment:checking '/root/yahboomcar_ws/install/yahboom_app_save_map/lib'
[6.493s] Level 1:colcon.colcon_core.environment:checking '/root/yahboomcar_ws/install/yahboom_app_save_map/bin'
[6.494s] Level 1:colcon.colcon_core.environment:checking '/root/yahboomcar_ws/install/yahboom_app_save_map/lib/pkgconfig/yahboom_app_save_map.pc'
[6.494s] Level 1:colcon.colcon_core.environment:checking '/root/yahboomcar_ws/install/yahboom_app_save_map/lib/python3.10/site-packages'
[6.494s] Level 1:colcon.colcon_core.shell:create_environment_hook('yahboom_app_save_map', 'pythonpath')
[6.510s] INFO:colcon.colcon_core.shell:Creating environment hook '/root/yahboomcar_ws/install/yahboom_app_save_map/share/yahboom_app_save_map/hook/pythonpath.ps1'
[6.511s] INFO:colcon.colcon_core.shell:Creating environment descriptor '/root/yahboomcar_ws/install/yahboom_app_save_map/share/yahboom_app_save_map/hook/pythonpath.dsv'
[6.511s] INFO:colcon.colcon_core.shell:Creating environment hook '/root/yahboomcar_ws/install/yahboom_app_save_map/share/yahboom_app_save_map/hook/pythonpath.sh'
[6.512s] Level 1:colcon.colcon_core.environment:checking '/root/yahboomcar_ws/install/yahboom_app_save_map/bin'
[6.512s] Level 1:colcon.colcon_core.environment:create_environment_scripts_only(yahboom_app_save_map)
[6.528s] INFO:colcon.colcon_core.shell:Creating package script '/root/yahboomcar_ws/install/yahboom_app_save_map/share/yahboom_app_save_map/package.ps1'
[6.529s] INFO:colcon.colcon_core.shell:Creating package descriptor '/root/yahboomcar_ws/install/yahboom_app_save_map/share/yahboom_app_save_map/package.dsv'
[6.530s] INFO:colcon.colcon_core.shell:Creating package script '/root/yahboomcar_ws/install/yahboom_app_save_map/share/yahboom_app_save_map/package.sh'
[6.530s] INFO:colcon.colcon_core.shell:Creating package script '/root/yahboomcar_ws/install/yahboom_app_save_map/share/yahboom_app_save_map/package.bash'
[6.531s] INFO:colcon.colcon_core.shell:Creating package script '/root/yahboomcar_ws/install/yahboom_app_save_map/share/yahboom_app_save_map/package.zsh'
[6.531s] Level 1:colcon.colcon_core.environment:create_file_with_runtime_dependencies(/root/yahboomcar_ws/install/yahboom_app_save_map/share/colcon-core/packages/yahboom_app_save_map)
[6.533s] INFO:colcon.colcon_ros.task.ament_cmake.build:Building ROS package in '/root/yahboomcar_ws/src/yahboomcar_base_node' with build type 'ament_cmake'
[6.533s] INFO:colcon.colcon_cmake.task.cmake.build:Building CMake package in '/root/yahboomcar_ws/src/yahboomcar_base_node'
[6.552s] INFO:colcon.colcon_core.shell:Skip shell extension 'powershell' for command environment: Not usable outside of PowerShell
[6.552s] DEBUG:colcon.colcon_core.shell:Skip shell extension 'dsv' for command environment
[6.641s] DEBUG:colcon.colcon_core.event_handler.log_command:Invoking command in '/root/yahboomcar_ws/build/robot_localization': CMAKE_PREFIX_PATH=${CMAKE_PREFIX_PATH}:/root/yahboomcar_ws/install/yahboomcar_visual:/root/yahboomcar_ws/install/yahboomcar_nav:/root/yahboomcar_ws/install/yahboomcar_mediapipe:/root/yahboomcar_ws/install/yahboomcar_laser:/root/yahboomcar_ws/install/yahboomcar_description:/root/yahboomcar_ws/install/yahboomcar_ctrl:/root/yahboomcar_ws/install/yahboomcar_bringup:/root/yahboomcar_ws/install/yahboomcar_astra:/root/yahboomcar_ws/install/yahboom_app_save_map:/root/yahboomcar_ws/install/laserscan_to_point_publisher:/opt/ros/humble /usr/bin/cmake --install /root/yahboomcar_ws/build/robot_localization
[6.642s] DEBUG:colcon.colcon_core.event_handler.log_command:Invoked command in '/root/yahboomcar_ws/build/yahboom_web_savmap_interfaces' returned '0': CMAKE_PREFIX_PATH=${CMAKE_PREFIX_PATH}:/root/yahboomcar_ws/install/yahboomcar_visual:/root/yahboomcar_ws/install/yahboomcar_nav:/root/yahboomcar_ws/install/yahboomcar_mediapipe:/root/yahboomcar_ws/install/yahboomcar_laser:/root/yahboomcar_ws/install/yahboomcar_description:/root/yahboomcar_ws/install/yahboomcar_ctrl:/root/yahboomcar_ws/install/yahboomcar_bringup:/root/yahboomcar_ws/install/yahboomcar_astra:/root/yahboomcar_ws/install/yahboom_app_save_map:/root/yahboomcar_ws/install/laserscan_to_point_publisher:/opt/ros/humble /usr/bin/cmake --build /root/yahboomcar_ws/build/yahboom_web_savmap_interfaces -- -j4 -l4
[7.041s] INFO:colcon.colcon_core.task.python.build:Building Python package in '/root/yahboomcar_ws/src/yahboomcar_astra'
[7.060s] INFO:colcon.colcon_core.shell:Skip shell extension 'powershell' for command environment: Not usable outside of PowerShell
[7.060s] DEBUG:colcon.colcon_core.shell:Skip shell extension 'dsv' for command environment
[7.177s] DEBUG:colcon.colcon_core.event_handler.log_command:Invoking command in '/root/yahboomcar_ws/build/yahboomcar_base_node': CMAKE_PREFIX_PATH=${CMAKE_PREFIX_PATH}:/root/yahboomcar_ws/install/yahboomcar_visual:/root/yahboomcar_ws/install/yahboomcar_nav:/root/yahboomcar_ws/install/yahboomcar_mediapipe:/root/yahboomcar_ws/install/yahboomcar_laser:/root/yahboomcar_ws/install/yahboomcar_description:/root/yahboomcar_ws/install/yahboomcar_ctrl:/root/yahboomcar_ws/install/yahboomcar_bringup:/root/yahboomcar_ws/install/yahboomcar_astra:/root/yahboomcar_ws/install/yahboom_app_save_map:/root/yahboomcar_ws/install/laserscan_to_point_publisher:/opt/ros/humble /usr/bin/cmake --build /root/yahboomcar_ws/build/yahboomcar_base_node -- -j4 -l4
[7.178s] DEBUG:colcon.colcon_core.event_handler.log_command:Invoking command in '/root/yahboomcar_ws/build/yahboom_web_savmap_interfaces': CMAKE_PREFIX_PATH=${CMAKE_PREFIX_PATH}:/root/yahboomcar_ws/install/yahboomcar_visual:/root/yahboomcar_ws/install/yahboomcar_nav:/root/yahboomcar_ws/install/yahboomcar_mediapipe:/root/yahboomcar_ws/install/yahboomcar_laser:/root/yahboomcar_ws/install/yahboomcar_description:/root/yahboomcar_ws/install/yahboomcar_ctrl:/root/yahboomcar_ws/install/yahboomcar_bringup:/root/yahboomcar_ws/install/yahboomcar_astra:/root/yahboomcar_ws/install/yahboom_app_save_map:/root/yahboomcar_ws/install/laserscan_to_point_publisher:/opt/ros/humble /usr/bin/cmake --install /root/yahboomcar_ws/build/yahboom_web_savmap_interfaces
[7.385s] DEBUG:colcon.colcon_core.event_handler.log_command:Invoked command in '/root/yahboomcar_ws/build/yahboomcar_base_node' returned '0': CMAKE_PREFIX_PATH=${CMAKE_PREFIX_PATH}:/root/yahboomcar_ws/install/yahboomcar_visual:/root/yahboomcar_ws/install/yahboomcar_nav:/root/yahboomcar_ws/install/yahboomcar_mediapipe:/root/yahboomcar_ws/install/yahboomcar_laser:/root/yahboomcar_ws/install/yahboomcar_description:/root/yahboomcar_ws/install/yahboomcar_ctrl:/root/yahboomcar_ws/install/yahboomcar_bringup:/root/yahboomcar_ws/install/yahboomcar_astra:/root/yahboomcar_ws/install/yahboom_app_save_map:/root/yahboomcar_ws/install/laserscan_to_point_publisher:/opt/ros/humble /usr/bin/cmake --build /root/yahboomcar_ws/build/yahboomcar_base_node -- -j4 -l4
[7.426s] DEBUG:colcon.colcon_core.event_handler.log_command:Invoking command in '/root/yahboomcar_ws/build/yahboomcar_base_node': CMAKE_PREFIX_PATH=${CMAKE_PREFIX_PATH}:/root/yahboomcar_ws/install/yahboomcar_visual:/root/yahboomcar_ws/install/yahboomcar_nav:/root/yahboomcar_ws/install/yahboomcar_mediapipe:/root/yahboomcar_ws/install/yahboomcar_laser:/root/yahboomcar_ws/install/yahboomcar_description:/root/yahboomcar_ws/install/yahboomcar_ctrl:/root/yahboomcar_ws/install/yahboomcar_bringup:/root/yahboomcar_ws/install/yahboomcar_astra:/root/yahboomcar_ws/install/yahboom_app_save_map:/root/yahboomcar_ws/install/laserscan_to_point_publisher:/opt/ros/humble /usr/bin/cmake --install /root/yahboomcar_ws/build/yahboomcar_base_node
[7.717s] DEBUG:colcon.colcon_core.event_handler.log_command:Invoking command in '/root/yahboomcar_ws/src/yahboomcar_astra': PYTHONPATH=/root/yahboomcar_ws/build/yahboomcar_astra/prefix_override:/root/yahboomcar_ws/install/yahboomcar_astra/lib/python3.10/site-packages:${PYTHONPATH} /usr/bin/python3 setup.py egg_info --egg-base ../../build/yahboomcar_astra build --build-base /root/yahboomcar_ws/build/yahboomcar_astra/build install --record /root/yahboomcar_ws/build/yahboomcar_astra/install.log --install-scripts $base/lib/yahboomcar_astra --single-version-externally-managed
[7.905s] Level 1:colcon.colcon_core.environment:create_environment_scripts_only(yahboomcar_base_node)
[7.906s] DEBUG:colcon.colcon_core.event_handler.log_command:Invoked command in '/root/yahboomcar_ws/build/yahboomcar_base_node' returned '0': CMAKE_PREFIX_PATH=${CMAKE_PREFIX_PATH}:/root/yahboomcar_ws/install/yahboomcar_visual:/root/yahboomcar_ws/install/yahboomcar_nav:/root/yahboomcar_ws/install/yahboomcar_mediapipe:/root/yahboomcar_ws/install/yahboomcar_laser:/root/yahboomcar_ws/install/yahboomcar_description:/root/yahboomcar_ws/install/yahboomcar_ctrl:/root/yahboomcar_ws/install/yahboomcar_bringup:/root/yahboomcar_ws/install/yahboomcar_astra:/root/yahboomcar_ws/install/yahboom_app_save_map:/root/yahboomcar_ws/install/laserscan_to_point_publisher:/opt/ros/humble /usr/bin/cmake --install /root/yahboomcar_ws/build/yahboomcar_base_node
[7.926s] Level 1:colcon.colcon_core.environment:checking '/root/yahboomcar_ws/install/yahboomcar_base_node' for CMake module files
[7.992s] Level 1:colcon.colcon_core.environment:checking '/root/yahboomcar_ws/install/yahboomcar_base_node' for CMake config files
[7.993s] Level 1:colcon.colcon_core.shell:create_environment_hook('yahboomcar_base_node', 'cmake_prefix_path')
[8.016s] INFO:colcon.colcon_core.shell:Creating environment hook '/root/yahboomcar_ws/install/yahboomcar_base_node/share/yahboomcar_base_node/hook/cmake_prefix_path.ps1'
[8.019s] INFO:colcon.colcon_core.shell:Creating environment descriptor '/root/yahboomcar_ws/install/yahboomcar_base_node/share/yahboomcar_base_node/hook/cmake_prefix_path.dsv'
[8.020s] INFO:colcon.colcon_core.shell:Creating environment hook '/root/yahboomcar_ws/install/yahboomcar_base_node/share/yahboomcar_base_node/hook/cmake_prefix_path.sh'
[8.021s] Level 1:colcon.colcon_core.environment:checking '/root/yahboomcar_ws/install/yahboomcar_base_node/lib'
[8.022s] Level 1:colcon.colcon_core.environment:checking '/root/yahboomcar_ws/install/yahboomcar_base_node/bin'
[8.022s] Level 1:colcon.colcon_core.environment:checking '/root/yahboomcar_ws/install/yahboomcar_base_node/lib/pkgconfig/yahboomcar_base_node.pc'
[8.023s] Level 1:colcon.colcon_core.environment:checking '/root/yahboomcar_ws/install/yahboomcar_base_node/lib/python3.10/site-packages'
[8.023s] Level 1:colcon.colcon_core.environment:checking '/root/yahboomcar_ws/install/yahboomcar_base_node/bin'
[8.050s] INFO:colcon.colcon_core.shell:Creating package script '/root/yahboomcar_ws/install/yahboomcar_base_node/share/yahboomcar_base_node/package.ps1'
[8.051s] INFO:colcon.colcon_core.shell:Creating package descriptor '/root/yahboomcar_ws/install/yahboomcar_base_node/share/yahboomcar_base_node/package.dsv'
[8.052s] INFO:colcon.colcon_core.shell:Creating package script '/root/yahboomcar_ws/install/yahboomcar_base_node/share/yahboomcar_base_node/package.sh'
[8.053s] INFO:colcon.colcon_core.shell:Creating package script '/root/yahboomcar_ws/install/yahboomcar_base_node/share/yahboomcar_base_node/package.bash'
[8.053s] INFO:colcon.colcon_core.shell:Creating package script '/root/yahboomcar_ws/install/yahboomcar_base_node/share/yahboomcar_base_node/package.zsh'
[8.054s] Level 1:colcon.colcon_core.environment:create_file_with_runtime_dependencies(/root/yahboomcar_ws/install/yahboomcar_base_node/share/colcon-core/packages/yahboomcar_base_node)
[8.135s] Level 1:colcon.colcon_core.environment:create_environment_scripts_only(yahboomcar_base_node)
[8.161s] Level 1:colcon.colcon_core.environment:checking '/root/yahboomcar_ws/install/yahboomcar_base_node' for CMake module files
[8.162s] Level 1:colcon.colcon_core.environment:checking '/root/yahboomcar_ws/install/yahboomcar_base_node' for CMake config files
[8.163s] Level 1:colcon.colcon_core.shell:create_environment_hook('yahboomcar_base_node', 'cmake_prefix_path')
[8.188s] INFO:colcon.colcon_core.shell:Creating environment hook '/root/yahboomcar_ws/install/yahboomcar_base_node/share/yahboomcar_base_node/hook/cmake_prefix_path.ps1'
[8.189s] INFO:colcon.colcon_core.shell:Creating environment descriptor '/root/yahboomcar_ws/install/yahboomcar_base_node/share/yahboomcar_base_node/hook/cmake_prefix_path.dsv'
[8.195s] INFO:colcon.colcon_core.shell:Creating environment hook '/root/yahboomcar_ws/install/yahboomcar_base_node/share/yahboomcar_base_node/hook/cmake_prefix_path.sh'
[8.197s] Level 1:colcon.colcon_core.environment:checking '/root/yahboomcar_ws/install/yahboomcar_base_node/lib'
[8.197s] Level 1:colcon.colcon_core.environment:checking '/root/yahboomcar_ws/install/yahboomcar_base_node/bin'
[8.197s] Level 1:colcon.colcon_core.environment:checking '/root/yahboomcar_ws/install/yahboomcar_base_node/lib/pkgconfig/yahboomcar_base_node.pc'
[8.198s] Level 1:colcon.colcon_core.environment:checking '/root/yahboomcar_ws/install/yahboomcar_base_node/lib/python3.10/site-packages'
[8.198s] Level 1:colcon.colcon_core.environment:checking '/root/yahboomcar_ws/install/yahboomcar_base_node/bin'
[8.223s] INFO:colcon.colcon_core.shell:Creating package script '/root/yahboomcar_ws/install/yahboomcar_base_node/share/yahboomcar_base_node/package.ps1'
[8.225s] INFO:colcon.colcon_core.shell:Creating package descriptor '/root/yahboomcar_ws/install/yahboomcar_base_node/share/yahboomcar_base_node/package.dsv'
[8.226s] INFO:colcon.colcon_core.shell:Creating package script '/root/yahboomcar_ws/install/yahboomcar_base_node/share/yahboomcar_base_node/package.sh'
[8.227s] INFO:colcon.colcon_core.shell:Creating package script '/root/yahboomcar_ws/install/yahboomcar_base_node/share/yahboomcar_base_node/package.bash'
[8.228s] INFO:colcon.colcon_core.shell:Creating package script '/root/yahboomcar_ws/install/yahboomcar_base_node/share/yahboomcar_base_node/package.zsh'
[8.229s] Level 1:colcon.colcon_core.environment:create_file_with_runtime_dependencies(/root/yahboomcar_ws/install/yahboomcar_base_node/share/colcon-core/packages/yahboomcar_base_node)
[8.230s] INFO:colcon.colcon_ros.task.ament_python.build:Building ROS package in '/root/yahboomcar_ws/src/yahboomcar_bringup' with build type 'ament_python'
[8.230s] Level 1:colcon.colcon_core.shell:create_environment_hook('yahboomcar_bringup', 'ament_prefix_path')
[8.251s] INFO:colcon.colcon_core.shell:Creating environment hook '/root/yahboomcar_ws/install/yahboomcar_bringup/share/yahboomcar_bringup/hook/ament_prefix_path.ps1'
[8.254s] INFO:colcon.colcon_core.shell:Creating environment descriptor '/root/yahboomcar_ws/install/yahboomcar_bringup/share/yahboomcar_bringup/hook/ament_prefix_path.dsv'
[8.255s] INFO:colcon.colcon_core.shell:Creating environment hook '/root/yahboomcar_ws/install/yahboomcar_bringup/share/yahboomcar_bringup/hook/ament_prefix_path.sh'
[8.273s] INFO:colcon.colcon_core.shell:Skip shell extension 'powershell' for command environment: Not usable outside of PowerShell
[8.276s] DEBUG:colcon.colcon_core.shell:Skip shell extension 'dsv' for command environment
[8.383s] DEBUG:colcon.colcon_core.event_handler.log_command:Invoked command in '/root/yahboomcar_ws/src/yahboomcar_astra' returned '0': PYTHONPATH=/root/yahboomcar_ws/build/yahboomcar_astra/prefix_override:/root/yahboomcar_ws/install/yahboomcar_astra/lib/python3.10/site-packages:${PYTHONPATH} /usr/bin/python3 setup.py egg_info --egg-base ../../build/yahboomcar_astra build --build-base /root/yahboomcar_ws/build/yahboomcar_astra/build install --record /root/yahboomcar_ws/build/yahboomcar_astra/install.log --install-scripts $base/lib/yahboomcar_astra --single-version-externally-managed
[8.400s] Level 1:colcon.colcon_core.environment:checking '/root/yahboomcar_ws/install/yahboomcar_astra' for CMake module files
[8.420s] Level 1:colcon.colcon_core.environment:checking '/root/yahboomcar_ws/install/yahboomcar_astra' for CMake config files
[8.664s] Level 1:colcon.colcon_core.environment:checking '/root/yahboomcar_ws/install/yahboomcar_astra/lib'
[8.665s] Level 1:colcon.colcon_core.environment:checking '/root/yahboomcar_ws/install/yahboomcar_astra/bin'
[8.665s] Level 1:colcon.colcon_core.environment:checking '/root/yahboomcar_ws/install/yahboomcar_astra/lib/pkgconfig/yahboomcar_astra.pc'
[8.665s] Level 1:colcon.colcon_core.environment:checking '/root/yahboomcar_ws/install/yahboomcar_astra/lib/python3.10/site-packages'
[8.665s] Level 1:colcon.colcon_core.shell:create_environment_hook('yahboomcar_astra', 'pythonpath')
[8.684s] INFO:colcon.colcon_core.shell:Creating environment hook '/root/yahboomcar_ws/install/yahboomcar_astra/share/yahboomcar_astra/hook/pythonpath.ps1'
[8.685s] INFO:colcon.colcon_core.shell:Creating environment descriptor '/root/yahboomcar_ws/install/yahboomcar_astra/share/yahboomcar_astra/hook/pythonpath.dsv'
[8.691s] INFO:colcon.colcon_core.shell:Creating environment hook '/root/yahboomcar_ws/install/yahboomcar_astra/share/yahboomcar_astra/hook/pythonpath.sh'
[8.692s] Level 1:colcon.colcon_core.environment:checking '/root/yahboomcar_ws/install/yahboomcar_astra/bin'
[8.692s] Level 1:colcon.colcon_core.environment:create_environment_scripts_only(yahboomcar_astra)
[8.710s] INFO:colcon.colcon_core.shell:Creating package script '/root/yahboomcar_ws/install/yahboomcar_astra/share/yahboomcar_astra/package.ps1'
[8.718s] INFO:colcon.colcon_core.shell:Creating package descriptor '/root/yahboomcar_ws/install/yahboomcar_astra/share/yahboomcar_astra/package.dsv'
[8.719s] INFO:colcon.colcon_core.shell:Creating package script '/root/yahboomcar_ws/install/yahboomcar_astra/share/yahboomcar_astra/package.sh'
[8.720s] INFO:colcon.colcon_core.shell:Creating package script '/root/yahboomcar_ws/install/yahboomcar_astra/share/yahboomcar_astra/package.bash'
[8.720s] INFO:colcon.colcon_core.shell:Creating package script '/root/yahboomcar_ws/install/yahboomcar_astra/share/yahboomcar_astra/package.zsh'
[8.720s] Level 1:colcon.colcon_core.environment:create_file_with_runtime_dependencies(/root/yahboomcar_ws/install/yahboomcar_astra/share/colcon-core/packages/yahboomcar_astra)
[8.721s] INFO:colcon.colcon_ros.task.ament_python.build:Building ROS package in '/root/yahboomcar_ws/src/yahboomcar_ctrl' with build type 'ament_python'
[8.722s] Level 1:colcon.colcon_core.shell:create_environment_hook('yahboomcar_ctrl', 'ament_prefix_path')
[8.740s] INFO:colcon.colcon_core.shell:Creating environment hook '/root/yahboomcar_ws/install/yahboomcar_ctrl/share/yahboomcar_ctrl/hook/ament_prefix_path.ps1'
[8.741s] INFO:colcon.colcon_core.shell:Creating environment descriptor '/root/yahboomcar_ws/install/yahboomcar_ctrl/share/yahboomcar_ctrl/hook/ament_prefix_path.dsv'
[8.741s] INFO:colcon.colcon_core.shell:Creating environment hook '/root/yahboomcar_ws/install/yahboomcar_ctrl/share/yahboomcar_ctrl/hook/ament_prefix_path.sh'
[8.759s] INFO:colcon.colcon_core.shell:Skip shell extension 'powershell' for command environment: Not usable outside of PowerShell
[8.759s] DEBUG:colcon.colcon_core.shell:Skip shell extension 'dsv' for command environment
[9.742s] INFO:colcon.colcon_core.task.python.build:Building Python package in '/root/yahboomcar_ws/src/yahboomcar_bringup'
[9.758s] INFO:colcon.colcon_core.shell:Skip shell extension 'powershell' for command environment: Not usable outside of PowerShell
[9.758s] DEBUG:colcon.colcon_core.shell:Skip shell extension 'dsv' for command environment
[10.234s] INFO:colcon.colcon_core.task.python.build:Building Python package in '/root/yahboomcar_ws/src/yahboomcar_ctrl'
[10.250s] INFO:colcon.colcon_core.shell:Skip shell extension 'powershell' for command environment: Not usable outside of PowerShell
[10.250s] DEBUG:colcon.colcon_core.shell:Skip shell extension 'dsv' for command environment
[10.364s] Level 1:colcon.colcon_core.environment:create_environment_scripts_only(yahboom_web_savmap_interfaces)
[10.364s] DEBUG:colcon.colcon_core.event_handler.log_command:Invoked command in '/root/yahboomcar_ws/build/yahboom_web_savmap_interfaces' returned '0': CMAKE_PREFIX_PATH=${CMAKE_PREFIX_PATH}:/root/yahboomcar_ws/install/yahboomcar_visual:/root/yahboomcar_ws/install/yahboomcar_nav:/root/yahboomcar_ws/install/yahboomcar_mediapipe:/root/yahboomcar_ws/install/yahboomcar_laser:/root/yahboomcar_ws/install/yahboomcar_description:/root/yahboomcar_ws/install/yahboomcar_ctrl:/root/yahboomcar_ws/install/yahboomcar_bringup:/root/yahboomcar_ws/install/yahboomcar_astra:/root/yahboomcar_ws/install/yahboom_app_save_map:/root/yahboomcar_ws/install/laserscan_to_point_publisher:/opt/ros/humble /usr/bin/cmake --install /root/yahboomcar_ws/build/yahboom_web_savmap_interfaces
[10.382s] Level 1:colcon.colcon_core.environment:checking '/root/yahboomcar_ws/install/yahboom_web_savmap_interfaces' for CMake module files
[11.089s] Level 1:colcon.colcon_core.environment:checking '/root/yahboomcar_ws/install/yahboom_web_savmap_interfaces' for CMake config files
[11.478s] Level 1:colcon.colcon_core.shell:create_environment_hook('yahboom_web_savmap_interfaces', 'cmake_prefix_path')
[11.495s] INFO:colcon.colcon_core.shell:Creating environment hook '/root/yahboomcar_ws/install/yahboom_web_savmap_interfaces/share/yahboom_web_savmap_interfaces/hook/cmake_prefix_path.ps1'
[11.496s] INFO:colcon.colcon_core.shell:Creating environment descriptor '/root/yahboomcar_ws/install/yahboom_web_savmap_interfaces/share/yahboom_web_savmap_interfaces/hook/cmake_prefix_path.dsv'
[11.497s] INFO:colcon.colcon_core.shell:Creating environment hook '/root/yahboomcar_ws/install/yahboom_web_savmap_interfaces/share/yahboom_web_savmap_interfaces/hook/cmake_prefix_path.sh'
[11.497s] Level 1:colcon.colcon_core.environment:checking '/root/yahboomcar_ws/install/yahboom_web_savmap_interfaces/lib'
[11.498s] Level 1:colcon.colcon_core.shell:create_environment_hook('yahboom_web_savmap_interfaces', 'ld_library_path_lib')
[11.515s] INFO:colcon.colcon_core.shell:Creating environment hook '/root/yahboomcar_ws/install/yahboom_web_savmap_interfaces/share/yahboom_web_savmap_interfaces/hook/ld_library_path_lib.ps1'
[11.516s] INFO:colcon.colcon_core.shell:Creating environment descriptor '/root/yahboomcar_ws/install/yahboom_web_savmap_interfaces/share/yahboom_web_savmap_interfaces/hook/ld_library_path_lib.dsv'
[11.517s] INFO:colcon.colcon_core.shell:Creating environment hook '/root/yahboomcar_ws/install/yahboom_web_savmap_interfaces/share/yahboom_web_savmap_interfaces/hook/ld_library_path_lib.sh'
[11.517s] Level 1:colcon.colcon_core.environment:checking '/root/yahboomcar_ws/install/yahboom_web_savmap_interfaces/bin'
[11.517s] Level 1:colcon.colcon_core.environment:checking '/root/yahboomcar_ws/install/yahboom_web_savmap_interfaces/lib/pkgconfig/yahboom_web_savmap_interfaces.pc'
[11.518s] Level 1:colcon.colcon_core.environment:checking '/root/yahboomcar_ws/install/yahboom_web_savmap_interfaces/lib/python3.10/site-packages'
[11.518s] Level 1:colcon.colcon_core.environment:checking '/root/yahboomcar_ws/install/yahboom_web_savmap_interfaces/bin'
[11.535s] INFO:colcon.colcon_core.shell:Creating package script '/root/yahboomcar_ws/install/yahboom_web_savmap_interfaces/share/yahboom_web_savmap_interfaces/package.ps1'
[11.536s] INFO:colcon.colcon_core.shell:Creating package descriptor '/root/yahboomcar_ws/install/yahboom_web_savmap_interfaces/share/yahboom_web_savmap_interfaces/package.dsv'
[11.537s] INFO:colcon.colcon_core.shell:Creating package script '/root/yahboomcar_ws/install/yahboom_web_savmap_interfaces/share/yahboom_web_savmap_interfaces/package.sh'
[11.537s] INFO:colcon.colcon_core.shell:Creating package script '/root/yahboomcar_ws/install/yahboom_web_savmap_interfaces/share/yahboom_web_savmap_interfaces/package.bash'
[11.538s] INFO:colcon.colcon_core.shell:Creating package script '/root/yahboomcar_ws/install/yahboom_web_savmap_interfaces/share/yahboom_web_savmap_interfaces/package.zsh'
[11.538s] Level 1:colcon.colcon_core.environment:create_file_with_runtime_dependencies(/root/yahboomcar_ws/install/yahboom_web_savmap_interfaces/share/colcon-core/packages/yahboom_web_savmap_interfaces)
[11.654s] Level 1:colcon.colcon_core.environment:create_environment_scripts_only(yahboom_web_savmap_interfaces)
[11.672s] Level 1:colcon.colcon_core.environment:checking '/root/yahboomcar_ws/install/yahboom_web_savmap_interfaces' for CMake module files
[11.674s] Level 1:colcon.colcon_core.environment:checking '/root/yahboomcar_ws/install/yahboom_web_savmap_interfaces' for CMake config files
[11.676s] Level 1:colcon.colcon_core.shell:create_environment_hook('yahboom_web_savmap_interfaces', 'cmake_prefix_path')
[11.695s] INFO:colcon.colcon_core.shell:Creating environment hook '/root/yahboomcar_ws/install/yahboom_web_savmap_interfaces/share/yahboom_web_savmap_interfaces/hook/cmake_prefix_path.ps1'
[11.696s] INFO:colcon.colcon_core.shell:Creating environment descriptor '/root/yahboomcar_ws/install/yahboom_web_savmap_interfaces/share/yahboom_web_savmap_interfaces/hook/cmake_prefix_path.dsv'
[11.696s] INFO:colcon.colcon_core.shell:Creating environment hook '/root/yahboomcar_ws/install/yahboom_web_savmap_interfaces/share/yahboom_web_savmap_interfaces/hook/cmake_prefix_path.sh'
[11.697s] Level 1:colcon.colcon_core.environment:checking '/root/yahboomcar_ws/install/yahboom_web_savmap_interfaces/lib'
[11.697s] Level 1:colcon.colcon_core.shell:create_environment_hook('yahboom_web_savmap_interfaces', 'ld_library_path_lib')
[11.715s] INFO:colcon.colcon_core.shell:Creating environment hook '/root/yahboomcar_ws/install/yahboom_web_savmap_interfaces/share/yahboom_web_savmap_interfaces/hook/ld_library_path_lib.ps1'
[11.715s] INFO:colcon.colcon_core.shell:Creating environment descriptor '/root/yahboomcar_ws/install/yahboom_web_savmap_interfaces/share/yahboom_web_savmap_interfaces/hook/ld_library_path_lib.dsv'
[11.716s] INFO:colcon.colcon_core.shell:Creating environment hook '/root/yahboomcar_ws/install/yahboom_web_savmap_interfaces/share/yahboom_web_savmap_interfaces/hook/ld_library_path_lib.sh'
[11.716s] Level 1:colcon.colcon_core.environment:checking '/root/yahboomcar_ws/install/yahboom_web_savmap_interfaces/bin'
[11.716s] Level 1:colcon.colcon_core.environment:checking '/root/yahboomcar_ws/install/yahboom_web_savmap_interfaces/lib/pkgconfig/yahboom_web_savmap_interfaces.pc'
[11.717s] Level 1:colcon.colcon_core.environment:checking '/root/yahboomcar_ws/install/yahboom_web_savmap_interfaces/lib/python3.10/site-packages'
[11.717s] Level 1:colcon.colcon_core.environment:checking '/root/yahboomcar_ws/install/yahboom_web_savmap_interfaces/bin'
[11.736s] INFO:colcon.colcon_core.shell:Creating package script '/root/yahboomcar_ws/install/yahboom_web_savmap_interfaces/share/yahboom_web_savmap_interfaces/package.ps1'
[11.737s] INFO:colcon.colcon_core.shell:Creating package descriptor '/root/yahboomcar_ws/install/yahboom_web_savmap_interfaces/share/yahboom_web_savmap_interfaces/package.dsv'
[11.738s] INFO:colcon.colcon_core.shell:Creating package script '/root/yahboomcar_ws/install/yahboom_web_savmap_interfaces/share/yahboom_web_savmap_interfaces/package.sh'
[11.738s] INFO:colcon.colcon_core.shell:Creating package script '/root/yahboomcar_ws/install/yahboom_web_savmap_interfaces/share/yahboom_web_savmap_interfaces/package.bash'
[11.739s] INFO:colcon.colcon_core.shell:Creating package script '/root/yahboomcar_ws/install/yahboom_web_savmap_interfaces/share/yahboom_web_savmap_interfaces/package.zsh'
[11.739s] Level 1:colcon.colcon_core.environment:create_file_with_runtime_dependencies(/root/yahboomcar_ws/install/yahboom_web_savmap_interfaces/share/colcon-core/packages/yahboom_web_savmap_interfaces)
[11.739s] INFO:colcon.colcon_ros.task.ament_python.build:Building ROS package in '/root/yahboomcar_ws/src/yahboomcar_description' with build type 'ament_python'
[11.740s] Level 1:colcon.colcon_core.shell:create_environment_hook('yahboomcar_description', 'ament_prefix_path')
[11.758s] INFO:colcon.colcon_core.shell:Creating environment hook '/root/yahboomcar_ws/install/yahboomcar_description/share/yahboomcar_description/hook/ament_prefix_path.ps1'
[11.759s] INFO:colcon.colcon_core.shell:Creating environment descriptor '/root/yahboomcar_ws/install/yahboomcar_description/share/yahboomcar_description/hook/ament_prefix_path.dsv'
[11.760s] INFO:colcon.colcon_core.shell:Creating environment hook '/root/yahboomcar_ws/install/yahboomcar_description/share/yahboomcar_description/hook/ament_prefix_path.sh'
[11.777s] INFO:colcon.colcon_core.shell:Skip shell extension 'powershell' for command environment: Not usable outside of PowerShell
[11.777s] DEBUG:colcon.colcon_core.shell:Skip shell extension 'dsv' for command environment
[12.502s] INFO:colcon.colcon_core.task.python.build:Building Python package in '/root/yahboomcar_ws/src/yahboomcar_description'
[12.522s] INFO:colcon.colcon_core.shell:Skip shell extension 'powershell' for command environment: Not usable outside of PowerShell
[12.522s] DEBUG:colcon.colcon_core.shell:Skip shell extension 'dsv' for command environment
[12.625s] DEBUG:colcon.colcon_core.event_handler.log_command:Invoking command in '/root/yahboomcar_ws/src/yahboomcar_bringup': PYTHONPATH=/root/yahboomcar_ws/build/yahboomcar_bringup/prefix_override:/root/yahboomcar_ws/install/yahboomcar_bringup/lib/python3.10/site-packages:${PYTHONPATH} /usr/bin/python3 setup.py egg_info --egg-base ../../build/yahboomcar_bringup build --build-base /root/yahboomcar_ws/build/yahboomcar_bringup/build install --record /root/yahboomcar_ws/build/yahboomcar_bringup/install.log --single-version-externally-managed
[12.629s] DEBUG:colcon.colcon_core.event_handler.log_command:Invoking command in '/root/yahboomcar_ws/src/yahboomcar_ctrl': PYTHONPATH=/root/yahboomcar_ws/build/yahboomcar_ctrl/prefix_override:/root/yahboomcar_ws/install/yahboomcar_ctrl/lib/python3.10/site-packages:${PYTHONPATH} /usr/bin/python3 setup.py egg_info --egg-base ../../build/yahboomcar_ctrl build --build-base /root/yahboomcar_ws/build/yahboomcar_ctrl/build install --record /root/yahboomcar_ws/build/yahboomcar_ctrl/install.log --single-version-externally-managed
[13.641s] DEBUG:colcon.colcon_core.event_handler.log_command:Invoked command in '/root/yahboomcar_ws/src/yahboomcar_bringup' returned '0': PYTHONPATH=/root/yahboomcar_ws/build/yahboomcar_bringup/prefix_override:/root/yahboomcar_ws/install/yahboomcar_bringup/lib/python3.10/site-packages:${PYTHONPATH} /usr/bin/python3 setup.py egg_info --egg-base ../../build/yahboomcar_bringup build --build-base /root/yahboomcar_ws/build/yahboomcar_bringup/build install --record /root/yahboomcar_ws/build/yahboomcar_bringup/install.log --single-version-externally-managed
[13.664s] Level 1:colcon.colcon_core.environment:checking '/root/yahboomcar_ws/install/yahboomcar_bringup' for CMake module files
[13.680s] Level 1:colcon.colcon_core.environment:checking '/root/yahboomcar_ws/install/yahboomcar_bringup' for CMake config files
[13.715s] Level 1:colcon.colcon_core.environment:checking '/root/yahboomcar_ws/install/yahboomcar_bringup/lib'
[13.715s] Level 1:colcon.colcon_core.environment:checking '/root/yahboomcar_ws/install/yahboomcar_bringup/bin'
[13.717s] Level 1:colcon.colcon_core.environment:checking '/root/yahboomcar_ws/install/yahboomcar_bringup/lib/pkgconfig/yahboomcar_bringup.pc'
[13.717s] Level 1:colcon.colcon_core.environment:checking '/root/yahboomcar_ws/install/yahboomcar_bringup/lib/python3.10/site-packages'
[13.717s] Level 1:colcon.colcon_core.shell:create_environment_hook('yahboomcar_bringup', 'pythonpath')
[13.740s] INFO:colcon.colcon_core.shell:Creating environment hook '/root/yahboomcar_ws/install/yahboomcar_bringup/share/yahboomcar_bringup/hook/pythonpath.ps1'
[13.742s] INFO:colcon.colcon_core.shell:Creating environment descriptor '/root/yahboomcar_ws/install/yahboomcar_bringup/share/yahboomcar_bringup/hook/pythonpath.dsv'
[13.743s] INFO:colcon.colcon_core.shell:Creating environment hook '/root/yahboomcar_ws/install/yahboomcar_bringup/share/yahboomcar_bringup/hook/pythonpath.sh'
[13.744s] Level 1:colcon.colcon_core.environment:checking '/root/yahboomcar_ws/install/yahboomcar_bringup/bin'
[13.744s] Level 1:colcon.colcon_core.environment:create_environment_scripts_only(yahboomcar_bringup)
[13.768s] INFO:colcon.colcon_core.shell:Creating package script '/root/yahboomcar_ws/install/yahboomcar_bringup/share/yahboomcar_bringup/package.ps1'
[13.769s] INFO:colcon.colcon_core.shell:Creating package descriptor '/root/yahboomcar_ws/install/yahboomcar_bringup/share/yahboomcar_bringup/package.dsv'
[13.770s] INFO:colcon.colcon_core.shell:Creating package script '/root/yahboomcar_ws/install/yahboomcar_bringup/share/yahboomcar_bringup/package.sh'
[13.775s] INFO:colcon.colcon_core.shell:Creating package script '/root/yahboomcar_ws/install/yahboomcar_bringup/share/yahboomcar_bringup/package.bash'
[13.776s] INFO:colcon.colcon_core.shell:Creating package script '/root/yahboomcar_ws/install/yahboomcar_bringup/share/yahboomcar_bringup/package.zsh'
[13.778s] Level 1:colcon.colcon_core.environment:create_file_with_runtime_dependencies(/root/yahboomcar_ws/install/yahboomcar_bringup/share/colcon-core/packages/yahboomcar_bringup)
[13.779s] INFO:colcon.colcon_ros.task.ament_python.build:Building ROS package in '/root/yahboomcar_ws/src/yahboomcar_laser' with build type 'ament_python'
[13.779s] Level 1:colcon.colcon_core.shell:create_environment_hook('yahboomcar_laser', 'ament_prefix_path')
[13.805s] INFO:colcon.colcon_core.shell:Creating environment hook '/root/yahboomcar_ws/install/yahboomcar_laser/share/yahboomcar_laser/hook/ament_prefix_path.ps1'
[13.807s] INFO:colcon.colcon_core.shell:Creating environment descriptor '/root/yahboomcar_ws/install/yahboomcar_laser/share/yahboomcar_laser/hook/ament_prefix_path.dsv'
[13.808s] INFO:colcon.colcon_core.shell:Creating environment hook '/root/yahboomcar_ws/install/yahboomcar_laser/share/yahboomcar_laser/hook/ament_prefix_path.sh'
[13.828s] INFO:colcon.colcon_core.shell:Skip shell extension 'powershell' for command environment: Not usable outside of PowerShell
[13.828s] DEBUG:colcon.colcon_core.shell:Skip shell extension 'dsv' for command environment
[13.926s] DEBUG:colcon.colcon_core.event_handler.log_command:Invoked command in '/root/yahboomcar_ws/src/yahboomcar_ctrl' returned '0': PYTHONPATH=/root/yahboomcar_ws/build/yahboomcar_ctrl/prefix_override:/root/yahboomcar_ws/install/yahboomcar_ctrl/lib/python3.10/site-packages:${PYTHONPATH} /usr/bin/python3 setup.py egg_info --egg-base ../../build/yahboomcar_ctrl build --build-base /root/yahboomcar_ws/build/yahboomcar_ctrl/build install --record /root/yahboomcar_ws/build/yahboomcar_ctrl/install.log --single-version-externally-managed
[13.943s] Level 1:colcon.colcon_core.environment:checking '/root/yahboomcar_ws/install/yahboomcar_ctrl' for CMake module files
[13.979s] Level 1:colcon.colcon_core.environment:checking '/root/yahboomcar_ws/install/yahboomcar_ctrl' for CMake config files
[14.066s] Level 1:colcon.colcon_core.environment:checking '/root/yahboomcar_ws/install/yahboomcar_ctrl/lib'
[14.066s] Level 1:colcon.colcon_core.environment:checking '/root/yahboomcar_ws/install/yahboomcar_ctrl/bin'
[14.066s] Level 1:colcon.colcon_core.environment:checking '/root/yahboomcar_ws/install/yahboomcar_ctrl/lib/pkgconfig/yahboomcar_ctrl.pc'
[14.067s] Level 1:colcon.colcon_core.environment:checking '/root/yahboomcar_ws/install/yahboomcar_ctrl/lib/python3.10/site-packages'
[14.067s] Level 1:colcon.colcon_core.shell:create_environment_hook('yahboomcar_ctrl', 'pythonpath')
[14.083s] INFO:colcon.colcon_core.shell:Creating environment hook '/root/yahboomcar_ws/install/yahboomcar_ctrl/share/yahboomcar_ctrl/hook/pythonpath.ps1'
[14.084s] INFO:colcon.colcon_core.shell:Creating environment descriptor '/root/yahboomcar_ws/install/yahboomcar_ctrl/share/yahboomcar_ctrl/hook/pythonpath.dsv'
[14.084s] INFO:colcon.colcon_core.shell:Creating environment hook '/root/yahboomcar_ws/install/yahboomcar_ctrl/share/yahboomcar_ctrl/hook/pythonpath.sh'
[14.085s] Level 1:colcon.colcon_core.environment:checking '/root/yahboomcar_ws/install/yahboomcar_ctrl/bin'
[14.085s] Level 1:colcon.colcon_core.environment:create_environment_scripts_only(yahboomcar_ctrl)
[14.102s] INFO:colcon.colcon_core.shell:Creating package script '/root/yahboomcar_ws/install/yahboomcar_ctrl/share/yahboomcar_ctrl/package.ps1'
[14.103s] INFO:colcon.colcon_core.shell:Creating package descriptor '/root/yahboomcar_ws/install/yahboomcar_ctrl/share/yahboomcar_ctrl/package.dsv'
[14.104s] INFO:colcon.colcon_core.shell:Creating package script '/root/yahboomcar_ws/install/yahboomcar_ctrl/share/yahboomcar_ctrl/package.sh'
[14.104s] INFO:colcon.colcon_core.shell:Creating package script '/root/yahboomcar_ws/install/yahboomcar_ctrl/share/yahboomcar_ctrl/package.bash'
[14.105s] INFO:colcon.colcon_core.shell:Creating package script '/root/yahboomcar_ws/install/yahboomcar_ctrl/share/yahboomcar_ctrl/package.zsh'
[14.105s] Level 1:colcon.colcon_core.environment:create_file_with_runtime_dependencies(/root/yahboomcar_ws/install/yahboomcar_ctrl/share/colcon-core/packages/yahboomcar_ctrl)
[14.106s] INFO:colcon.colcon_ros.task.ament_python.build:Building ROS package in '/root/yahboomcar_ws/src/yahboomcar_mediapipe' with build type 'ament_python'
[14.107s] Level 1:colcon.colcon_core.shell:create_environment_hook('yahboomcar_mediapipe', 'ament_prefix_path')
[14.124s] INFO:colcon.colcon_core.shell:Creating environment hook '/root/yahboomcar_ws/install/yahboomcar_mediapipe/share/yahboomcar_mediapipe/hook/ament_prefix_path.ps1'
[14.125s] INFO:colcon.colcon_core.shell:Creating environment descriptor '/root/yahboomcar_ws/install/yahboomcar_mediapipe/share/yahboomcar_mediapipe/hook/ament_prefix_path.dsv'
[14.125s] INFO:colcon.colcon_core.shell:Creating environment hook '/root/yahboomcar_ws/install/yahboomcar_mediapipe/share/yahboomcar_mediapipe/hook/ament_prefix_path.sh'
[14.142s] INFO:colcon.colcon_core.shell:Skip shell extension 'powershell' for command environment: Not usable outside of PowerShell
[14.142s] DEBUG:colcon.colcon_core.shell:Skip shell extension 'dsv' for command environment
[15.071s] DEBUG:colcon.colcon_core.event_handler.log_command:Invoking command in '/root/yahboomcar_ws/src/yahboomcar_description': PYTHONPATH=/root/yahboomcar_ws/build/yahboomcar_description/prefix_override:/root/yahboomcar_ws/install/yahboomcar_description/lib/python3.10/site-packages:${PYTHONPATH} /usr/bin/python3 setup.py egg_info --egg-base ../../build/yahboomcar_description build --build-base /root/yahboomcar_ws/build/yahboomcar_description/build install --record /root/yahboomcar_ws/build/yahboomcar_description/install.log --single-version-externally-managed
[15.686s] INFO:colcon.colcon_core.task.python.build:Building Python package in '/root/yahboomcar_ws/src/yahboomcar_laser'
[15.704s] INFO:colcon.colcon_core.shell:Skip shell extension 'powershell' for command environment: Not usable outside of PowerShell
[15.705s] DEBUG:colcon.colcon_core.shell:Skip shell extension 'dsv' for command environment
[16.211s] INFO:colcon.colcon_core.task.python.build:Building Python package in '/root/yahboomcar_ws/src/yahboomcar_mediapipe'
[16.228s] INFO:colcon.colcon_core.shell:Skip shell extension 'powershell' for command environment: Not usable outside of PowerShell
[16.228s] DEBUG:colcon.colcon_core.shell:Skip shell extension 'dsv' for command environment
[16.367s] DEBUG:colcon.colcon_core.event_handler.log_command:Invoked command in '/root/yahboomcar_ws/src/yahboomcar_description' returned '0': PYTHONPATH=/root/yahboomcar_ws/build/yahboomcar_description/prefix_override:/root/yahboomcar_ws/install/yahboomcar_description/lib/python3.10/site-packages:${PYTHONPATH} /usr/bin/python3 setup.py egg_info --egg-base ../../build/yahboomcar_description build --build-base /root/yahboomcar_ws/build/yahboomcar_description/build install --record /root/yahboomcar_ws/build/yahboomcar_description/install.log --single-version-externally-managed
[16.386s] Level 1:colcon.colcon_core.environment:checking '/root/yahboomcar_ws/install/yahboomcar_description' for CMake module files
[16.387s] Level 1:colcon.colcon_core.environment:checking '/root/yahboomcar_ws/install/yahboomcar_description' for CMake config files
[16.473s] Level 1:colcon.colcon_core.environment:checking '/root/yahboomcar_ws/install/yahboomcar_description/lib'
[16.474s] Level 1:colcon.colcon_core.environment:checking '/root/yahboomcar_ws/install/yahboomcar_description/bin'
[16.474s] Level 1:colcon.colcon_core.environment:checking '/root/yahboomcar_ws/install/yahboomcar_description/lib/pkgconfig/yahboomcar_description.pc'
[16.474s] Level 1:colcon.colcon_core.environment:checking '/root/yahboomcar_ws/install/yahboomcar_description/lib/python3.10/site-packages'
[16.474s] Level 1:colcon.colcon_core.shell:create_environment_hook('yahboomcar_description', 'pythonpath')
[16.493s] INFO:colcon.colcon_core.shell:Creating environment hook '/root/yahboomcar_ws/install/yahboomcar_description/share/yahboomcar_description/hook/pythonpath.ps1'
[16.494s] INFO:colcon.colcon_core.shell:Creating environment descriptor '/root/yahboomcar_ws/install/yahboomcar_description/share/yahboomcar_description/hook/pythonpath.dsv'
[16.495s] INFO:colcon.colcon_core.shell:Creating environment hook '/root/yahboomcar_ws/install/yahboomcar_description/share/yahboomcar_description/hook/pythonpath.sh'
[16.496s] Level 1:colcon.colcon_core.environment:checking '/root/yahboomcar_ws/install/yahboomcar_description/bin'
[16.496s] Level 1:colcon.colcon_core.environment:create_environment_scripts_only(yahboomcar_description)
[16.517s] INFO:colcon.colcon_core.shell:Creating package script '/root/yahboomcar_ws/install/yahboomcar_description/share/yahboomcar_description/package.ps1'
[16.518s] INFO:colcon.colcon_core.shell:Creating package descriptor '/root/yahboomcar_ws/install/yahboomcar_description/share/yahboomcar_description/package.dsv'
[16.519s] INFO:colcon.colcon_core.shell:Creating package script '/root/yahboomcar_ws/install/yahboomcar_description/share/yahboomcar_description/package.sh'
[16.519s] INFO:colcon.colcon_core.shell:Creating package script '/root/yahboomcar_ws/install/yahboomcar_description/share/yahboomcar_description/package.bash'
[16.520s] INFO:colcon.colcon_core.shell:Creating package script '/root/yahboomcar_ws/install/yahboomcar_description/share/yahboomcar_description/package.zsh'
[16.520s] Level 1:colcon.colcon_core.environment:create_file_with_runtime_dependencies(/root/yahboomcar_ws/install/yahboomcar_description/share/colcon-core/packages/yahboomcar_description)
[16.521s] INFO:colcon.colcon_ros.task.ament_cmake.build:Building ROS package in '/root/yahboomcar_ws/src/yahboomcar_msgs' with build type 'ament_cmake'
[16.521s] INFO:colcon.colcon_cmake.task.cmake.build:Building CMake package in '/root/yahboomcar_ws/src/yahboomcar_msgs'
[16.544s] INFO:colcon.colcon_core.shell:Skip shell extension 'powershell' for command environment: Not usable outside of PowerShell
[16.544s] DEBUG:colcon.colcon_core.shell:Skip shell extension 'dsv' for command environment
[16.694s] DEBUG:colcon.colcon_core.event_handler.log_command:Invoking command in '/root/yahboomcar_ws/build/yahboomcar_msgs': CMAKE_PREFIX_PATH=${CMAKE_PREFIX_PATH}:/root/yahboomcar_ws/install/yahboomcar_visual:/root/yahboomcar_ws/install/yahboomcar_nav:/root/yahboomcar_ws/install/yahboomcar_mediapipe:/root/yahboomcar_ws/install/yahboomcar_laser:/root/yahboomcar_ws/install/yahboomcar_description:/root/yahboomcar_ws/install/yahboomcar_ctrl:/root/yahboomcar_ws/install/yahboomcar_bringup:/root/yahboomcar_ws/install/yahboomcar_astra:/root/yahboomcar_ws/install/yahboom_app_save_map:/root/yahboomcar_ws/install/laserscan_to_point_publisher:/opt/ros/humble /usr/bin/cmake --build /root/yahboomcar_ws/build/yahboomcar_msgs -- -j4 -l4
[16.970s] DEBUG:colcon.colcon_core.event_handler.log_command:Invoking command in '/root/yahboomcar_ws/src/yahboomcar_laser': PYTHONPATH=/root/yahboomcar_ws/build/yahboomcar_laser/prefix_override:/root/yahboomcar_ws/install/yahboomcar_laser/lib/python3.10/site-packages:${PYTHONPATH} /usr/bin/python3 setup.py egg_info --egg-base ../../build/yahboomcar_laser build --build-base /root/yahboomcar_ws/build/yahboomcar_laser/build install --record /root/yahboomcar_ws/build/yahboomcar_laser/install.log --single-version-externally-managed
[17.268s] DEBUG:colcon.colcon_core.event_handler.log_command:Invoking command in '/root/yahboomcar_ws/src/yahboomcar_mediapipe': PYTHONPATH=/root/yahboomcar_ws/build/yahboomcar_mediapipe/prefix_override:/root/yahboomcar_ws/install/yahboomcar_mediapipe/lib/python3.10/site-packages:${PYTHONPATH} /usr/bin/python3 setup.py egg_info --egg-base ../../build/yahboomcar_mediapipe build --build-base /root/yahboomcar_ws/build/yahboomcar_mediapipe/build install --record /root/yahboomcar_ws/build/yahboomcar_mediapipe/install.log --install-scripts $base/lib/yahboomcar_mediapipe --single-version-externally-managed
[21.835s] DEBUG:colcon.colcon_core.event_handler.log_command:Invoked command in '/root/yahboomcar_ws/src/yahboomcar_mediapipe' returned '0': PYTHONPATH=/root/yahboomcar_ws/build/yahboomcar_mediapipe/prefix_override:/root/yahboomcar_ws/install/yahboomcar_mediapipe/lib/python3.10/site-packages:${PYTHONPATH} /usr/bin/python3 setup.py egg_info --egg-base ../../build/yahboomcar_mediapipe build --build-base /root/yahboomcar_ws/build/yahboomcar_mediapipe/build install --record /root/yahboomcar_ws/build/yahboomcar_mediapipe/install.log --install-scripts $base/lib/yahboomcar_mediapipe --single-version-externally-managed
[21.871s] Level 1:colcon.colcon_core.environment:checking '/root/yahboomcar_ws/install/yahboomcar_mediapipe' for CMake module files
[21.882s] Level 1:colcon.colcon_core.environment:checking '/root/yahboomcar_ws/install/yahboomcar_mediapipe' for CMake config files
[21.895s] Level 1:colcon.colcon_core.environment:checking '/root/yahboomcar_ws/install/yahboomcar_mediapipe/lib'
[21.895s] Level 1:colcon.colcon_core.environment:checking '/root/yahboomcar_ws/install/yahboomcar_mediapipe/bin'
[21.895s] Level 1:colcon.colcon_core.environment:checking '/root/yahboomcar_ws/install/yahboomcar_mediapipe/lib/pkgconfig/yahboomcar_mediapipe.pc'
[21.896s] Level 1:colcon.colcon_core.environment:checking '/root/yahboomcar_ws/install/yahboomcar_mediapipe/lib/python3.10/site-packages'
[21.896s] Level 1:colcon.colcon_core.shell:create_environment_hook('yahboomcar_mediapipe', 'pythonpath')
[21.919s] INFO:colcon.colcon_core.shell:Creating environment hook '/root/yahboomcar_ws/install/yahboomcar_mediapipe/share/yahboomcar_mediapipe/hook/pythonpath.ps1'
[21.921s] INFO:colcon.colcon_core.shell:Creating environment descriptor '/root/yahboomcar_ws/install/yahboomcar_mediapipe/share/yahboomcar_mediapipe/hook/pythonpath.dsv'
[21.922s] INFO:colcon.colcon_core.shell:Creating environment hook '/root/yahboomcar_ws/install/yahboomcar_mediapipe/share/yahboomcar_mediapipe/hook/pythonpath.sh'
[21.923s] Level 1:colcon.colcon_core.environment:checking '/root/yahboomcar_ws/install/yahboomcar_mediapipe/bin'
[21.923s] Level 1:colcon.colcon_core.environment:create_environment_scripts_only(yahboomcar_mediapipe)
[21.988s] INFO:colcon.colcon_core.shell:Creating package script '/root/yahboomcar_ws/install/yahboomcar_mediapipe/share/yahboomcar_mediapipe/package.ps1'
[21.989s] INFO:colcon.colcon_core.shell:Creating package descriptor '/root/yahboomcar_ws/install/yahboomcar_mediapipe/share/yahboomcar_mediapipe/package.dsv'
[21.990s] INFO:colcon.colcon_core.shell:Creating package script '/root/yahboomcar_ws/install/yahboomcar_mediapipe/share/yahboomcar_mediapipe/package.sh'
[21.990s] INFO:colcon.colcon_core.shell:Creating package script '/root/yahboomcar_ws/install/yahboomcar_mediapipe/share/yahboomcar_mediapipe/package.bash'
[21.991s] INFO:colcon.colcon_core.shell:Creating package script '/root/yahboomcar_ws/install/yahboomcar_mediapipe/share/yahboomcar_mediapipe/package.zsh'
[21.991s] Level 1:colcon.colcon_core.environment:create_file_with_runtime_dependencies(/root/yahboomcar_ws/install/yahboomcar_mediapipe/share/colcon-core/packages/yahboomcar_mediapipe)
[21.992s] INFO:colcon.colcon_ros.task.ament_python.build:Building ROS package in '/root/yahboomcar_ws/src/yahboomcar_nav' with build type 'ament_python'
[21.992s] Level 1:colcon.colcon_core.shell:create_environment_hook('yahboomcar_nav', 'ament_prefix_path')
[22.017s] INFO:colcon.colcon_core.shell:Creating environment hook '/root/yahboomcar_ws/install/yahboomcar_nav/share/yahboomcar_nav/hook/ament_prefix_path.ps1'
[22.019s] INFO:colcon.colcon_core.shell:Creating environment descriptor '/root/yahboomcar_ws/install/yahboomcar_nav/share/yahboomcar_nav/hook/ament_prefix_path.dsv'
[22.020s] INFO:colcon.colcon_core.shell:Creating environment hook '/root/yahboomcar_ws/install/yahboomcar_nav/share/yahboomcar_nav/hook/ament_prefix_path.sh'
[22.040s] INFO:colcon.colcon_core.shell:Skip shell extension 'powershell' for command environment: Not usable outside of PowerShell
[22.040s] DEBUG:colcon.colcon_core.shell:Skip shell extension 'dsv' for command environment
[22.162s] DEBUG:colcon.colcon_core.event_handler.log_command:Invoked command in '/root/yahboomcar_ws/src/yahboomcar_laser' returned '0': PYTHONPATH=/root/yahboomcar_ws/build/yahboomcar_laser/prefix_override:/root/yahboomcar_ws/install/yahboomcar_laser/lib/python3.10/site-packages:${PYTHONPATH} /usr/bin/python3 setup.py egg_info --egg-base ../../build/yahboomcar_laser build --build-base /root/yahboomcar_ws/build/yahboomcar_laser/build install --record /root/yahboomcar_ws/build/yahboomcar_laser/install.log --single-version-externally-managed
[22.180s] Level 1:colcon.colcon_core.environment:checking '/root/yahboomcar_ws/install/yahboomcar_laser' for CMake module files
[22.184s] Level 1:colcon.colcon_core.environment:checking '/root/yahboomcar_ws/install/yahboomcar_laser' for CMake config files
[22.190s] Level 1:colcon.colcon_core.environment:checking '/root/yahboomcar_ws/install/yahboomcar_laser/lib'
[22.191s] Level 1:colcon.colcon_core.environment:checking '/root/yahboomcar_ws/install/yahboomcar_laser/bin'
[22.191s] Level 1:colcon.colcon_core.environment:checking '/root/yahboomcar_ws/install/yahboomcar_laser/lib/pkgconfig/yahboomcar_laser.pc'
[22.191s] Level 1:colcon.colcon_core.environment:checking '/root/yahboomcar_ws/install/yahboomcar_laser/lib/python3.10/site-packages'
[22.191s] Level 1:colcon.colcon_core.shell:create_environment_hook('yahboomcar_laser', 'pythonpath')
[22.208s] INFO:colcon.colcon_core.shell:Creating environment hook '/root/yahboomcar_ws/install/yahboomcar_laser/share/yahboomcar_laser/hook/pythonpath.ps1'
[22.209s] INFO:colcon.colcon_core.shell:Creating environment descriptor '/root/yahboomcar_ws/install/yahboomcar_laser/share/yahboomcar_laser/hook/pythonpath.dsv'
[22.209s] INFO:colcon.colcon_core.shell:Creating environment hook '/root/yahboomcar_ws/install/yahboomcar_laser/share/yahboomcar_laser/hook/pythonpath.sh'
[22.210s] Level 1:colcon.colcon_core.environment:checking '/root/yahboomcar_ws/install/yahboomcar_laser/bin'
[22.210s] Level 1:colcon.colcon_core.environment:create_environment_scripts_only(yahboomcar_laser)
[22.228s] INFO:colcon.colcon_core.shell:Creating package script '/root/yahboomcar_ws/install/yahboomcar_laser/share/yahboomcar_laser/package.ps1'
[22.229s] INFO:colcon.colcon_core.shell:Creating package descriptor '/root/yahboomcar_ws/install/yahboomcar_laser/share/yahboomcar_laser/package.dsv'
[22.229s] INFO:colcon.colcon_core.shell:Creating package script '/root/yahboomcar_ws/install/yahboomcar_laser/share/yahboomcar_laser/package.sh'
[22.230s] INFO:colcon.colcon_core.shell:Creating package script '/root/yahboomcar_ws/install/yahboomcar_laser/share/yahboomcar_laser/package.bash'
[22.230s] INFO:colcon.colcon_core.shell:Creating package script '/root/yahboomcar_ws/install/yahboomcar_laser/share/yahboomcar_laser/package.zsh'
[22.231s] Level 1:colcon.colcon_core.environment:create_file_with_runtime_dependencies(/root/yahboomcar_ws/install/yahboomcar_laser/share/colcon-core/packages/yahboomcar_laser)
[22.232s] INFO:colcon.colcon_ros.task.ament_python.build:Building ROS package in '/root/yahboomcar_ws/src/yahboomcar_visual' with build type 'ament_python'
[22.233s] Level 1:colcon.colcon_core.shell:create_environment_hook('yahboomcar_visual', 'ament_prefix_path')
[22.254s] INFO:colcon.colcon_core.shell:Creating environment hook '/root/yahboomcar_ws/install/yahboomcar_visual/share/yahboomcar_visual/hook/ament_prefix_path.ps1'
[22.255s] INFO:colcon.colcon_core.shell:Creating environment descriptor '/root/yahboomcar_ws/install/yahboomcar_visual/share/yahboomcar_visual/hook/ament_prefix_path.dsv'
[22.255s] INFO:colcon.colcon_core.shell:Creating environment hook '/root/yahboomcar_ws/install/yahboomcar_visual/share/yahboomcar_visual/hook/ament_prefix_path.sh'
[22.274s] INFO:colcon.colcon_core.shell:Skip shell extension 'powershell' for command environment: Not usable outside of PowerShell
[22.275s] DEBUG:colcon.colcon_core.shell:Skip shell extension 'dsv' for command environment
[22.368s] Level 1:colcon.colcon_core.environment:create_environment_scripts_only(robot_localization)
[22.369s] DEBUG:colcon.colcon_core.event_handler.log_command:Invoked command in '/root/yahboomcar_ws/build/robot_localization' returned '0': CMAKE_PREFIX_PATH=${CMAKE_PREFIX_PATH}:/root/yahboomcar_ws/install/yahboomcar_visual:/root/yahboomcar_ws/install/yahboomcar_nav:/root/yahboomcar_ws/install/yahboomcar_mediapipe:/root/yahboomcar_ws/install/yahboomcar_laser:/root/yahboomcar_ws/install/yahboomcar_description:/root/yahboomcar_ws/install/yahboomcar_ctrl:/root/yahboomcar_ws/install/yahboomcar_bringup:/root/yahboomcar_ws/install/yahboomcar_astra:/root/yahboomcar_ws/install/yahboom_app_save_map:/root/yahboomcar_ws/install/laserscan_to_point_publisher:/opt/ros/humble /usr/bin/cmake --install /root/yahboomcar_ws/build/robot_localization
[22.386s] Level 1:colcon.colcon_core.environment:checking '/root/yahboomcar_ws/install/robot_localization' for CMake module files
[22.393s] Level 1:colcon.colcon_core.environment:checking '/root/yahboomcar_ws/install/robot_localization' for CMake config files
[22.406s] Level 1:colcon.colcon_core.shell:create_environment_hook('robot_localization', 'cmake_prefix_path')
[22.428s] INFO:colcon.colcon_core.shell:Creating environment hook '/root/yahboomcar_ws/install/robot_localization/share/robot_localization/hook/cmake_prefix_path.ps1'
[22.429s] INFO:colcon.colcon_core.shell:Creating environment descriptor '/root/yahboomcar_ws/install/robot_localization/share/robot_localization/hook/cmake_prefix_path.dsv'
[22.429s] INFO:colcon.colcon_core.shell:Creating environment hook '/root/yahboomcar_ws/install/robot_localization/share/robot_localization/hook/cmake_prefix_path.sh'
[22.431s] Level 1:colcon.colcon_core.environment:checking '/root/yahboomcar_ws/install/robot_localization/lib'
[22.431s] Level 1:colcon.colcon_core.shell:create_environment_hook('robot_localization', 'ld_library_path_lib')
[22.455s] INFO:colcon.colcon_core.shell:Creating environment hook '/root/yahboomcar_ws/install/robot_localization/share/robot_localization/hook/ld_library_path_lib.ps1'
[22.456s] INFO:colcon.colcon_core.shell:Creating environment descriptor '/root/yahboomcar_ws/install/robot_localization/share/robot_localization/hook/ld_library_path_lib.dsv'
[22.457s] INFO:colcon.colcon_core.shell:Creating environment hook '/root/yahboomcar_ws/install/robot_localization/share/robot_localization/hook/ld_library_path_lib.sh'
[22.457s] Level 1:colcon.colcon_core.environment:checking '/root/yahboomcar_ws/install/robot_localization/bin'
[22.457s] Level 1:colcon.colcon_core.environment:checking '/root/yahboomcar_ws/install/robot_localization/lib/pkgconfig/robot_localization.pc'
[22.458s] Level 1:colcon.colcon_core.environment:checking '/root/yahboomcar_ws/install/robot_localization/lib/python3.10/site-packages'
[22.458s] Level 1:colcon.colcon_core.environment:checking '/root/yahboomcar_ws/install/robot_localization/bin'
[22.484s] INFO:colcon.colcon_core.shell:Creating package script '/root/yahboomcar_ws/install/robot_localization/share/robot_localization/package.ps1'
[22.485s] INFO:colcon.colcon_core.shell:Creating package descriptor '/root/yahboomcar_ws/install/robot_localization/share/robot_localization/package.dsv'
[22.486s] INFO:colcon.colcon_core.shell:Creating package script '/root/yahboomcar_ws/install/robot_localization/share/robot_localization/package.sh'
[22.487s] INFO:colcon.colcon_core.shell:Creating package script '/root/yahboomcar_ws/install/robot_localization/share/robot_localization/package.bash'
[22.487s] INFO:colcon.colcon_core.shell:Creating package script '/root/yahboomcar_ws/install/robot_localization/share/robot_localization/package.zsh'
[22.488s] Level 1:colcon.colcon_core.environment:create_file_with_runtime_dependencies(/root/yahboomcar_ws/install/robot_localization/share/colcon-core/packages/robot_localization)
[22.908s] INFO:colcon.colcon_core.task.python.build:Building Python package in '/root/yahboomcar_ws/src/yahboomcar_nav'
[22.924s] INFO:colcon.colcon_core.shell:Skip shell extension 'powershell' for command environment: Not usable outside of PowerShell
[22.924s] DEBUG:colcon.colcon_core.shell:Skip shell extension 'dsv' for command environment
[23.011s] DEBUG:colcon.colcon_core.event_handler.log_command:Invoked command in '/root/yahboomcar_ws/build/yahboomcar_msgs' returned '0': CMAKE_PREFIX_PATH=${CMAKE_PREFIX_PATH}:/root/yahboomcar_ws/install/yahboomcar_visual:/root/yahboomcar_ws/install/yahboomcar_nav:/root/yahboomcar_ws/install/yahboomcar_mediapipe:/root/yahboomcar_ws/install/yahboomcar_laser:/root/yahboomcar_ws/install/yahboomcar_description:/root/yahboomcar_ws/install/yahboomcar_ctrl:/root/yahboomcar_ws/install/yahboomcar_bringup:/root/yahboomcar_ws/install/yahboomcar_astra:/root/yahboomcar_ws/install/yahboom_app_save_map:/root/yahboomcar_ws/install/laserscan_to_point_publisher:/opt/ros/humble /usr/bin/cmake --build /root/yahboomcar_ws/build/yahboomcar_msgs -- -j4 -l4
[23.405s] INFO:colcon.colcon_core.task.python.build:Building Python package in '/root/yahboomcar_ws/src/yahboomcar_visual'
[23.421s] INFO:colcon.colcon_core.shell:Skip shell extension 'powershell' for command environment: Not usable outside of PowerShell
[23.421s] DEBUG:colcon.colcon_core.shell:Skip shell extension 'dsv' for command environment
[23.524s] Level 1:colcon.colcon_core.environment:create_environment_scripts_only(robot_localization)
[23.540s] Level 1:colcon.colcon_core.environment:checking '/root/yahboomcar_ws/install/robot_localization' for CMake module files
[23.542s] Level 1:colcon.colcon_core.environment:checking '/root/yahboomcar_ws/install/robot_localization' for CMake config files
[23.545s] Level 1:colcon.colcon_core.shell:create_environment_hook('robot_localization', 'cmake_prefix_path')
[23.560s] INFO:colcon.colcon_core.shell:Creating environment hook '/root/yahboomcar_ws/install/robot_localization/share/robot_localization/hook/cmake_prefix_path.ps1'
[23.561s] INFO:colcon.colcon_core.shell:Creating environment descriptor '/root/yahboomcar_ws/install/robot_localization/share/robot_localization/hook/cmake_prefix_path.dsv'
[23.561s] INFO:colcon.colcon_core.shell:Creating environment hook '/root/yahboomcar_ws/install/robot_localization/share/robot_localization/hook/cmake_prefix_path.sh'
[23.562s] Level 1:colcon.colcon_core.environment:checking '/root/yahboomcar_ws/install/robot_localization/lib'
[23.562s] Level 1:colcon.colcon_core.shell:create_environment_hook('robot_localization', 'ld_library_path_lib')
[23.578s] INFO:colcon.colcon_core.shell:Creating environment hook '/root/yahboomcar_ws/install/robot_localization/share/robot_localization/hook/ld_library_path_lib.ps1'
[23.579s] INFO:colcon.colcon_core.shell:Creating environment descriptor '/root/yahboomcar_ws/install/robot_localization/share/robot_localization/hook/ld_library_path_lib.dsv'
[23.579s] INFO:colcon.colcon_core.shell:Creating environment hook '/root/yahboomcar_ws/install/robot_localization/share/robot_localization/hook/ld_library_path_lib.sh'
[23.580s] Level 1:colcon.colcon_core.environment:checking '/root/yahboomcar_ws/install/robot_localization/bin'
[23.580s] Level 1:colcon.colcon_core.environment:checking '/root/yahboomcar_ws/install/robot_localization/lib/pkgconfig/robot_localization.pc'
[23.580s] Level 1:colcon.colcon_core.environment:checking '/root/yahboomcar_ws/install/robot_localization/lib/python3.10/site-packages'
[23.580s] Level 1:colcon.colcon_core.environment:checking '/root/yahboomcar_ws/install/robot_localization/bin'
[23.597s] INFO:colcon.colcon_core.shell:Creating package script '/root/yahboomcar_ws/install/robot_localization/share/robot_localization/package.ps1'
[23.598s] INFO:colcon.colcon_core.shell:Creating package descriptor '/root/yahboomcar_ws/install/robot_localization/share/robot_localization/package.dsv'
[23.599s] INFO:colcon.colcon_core.shell:Creating package script '/root/yahboomcar_ws/install/robot_localization/share/robot_localization/package.sh'
[23.599s] INFO:colcon.colcon_core.shell:Creating package script '/root/yahboomcar_ws/install/robot_localization/share/robot_localization/package.bash'
[23.600s] INFO:colcon.colcon_core.shell:Creating package script '/root/yahboomcar_ws/install/robot_localization/share/robot_localization/package.zsh'
[23.600s] Level 1:colcon.colcon_core.environment:create_file_with_runtime_dependencies(/root/yahboomcar_ws/install/robot_localization/share/colcon-core/packages/robot_localization)
[23.612s] DEBUG:colcon.colcon_core.event_handler.log_command:Invoking command in '/root/yahboomcar_ws/build/yahboomcar_msgs': CMAKE_PREFIX_PATH=${CMAKE_PREFIX_PATH}:/root/yahboomcar_ws/install/yahboomcar_visual:/root/yahboomcar_ws/install/yahboomcar_nav:/root/yahboomcar_ws/install/yahboomcar_mediapipe:/root/yahboomcar_ws/install/yahboomcar_laser:/root/yahboomcar_ws/install/yahboomcar_description:/root/yahboomcar_ws/install/yahboomcar_ctrl:/root/yahboomcar_ws/install/yahboomcar_bringup:/root/yahboomcar_ws/install/yahboomcar_astra:/root/yahboomcar_ws/install/yahboom_app_save_map:/root/yahboomcar_ws/install/laserscan_to_point_publisher:/opt/ros/humble /usr/bin/cmake --install /root/yahboomcar_ws/build/yahboomcar_msgs
[24.141s] DEBUG:colcon.colcon_core.event_handler.log_command:Invoking command in '/root/yahboomcar_ws/src/yahboomcar_nav': PYTHONPATH=/root/yahboomcar_ws/build/yahboomcar_nav/prefix_override:/root/yahboomcar_ws/install/yahboomcar_nav/lib/python3.10/site-packages:${PYTHONPATH} /usr/bin/python3 setup.py egg_info --egg-base ../../build/yahboomcar_nav build --build-base /root/yahboomcar_ws/build/yahboomcar_nav/build install --record /root/yahboomcar_ws/build/yahboomcar_nav/install.log --single-version-externally-managed
[24.240s] DEBUG:colcon.colcon_core.event_handler.log_command:Invoking command in '/root/yahboomcar_ws/src/yahboomcar_visual': PYTHONPATH=/root/yahboomcar_ws/build/yahboomcar_visual/prefix_override:/root/yahboomcar_ws/install/yahboomcar_visual/lib/python3.10/site-packages:${PYTHONPATH} /usr/bin/python3 setup.py egg_info --egg-base ../../build/yahboomcar_visual build --build-base /root/yahboomcar_ws/build/yahboomcar_visual/build install --record /root/yahboomcar_ws/build/yahboomcar_visual/install.log --install-scripts $base/lib/yahboomcar_visual --single-version-externally-managed
[24.754s] DEBUG:colcon.colcon_core.event_handler.log_command:Invoked command in '/root/yahboomcar_ws/src/yahboomcar_nav' returned '0': PYTHONPATH=/root/yahboomcar_ws/build/yahboomcar_nav/prefix_override:/root/yahboomcar_ws/install/yahboomcar_nav/lib/python3.10/site-packages:${PYTHONPATH} /usr/bin/python3 setup.py egg_info --egg-base ../../build/yahboomcar_nav build --build-base /root/yahboomcar_ws/build/yahboomcar_nav/build install --record /root/yahboomcar_ws/build/yahboomcar_nav/install.log --single-version-externally-managed
[24.775s] Level 1:colcon.colcon_core.environment:checking '/root/yahboomcar_ws/install/yahboomcar_nav' for CMake module files
[24.814s] Level 1:colcon.colcon_core.environment:checking '/root/yahboomcar_ws/install/yahboomcar_nav' for CMake config files
[24.846s] Level 1:colcon.colcon_core.environment:checking '/root/yahboomcar_ws/install/yahboomcar_nav/lib'
[24.846s] Level 1:colcon.colcon_core.environment:checking '/root/yahboomcar_ws/install/yahboomcar_nav/bin'
[24.846s] Level 1:colcon.colcon_core.environment:checking '/root/yahboomcar_ws/install/yahboomcar_nav/lib/pkgconfig/yahboomcar_nav.pc'
[24.847s] Level 1:colcon.colcon_core.environment:checking '/root/yahboomcar_ws/install/yahboomcar_nav/lib/python3.10/site-packages'
[24.847s] Level 1:colcon.colcon_core.shell:create_environment_hook('yahboomcar_nav', 'pythonpath')
[24.863s] INFO:colcon.colcon_core.shell:Creating environment hook '/root/yahboomcar_ws/install/yahboomcar_nav/share/yahboomcar_nav/hook/pythonpath.ps1'
[24.874s] INFO:colcon.colcon_core.shell:Creating environment descriptor '/root/yahboomcar_ws/install/yahboomcar_nav/share/yahboomcar_nav/hook/pythonpath.dsv'
[24.874s] INFO:colcon.colcon_core.shell:Creating environment hook '/root/yahboomcar_ws/install/yahboomcar_nav/share/yahboomcar_nav/hook/pythonpath.sh'
[24.875s] Level 1:colcon.colcon_core.environment:checking '/root/yahboomcar_ws/install/yahboomcar_nav/bin'
[24.875s] Level 1:colcon.colcon_core.environment:create_environment_scripts_only(yahboomcar_nav)
[24.894s] INFO:colcon.colcon_core.shell:Creating package script '/root/yahboomcar_ws/install/yahboomcar_nav/share/yahboomcar_nav/package.ps1'
[24.895s] INFO:colcon.colcon_core.shell:Creating package descriptor '/root/yahboomcar_ws/install/yahboomcar_nav/share/yahboomcar_nav/package.dsv'
[24.896s] INFO:colcon.colcon_core.shell:Creating package script '/root/yahboomcar_ws/install/yahboomcar_nav/share/yahboomcar_nav/package.sh'
[24.896s] INFO:colcon.colcon_core.shell:Creating package script '/root/yahboomcar_ws/install/yahboomcar_nav/share/yahboomcar_nav/package.bash'
[24.896s] INFO:colcon.colcon_core.shell:Creating package script '/root/yahboomcar_ws/install/yahboomcar_nav/share/yahboomcar_nav/package.zsh'
[24.897s] Level 1:colcon.colcon_core.environment:create_file_with_runtime_dependencies(/root/yahboomcar_ws/install/yahboomcar_nav/share/colcon-core/packages/yahboomcar_nav)
[24.901s] DEBUG:colcon.colcon_core.event_handler.log_command:Invoked command in '/root/yahboomcar_ws/src/yahboomcar_visual' returned '0': PYTHONPATH=/root/yahboomcar_ws/build/yahboomcar_visual/prefix_override:/root/yahboomcar_ws/install/yahboomcar_visual/lib/python3.10/site-packages:${PYTHONPATH} /usr/bin/python3 setup.py egg_info --egg-base ../../build/yahboomcar_visual build --build-base /root/yahboomcar_ws/build/yahboomcar_visual/build install --record /root/yahboomcar_ws/build/yahboomcar_visual/install.log --install-scripts $base/lib/yahboomcar_visual --single-version-externally-managed
[24.917s] Level 1:colcon.colcon_core.environment:checking '/root/yahboomcar_ws/install/yahboomcar_visual' for CMake module files
[24.942s] Level 1:colcon.colcon_core.environment:checking '/root/yahboomcar_ws/install/yahboomcar_visual' for CMake config files
[24.946s] Level 1:colcon.colcon_core.environment:checking '/root/yahboomcar_ws/install/yahboomcar_visual/lib'
[24.946s] Level 1:colcon.colcon_core.environment:checking '/root/yahboomcar_ws/install/yahboomcar_visual/bin'
[24.946s] Level 1:colcon.colcon_core.environment:checking '/root/yahboomcar_ws/install/yahboomcar_visual/lib/pkgconfig/yahboomcar_visual.pc'
[24.946s] Level 1:colcon.colcon_core.environment:checking '/root/yahboomcar_ws/install/yahboomcar_visual/lib/python3.10/site-packages'
[24.947s] Level 1:colcon.colcon_core.shell:create_environment_hook('yahboomcar_visual', 'pythonpath')
[24.962s] INFO:colcon.colcon_core.shell:Creating environment hook '/root/yahboomcar_ws/install/yahboomcar_visual/share/yahboomcar_visual/hook/pythonpath.ps1'
[24.963s] INFO:colcon.colcon_core.shell:Creating environment descriptor '/root/yahboomcar_ws/install/yahboomcar_visual/share/yahboomcar_visual/hook/pythonpath.dsv'
[24.963s] INFO:colcon.colcon_core.shell:Creating environment hook '/root/yahboomcar_ws/install/yahboomcar_visual/share/yahboomcar_visual/hook/pythonpath.sh'
[24.964s] Level 1:colcon.colcon_core.environment:checking '/root/yahboomcar_ws/install/yahboomcar_visual/bin'
[24.964s] Level 1:colcon.colcon_core.environment:create_environment_scripts_only(yahboomcar_visual)
[24.980s] INFO:colcon.colcon_core.shell:Creating package script '/root/yahboomcar_ws/install/yahboomcar_visual/share/yahboomcar_visual/package.ps1'
[24.981s] INFO:colcon.colcon_core.shell:Creating package descriptor '/root/yahboomcar_ws/install/yahboomcar_visual/share/yahboomcar_visual/package.dsv'
[24.981s] INFO:colcon.colcon_core.shell:Creating package script '/root/yahboomcar_ws/install/yahboomcar_visual/share/yahboomcar_visual/package.sh'
[24.982s] INFO:colcon.colcon_core.shell:Creating package script '/root/yahboomcar_ws/install/yahboomcar_visual/share/yahboomcar_visual/package.bash'
[24.982s] INFO:colcon.colcon_core.shell:Creating package script '/root/yahboomcar_ws/install/yahboomcar_visual/share/yahboomcar_visual/package.zsh'
[24.982s] Level 1:colcon.colcon_core.environment:create_file_with_runtime_dependencies(/root/yahboomcar_ws/install/yahboomcar_visual/share/colcon-core/packages/yahboomcar_visual)
[24.984s] Level 1:colcon.colcon_core.environment:create_environment_scripts_only(yahboomcar_msgs)
[24.985s] DEBUG:colcon.colcon_core.event_handler.log_command:Invoked command in '/root/yahboomcar_ws/build/yahboomcar_msgs' returned '0': CMAKE_PREFIX_PATH=${CMAKE_PREFIX_PATH}:/root/yahboomcar_ws/install/yahboomcar_visual:/root/yahboomcar_ws/install/yahboomcar_nav:/root/yahboomcar_ws/install/yahboomcar_mediapipe:/root/yahboomcar_ws/install/yahboomcar_laser:/root/yahboomcar_ws/install/yahboomcar_description:/root/yahboomcar_ws/install/yahboomcar_ctrl:/root/yahboomcar_ws/install/yahboomcar_bringup:/root/yahboomcar_ws/install/yahboomcar_astra:/root/yahboomcar_ws/install/yahboom_app_save_map:/root/yahboomcar_ws/install/laserscan_to_point_publisher:/opt/ros/humble /usr/bin/cmake --install /root/yahboomcar_ws/build/yahboomcar_msgs
[25.001s] Level 1:colcon.colcon_core.environment:checking '/root/yahboomcar_ws/install/yahboomcar_msgs' for CMake module files
[25.003s] Level 1:colcon.colcon_core.environment:checking '/root/yahboomcar_ws/install/yahboomcar_msgs' for CMake config files
[25.005s] Level 1:colcon.colcon_core.shell:create_environment_hook('yahboomcar_msgs', 'cmake_prefix_path')
[25.021s] INFO:colcon.colcon_core.shell:Creating environment hook '/root/yahboomcar_ws/install/yahboomcar_msgs/share/yahboomcar_msgs/hook/cmake_prefix_path.ps1'
[25.022s] INFO:colcon.colcon_core.shell:Creating environment descriptor '/root/yahboomcar_ws/install/yahboomcar_msgs/share/yahboomcar_msgs/hook/cmake_prefix_path.dsv'
[25.022s] INFO:colcon.colcon_core.shell:Creating environment hook '/root/yahboomcar_ws/install/yahboomcar_msgs/share/yahboomcar_msgs/hook/cmake_prefix_path.sh'
[25.023s] Level 1:colcon.colcon_core.environment:checking '/root/yahboomcar_ws/install/yahboomcar_msgs/lib'
[25.023s] Level 1:colcon.colcon_core.shell:create_environment_hook('yahboomcar_msgs', 'ld_library_path_lib')
[25.039s] INFO:colcon.colcon_core.shell:Creating environment hook '/root/yahboomcar_ws/install/yahboomcar_msgs/share/yahboomcar_msgs/hook/ld_library_path_lib.ps1'
[25.040s] INFO:colcon.colcon_core.shell:Creating environment descriptor '/root/yahboomcar_ws/install/yahboomcar_msgs/share/yahboomcar_msgs/hook/ld_library_path_lib.dsv'
[25.040s] INFO:colcon.colcon_core.shell:Creating environment hook '/root/yahboomcar_ws/install/yahboomcar_msgs/share/yahboomcar_msgs/hook/ld_library_path_lib.sh'
[25.040s] Level 1:colcon.colcon_core.environment:checking '/root/yahboomcar_ws/install/yahboomcar_msgs/bin'
[25.041s] Level 1:colcon.colcon_core.environment:checking '/root/yahboomcar_ws/install/yahboomcar_msgs/lib/pkgconfig/yahboomcar_msgs.pc'
[25.041s] Level 1:colcon.colcon_core.environment:checking '/root/yahboomcar_ws/install/yahboomcar_msgs/lib/python3.10/site-packages'
[25.041s] Level 1:colcon.colcon_core.environment:checking '/root/yahboomcar_ws/install/yahboomcar_msgs/bin'
[25.057s] INFO:colcon.colcon_core.shell:Creating package script '/root/yahboomcar_ws/install/yahboomcar_msgs/share/yahboomcar_msgs/package.ps1'
[25.058s] INFO:colcon.colcon_core.shell:Creating package descriptor '/root/yahboomcar_ws/install/yahboomcar_msgs/share/yahboomcar_msgs/package.dsv'
[25.058s] INFO:colcon.colcon_core.shell:Creating package script '/root/yahboomcar_ws/install/yahboomcar_msgs/share/yahboomcar_msgs/package.sh'
[25.059s] INFO:colcon.colcon_core.shell:Creating package script '/root/yahboomcar_ws/install/yahboomcar_msgs/share/yahboomcar_msgs/package.bash'
[25.059s] INFO:colcon.colcon_core.shell:Creating package script '/root/yahboomcar_ws/install/yahboomcar_msgs/share/yahboomcar_msgs/package.zsh'
[25.060s] Level 1:colcon.colcon_core.environment:create_file_with_runtime_dependencies(/root/yahboomcar_ws/install/yahboomcar_msgs/share/colcon-core/packages/yahboomcar_msgs)
[25.242s] Level 1:colcon.colcon_core.environment:create_environment_scripts_only(yahboomcar_msgs)
[25.258s] Level 1:colcon.colcon_core.environment:checking '/root/yahboomcar_ws/install/yahboomcar_msgs' for CMake module files
[25.259s] Level 1:colcon.colcon_core.environment:checking '/root/yahboomcar_ws/install/yahboomcar_msgs' for CMake config files
[25.260s] Level 1:colcon.colcon_core.shell:create_environment_hook('yahboomcar_msgs', 'cmake_prefix_path')
[25.276s] INFO:colcon.colcon_core.shell:Creating environment hook '/root/yahboomcar_ws/install/yahboomcar_msgs/share/yahboomcar_msgs/hook/cmake_prefix_path.ps1'
[25.277s] INFO:colcon.colcon_core.shell:Creating environment descriptor '/root/yahboomcar_ws/install/yahboomcar_msgs/share/yahboomcar_msgs/hook/cmake_prefix_path.dsv'
[25.277s] INFO:colcon.colcon_core.shell:Creating environment hook '/root/yahboomcar_ws/install/yahboomcar_msgs/share/yahboomcar_msgs/hook/cmake_prefix_path.sh'
[25.278s] Level 1:colcon.colcon_core.environment:checking '/root/yahboomcar_ws/install/yahboomcar_msgs/lib'
[25.278s] Level 1:colcon.colcon_core.shell:create_environment_hook('yahboomcar_msgs', 'ld_library_path_lib')
[25.295s] INFO:colcon.colcon_core.shell:Creating environment hook '/root/yahboomcar_ws/install/yahboomcar_msgs/share/yahboomcar_msgs/hook/ld_library_path_lib.ps1'
[25.296s] INFO:colcon.colcon_core.shell:Creating environment descriptor '/root/yahboomcar_ws/install/yahboomcar_msgs/share/yahboomcar_msgs/hook/ld_library_path_lib.dsv'
[25.296s] INFO:colcon.colcon_core.shell:Creating environment hook '/root/yahboomcar_ws/install/yahboomcar_msgs/share/yahboomcar_msgs/hook/ld_library_path_lib.sh'
[25.297s] Level 1:colcon.colcon_core.environment:checking '/root/yahboomcar_ws/install/yahboomcar_msgs/bin'
[25.297s] Level 1:colcon.colcon_core.environment:checking '/root/yahboomcar_ws/install/yahboomcar_msgs/lib/pkgconfig/yahboomcar_msgs.pc'
[25.297s] Level 1:colcon.colcon_core.environment:checking '/root/yahboomcar_ws/install/yahboomcar_msgs/lib/python3.10/site-packages'
[25.297s] Level 1:colcon.colcon_core.environment:checking '/root/yahboomcar_ws/install/yahboomcar_msgs/bin'
[25.313s] INFO:colcon.colcon_core.shell:Creating package script '/root/yahboomcar_ws/install/yahboomcar_msgs/share/yahboomcar_msgs/package.ps1'
[25.314s] INFO:colcon.colcon_core.shell:Creating package descriptor '/root/yahboomcar_ws/install/yahboomcar_msgs/share/yahboomcar_msgs/package.dsv'
[25.315s] INFO:colcon.colcon_core.shell:Creating package script '/root/yahboomcar_ws/install/yahboomcar_msgs/share/yahboomcar_msgs/package.sh'
[25.315s] INFO:colcon.colcon_core.shell:Creating package script '/root/yahboomcar_ws/install/yahboomcar_msgs/share/yahboomcar_msgs/package.bash'
[25.316s] INFO:colcon.colcon_core.shell:Creating package script '/root/yahboomcar_ws/install/yahboomcar_msgs/share/yahboomcar_msgs/package.zsh'
[25.316s] Level 1:colcon.colcon_core.environment:create_file_with_runtime_dependencies(/root/yahboomcar_ws/install/yahboomcar_msgs/share/colcon-core/packages/yahboomcar_msgs)
[25.317s] DEBUG:colcon.colcon_parallel_executor.executor.parallel:closing loop
[25.317s] DEBUG:colcon.colcon_parallel_executor.executor.parallel:loop closed
[25.317s] DEBUG:colcon.colcon_parallel_executor.executor.parallel:run_until_complete finished with '0'
[25.318s] DEBUG:colcon.colcon_core.event_reactor:joining thread
[25.370s] INFO:colcon.colcon_core.plugin_system:Skipping extension 'colcon_notification.desktop_notification.notify_send': Could not find 'notify-send'
[25.370s] INFO:colcon.colcon_core.plugin_system:Skipping extension 'colcon_notification.desktop_notification.terminal_notifier': Not used on non-Darwin systems
[25.370s] INFO:colcon.colcon_core.plugin_system:Skipping extension 'colcon_notification.desktop_notification.win32': Not used on non-Windows systems
[25.371s] INFO:colcon.colcon_notification.desktop_notification:Sending desktop notification using 'notify2'
[25.373s] DEBUG:colcon.colcon_notification.desktop_notification.notify2:Failed to initialize notify2: org.freedesktop.DBus.Error.Spawn.ExecFailed: /usr/bin/dbus-launch terminated abnormally without any error message
[25.374s] DEBUG:colcon.colcon_core.event_reactor:joined thread
[25.390s] INFO:colcon.colcon_core.shell:Creating prefix script '/root/yahboomcar_ws/install/local_setup.ps1'
[25.392s] INFO:colcon.colcon_core.shell:Creating prefix util module '/root/yahboomcar_ws/install/_local_setup_util_ps1.py'
[25.394s] INFO:colcon.colcon_core.shell:Creating prefix chain script '/root/yahboomcar_ws/install/setup.ps1'
[25.413s] INFO:colcon.colcon_core.shell:Creating prefix script '/root/yahboomcar_ws/install/local_setup.sh'
[25.415s] INFO:colcon.colcon_core.shell:Creating prefix util module '/root/yahboomcar_ws/install/_local_setup_util_sh.py'
[25.415s] INFO:colcon.colcon_core.shell:Creating prefix chain script '/root/yahboomcar_ws/install/setup.sh'
[25.435s] INFO:colcon.colcon_core.shell:Creating prefix script '/root/yahboomcar_ws/install/local_setup.bash'
[25.436s] INFO:colcon.colcon_core.shell:Creating prefix chain script '/root/yahboomcar_ws/install/setup.bash'
[25.455s] INFO:colcon.colcon_core.shell:Creating prefix script '/root/yahboomcar_ws/install/local_setup.zsh'
[25.456s] INFO:colcon.colcon_core.shell:Creating prefix chain script '/root/yahboomcar_ws/install/setup.zsh'
