[0.000000] (-) TimerEvent: {}
[0.000881] (laserscan_to_point_publisher) JobQueued: {'identifier': 'laserscan_to_point_publisher', 'dependencies': OrderedDict()}
[0.001142] (robot_localization) JobQueued: {'identifier': 'robot_localization', 'dependencies': OrderedDict()}
[0.001254] (robot_pose_publisher_ros2) JobQueued: {'identifier': 'robot_pose_publisher_ros2', 'dependencies': OrderedDict()}
[0.001304] (yahboom_app_save_map) JobQueued: {'identifier': 'yahboom_app_save_map', 'dependencies': OrderedDict()}
[0.001406] (yahboom_web_savmap_interfaces) JobQueued: {'identifier': 'yahboom_web_savmap_interfaces', 'dependencies': OrderedDict()}
[0.001433] (yahboomcar_astra) JobQueued: {'identifier': 'yahboomcar_astra', 'dependencies': OrderedDict()}
[0.001465] (yahboomcar_base_node) JobQueued: {'identifier': 'yahboomcar_base_node', 'dependencies': OrderedDict()}
[0.001511] (yahboomcar_bringup) JobQueued: {'identifier': 'yahboomcar_bringup', 'dependencies': OrderedDict()}
[0.001536] (yahboomcar_ctrl) JobQueued: {'identifier': 'yahboomcar_ctrl', 'dependencies': OrderedDict()}
[0.001573] (yahboomcar_description) JobQueued: {'identifier': 'yahboomcar_description', 'dependencies': OrderedDict()}
[0.001675] (yahboomcar_laser) JobQueued: {'identifier': 'yahboomcar_laser', 'dependencies': OrderedDict()}
[0.001748] (yahboomcar_mediapipe) JobQueued: {'identifier': 'yahboomcar_mediapipe', 'dependencies': OrderedDict()}
[0.001771] (yahboomcar_msgs) JobQueued: {'identifier': 'yahboomcar_msgs', 'dependencies': OrderedDict()}
[0.001794] (yahboomcar_nav) JobQueued: {'identifier': 'yahboomcar_nav', 'dependencies': OrderedDict()}
[0.001822] (yahboomcar_visual) JobQueued: {'identifier': 'yahboomcar_visual', 'dependencies': OrderedDict()}
[0.001857] (laserscan_to_point_publisher) JobStarted: {'identifier': 'laserscan_to_point_publisher'}
[0.099622] (-) TimerEvent: {}
[0.130157] (robot_localization) JobStarted: {'identifier': 'robot_localization'}
[0.199892] (-) TimerEvent: {}
[0.242227] (robot_pose_publisher_ros2) JobStarted: {'identifier': 'robot_pose_publisher_ros2'}
[0.300016] (-) TimerEvent: {}
[0.351322] (yahboom_app_save_map) JobStarted: {'identifier': 'yahboom_app_save_map'}
[0.400114] (-) TimerEvent: {}
[0.500514] (-) TimerEvent: {}
[0.600901] (-) TimerEvent: {}
[0.701296] (-) TimerEvent: {}
[0.801689] (-) TimerEvent: {}
[0.902211] (-) TimerEvent: {}
[0.952204] (robot_localization) JobProgress: {'identifier': 'robot_localization', 'progress': 'cmake'}
[0.953297] (robot_localization) JobProgress: {'identifier': 'robot_localization', 'progress': 'build'}
[0.954446] (robot_localization) Command: {'cmd': ['/usr/bin/cmake', '--build', '/root/yahboomcar_ws/build/robot_localization', '--', '-j4', '-l4'], 'cwd': '/root/yahboomcar_ws/build/robot_localization', 'env': OrderedDict([('HOSTNAME', 'raspberrypi'), ('SHLVL', '1'), ('LD_LIBRARY_PATH', '/root/imu_ws/install/rviz_imu_plugin/lib:/root/imu_ws/install/imu_filter_madgwick/lib:/root/imu_ws/install/imu_complementary_filter/lib:/root/yahboomcar_ws/install/yahboomcar_msgs/lib:/root/yahboomcar_ws/install/yahboom_web_savmap_interfaces/lib:/root/yahboomcar_ws/install/robot_localization/lib:/root/gmapping_ws/install/openslam_gmapping/lib:/opt/ros/humble/opt/rviz_ogre_vendor/lib:/opt/ros/humble/lib/aarch64-linux-gnu:/opt/ros/humble/lib'), ('HOME', '/root'), ('OLDPWD', '/root'), ('ROS_PYTHON_VERSION', '3'), ('LC_CTYPE', 'C.UTF-8'), ('COLCON_PREFIX_PATH', '/root/yahboomcar_ws/install:/root/gmapping_ws/install:/root/imu_ws/install'), ('ROS_DISTRO', 'humble'), ('_', '/usr/bin/colcon'), ('ROS_VERSION', '2'), ('TERM', 'xterm'), ('ROS_LOCALHOST_ONLY', '0'), ('QT_X11_NO_MITSHM', '1'), ('PATH', '/opt/ros/humble/bin:/usr/local/sbin:/usr/local/bin:/usr/sbin:/usr/bin:/sbin:/bin'), ('DISPLAY', ':0'), ('LS_COLORS', 'rs=0:di=01;34:ln=01;36:mh=00:pi=40;33:so=01;35:do=01;35:bd=40;33;01:cd=40;33;01:or=40;31;01:mi=00:su=37;41:sg=30;43:ca=30;41:tw=30;42:ow=34;42:st=37;44:ex=01;32:*.tar=01;31:*.tgz=01;31:*.arc=01;31:*.arj=01;31:*.taz=01;31:*.lha=01;31:*.lz4=01;31:*.lzh=01;31:*.lzma=01;31:*.tlz=01;31:*.txz=01;31:*.tzo=01;31:*.t7z=01;31:*.zip=01;31:*.z=01;31:*.dz=01;31:*.gz=01;31:*.lrz=01;31:*.lz=01;31:*.lzo=01;31:*.xz=01;31:*.zst=01;31:*.tzst=01;31:*.bz2=01;31:*.bz=01;31:*.tbz=01;31:*.tbz2=01;31:*.tz=01;31:*.deb=01;31:*.rpm=01;31:*.jar=01;31:*.war=01;31:*.ear=01;31:*.sar=01;31:*.rar=01;31:*.alz=01;31:*.ace=01;31:*.zoo=01;31:*.cpio=01;31:*.7z=01;31:*.rz=01;31:*.cab=01;31:*.wim=01;31:*.swm=01;31:*.dwm=01;31:*.esd=01;31:*.jpg=01;35:*.jpeg=01;35:*.mjpg=01;35:*.mjpeg=01;35:*.gif=01;35:*.bmp=01;35:*.pbm=01;35:*.pgm=01;35:*.ppm=01;35:*.tga=01;35:*.xbm=01;35:*.xpm=01;35:*.tif=01;35:*.tiff=01;35:*.png=01;35:*.svg=01;35:*.svgz=01;35:*.mng=01;35:*.pcx=01;35:*.mov=01;35:*.mpg=01;35:*.mpeg=01;35:*.m2v=01;35:*.mkv=01;35:*.webm=01;35:*.webp=01;35:*.ogm=01;35:*.mp4=01;35:*.m4v=01;35:*.mp4v=01;35:*.vob=01;35:*.qt=01;35:*.nuv=01;35:*.wmv=01;35:*.asf=01;35:*.rm=01;35:*.rmvb=01;35:*.flc=01;35:*.avi=01;35:*.fli=01;35:*.flv=01;35:*.gl=01;35:*.dl=01;35:*.xcf=01;35:*.xwd=01;35:*.yuv=01;35:*.cgm=01;35:*.emf=01;35:*.ogv=01;35:*.ogx=01;35:*.aac=00;36:*.au=00;36:*.flac=00;36:*.m4a=00;36:*.mid=00;36:*.midi=00;36:*.mka=00;36:*.mp3=00;36:*.mpc=00;36:*.ogg=00;36:*.ra=00;36:*.wav=00;36:*.oga=00;36:*.opus=00;36:*.spx=00;36:*.xspf=00;36:'), ('ROS_DOMAIN_ID', '30'), ('AMENT_PREFIX_PATH', '/root/imu_ws/install/imu_tools:/root/imu_ws/install/rviz_imu_plugin:/root/imu_ws/install/imu_filter_madgwick:/root/imu_ws/install/imu_complementary_filter:/root/yahboomcar_ws/install/yahboomcar_visual:/root/yahboomcar_ws/install/yahboomcar_nav:/root/yahboomcar_ws/install/yahboomcar_msgs:/root/yahboomcar_ws/install/yahboomcar_mediapipe:/root/yahboomcar_ws/install/yahboomcar_laser:/root/yahboomcar_ws/install/yahboomcar_description:/root/yahboomcar_ws/install/yahboomcar_ctrl:/root/yahboomcar_ws/install/yahboomcar_bringup:/root/yahboomcar_ws/install/yahboomcar_base_node:/root/yahboomcar_ws/install/yahboomcar_astra:/root/yahboomcar_ws/install/yahboom_web_savmap_interfaces:/root/yahboomcar_ws/install/yahboom_app_save_map:/root/yahboomcar_ws/install/robot_pose_publisher_ros2:/root/yahboomcar_ws/install/robot_localization:/root/yahboomcar_ws/install/laserscan_to_point_publisher:/root/gmapping_ws/install/slam_gmapping:/root/gmapping_ws/install/openslam_gmapping:/opt/ros/humble'), ('PWD', '/root/yahboomcar_ws/build/robot_localization'), ('PYTHONPATH', '/root/yahboomcar_ws/install/yahboomcar_visual/lib/python3.10/site-packages:/root/yahboomcar_ws/install/yahboomcar_nav/lib/python3.10/site-packages:/root/yahboomcar_ws/install/yahboomcar_msgs/local/lib/python3.10/dist-packages:/root/yahboomcar_ws/install/yahboomcar_mediapipe/lib/python3.10/site-packages:/root/yahboomcar_ws/install/yahboomcar_laser/lib/python3.10/site-packages:/root/yahboomcar_ws/install/yahboomcar_description/lib/python3.10/site-packages:/root/yahboomcar_ws/install/yahboomcar_ctrl/lib/python3.10/site-packages:/root/yahboomcar_ws/install/yahboomcar_bringup/lib/python3.10/site-packages:/root/yahboomcar_ws/install/yahboomcar_astra/lib/python3.10/site-packages:/root/yahboomcar_ws/install/yahboom_web_savmap_interfaces/local/lib/python3.10/dist-packages:/root/yahboomcar_ws/install/yahboom_app_save_map/lib/python3.10/site-packages:/root/yahboomcar_ws/install/robot_localization/local/lib/python3.10/dist-packages:/root/yahboomcar_ws/install/laserscan_to_point_publisher/lib/python3.10/site-packages:/opt/ros/humble/lib/python3.10/site-packages:/opt/ros/humble/local/lib/python3.10/dist-packages'), ('COLCON', '1'), ('CMAKE_PREFIX_PATH', '/root/imu_ws/install/imu_tools:/root/imu_ws/install/rviz_imu_plugin:/root/imu_ws/install/imu_filter_madgwick:/root/imu_ws/install/imu_complementary_filter:/root/yahboomcar_ws/install/yahboomcar_msgs:/root/yahboomcar_ws/install/yahboomcar_base_node:/root/yahboomcar_ws/install/yahboom_web_savmap_interfaces:/root/yahboomcar_ws/install/robot_pose_publisher_ros2:/root/yahboomcar_ws/install/robot_localization:/root/gmapping_ws/install/slam_gmapping:/root/gmapping_ws/install/openslam_gmapping:/root/yahboomcar_ws/install/yahboomcar_visual:/root/yahboomcar_ws/install/yahboomcar_nav:/root/yahboomcar_ws/install/yahboomcar_mediapipe:/root/yahboomcar_ws/install/yahboomcar_laser:/root/yahboomcar_ws/install/yahboomcar_description:/root/yahboomcar_ws/install/yahboomcar_ctrl:/root/yahboomcar_ws/install/yahboomcar_bringup:/root/yahboomcar_ws/install/yahboomcar_astra:/root/yahboomcar_ws/install/yahboom_app_save_map:/root/yahboomcar_ws/install/laserscan_to_point_publisher:/opt/ros/humble')]), 'shell': False}
[0.958247] (robot_pose_publisher_ros2) JobProgress: {'identifier': 'robot_pose_publisher_ros2', 'progress': 'cmake'}
[0.959127] (robot_pose_publisher_ros2) JobProgress: {'identifier': 'robot_pose_publisher_ros2', 'progress': 'build'}
[0.959505] (robot_pose_publisher_ros2) Command: {'cmd': ['/usr/bin/cmake', '--build', '/root/yahboomcar_ws/build/robot_pose_publisher_ros2', '--', '-j4', '-l4'], 'cwd': '/root/yahboomcar_ws/build/robot_pose_publisher_ros2', 'env': OrderedDict([('HOSTNAME', 'raspberrypi'), ('SHLVL', '1'), ('LD_LIBRARY_PATH', '/root/imu_ws/install/rviz_imu_plugin/lib:/root/imu_ws/install/imu_filter_madgwick/lib:/root/imu_ws/install/imu_complementary_filter/lib:/root/yahboomcar_ws/install/yahboomcar_msgs/lib:/root/yahboomcar_ws/install/yahboom_web_savmap_interfaces/lib:/root/yahboomcar_ws/install/robot_localization/lib:/root/gmapping_ws/install/openslam_gmapping/lib:/opt/ros/humble/opt/rviz_ogre_vendor/lib:/opt/ros/humble/lib/aarch64-linux-gnu:/opt/ros/humble/lib'), ('HOME', '/root'), ('OLDPWD', '/root'), ('ROS_PYTHON_VERSION', '3'), ('LC_CTYPE', 'C.UTF-8'), ('COLCON_PREFIX_PATH', '/root/yahboomcar_ws/install:/root/gmapping_ws/install:/root/imu_ws/install'), ('ROS_DISTRO', 'humble'), ('_', '/usr/bin/colcon'), ('ROS_VERSION', '2'), ('TERM', 'xterm'), ('ROS_LOCALHOST_ONLY', '0'), ('QT_X11_NO_MITSHM', '1'), ('PATH', '/opt/ros/humble/bin:/usr/local/sbin:/usr/local/bin:/usr/sbin:/usr/bin:/sbin:/bin'), ('DISPLAY', ':0'), ('LS_COLORS', 'rs=0:di=01;34:ln=01;36:mh=00:pi=40;33:so=01;35:do=01;35:bd=40;33;01:cd=40;33;01:or=40;31;01:mi=00:su=37;41:sg=30;43:ca=30;41:tw=30;42:ow=34;42:st=37;44:ex=01;32:*.tar=01;31:*.tgz=01;31:*.arc=01;31:*.arj=01;31:*.taz=01;31:*.lha=01;31:*.lz4=01;31:*.lzh=01;31:*.lzma=01;31:*.tlz=01;31:*.txz=01;31:*.tzo=01;31:*.t7z=01;31:*.zip=01;31:*.z=01;31:*.dz=01;31:*.gz=01;31:*.lrz=01;31:*.lz=01;31:*.lzo=01;31:*.xz=01;31:*.zst=01;31:*.tzst=01;31:*.bz2=01;31:*.bz=01;31:*.tbz=01;31:*.tbz2=01;31:*.tz=01;31:*.deb=01;31:*.rpm=01;31:*.jar=01;31:*.war=01;31:*.ear=01;31:*.sar=01;31:*.rar=01;31:*.alz=01;31:*.ace=01;31:*.zoo=01;31:*.cpio=01;31:*.7z=01;31:*.rz=01;31:*.cab=01;31:*.wim=01;31:*.swm=01;31:*.dwm=01;31:*.esd=01;31:*.jpg=01;35:*.jpeg=01;35:*.mjpg=01;35:*.mjpeg=01;35:*.gif=01;35:*.bmp=01;35:*.pbm=01;35:*.pgm=01;35:*.ppm=01;35:*.tga=01;35:*.xbm=01;35:*.xpm=01;35:*.tif=01;35:*.tiff=01;35:*.png=01;35:*.svg=01;35:*.svgz=01;35:*.mng=01;35:*.pcx=01;35:*.mov=01;35:*.mpg=01;35:*.mpeg=01;35:*.m2v=01;35:*.mkv=01;35:*.webm=01;35:*.webp=01;35:*.ogm=01;35:*.mp4=01;35:*.m4v=01;35:*.mp4v=01;35:*.vob=01;35:*.qt=01;35:*.nuv=01;35:*.wmv=01;35:*.asf=01;35:*.rm=01;35:*.rmvb=01;35:*.flc=01;35:*.avi=01;35:*.fli=01;35:*.flv=01;35:*.gl=01;35:*.dl=01;35:*.xcf=01;35:*.xwd=01;35:*.yuv=01;35:*.cgm=01;35:*.emf=01;35:*.ogv=01;35:*.ogx=01;35:*.aac=00;36:*.au=00;36:*.flac=00;36:*.m4a=00;36:*.mid=00;36:*.midi=00;36:*.mka=00;36:*.mp3=00;36:*.mpc=00;36:*.ogg=00;36:*.ra=00;36:*.wav=00;36:*.oga=00;36:*.opus=00;36:*.spx=00;36:*.xspf=00;36:'), ('ROS_DOMAIN_ID', '30'), ('AMENT_PREFIX_PATH', '/root/imu_ws/install/imu_tools:/root/imu_ws/install/rviz_imu_plugin:/root/imu_ws/install/imu_filter_madgwick:/root/imu_ws/install/imu_complementary_filter:/root/yahboomcar_ws/install/yahboomcar_visual:/root/yahboomcar_ws/install/yahboomcar_nav:/root/yahboomcar_ws/install/yahboomcar_msgs:/root/yahboomcar_ws/install/yahboomcar_mediapipe:/root/yahboomcar_ws/install/yahboomcar_laser:/root/yahboomcar_ws/install/yahboomcar_description:/root/yahboomcar_ws/install/yahboomcar_ctrl:/root/yahboomcar_ws/install/yahboomcar_bringup:/root/yahboomcar_ws/install/yahboomcar_base_node:/root/yahboomcar_ws/install/yahboomcar_astra:/root/yahboomcar_ws/install/yahboom_web_savmap_interfaces:/root/yahboomcar_ws/install/yahboom_app_save_map:/root/yahboomcar_ws/install/robot_pose_publisher_ros2:/root/yahboomcar_ws/install/robot_localization:/root/yahboomcar_ws/install/laserscan_to_point_publisher:/root/gmapping_ws/install/slam_gmapping:/root/gmapping_ws/install/openslam_gmapping:/opt/ros/humble'), ('PWD', '/root/yahboomcar_ws/build/robot_pose_publisher_ros2'), ('PYTHONPATH', '/root/yahboomcar_ws/install/yahboomcar_visual/lib/python3.10/site-packages:/root/yahboomcar_ws/install/yahboomcar_nav/lib/python3.10/site-packages:/root/yahboomcar_ws/install/yahboomcar_msgs/local/lib/python3.10/dist-packages:/root/yahboomcar_ws/install/yahboomcar_mediapipe/lib/python3.10/site-packages:/root/yahboomcar_ws/install/yahboomcar_laser/lib/python3.10/site-packages:/root/yahboomcar_ws/install/yahboomcar_description/lib/python3.10/site-packages:/root/yahboomcar_ws/install/yahboomcar_ctrl/lib/python3.10/site-packages:/root/yahboomcar_ws/install/yahboomcar_bringup/lib/python3.10/site-packages:/root/yahboomcar_ws/install/yahboomcar_astra/lib/python3.10/site-packages:/root/yahboomcar_ws/install/yahboom_web_savmap_interfaces/local/lib/python3.10/dist-packages:/root/yahboomcar_ws/install/yahboom_app_save_map/lib/python3.10/site-packages:/root/yahboomcar_ws/install/robot_localization/local/lib/python3.10/dist-packages:/root/yahboomcar_ws/install/laserscan_to_point_publisher/lib/python3.10/site-packages:/opt/ros/humble/lib/python3.10/site-packages:/opt/ros/humble/local/lib/python3.10/dist-packages'), ('COLCON', '1'), ('CMAKE_PREFIX_PATH', '/root/imu_ws/install/imu_tools:/root/imu_ws/install/rviz_imu_plugin:/root/imu_ws/install/imu_filter_madgwick:/root/imu_ws/install/imu_complementary_filter:/root/yahboomcar_ws/install/yahboomcar_msgs:/root/yahboomcar_ws/install/yahboomcar_base_node:/root/yahboomcar_ws/install/yahboom_web_savmap_interfaces:/root/yahboomcar_ws/install/robot_pose_publisher_ros2:/root/yahboomcar_ws/install/robot_localization:/root/gmapping_ws/install/slam_gmapping:/root/gmapping_ws/install/openslam_gmapping:/root/yahboomcar_ws/install/yahboomcar_visual:/root/yahboomcar_ws/install/yahboomcar_nav:/root/yahboomcar_ws/install/yahboomcar_mediapipe:/root/yahboomcar_ws/install/yahboomcar_laser:/root/yahboomcar_ws/install/yahboomcar_description:/root/yahboomcar_ws/install/yahboomcar_ctrl:/root/yahboomcar_ws/install/yahboomcar_bringup:/root/yahboomcar_ws/install/yahboomcar_astra:/root/yahboomcar_ws/install/yahboom_app_save_map:/root/yahboomcar_ws/install/laserscan_to_point_publisher:/opt/ros/humble')]), 'shell': False}
[1.002384] (-) TimerEvent: {}
[1.068579] (robot_localization) StdoutLine: {'line': b'[  8%] Built target robot_localization__rosidl_generator_c\n'}
[1.081894] (robot_pose_publisher_ros2) StdoutLine: {'line': b'[100%] Built target robot_pose_publisher\n'}
[1.091647] (robot_localization) StdoutLine: {'line': b'[  8%] Built target robot_localization__cpp\n'}
[1.102492] (-) TimerEvent: {}
[1.106399] (robot_localization) StdoutLine: {'line': b'[ 10%] Built target gtest_main\n'}
[1.136604] (robot_localization) StdoutLine: {'line': b'[ 10%] Built target ament_cmake_python_copy_robot_localization\n'}
[1.159228] (robot_localization) StdoutLine: {'line': b'[ 12%] Built target gtest\n'}
[1.174580] (robot_localization) StdoutLine: {'line': b'[ 19%] Built target robot_localization__rosidl_typesupport_cpp\n'}
[1.189314] (robot_localization) StdoutLine: {'line': b'[ 26%] Built target robot_localization__rosidl_typesupport_fastrtps_c\n'}
[1.201786] (robot_localization) StdoutLine: {'line': b'[ 33%] Built target robot_localization__rosidl_typesupport_fastrtps_cpp\n'}
[1.202576] (-) TimerEvent: {}
[1.230033] (robot_localization) StdoutLine: {'line': b'[ 40%] Built target robot_localization__rosidl_typesupport_introspection_c\n'}
[1.245044] (robot_localization) StdoutLine: {'line': b'[ 47%] Built target robot_localization__rosidl_typesupport_c\n'}
[1.259735] (robot_localization) StdoutLine: {'line': b'[ 54%] Built target robot_localization__rosidl_typesupport_introspection_cpp\n'}
[1.302744] (-) TimerEvent: {}
[1.310005] (robot_localization) StdoutLine: {'line': b'[ 54%] Built target robot_localization\n'}
[1.317988] (robot_localization) StdoutLine: {'line': b'[ 63%] Built target rl_lib\n'}
[1.359379] (robot_localization) StdoutLine: {'line': b'[ 64%] Built target robot_localization__py\n'}
[1.402863] (-) TimerEvent: {}
[1.412873] (robot_localization) StdoutLine: {'line': b'[ 65%] Built target ekf_node\n'}
[1.419542] (robot_localization) StdoutLine: {'line': b'[ 67%] Built target ukf_node\n'}
[1.446928] (robot_localization) StdoutLine: {'line': b'[ 69%] Built target navsat_transform_node\n'}
[1.495966] (robot_localization) StdoutLine: {'line': b'[ 71%] Built target robot_localization_listener_node\n'}
[1.503131] (-) TimerEvent: {}
[1.510989] (robot_localization) StdoutLine: {'line': b'[ 73%] Built target test_filter_base_diagnostics_timestamps\n'}
[1.519213] (robot_localization) StdoutLine: {'line': b'[ 75%] Built target filter_base-test\n'}
[1.587096] (robot_localization) StdoutLine: {'line': b'[ 77%] Built target test_ekf\n'}
[1.602784] (robot_localization) StdoutLine: {'line': b'[ 79%] Built target test_ekf_node_interfaces\n'}
[1.603237] (-) TimerEvent: {}
[1.619877] (robot_localization) StdoutLine: {'line': b'[ 81%] Built target test_ukf\n'}
[1.676847] (robot_localization) StdoutLine: {'line': b'[ 83%] Built target test_robot_localization_estimator\n'}
[1.677321] (robot_localization) StdoutLine: {'line': b'[ 84%] Built target test_ros_robot_localization_listener\n'}
[1.683647] (robot_localization) StdoutLine: {'line': b'[ 86%] Built target test_ukf_node_interfaces\n'}
[1.703595] (-) TimerEvent: {}
[1.727298] (robot_localization) StdoutLine: {'line': b'[ 92%] Built target robot_localization__rosidl_generator_py\n'}
[1.733931] (robot_localization) StdoutLine: {'line': b'[ 94%] Built target test_ros_robot_localization_listener_publisher\n'}
[1.785964] (robot_localization) StdoutLine: {'line': b'[ 96%] Built target robot_localization__rosidl_typesupport_fastrtps_c__pyext\n'}
[1.795555] (robot_localization) StdoutLine: {'line': b'running egg_info\n'}
[1.796211] (robot_localization) StdoutLine: {'line': b'[ 98%] Built target robot_localization__rosidl_typesupport_introspection_c__pyext\n'}
[1.797034] (robot_localization) StdoutLine: {'line': b'[100%] Built target robot_localization__rosidl_typesupport_c__pyext\n'}
[1.798148] (robot_localization) StdoutLine: {'line': b'writing robot_localization.egg-info/PKG-INFO\n'}
[1.798462] (robot_localization) StdoutLine: {'line': b'writing dependency_links to robot_localization.egg-info/dependency_links.txt\n'}
[1.798673] (robot_localization) StdoutLine: {'line': b'writing top-level names to robot_localization.egg-info/top_level.txt\n'}
[1.801714] (robot_localization) StdoutLine: {'line': b"reading manifest file 'robot_localization.egg-info/SOURCES.txt'\n"}
[1.802537] (robot_localization) StdoutLine: {'line': b"writing manifest file 'robot_localization.egg-info/SOURCES.txt'\n"}
[1.803656] (-) TimerEvent: {}
[1.842969] (robot_pose_publisher_ros2) CommandEnded: {'returncode': 0}
[1.892015] (robot_localization) StdoutLine: {'line': b'[100%] Built target ament_cmake_python_build_robot_localization_egg\n'}
[1.903832] (-) TimerEvent: {}
[1.913092] (robot_localization) CommandEnded: {'returncode': 0}
[1.936120] (robot_pose_publisher_ros2) JobProgress: {'identifier': 'robot_pose_publisher_ros2', 'progress': 'install'}
[1.954635] (robot_pose_publisher_ros2) Command: {'cmd': ['/usr/bin/cmake', '--install', '/root/yahboomcar_ws/build/robot_pose_publisher_ros2'], 'cwd': '/root/yahboomcar_ws/build/robot_pose_publisher_ros2', 'env': OrderedDict([('HOSTNAME', 'raspberrypi'), ('SHLVL', '1'), ('LD_LIBRARY_PATH', '/root/imu_ws/install/rviz_imu_plugin/lib:/root/imu_ws/install/imu_filter_madgwick/lib:/root/imu_ws/install/imu_complementary_filter/lib:/root/yahboomcar_ws/install/yahboomcar_msgs/lib:/root/yahboomcar_ws/install/yahboom_web_savmap_interfaces/lib:/root/yahboomcar_ws/install/robot_localization/lib:/root/gmapping_ws/install/openslam_gmapping/lib:/opt/ros/humble/opt/rviz_ogre_vendor/lib:/opt/ros/humble/lib/aarch64-linux-gnu:/opt/ros/humble/lib'), ('HOME', '/root'), ('OLDPWD', '/root'), ('ROS_PYTHON_VERSION', '3'), ('LC_CTYPE', 'C.UTF-8'), ('COLCON_PREFIX_PATH', '/root/yahboomcar_ws/install:/root/gmapping_ws/install:/root/imu_ws/install'), ('ROS_DISTRO', 'humble'), ('_', '/usr/bin/colcon'), ('ROS_VERSION', '2'), ('TERM', 'xterm'), ('ROS_LOCALHOST_ONLY', '0'), ('QT_X11_NO_MITSHM', '1'), ('PATH', '/opt/ros/humble/bin:/usr/local/sbin:/usr/local/bin:/usr/sbin:/usr/bin:/sbin:/bin'), ('DISPLAY', ':0'), ('LS_COLORS', 'rs=0:di=01;34:ln=01;36:mh=00:pi=40;33:so=01;35:do=01;35:bd=40;33;01:cd=40;33;01:or=40;31;01:mi=00:su=37;41:sg=30;43:ca=30;41:tw=30;42:ow=34;42:st=37;44:ex=01;32:*.tar=01;31:*.tgz=01;31:*.arc=01;31:*.arj=01;31:*.taz=01;31:*.lha=01;31:*.lz4=01;31:*.lzh=01;31:*.lzma=01;31:*.tlz=01;31:*.txz=01;31:*.tzo=01;31:*.t7z=01;31:*.zip=01;31:*.z=01;31:*.dz=01;31:*.gz=01;31:*.lrz=01;31:*.lz=01;31:*.lzo=01;31:*.xz=01;31:*.zst=01;31:*.tzst=01;31:*.bz2=01;31:*.bz=01;31:*.tbz=01;31:*.tbz2=01;31:*.tz=01;31:*.deb=01;31:*.rpm=01;31:*.jar=01;31:*.war=01;31:*.ear=01;31:*.sar=01;31:*.rar=01;31:*.alz=01;31:*.ace=01;31:*.zoo=01;31:*.cpio=01;31:*.7z=01;31:*.rz=01;31:*.cab=01;31:*.wim=01;31:*.swm=01;31:*.dwm=01;31:*.esd=01;31:*.jpg=01;35:*.jpeg=01;35:*.mjpg=01;35:*.mjpeg=01;35:*.gif=01;35:*.bmp=01;35:*.pbm=01;35:*.pgm=01;35:*.ppm=01;35:*.tga=01;35:*.xbm=01;35:*.xpm=01;35:*.tif=01;35:*.tiff=01;35:*.png=01;35:*.svg=01;35:*.svgz=01;35:*.mng=01;35:*.pcx=01;35:*.mov=01;35:*.mpg=01;35:*.mpeg=01;35:*.m2v=01;35:*.mkv=01;35:*.webm=01;35:*.webp=01;35:*.ogm=01;35:*.mp4=01;35:*.m4v=01;35:*.mp4v=01;35:*.vob=01;35:*.qt=01;35:*.nuv=01;35:*.wmv=01;35:*.asf=01;35:*.rm=01;35:*.rmvb=01;35:*.flc=01;35:*.avi=01;35:*.fli=01;35:*.flv=01;35:*.gl=01;35:*.dl=01;35:*.xcf=01;35:*.xwd=01;35:*.yuv=01;35:*.cgm=01;35:*.emf=01;35:*.ogv=01;35:*.ogx=01;35:*.aac=00;36:*.au=00;36:*.flac=00;36:*.m4a=00;36:*.mid=00;36:*.midi=00;36:*.mka=00;36:*.mp3=00;36:*.mpc=00;36:*.ogg=00;36:*.ra=00;36:*.wav=00;36:*.oga=00;36:*.opus=00;36:*.spx=00;36:*.xspf=00;36:'), ('ROS_DOMAIN_ID', '30'), ('AMENT_PREFIX_PATH', '/root/imu_ws/install/imu_tools:/root/imu_ws/install/rviz_imu_plugin:/root/imu_ws/install/imu_filter_madgwick:/root/imu_ws/install/imu_complementary_filter:/root/yahboomcar_ws/install/yahboomcar_visual:/root/yahboomcar_ws/install/yahboomcar_nav:/root/yahboomcar_ws/install/yahboomcar_msgs:/root/yahboomcar_ws/install/yahboomcar_mediapipe:/root/yahboomcar_ws/install/yahboomcar_laser:/root/yahboomcar_ws/install/yahboomcar_description:/root/yahboomcar_ws/install/yahboomcar_ctrl:/root/yahboomcar_ws/install/yahboomcar_bringup:/root/yahboomcar_ws/install/yahboomcar_base_node:/root/yahboomcar_ws/install/yahboomcar_astra:/root/yahboomcar_ws/install/yahboom_web_savmap_interfaces:/root/yahboomcar_ws/install/yahboom_app_save_map:/root/yahboomcar_ws/install/robot_pose_publisher_ros2:/root/yahboomcar_ws/install/robot_localization:/root/yahboomcar_ws/install/laserscan_to_point_publisher:/root/gmapping_ws/install/slam_gmapping:/root/gmapping_ws/install/openslam_gmapping:/opt/ros/humble'), ('PWD', '/root/yahboomcar_ws/build/robot_pose_publisher_ros2'), ('PYTHONPATH', '/root/yahboomcar_ws/install/yahboomcar_visual/lib/python3.10/site-packages:/root/yahboomcar_ws/install/yahboomcar_nav/lib/python3.10/site-packages:/root/yahboomcar_ws/install/yahboomcar_msgs/local/lib/python3.10/dist-packages:/root/yahboomcar_ws/install/yahboomcar_mediapipe/lib/python3.10/site-packages:/root/yahboomcar_ws/install/yahboomcar_laser/lib/python3.10/site-packages:/root/yahboomcar_ws/install/yahboomcar_description/lib/python3.10/site-packages:/root/yahboomcar_ws/install/yahboomcar_ctrl/lib/python3.10/site-packages:/root/yahboomcar_ws/install/yahboomcar_bringup/lib/python3.10/site-packages:/root/yahboomcar_ws/install/yahboomcar_astra/lib/python3.10/site-packages:/root/yahboomcar_ws/install/yahboom_web_savmap_interfaces/local/lib/python3.10/dist-packages:/root/yahboomcar_ws/install/yahboom_app_save_map/lib/python3.10/site-packages:/root/yahboomcar_ws/install/robot_localization/local/lib/python3.10/dist-packages:/root/yahboomcar_ws/install/laserscan_to_point_publisher/lib/python3.10/site-packages:/opt/ros/humble/lib/python3.10/site-packages:/opt/ros/humble/local/lib/python3.10/dist-packages'), ('COLCON', '1'), ('CMAKE_PREFIX_PATH', '/root/imu_ws/install/imu_tools:/root/imu_ws/install/rviz_imu_plugin:/root/imu_ws/install/imu_filter_madgwick:/root/imu_ws/install/imu_complementary_filter:/root/yahboomcar_ws/install/yahboomcar_msgs:/root/yahboomcar_ws/install/yahboomcar_base_node:/root/yahboomcar_ws/install/yahboom_web_savmap_interfaces:/root/yahboomcar_ws/install/robot_pose_publisher_ros2:/root/yahboomcar_ws/install/robot_localization:/root/gmapping_ws/install/slam_gmapping:/root/gmapping_ws/install/openslam_gmapping:/root/yahboomcar_ws/install/yahboomcar_visual:/root/yahboomcar_ws/install/yahboomcar_nav:/root/yahboomcar_ws/install/yahboomcar_mediapipe:/root/yahboomcar_ws/install/yahboomcar_laser:/root/yahboomcar_ws/install/yahboomcar_description:/root/yahboomcar_ws/install/yahboomcar_ctrl:/root/yahboomcar_ws/install/yahboomcar_bringup:/root/yahboomcar_ws/install/yahboomcar_astra:/root/yahboomcar_ws/install/yahboom_app_save_map:/root/yahboomcar_ws/install/laserscan_to_point_publisher:/opt/ros/humble')]), 'shell': False}
[1.972151] (robot_pose_publisher_ros2) StdoutLine: {'line': b'-- Install configuration: ""\n'}
[1.972549] (robot_pose_publisher_ros2) StdoutLine: {'line': b'-- Up-to-date: /root/yahboomcar_ws/install/robot_pose_publisher_ros2/lib/robot_pose_publisher_ros2/robot_pose_publisher\n'}
[1.972986] (robot_pose_publisher_ros2) StdoutLine: {'line': b'-- Up-to-date: /root/yahboomcar_ws/install/robot_pose_publisher_ros2/share/robot_pose_publisher_ros2/launch\n'}
[1.973400] (robot_pose_publisher_ros2) StdoutLine: {'line': b'-- Up-to-date: /root/yahboomcar_ws/install/robot_pose_publisher_ros2/share/robot_pose_publisher_ros2/launch/robot_pose_publisher_launch.py\n'}
[1.973768] (robot_pose_publisher_ros2) StdoutLine: {'line': b'-- Up-to-date: /root/yahboomcar_ws/install/robot_pose_publisher_ros2/share/ament_index/resource_index/package_run_dependencies/robot_pose_publisher_ros2\n'}
[1.974119] (robot_pose_publisher_ros2) StdoutLine: {'line': b'-- Up-to-date: /root/yahboomcar_ws/install/robot_pose_publisher_ros2/share/ament_index/resource_index/parent_prefix_path/robot_pose_publisher_ros2\n'}
[1.974285] (robot_pose_publisher_ros2) StdoutLine: {'line': b'-- Up-to-date: /root/yahboomcar_ws/install/robot_pose_publisher_ros2/share/robot_pose_publisher_ros2/environment/ament_prefix_path.sh\n'}
[1.974647] (robot_pose_publisher_ros2) StdoutLine: {'line': b'-- Up-to-date: /root/yahboomcar_ws/install/robot_pose_publisher_ros2/share/robot_pose_publisher_ros2/environment/ament_prefix_path.dsv\n'}
[1.975031] (robot_pose_publisher_ros2) StdoutLine: {'line': b'-- Up-to-date: /root/yahboomcar_ws/install/robot_pose_publisher_ros2/share/robot_pose_publisher_ros2/environment/path.sh\n'}
[1.975181] (robot_pose_publisher_ros2) StdoutLine: {'line': b'-- Up-to-date: /root/yahboomcar_ws/install/robot_pose_publisher_ros2/share/robot_pose_publisher_ros2/environment/path.dsv\n'}
[1.975290] (robot_pose_publisher_ros2) StdoutLine: {'line': b'-- Up-to-date: /root/yahboomcar_ws/install/robot_pose_publisher_ros2/share/robot_pose_publisher_ros2/local_setup.bash\n'}
[1.975426] (robot_pose_publisher_ros2) StdoutLine: {'line': b'-- Up-to-date: /root/yahboomcar_ws/install/robot_pose_publisher_ros2/share/robot_pose_publisher_ros2/local_setup.sh\n'}
[1.975549] (robot_pose_publisher_ros2) StdoutLine: {'line': b'-- Up-to-date: /root/yahboomcar_ws/install/robot_pose_publisher_ros2/share/robot_pose_publisher_ros2/local_setup.zsh\n'}
[1.975864] (robot_pose_publisher_ros2) StdoutLine: {'line': b'-- Up-to-date: /root/yahboomcar_ws/install/robot_pose_publisher_ros2/share/robot_pose_publisher_ros2/local_setup.dsv\n'}
[1.976025] (robot_pose_publisher_ros2) StdoutLine: {'line': b'-- Installing: /root/yahboomcar_ws/install/robot_pose_publisher_ros2/share/robot_pose_publisher_ros2/package.dsv\n'}
[1.976223] (robot_pose_publisher_ros2) StdoutLine: {'line': b'-- Up-to-date: /root/yahboomcar_ws/install/robot_pose_publisher_ros2/share/ament_index/resource_index/packages/robot_pose_publisher_ros2\n'}
[1.976416] (robot_pose_publisher_ros2) StdoutLine: {'line': b'-- Up-to-date: /root/yahboomcar_ws/install/robot_pose_publisher_ros2/share/robot_pose_publisher_ros2/cmake/robot_pose_publisher_ros2Config.cmake\n'}
[1.976920] (robot_pose_publisher_ros2) StdoutLine: {'line': b'-- Up-to-date: /root/yahboomcar_ws/install/robot_pose_publisher_ros2/share/robot_pose_publisher_ros2/cmake/robot_pose_publisher_ros2Config-version.cmake\n'}
[1.977806] (robot_pose_publisher_ros2) StdoutLine: {'line': b'-- Up-to-date: /root/yahboomcar_ws/install/robot_pose_publisher_ros2/share/robot_pose_publisher_ros2/package.xml\n'}
[1.978227] (robot_pose_publisher_ros2) CommandEnded: {'returncode': 0}
[2.003968] (-) TimerEvent: {}
[2.104931] (-) TimerEvent: {}
[2.206440] (-) TimerEvent: {}
[2.282269] (robot_pose_publisher_ros2) JobEnded: {'identifier': 'robot_pose_publisher_ros2', 'rc': 0}
[2.284945] (yahboom_web_savmap_interfaces) JobStarted: {'identifier': 'yahboom_web_savmap_interfaces'}
[2.306790] (-) TimerEvent: {}
[2.408595] (-) TimerEvent: {}
[2.443729] (robot_localization) JobProgress: {'identifier': 'robot_localization', 'progress': 'install'}
[2.444623] (robot_localization) Command: {'cmd': ['/usr/bin/cmake', '--install', '/root/yahboomcar_ws/build/robot_localization'], 'cwd': '/root/yahboomcar_ws/build/robot_localization', 'env': OrderedDict([('HOSTNAME', 'raspberrypi'), ('SHLVL', '1'), ('LD_LIBRARY_PATH', '/root/imu_ws/install/rviz_imu_plugin/lib:/root/imu_ws/install/imu_filter_madgwick/lib:/root/imu_ws/install/imu_complementary_filter/lib:/root/yahboomcar_ws/install/yahboomcar_msgs/lib:/root/yahboomcar_ws/install/yahboom_web_savmap_interfaces/lib:/root/yahboomcar_ws/install/robot_localization/lib:/root/gmapping_ws/install/openslam_gmapping/lib:/opt/ros/humble/opt/rviz_ogre_vendor/lib:/opt/ros/humble/lib/aarch64-linux-gnu:/opt/ros/humble/lib'), ('HOME', '/root'), ('OLDPWD', '/root'), ('ROS_PYTHON_VERSION', '3'), ('LC_CTYPE', 'C.UTF-8'), ('COLCON_PREFIX_PATH', '/root/yahboomcar_ws/install:/root/gmapping_ws/install:/root/imu_ws/install'), ('ROS_DISTRO', 'humble'), ('_', '/usr/bin/colcon'), ('ROS_VERSION', '2'), ('TERM', 'xterm'), ('ROS_LOCALHOST_ONLY', '0'), ('QT_X11_NO_MITSHM', '1'), ('PATH', '/opt/ros/humble/bin:/usr/local/sbin:/usr/local/bin:/usr/sbin:/usr/bin:/sbin:/bin'), ('DISPLAY', ':0'), ('LS_COLORS', 'rs=0:di=01;34:ln=01;36:mh=00:pi=40;33:so=01;35:do=01;35:bd=40;33;01:cd=40;33;01:or=40;31;01:mi=00:su=37;41:sg=30;43:ca=30;41:tw=30;42:ow=34;42:st=37;44:ex=01;32:*.tar=01;31:*.tgz=01;31:*.arc=01;31:*.arj=01;31:*.taz=01;31:*.lha=01;31:*.lz4=01;31:*.lzh=01;31:*.lzma=01;31:*.tlz=01;31:*.txz=01;31:*.tzo=01;31:*.t7z=01;31:*.zip=01;31:*.z=01;31:*.dz=01;31:*.gz=01;31:*.lrz=01;31:*.lz=01;31:*.lzo=01;31:*.xz=01;31:*.zst=01;31:*.tzst=01;31:*.bz2=01;31:*.bz=01;31:*.tbz=01;31:*.tbz2=01;31:*.tz=01;31:*.deb=01;31:*.rpm=01;31:*.jar=01;31:*.war=01;31:*.ear=01;31:*.sar=01;31:*.rar=01;31:*.alz=01;31:*.ace=01;31:*.zoo=01;31:*.cpio=01;31:*.7z=01;31:*.rz=01;31:*.cab=01;31:*.wim=01;31:*.swm=01;31:*.dwm=01;31:*.esd=01;31:*.jpg=01;35:*.jpeg=01;35:*.mjpg=01;35:*.mjpeg=01;35:*.gif=01;35:*.bmp=01;35:*.pbm=01;35:*.pgm=01;35:*.ppm=01;35:*.tga=01;35:*.xbm=01;35:*.xpm=01;35:*.tif=01;35:*.tiff=01;35:*.png=01;35:*.svg=01;35:*.svgz=01;35:*.mng=01;35:*.pcx=01;35:*.mov=01;35:*.mpg=01;35:*.mpeg=01;35:*.m2v=01;35:*.mkv=01;35:*.webm=01;35:*.webp=01;35:*.ogm=01;35:*.mp4=01;35:*.m4v=01;35:*.mp4v=01;35:*.vob=01;35:*.qt=01;35:*.nuv=01;35:*.wmv=01;35:*.asf=01;35:*.rm=01;35:*.rmvb=01;35:*.flc=01;35:*.avi=01;35:*.fli=01;35:*.flv=01;35:*.gl=01;35:*.dl=01;35:*.xcf=01;35:*.xwd=01;35:*.yuv=01;35:*.cgm=01;35:*.emf=01;35:*.ogv=01;35:*.ogx=01;35:*.aac=00;36:*.au=00;36:*.flac=00;36:*.m4a=00;36:*.mid=00;36:*.midi=00;36:*.mka=00;36:*.mp3=00;36:*.mpc=00;36:*.ogg=00;36:*.ra=00;36:*.wav=00;36:*.oga=00;36:*.opus=00;36:*.spx=00;36:*.xspf=00;36:'), ('ROS_DOMAIN_ID', '30'), ('AMENT_PREFIX_PATH', '/root/imu_ws/install/imu_tools:/root/imu_ws/install/rviz_imu_plugin:/root/imu_ws/install/imu_filter_madgwick:/root/imu_ws/install/imu_complementary_filter:/root/yahboomcar_ws/install/yahboomcar_visual:/root/yahboomcar_ws/install/yahboomcar_nav:/root/yahboomcar_ws/install/yahboomcar_msgs:/root/yahboomcar_ws/install/yahboomcar_mediapipe:/root/yahboomcar_ws/install/yahboomcar_laser:/root/yahboomcar_ws/install/yahboomcar_description:/root/yahboomcar_ws/install/yahboomcar_ctrl:/root/yahboomcar_ws/install/yahboomcar_bringup:/root/yahboomcar_ws/install/yahboomcar_base_node:/root/yahboomcar_ws/install/yahboomcar_astra:/root/yahboomcar_ws/install/yahboom_web_savmap_interfaces:/root/yahboomcar_ws/install/yahboom_app_save_map:/root/yahboomcar_ws/install/robot_pose_publisher_ros2:/root/yahboomcar_ws/install/robot_localization:/root/yahboomcar_ws/install/laserscan_to_point_publisher:/root/gmapping_ws/install/slam_gmapping:/root/gmapping_ws/install/openslam_gmapping:/opt/ros/humble'), ('PWD', '/root/yahboomcar_ws/build/robot_localization'), ('PYTHONPATH', '/root/yahboomcar_ws/install/yahboomcar_visual/lib/python3.10/site-packages:/root/yahboomcar_ws/install/yahboomcar_nav/lib/python3.10/site-packages:/root/yahboomcar_ws/install/yahboomcar_msgs/local/lib/python3.10/dist-packages:/root/yahboomcar_ws/install/yahboomcar_mediapipe/lib/python3.10/site-packages:/root/yahboomcar_ws/install/yahboomcar_laser/lib/python3.10/site-packages:/root/yahboomcar_ws/install/yahboomcar_description/lib/python3.10/site-packages:/root/yahboomcar_ws/install/yahboomcar_ctrl/lib/python3.10/site-packages:/root/yahboomcar_ws/install/yahboomcar_bringup/lib/python3.10/site-packages:/root/yahboomcar_ws/install/yahboomcar_astra/lib/python3.10/site-packages:/root/yahboomcar_ws/install/yahboom_web_savmap_interfaces/local/lib/python3.10/dist-packages:/root/yahboomcar_ws/install/yahboom_app_save_map/lib/python3.10/site-packages:/root/yahboomcar_ws/install/robot_localization/local/lib/python3.10/dist-packages:/root/yahboomcar_ws/install/laserscan_to_point_publisher/lib/python3.10/site-packages:/opt/ros/humble/lib/python3.10/site-packages:/opt/ros/humble/local/lib/python3.10/dist-packages'), ('COLCON', '1'), ('CMAKE_PREFIX_PATH', '/root/imu_ws/install/imu_tools:/root/imu_ws/install/rviz_imu_plugin:/root/imu_ws/install/imu_filter_madgwick:/root/imu_ws/install/imu_complementary_filter:/root/yahboomcar_ws/install/yahboomcar_msgs:/root/yahboomcar_ws/install/yahboomcar_base_node:/root/yahboomcar_ws/install/yahboom_web_savmap_interfaces:/root/yahboomcar_ws/install/robot_pose_publisher_ros2:/root/yahboomcar_ws/install/robot_localization:/root/gmapping_ws/install/slam_gmapping:/root/gmapping_ws/install/openslam_gmapping:/root/yahboomcar_ws/install/yahboomcar_visual:/root/yahboomcar_ws/install/yahboomcar_nav:/root/yahboomcar_ws/install/yahboomcar_mediapipe:/root/yahboomcar_ws/install/yahboomcar_laser:/root/yahboomcar_ws/install/yahboomcar_description:/root/yahboomcar_ws/install/yahboomcar_ctrl:/root/yahboomcar_ws/install/yahboomcar_bringup:/root/yahboomcar_ws/install/yahboomcar_astra:/root/yahboomcar_ws/install/yahboom_app_save_map:/root/yahboomcar_ws/install/laserscan_to_point_publisher:/opt/ros/humble')]), 'shell': False}
[2.467557] (yahboom_web_savmap_interfaces) JobProgress: {'identifier': 'yahboom_web_savmap_interfaces', 'progress': 'cmake'}
[2.467836] (robot_localization) StdoutLine: {'line': b'-- Install configuration: "RelWithDebInfo"\n'}
[2.468140] (robot_localization) StdoutLine: {'line': b'-- Up-to-date: /root/yahboomcar_ws/install/robot_localization/share/ament_index/resource_index/rosidl_interfaces/robot_localization\n'}
[2.468372] (robot_localization) StdoutLine: {'line': b'-- Up-to-date: /root/yahboomcar_ws/install/robot_localization/include/robot_localization/robot_localization\n'}
[2.468590] (robot_localization) StdoutLine: {'line': b'-- Up-to-date: /root/yahboomcar_ws/install/robot_localization/include/robot_localization/robot_localization/srv\n'}
[2.468784] (robot_localization) StdoutLine: {'line': b'-- Up-to-date: /root/yahboomcar_ws/install/robot_localization/include/robot_localization/robot_localization/srv/get_state.h\n'}
[2.468951] (robot_localization) StdoutLine: {'line': b'-- Up-to-date: /root/yahboomcar_ws/install/robot_localization/include/robot_localization/robot_localization/srv/set_datum.h\n'}
[2.469262] (robot_localization) StdoutLine: {'line': b'-- Up-to-date: /root/yahboomcar_ws/install/robot_localization/include/robot_localization/robot_localization/srv/set_pose.h\n'}
[2.469411] (robot_localization) StdoutLine: {'line': b'-- Up-to-date: /root/yahboomcar_ws/install/robot_localization/include/robot_localization/robot_localization/srv/to_ll.h\n'}
[2.469544] (robot_localization) StdoutLine: {'line': b'-- Up-to-date: /root/yahboomcar_ws/install/robot_localization/include/robot_localization/robot_localization/srv/from_ll.h\n'}
[2.469621] (robot_localization) StdoutLine: {'line': b'-- Up-to-date: /root/yahboomcar_ws/install/robot_localization/include/robot_localization/robot_localization/srv/detail\n'}
[2.469702] (robot_localization) StdoutLine: {'line': b'-- Up-to-date: /root/yahboomcar_ws/install/robot_localization/include/robot_localization/robot_localization/srv/detail/toggle_filter_processing__functions.c\n'}
[2.469864] (robot_localization) StdoutLine: {'line': b'-- Up-to-date: /root/yahboomcar_ws/install/robot_localization/include/robot_localization/robot_localization/srv/detail/set_datum__struct.h\n'}
[2.469960] (robot_localization) StdoutLine: {'line': b'-- Up-to-date: /root/yahboomcar_ws/install/robot_localization/include/robot_localization/robot_localization/srv/detail/from_ll__struct.h\n'}
[2.470039] (robot_localization) StdoutLine: {'line': b'-- Up-to-date: /root/yahboomcar_ws/install/robot_localization/include/robot_localization/robot_localization/srv/detail/toggle_filter_processing__type_support.h\n'}
[2.470142] (robot_localization) StdoutLine: {'line': b'-- Up-to-date: /root/yahboomcar_ws/install/robot_localization/include/robot_localization/robot_localization/srv/detail/from_ll__functions.c\n'}
[2.470727] (robot_localization) StdoutLine: {'line': b'-- Up-to-date: /root/yahboomcar_ws/install/robot_localization/include/robot_localization/robot_localization/srv/detail/set_pose__type_support.h\n'}
[2.470827] (robot_localization) StdoutLine: {'line': b'-- Up-to-date: /root/yahboomcar_ws/install/robot_localization/include/robot_localization/robot_localization/srv/detail/toggle_filter_processing__functions.h\n'}
[2.470969] (robot_localization) StdoutLine: {'line': b'-- Up-to-date: /root/yahboomcar_ws/install/robot_localization/include/robot_localization/robot_localization/srv/detail/set_datum__functions.c\n'}
[2.471049] (robot_localization) StdoutLine: {'line': b'-- Up-to-date: /root/yahboomcar_ws/install/robot_localization/include/robot_localization/robot_localization/srv/detail/set_pose__functions.h\n'}
[2.471119] (robot_localization) StdoutLine: {'line': b'-- Up-to-date: /root/yahboomcar_ws/install/robot_localization/include/robot_localization/robot_localization/srv/detail/get_state__type_support.h\n'}
[2.471221] (robot_localization) StdoutLine: {'line': b'-- Up-to-date: /root/yahboomcar_ws/install/robot_localization/include/robot_localization/robot_localization/srv/detail/get_state__functions.c\n'}
[2.471404] (robot_localization) StdoutLine: {'line': b'-- Up-to-date: /root/yahboomcar_ws/install/robot_localization/include/robot_localization/robot_localization/srv/detail/to_ll__functions.h\n'}
[2.471589] (robot_localization) StdoutLine: {'line': b'-- Up-to-date: /root/yahboomcar_ws/install/robot_localization/include/robot_localization/robot_localization/srv/detail/to_ll__struct.h\n'}
[2.471739] (robot_localization) StdoutLine: {'line': b'-- Up-to-date: /root/yahboomcar_ws/install/robot_localization/include/robot_localization/robot_localization/srv/detail/to_ll__functions.c\n'}
[2.471956] (robot_localization) StdoutLine: {'line': b'-- Up-to-date: /root/yahboomcar_ws/install/robot_localization/include/robot_localization/robot_localization/srv/detail/set_datum__functions.h\n'}
[2.472095] (robot_localization) StdoutLine: {'line': b'-- Up-to-date: /root/yahboomcar_ws/install/robot_localization/include/robot_localization/robot_localization/srv/detail/set_datum__type_support.h\n'}
[2.472235] (robot_localization) StdoutLine: {'line': b'-- Up-to-date: /root/yahboomcar_ws/install/robot_localization/include/robot_localization/robot_localization/srv/detail/get_state__struct.h\n'}
[2.472410] (robot_localization) StdoutLine: {'line': b'-- Up-to-date: /root/yahboomcar_ws/install/robot_localization/include/robot_localization/robot_localization/srv/detail/set_pose__struct.h\n'}
[2.472497] (robot_localization) StdoutLine: {'line': b'-- Up-to-date: /root/yahboomcar_ws/install/robot_localization/include/robot_localization/robot_localization/srv/detail/set_pose__functions.c\n'}
[2.472682] (robot_localization) StdoutLine: {'line': b'-- Up-to-date: /root/yahboomcar_ws/install/robot_localization/include/robot_localization/robot_localization/srv/detail/get_state__functions.h\n'}
[2.472778] (robot_localization) StdoutLine: {'line': b'-- Up-to-date: /root/yahboomcar_ws/install/robot_localization/include/robot_localization/robot_localization/srv/detail/from_ll__functions.h\n'}
[2.472857] (robot_localization) StdoutLine: {'line': b'-- Up-to-date: /root/yahboomcar_ws/install/robot_localization/include/robot_localization/robot_localization/srv/detail/to_ll__type_support.h\n'}
[2.472941] (robot_localization) StdoutLine: {'line': b'-- Up-to-date: /root/yahboomcar_ws/install/robot_localization/include/robot_localization/robot_localization/srv/detail/from_ll__type_support.h\n'}
[2.473059] (robot_localization) StdoutLine: {'line': b'-- Up-to-date: /root/yahboomcar_ws/install/robot_localization/include/robot_localization/robot_localization/srv/detail/toggle_filter_processing__struct.h\n'}
[2.473177] (robot_localization) StdoutLine: {'line': b'-- Up-to-date: /root/yahboomcar_ws/install/robot_localization/include/robot_localization/robot_localization/srv/toggle_filter_processing.h\n'}
[2.473271] (robot_localization) StdoutLine: {'line': b'-- Up-to-date: /root/yahboomcar_ws/install/robot_localization/include/robot_localization/robot_localization/msg\n'}
[2.473339] (robot_localization) StdoutLine: {'line': b'-- Up-to-date: /root/yahboomcar_ws/install/robot_localization/include/robot_localization/robot_localization/msg/rosidl_generator_c__visibility_control.h\n'}
[2.473406] (robot_localization) StdoutLine: {'line': b'-- Up-to-date: /root/yahboomcar_ws/install/robot_localization/share/robot_localization/environment/library_path.sh\n'}
[2.473483] (robot_localization) StdoutLine: {'line': b'-- Up-to-date: /root/yahboomcar_ws/install/robot_localization/share/robot_localization/environment/library_path.dsv\n'}
[2.473730] (robot_localization) StdoutLine: {'line': b'-- Up-to-date: /root/yahboomcar_ws/install/robot_localization/lib/librobot_localization__rosidl_generator_c.so\n'}
[2.475673] (robot_localization) StdoutLine: {'line': b'-- Up-to-date: /root/yahboomcar_ws/install/robot_localization/include/robot_localization/robot_localization\n'}
[2.476599] (robot_localization) StdoutLine: {'line': b'-- Up-to-date: /root/yahboomcar_ws/install/robot_localization/include/robot_localization/robot_localization/srv\n'}
[2.476778] (robot_localization) StdoutLine: {'line': b'-- Up-to-date: /root/yahboomcar_ws/install/robot_localization/include/robot_localization/robot_localization/srv/detail\n'}
[2.476875] (robot_localization) StdoutLine: {'line': b'-- Up-to-date: /root/yahboomcar_ws/install/robot_localization/include/robot_localization/robot_localization/srv/detail/set_pose__rosidl_typesupport_fastrtps_c.h\n'}
[2.476958] (robot_localization) StdoutLine: {'line': b'-- Up-to-date: /root/yahboomcar_ws/install/robot_localization/include/robot_localization/robot_localization/srv/detail/from_ll__rosidl_typesupport_fastrtps_c.h\n'}
[2.477046] (robot_localization) StdoutLine: {'line': b'-- Up-to-date: /root/yahboomcar_ws/install/robot_localization/include/robot_localization/robot_localization/srv/detail/toggle_filter_processing__rosidl_typesupport_fastrtps_c.h\n'}
[2.477213] (robot_localization) StdoutLine: {'line': b'-- Up-to-date: /root/yahboomcar_ws/install/robot_localization/include/robot_localization/robot_localization/srv/detail/get_state__rosidl_typesupport_fastrtps_c.h\n'}
[2.477419] (robot_localization) StdoutLine: {'line': b'-- Up-to-date: /root/yahboomcar_ws/install/robot_localization/include/robot_localization/robot_localization/srv/detail/to_ll__rosidl_typesupport_fastrtps_c.h\n'}
[2.477532] (robot_localization) StdoutLine: {'line': b'-- Up-to-date: /root/yahboomcar_ws/install/robot_localization/include/robot_localization/robot_localization/srv/detail/set_datum__rosidl_typesupport_fastrtps_c.h\n'}
[2.477664] (robot_localization) StdoutLine: {'line': b'-- Up-to-date: /root/yahboomcar_ws/install/robot_localization/include/robot_localization/robot_localization/msg\n'}
[2.477835] (robot_localization) StdoutLine: {'line': b'-- Up-to-date: /root/yahboomcar_ws/install/robot_localization/include/robot_localization/robot_localization/msg/rosidl_typesupport_fastrtps_c__visibility_control.h\n'}
[2.478065] (robot_localization) StdoutLine: {'line': b'-- Up-to-date: /root/yahboomcar_ws/install/robot_localization/lib/librobot_localization__rosidl_typesupport_fastrtps_c.so\n'}
[2.478189] (robot_localization) StdoutLine: {'line': b'-- Up-to-date: /root/yahboomcar_ws/install/robot_localization/include/robot_localization/robot_localization\n'}
[2.478285] (robot_localization) StdoutLine: {'line': b'-- Up-to-date: /root/yahboomcar_ws/install/robot_localization/include/robot_localization/robot_localization/srv\n'}
[2.478382] (robot_localization) StdoutLine: {'line': b'-- Up-to-date: /root/yahboomcar_ws/install/robot_localization/include/robot_localization/robot_localization/srv/toggle_filter_processing.hpp\n'}
[2.478554] (robot_localization) StdoutLine: {'line': b'-- Up-to-date: /root/yahboomcar_ws/install/robot_localization/include/robot_localization/robot_localization/srv/detail\n'}
[2.478653] (robot_localization) StdoutLine: {'line': b'-- Up-to-date: /root/yahboomcar_ws/install/robot_localization/include/robot_localization/robot_localization/srv/detail/to_ll__builder.hpp\n'}
[2.478810] (robot_localization) StdoutLine: {'line': b'-- Up-to-date: /root/yahboomcar_ws/install/robot_localization/include/robot_localization/robot_localization/srv/detail/set_pose__builder.hpp\n'}
[2.478936] (robot_localization) StdoutLine: {'line': b'-- Up-to-date: /root/yahboomcar_ws/install/robot_localization/include/robot_localization/robot_localization/srv/detail/get_state__struct.hpp\n'}
[2.479055] (robot_localization) StdoutLine: {'line': b'-- Up-to-date: /root/yahboomcar_ws/install/robot_localization/include/robot_localization/robot_localization/srv/detail/set_datum__builder.hpp\n'}
[2.479244] (robot_localization) StdoutLine: {'line': b'-- Up-to-date: /root/yahboomcar_ws/install/robot_localization/include/robot_localization/robot_localization/srv/detail/to_ll__struct.hpp\n'}
[2.479378] (robot_localization) StdoutLine: {'line': b'-- Up-to-date: /root/yahboomcar_ws/install/robot_localization/include/robot_localization/robot_localization/srv/detail/set_datum__traits.hpp\n'}
[2.479488] (robot_localization) StdoutLine: {'line': b'-- Up-to-date: /root/yahboomcar_ws/install/robot_localization/include/robot_localization/robot_localization/srv/detail/get_state__builder.hpp\n'}
[2.479705] (robot_localization) StdoutLine: {'line': b'-- Up-to-date: /root/yahboomcar_ws/install/robot_localization/include/robot_localization/robot_localization/srv/detail/toggle_filter_processing__traits.hpp\n'}
[2.479930] (robot_localization) StdoutLine: {'line': b'-- Up-to-date: /root/yahboomcar_ws/install/robot_localization/include/robot_localization/robot_localization/srv/detail/set_pose__traits.hpp\n'}
[2.480320] (robot_localization) StdoutLine: {'line': b'-- Up-to-date: /root/yahboomcar_ws/install/robot_localization/include/robot_localization/robot_localization/srv/detail/toggle_filter_processing__struct.hpp\n'}
[2.480659] (robot_localization) StdoutLine: {'line': b'-- Up-to-date: /root/yahboomcar_ws/install/robot_localization/include/robot_localization/robot_localization/srv/detail/from_ll__struct.hpp\n'}
[2.480871] (robot_localization) StdoutLine: {'line': b'-- Up-to-date: /root/yahboomcar_ws/install/robot_localization/include/robot_localization/robot_localization/srv/detail/from_ll__traits.hpp\n'}
[2.481089] (robot_localization) StdoutLine: {'line': b'-- Up-to-date: /root/yahboomcar_ws/install/robot_localization/include/robot_localization/robot_localization/srv/detail/get_state__traits.hpp\n'}
[2.481673] (robot_localization) StdoutLine: {'line': b'-- Up-to-date: /root/yahboomcar_ws/install/robot_localization/include/robot_localization/robot_localization/srv/detail/set_datum__struct.hpp\n'}
[2.481834] (robot_localization) StdoutLine: {'line': b'-- Up-to-date: /root/yahboomcar_ws/install/robot_localization/include/robot_localization/robot_localization/srv/detail/to_ll__traits.hpp\n'}
[2.481976] (robot_localization) StdoutLine: {'line': b'-- Up-to-date: /root/yahboomcar_ws/install/robot_localization/include/robot_localization/robot_localization/srv/detail/from_ll__builder.hpp\n'}
[2.482066] (robot_localization) StdoutLine: {'line': b'-- Up-to-date: /root/yahboomcar_ws/install/robot_localization/include/robot_localization/robot_localization/srv/detail/set_pose__struct.hpp\n'}
[2.482143] (robot_localization) StdoutLine: {'line': b'-- Up-to-date: /root/yahboomcar_ws/install/robot_localization/include/robot_localization/robot_localization/srv/detail/toggle_filter_processing__builder.hpp\n'}
[2.482221] (robot_localization) StdoutLine: {'line': b'-- Up-to-date: /root/yahboomcar_ws/install/robot_localization/include/robot_localization/robot_localization/srv/set_pose.hpp\n'}
[2.482310] (robot_localization) StdoutLine: {'line': b'-- Up-to-date: /root/yahboomcar_ws/install/robot_localization/include/robot_localization/robot_localization/srv/get_state.hpp\n'}
[2.482439] (robot_localization) StdoutLine: {'line': b'-- Up-to-date: /root/yahboomcar_ws/install/robot_localization/include/robot_localization/robot_localization/srv/set_datum.hpp\n'}
[2.482543] (robot_localization) StdoutLine: {'line': b'-- Up-to-date: /root/yahboomcar_ws/install/robot_localization/include/robot_localization/robot_localization/srv/from_ll.hpp\n'}
[2.482654] (robot_localization) StdoutLine: {'line': b'-- Up-to-date: /root/yahboomcar_ws/install/robot_localization/include/robot_localization/robot_localization/srv/to_ll.hpp\n'}
[2.482761] (robot_localization) StdoutLine: {'line': b'-- Up-to-date: /root/yahboomcar_ws/install/robot_localization/include/robot_localization/robot_localization\n'}
[2.483095] (robot_localization) StdoutLine: {'line': b'-- Up-to-date: /root/yahboomcar_ws/install/robot_localization/include/robot_localization/robot_localization/srv\n'}
[2.483240] (robot_localization) StdoutLine: {'line': b'-- Up-to-date: /root/yahboomcar_ws/install/robot_localization/include/robot_localization/robot_localization/srv/detail\n'}
[2.483359] (robot_localization) StdoutLine: {'line': b'-- Up-to-date: /root/yahboomcar_ws/install/robot_localization/include/robot_localization/robot_localization/srv/detail/set_pose__rosidl_typesupport_fastrtps_cpp.hpp\n'}
[2.483496] (robot_localization) StdoutLine: {'line': b'-- Up-to-date: /root/yahboomcar_ws/install/robot_localization/include/robot_localization/robot_localization/srv/detail/set_datum__rosidl_typesupport_fastrtps_cpp.hpp\n'}
[2.483628] (robot_localization) StdoutLine: {'line': b'-- Up-to-date: /root/yahboomcar_ws/install/robot_localization/include/robot_localization/robot_localization/srv/detail/get_state__rosidl_typesupport_fastrtps_cpp.hpp\n'}
[2.483912] (robot_localization) StdoutLine: {'line': b'-- Up-to-date: /root/yahboomcar_ws/install/robot_localization/include/robot_localization/robot_localization/srv/detail/to_ll__rosidl_typesupport_fastrtps_cpp.hpp\n'}
[2.484062] (robot_localization) StdoutLine: {'line': b'-- Up-to-date: /root/yahboomcar_ws/install/robot_localization/include/robot_localization/robot_localization/srv/detail/toggle_filter_processing__rosidl_typesupport_fastrtps_cpp.hpp\n'}
[2.484192] (robot_localization) StdoutLine: {'line': b'-- Up-to-date: /root/yahboomcar_ws/install/robot_localization/include/robot_localization/robot_localization/srv/detail/from_ll__rosidl_typesupport_fastrtps_cpp.hpp\n'}
[2.484330] (robot_localization) StdoutLine: {'line': b'-- Up-to-date: /root/yahboomcar_ws/install/robot_localization/include/robot_localization/robot_localization/srv/detail/dds_fastrtps\n'}
[2.484470] (robot_localization) StdoutLine: {'line': b'-- Up-to-date: /root/yahboomcar_ws/install/robot_localization/include/robot_localization/robot_localization/msg\n'}
[2.484593] (robot_localization) StdoutLine: {'line': b'-- Up-to-date: /root/yahboomcar_ws/install/robot_localization/include/robot_localization/robot_localization/msg/rosidl_typesupport_fastrtps_cpp__visibility_control.h\n'}
[2.484714] (robot_localization) StdoutLine: {'line': b'-- Up-to-date: /root/yahboomcar_ws/install/robot_localization/lib/librobot_localization__rosidl_typesupport_fastrtps_cpp.so\n'}
[2.484861] (robot_localization) StdoutLine: {'line': b'-- Up-to-date: /root/yahboomcar_ws/install/robot_localization/include/robot_localization/robot_localization\n'}
[2.484993] (robot_localization) StdoutLine: {'line': b'-- Up-to-date: /root/yahboomcar_ws/install/robot_localization/include/robot_localization/robot_localization/srv\n'}
[2.485174] (robot_localization) StdoutLine: {'line': b'-- Up-to-date: /root/yahboomcar_ws/install/robot_localization/include/robot_localization/robot_localization/srv/detail\n'}
[2.485399] (robot_localization) StdoutLine: {'line': b'-- Up-to-date: /root/yahboomcar_ws/install/robot_localization/include/robot_localization/robot_localization/srv/detail/from_ll__rosidl_typesupport_introspection_c.h\n'}
[2.485612] (robot_localization) StdoutLine: {'line': b'-- Up-to-date: /root/yahboomcar_ws/install/robot_localization/include/robot_localization/robot_localization/srv/detail/set_datum__type_support.c\n'}
[2.485786] (robot_localization) StdoutLine: {'line': b'-- Up-to-date: /root/yahboomcar_ws/install/robot_localization/include/robot_localization/robot_localization/srv/detail/set_pose__type_support.c\n'}
[2.485915] (robot_localization) StdoutLine: {'line': b'-- Up-to-date: /root/yahboomcar_ws/install/robot_localization/include/robot_localization/robot_localization/srv/detail/get_state__type_support.c\n'}
[2.486080] (robot_localization) StdoutLine: {'line': b'-- Up-to-date: /root/yahboomcar_ws/install/robot_localization/include/robot_localization/robot_localization/srv/detail/set_datum__rosidl_typesupport_introspection_c.h\n'}
[2.486274] (robot_localization) StdoutLine: {'line': b'-- Up-to-date: /root/yahboomcar_ws/install/robot_localization/include/robot_localization/robot_localization/srv/detail/to_ll__type_support.c\n'}
[2.486437] (robot_localization) StdoutLine: {'line': b'-- Up-to-date: /root/yahboomcar_ws/install/robot_localization/include/robot_localization/robot_localization/srv/detail/from_ll__type_support.c\n'}
[2.486591] (robot_localization) StdoutLine: {'line': b'-- Up-to-date: /root/yahboomcar_ws/install/robot_localization/include/robot_localization/robot_localization/srv/detail/to_ll__rosidl_typesupport_introspection_c.h\n'}
[2.486725] (robot_localization) StdoutLine: {'line': b'-- Up-to-date: /root/yahboomcar_ws/install/robot_localization/include/robot_localization/robot_localization/srv/detail/set_pose__rosidl_typesupport_introspection_c.h\n'}
[2.486874] (robot_localization) StdoutLine: {'line': b'-- Up-to-date: /root/yahboomcar_ws/install/robot_localization/include/robot_localization/robot_localization/srv/detail/get_state__rosidl_typesupport_introspection_c.h\n'}
[2.487077] (robot_localization) StdoutLine: {'line': b'-- Up-to-date: /root/yahboomcar_ws/install/robot_localization/include/robot_localization/robot_localization/srv/detail/toggle_filter_processing__type_support.c\n'}
[2.487307] (robot_localization) StdoutLine: {'line': b'-- Up-to-date: /root/yahboomcar_ws/install/robot_localization/include/robot_localization/robot_localization/srv/detail/toggle_filter_processing__rosidl_typesupport_introspection_c.h\n'}
[2.487462] (robot_localization) StdoutLine: {'line': b'-- Up-to-date: /root/yahboomcar_ws/install/robot_localization/include/robot_localization/robot_localization/msg\n'}
[2.487603] (robot_localization) StdoutLine: {'line': b'-- Up-to-date: /root/yahboomcar_ws/install/robot_localization/include/robot_localization/robot_localization/msg/rosidl_typesupport_introspection_c__visibility_control.h\n'}
[2.487767] (yahboom_web_savmap_interfaces) JobProgress: {'identifier': 'yahboom_web_savmap_interfaces', 'progress': 'build'}
[2.487812] (robot_localization) StdoutLine: {'line': b'-- Up-to-date: /root/yahboomcar_ws/install/robot_localization/lib/librobot_localization__rosidl_typesupport_introspection_c.so\n'}
[2.487959] (yahboom_web_savmap_interfaces) Command: {'cmd': ['/usr/bin/cmake', '--build', '/root/yahboomcar_ws/build/yahboom_web_savmap_interfaces', '--', '-j4', '-l4'], 'cwd': '/root/yahboomcar_ws/build/yahboom_web_savmap_interfaces', 'env': OrderedDict([('HOSTNAME', 'raspberrypi'), ('SHLVL', '1'), ('LD_LIBRARY_PATH', '/root/imu_ws/install/rviz_imu_plugin/lib:/root/imu_ws/install/imu_filter_madgwick/lib:/root/imu_ws/install/imu_complementary_filter/lib:/root/yahboomcar_ws/install/yahboomcar_msgs/lib:/root/yahboomcar_ws/install/yahboom_web_savmap_interfaces/lib:/root/yahboomcar_ws/install/robot_localization/lib:/root/gmapping_ws/install/openslam_gmapping/lib:/opt/ros/humble/opt/rviz_ogre_vendor/lib:/opt/ros/humble/lib/aarch64-linux-gnu:/opt/ros/humble/lib'), ('HOME', '/root'), ('OLDPWD', '/root'), ('ROS_PYTHON_VERSION', '3'), ('LC_CTYPE', 'C.UTF-8'), ('COLCON_PREFIX_PATH', '/root/yahboomcar_ws/install:/root/gmapping_ws/install:/root/imu_ws/install'), ('ROS_DISTRO', 'humble'), ('_', '/usr/bin/colcon'), ('ROS_VERSION', '2'), ('TERM', 'xterm'), ('ROS_LOCALHOST_ONLY', '0'), ('QT_X11_NO_MITSHM', '1'), ('PATH', '/opt/ros/humble/bin:/usr/local/sbin:/usr/local/bin:/usr/sbin:/usr/bin:/sbin:/bin'), ('DISPLAY', ':0'), ('LS_COLORS', 'rs=0:di=01;34:ln=01;36:mh=00:pi=40;33:so=01;35:do=01;35:bd=40;33;01:cd=40;33;01:or=40;31;01:mi=00:su=37;41:sg=30;43:ca=30;41:tw=30;42:ow=34;42:st=37;44:ex=01;32:*.tar=01;31:*.tgz=01;31:*.arc=01;31:*.arj=01;31:*.taz=01;31:*.lha=01;31:*.lz4=01;31:*.lzh=01;31:*.lzma=01;31:*.tlz=01;31:*.txz=01;31:*.tzo=01;31:*.t7z=01;31:*.zip=01;31:*.z=01;31:*.dz=01;31:*.gz=01;31:*.lrz=01;31:*.lz=01;31:*.lzo=01;31:*.xz=01;31:*.zst=01;31:*.tzst=01;31:*.bz2=01;31:*.bz=01;31:*.tbz=01;31:*.tbz2=01;31:*.tz=01;31:*.deb=01;31:*.rpm=01;31:*.jar=01;31:*.war=01;31:*.ear=01;31:*.sar=01;31:*.rar=01;31:*.alz=01;31:*.ace=01;31:*.zoo=01;31:*.cpio=01;31:*.7z=01;31:*.rz=01;31:*.cab=01;31:*.wim=01;31:*.swm=01;31:*.dwm=01;31:*.esd=01;31:*.jpg=01;35:*.jpeg=01;35:*.mjpg=01;35:*.mjpeg=01;35:*.gif=01;35:*.bmp=01;35:*.pbm=01;35:*.pgm=01;35:*.ppm=01;35:*.tga=01;35:*.xbm=01;35:*.xpm=01;35:*.tif=01;35:*.tiff=01;35:*.png=01;35:*.svg=01;35:*.svgz=01;35:*.mng=01;35:*.pcx=01;35:*.mov=01;35:*.mpg=01;35:*.mpeg=01;35:*.m2v=01;35:*.mkv=01;35:*.webm=01;35:*.webp=01;35:*.ogm=01;35:*.mp4=01;35:*.m4v=01;35:*.mp4v=01;35:*.vob=01;35:*.qt=01;35:*.nuv=01;35:*.wmv=01;35:*.asf=01;35:*.rm=01;35:*.rmvb=01;35:*.flc=01;35:*.avi=01;35:*.fli=01;35:*.flv=01;35:*.gl=01;35:*.dl=01;35:*.xcf=01;35:*.xwd=01;35:*.yuv=01;35:*.cgm=01;35:*.emf=01;35:*.ogv=01;35:*.ogx=01;35:*.aac=00;36:*.au=00;36:*.flac=00;36:*.m4a=00;36:*.mid=00;36:*.midi=00;36:*.mka=00;36:*.mp3=00;36:*.mpc=00;36:*.ogg=00;36:*.ra=00;36:*.wav=00;36:*.oga=00;36:*.opus=00;36:*.spx=00;36:*.xspf=00;36:'), ('ROS_DOMAIN_ID', '30'), ('AMENT_PREFIX_PATH', '/root/imu_ws/install/imu_tools:/root/imu_ws/install/rviz_imu_plugin:/root/imu_ws/install/imu_filter_madgwick:/root/imu_ws/install/imu_complementary_filter:/root/yahboomcar_ws/install/yahboomcar_visual:/root/yahboomcar_ws/install/yahboomcar_nav:/root/yahboomcar_ws/install/yahboomcar_msgs:/root/yahboomcar_ws/install/yahboomcar_mediapipe:/root/yahboomcar_ws/install/yahboomcar_laser:/root/yahboomcar_ws/install/yahboomcar_description:/root/yahboomcar_ws/install/yahboomcar_ctrl:/root/yahboomcar_ws/install/yahboomcar_bringup:/root/yahboomcar_ws/install/yahboomcar_base_node:/root/yahboomcar_ws/install/yahboomcar_astra:/root/yahboomcar_ws/install/yahboom_web_savmap_interfaces:/root/yahboomcar_ws/install/yahboom_app_save_map:/root/yahboomcar_ws/install/robot_pose_publisher_ros2:/root/yahboomcar_ws/install/robot_localization:/root/yahboomcar_ws/install/laserscan_to_point_publisher:/root/gmapping_ws/install/slam_gmapping:/root/gmapping_ws/install/openslam_gmapping:/opt/ros/humble'), ('PWD', '/root/yahboomcar_ws/build/yahboom_web_savmap_interfaces'), ('PYTHONPATH', '/root/yahboomcar_ws/install/yahboomcar_visual/lib/python3.10/site-packages:/root/yahboomcar_ws/install/yahboomcar_nav/lib/python3.10/site-packages:/root/yahboomcar_ws/install/yahboomcar_msgs/local/lib/python3.10/dist-packages:/root/yahboomcar_ws/install/yahboomcar_mediapipe/lib/python3.10/site-packages:/root/yahboomcar_ws/install/yahboomcar_laser/lib/python3.10/site-packages:/root/yahboomcar_ws/install/yahboomcar_description/lib/python3.10/site-packages:/root/yahboomcar_ws/install/yahboomcar_ctrl/lib/python3.10/site-packages:/root/yahboomcar_ws/install/yahboomcar_bringup/lib/python3.10/site-packages:/root/yahboomcar_ws/install/yahboomcar_astra/lib/python3.10/site-packages:/root/yahboomcar_ws/install/yahboom_web_savmap_interfaces/local/lib/python3.10/dist-packages:/root/yahboomcar_ws/install/yahboom_app_save_map/lib/python3.10/site-packages:/root/yahboomcar_ws/install/robot_localization/local/lib/python3.10/dist-packages:/root/yahboomcar_ws/install/laserscan_to_point_publisher/lib/python3.10/site-packages:/opt/ros/humble/lib/python3.10/site-packages:/opt/ros/humble/local/lib/python3.10/dist-packages'), ('COLCON', '1'), ('CMAKE_PREFIX_PATH', '/root/imu_ws/install/imu_tools:/root/imu_ws/install/rviz_imu_plugin:/root/imu_ws/install/imu_filter_madgwick:/root/imu_ws/install/imu_complementary_filter:/root/yahboomcar_ws/install/yahboomcar_msgs:/root/yahboomcar_ws/install/yahboomcar_base_node:/root/yahboomcar_ws/install/yahboom_web_savmap_interfaces:/root/yahboomcar_ws/install/robot_pose_publisher_ros2:/root/yahboomcar_ws/install/robot_localization:/root/gmapping_ws/install/slam_gmapping:/root/gmapping_ws/install/openslam_gmapping:/root/yahboomcar_ws/install/yahboomcar_visual:/root/yahboomcar_ws/install/yahboomcar_nav:/root/yahboomcar_ws/install/yahboomcar_mediapipe:/root/yahboomcar_ws/install/yahboomcar_laser:/root/yahboomcar_ws/install/yahboomcar_description:/root/yahboomcar_ws/install/yahboomcar_ctrl:/root/yahboomcar_ws/install/yahboomcar_bringup:/root/yahboomcar_ws/install/yahboomcar_astra:/root/yahboomcar_ws/install/yahboom_app_save_map:/root/yahboomcar_ws/install/laserscan_to_point_publisher:/opt/ros/humble')]), 'shell': False}
[2.489806] (robot_localization) StdoutLine: {'line': b'-- Up-to-date: /root/yahboomcar_ws/install/robot_localization/lib/librobot_localization__rosidl_typesupport_c.so\n'}
[2.490041] (robot_localization) StdoutLine: {'line': b'-- Up-to-date: /root/yahboomcar_ws/install/robot_localization/include/robot_localization/robot_localization\n'}
[2.490178] (robot_localization) StdoutLine: {'line': b'-- Up-to-date: /root/yahboomcar_ws/install/robot_localization/include/robot_localization/robot_localization/srv\n'}
[2.490285] (robot_localization) StdoutLine: {'line': b'-- Up-to-date: /root/yahboomcar_ws/install/robot_localization/include/robot_localization/robot_localization/srv/detail\n'}
[2.490472] (robot_localization) StdoutLine: {'line': b'-- Up-to-date: /root/yahboomcar_ws/install/robot_localization/include/robot_localization/robot_localization/srv/detail/set_datum__rosidl_typesupport_introspection_cpp.hpp\n'}
[2.490621] (robot_localization) StdoutLine: {'line': b'-- Up-to-date: /root/yahboomcar_ws/install/robot_localization/include/robot_localization/robot_localization/srv/detail/get_state__type_support.cpp\n'}
[2.490778] (robot_localization) StdoutLine: {'line': b'-- Up-to-date: /root/yahboomcar_ws/install/robot_localization/include/robot_localization/robot_localization/srv/detail/set_pose__type_support.cpp\n'}
[2.490946] (robot_localization) StdoutLine: {'line': b'-- Up-to-date: /root/yahboomcar_ws/install/robot_localization/include/robot_localization/robot_localization/srv/detail/from_ll__rosidl_typesupport_introspection_cpp.hpp\n'}
[2.491373] (robot_localization) StdoutLine: {'line': b'-- Up-to-date: /root/yahboomcar_ws/install/robot_localization/include/robot_localization/robot_localization/srv/detail/to_ll__type_support.cpp\n'}
[2.491656] (robot_localization) StdoutLine: {'line': b'-- Up-to-date: /root/yahboomcar_ws/install/robot_localization/include/robot_localization/robot_localization/srv/detail/to_ll__rosidl_typesupport_introspection_cpp.hpp\n'}
[2.491826] (robot_localization) StdoutLine: {'line': b'-- Up-to-date: /root/yahboomcar_ws/install/robot_localization/include/robot_localization/robot_localization/srv/detail/get_state__rosidl_typesupport_introspection_cpp.hpp\n'}
[2.491952] (robot_localization) StdoutLine: {'line': b'-- Up-to-date: /root/yahboomcar_ws/install/robot_localization/include/robot_localization/robot_localization/srv/detail/toggle_filter_processing__rosidl_typesupport_introspection_cpp.hpp\n'}
[2.492071] (robot_localization) StdoutLine: {'line': b'-- Up-to-date: /root/yahboomcar_ws/install/robot_localization/include/robot_localization/robot_localization/srv/detail/from_ll__type_support.cpp\n'}
[2.492180] (robot_localization) StdoutLine: {'line': b'-- Up-to-date: /root/yahboomcar_ws/install/robot_localization/include/robot_localization/robot_localization/srv/detail/toggle_filter_processing__type_support.cpp\n'}
[2.492290] (robot_localization) StdoutLine: {'line': b'-- Up-to-date: /root/yahboomcar_ws/install/robot_localization/include/robot_localization/robot_localization/srv/detail/set_pose__rosidl_typesupport_introspection_cpp.hpp\n'}
[2.492401] (robot_localization) StdoutLine: {'line': b'-- Up-to-date: /root/yahboomcar_ws/install/robot_localization/include/robot_localization/robot_localization/srv/detail/set_datum__type_support.cpp\n'}
[2.492507] (robot_localization) StdoutLine: {'line': b'-- Up-to-date: /root/yahboomcar_ws/install/robot_localization/lib/librobot_localization__rosidl_typesupport_introspection_cpp.so\n'}
[2.492629] (robot_localization) StdoutLine: {'line': b'-- Up-to-date: /root/yahboomcar_ws/install/robot_localization/lib/librobot_localization__rosidl_typesupport_cpp.so\n'}
[2.492750] (robot_localization) StdoutLine: {'line': b'-- Up-to-date: /root/yahboomcar_ws/install/robot_localization/share/robot_localization/environment/pythonpath.sh\n'}
[2.492858] (robot_localization) StdoutLine: {'line': b'-- Up-to-date: /root/yahboomcar_ws/install/robot_localization/share/robot_localization/environment/pythonpath.dsv\n'}
[2.492985] (robot_localization) StdoutLine: {'line': b'-- Up-to-date: /root/yahboomcar_ws/install/robot_localization/local/lib/python3.10/dist-packages/robot_localization-3.6.0-py3.10.egg-info\n'}
[2.493094] (robot_localization) StdoutLine: {'line': b'-- Installing: /root/yahboomcar_ws/install/robot_localization/local/lib/python3.10/dist-packages/robot_localization-3.6.0-py3.10.egg-info/SOURCES.txt\n'}
[2.493309] (robot_localization) StdoutLine: {'line': b'-- Installing: /root/yahboomcar_ws/install/robot_localization/local/lib/python3.10/dist-packages/robot_localization-3.6.0-py3.10.egg-info/top_level.txt\n'}
[2.493432] (robot_localization) StdoutLine: {'line': b'-- Installing: /root/yahboomcar_ws/install/robot_localization/local/lib/python3.10/dist-packages/robot_localization-3.6.0-py3.10.egg-info/PKG-INFO\n'}
[2.493596] (robot_localization) StdoutLine: {'line': b'-- Installing: /root/yahboomcar_ws/install/robot_localization/local/lib/python3.10/dist-packages/robot_localization-3.6.0-py3.10.egg-info/dependency_links.txt\n'}
[2.493914] (robot_localization) StdoutLine: {'line': b'-- Up-to-date: /root/yahboomcar_ws/install/robot_localization/local/lib/python3.10/dist-packages/robot_localization\n'}
[2.494076] (robot_localization) StdoutLine: {'line': b'-- Up-to-date: /root/yahboomcar_ws/install/robot_localization/local/lib/python3.10/dist-packages/robot_localization/__init__.py\n'}
[2.494193] (robot_localization) StdoutLine: {'line': b'-- Up-to-date: /root/yahboomcar_ws/install/robot_localization/local/lib/python3.10/dist-packages/robot_localization/_robot_localization_s.ep.rosidl_typesupport_c.c\n'}
[2.494292] (robot_localization) StdoutLine: {'line': b'-- Up-to-date: /root/yahboomcar_ws/install/robot_localization/local/lib/python3.10/dist-packages/robot_localization/srv\n'}
[2.494405] (robot_localization) StdoutLine: {'line': b'-- Up-to-date: /root/yahboomcar_ws/install/robot_localization/local/lib/python3.10/dist-packages/robot_localization/srv/__init__.py\n'}
[2.494530] (robot_localization) StdoutLine: {'line': b'-- Up-to-date: /root/yahboomcar_ws/install/robot_localization/local/lib/python3.10/dist-packages/robot_localization/srv/_set_datum.py\n'}
[2.494645] (robot_localization) StdoutLine: {'line': b'-- Up-to-date: /root/yahboomcar_ws/install/robot_localization/local/lib/python3.10/dist-packages/robot_localization/srv/_set_pose_s.c\n'}
[2.494761] (robot_localization) StdoutLine: {'line': b'-- Up-to-date: /root/yahboomcar_ws/install/robot_localization/local/lib/python3.10/dist-packages/robot_localization/srv/_toggle_filter_processing_s.c\n'}
[2.494871] (robot_localization) StdoutLine: {'line': b'-- Up-to-date: /root/yahboomcar_ws/install/robot_localization/local/lib/python3.10/dist-packages/robot_localization/srv/_get_state.py\n'}
[2.494983] (robot_localization) StdoutLine: {'line': b'-- Up-to-date: /root/yahboomcar_ws/install/robot_localization/local/lib/python3.10/dist-packages/robot_localization/srv/_set_pose.py\n'}
[2.495122] (robot_localization) StdoutLine: {'line': b'-- Up-to-date: /root/yahboomcar_ws/install/robot_localization/local/lib/python3.10/dist-packages/robot_localization/srv/_toggle_filter_processing.py\n'}
[2.495251] (robot_localization) StdoutLine: {'line': b'-- Up-to-date: /root/yahboomcar_ws/install/robot_localization/local/lib/python3.10/dist-packages/robot_localization/srv/_to_ll_s.c\n'}
[2.495398] (robot_localization) StdoutLine: {'line': b'-- Up-to-date: /root/yahboomcar_ws/install/robot_localization/local/lib/python3.10/dist-packages/robot_localization/srv/_from_ll.py\n'}
[2.495533] (robot_localization) StdoutLine: {'line': b'-- Up-to-date: /root/yahboomcar_ws/install/robot_localization/local/lib/python3.10/dist-packages/robot_localization/srv/_get_state_s.c\n'}
[2.495705] (robot_localization) StdoutLine: {'line': b'-- Up-to-date: /root/yahboomcar_ws/install/robot_localization/local/lib/python3.10/dist-packages/robot_localization/srv/_to_ll.py\n'}
[2.495928] (robot_localization) StdoutLine: {'line': b'-- Up-to-date: /root/yahboomcar_ws/install/robot_localization/local/lib/python3.10/dist-packages/robot_localization/srv/_set_datum_s.c\n'}
[2.496078] (robot_localization) StdoutLine: {'line': b'-- Up-to-date: /root/yahboomcar_ws/install/robot_localization/local/lib/python3.10/dist-packages/robot_localization/srv/_from_ll_s.c\n'}
[2.496206] (robot_localization) StdoutLine: {'line': b'-- Up-to-date: /root/yahboomcar_ws/install/robot_localization/local/lib/python3.10/dist-packages/robot_localization/robot_localization_s__rosidl_typesupport_introspection_c.cpython-310-aarch64-linux-gnu.so\n'}
[2.496314] (robot_localization) StdoutLine: {'line': b'-- Up-to-date: /root/yahboomcar_ws/install/robot_localization/local/lib/python3.10/dist-packages/robot_localization/_robot_localization_s.ep.rosidl_typesupport_introspection_c.c\n'}
[2.496428] (robot_localization) StdoutLine: {'line': b'-- Up-to-date: /root/yahboomcar_ws/install/robot_localization/local/lib/python3.10/dist-packages/robot_localization/_robot_localization_s.ep.rosidl_typesupport_fastrtps_c.c\n'}
[2.496526] (robot_localization) StdoutLine: {'line': b'-- Up-to-date: /root/yahboomcar_ws/install/robot_localization/local/lib/python3.10/dist-packages/robot_localization/robot_localization_s__rosidl_typesupport_fastrtps_c.cpython-310-aarch64-linux-gnu.so\n'}
[2.496641] (robot_localization) StdoutLine: {'line': b'-- Up-to-date: /root/yahboomcar_ws/install/robot_localization/local/lib/python3.10/dist-packages/robot_localization/librobot_localization__rosidl_generator_py.so\n'}
[2.496770] (robot_localization) StdoutLine: {'line': b'-- Up-to-date: /root/yahboomcar_ws/install/robot_localization/local/lib/python3.10/dist-packages/robot_localization/robot_localization_s__rosidl_typesupport_c.cpython-310-aarch64-linux-gnu.so\n'}
[2.508738] (-) TimerEvent: {}
[2.605322] (robot_localization) StdoutLine: {'line': b"Listing '/root/yahboomcar_ws/install/robot_localization/local/lib/python3.10/dist-packages/robot_localization'...\n"}
[2.606016] (robot_localization) StdoutLine: {'line': b"Listing '/root/yahboomcar_ws/install/robot_localization/local/lib/python3.10/dist-packages/robot_localization/srv'...\n"}
[2.608965] (-) TimerEvent: {}
[2.640337] (robot_localization) StdoutLine: {'line': b'-- Up-to-date: /root/yahboomcar_ws/install/robot_localization/local/lib/python3.10/dist-packages/robot_localization/robot_localization_s__rosidl_typesupport_fastrtps_c.cpython-310-aarch64-linux-gnu.so\n'}
[2.641638] (robot_localization) StdoutLine: {'line': b'-- Up-to-date: /root/yahboomcar_ws/install/robot_localization/local/lib/python3.10/dist-packages/robot_localization/robot_localization_s__rosidl_typesupport_introspection_c.cpython-310-aarch64-linux-gnu.so\n'}
[2.642734] (robot_localization) StdoutLine: {'line': b'-- Up-to-date: /root/yahboomcar_ws/install/robot_localization/local/lib/python3.10/dist-packages/robot_localization/robot_localization_s__rosidl_typesupport_c.cpython-310-aarch64-linux-gnu.so\n'}
[2.643718] (robot_localization) StdoutLine: {'line': b'-- Up-to-date: /root/yahboomcar_ws/install/robot_localization/lib/librobot_localization__rosidl_generator_py.so\n'}
[2.644146] (robot_localization) StdoutLine: {'line': b'-- Up-to-date: /root/yahboomcar_ws/install/robot_localization/share/robot_localization/srv/FromLL.idl\n'}
[2.644905] (robot_localization) StdoutLine: {'line': b'-- Up-to-date: /root/yahboomcar_ws/install/robot_localization/share/robot_localization/srv/GetState.idl\n'}
[2.645091] (robot_localization) StdoutLine: {'line': b'-- Up-to-date: /root/yahboomcar_ws/install/robot_localization/share/robot_localization/srv/SetDatum.idl\n'}
[2.645222] (robot_localization) StdoutLine: {'line': b'-- Up-to-date: /root/yahboomcar_ws/install/robot_localization/share/robot_localization/srv/SetPose.idl\n'}
[2.645311] (robot_localization) StdoutLine: {'line': b'-- Up-to-date: /root/yahboomcar_ws/install/robot_localization/share/robot_localization/srv/ToggleFilterProcessing.idl\n'}
[2.662460] (yahboom_app_save_map) Command: {'cmd': ['/usr/bin/python3', 'setup.py', 'egg_info', '--egg-base', '../../build/yahboom_app_save_map', 'build', '--build-base', '/root/yahboomcar_ws/build/yahboom_app_save_map/build', 'install', '--record', '/root/yahboomcar_ws/build/yahboom_app_save_map/install.log', '--single-version-externally-managed'], 'cwd': '/root/yahboomcar_ws/src/yahboom_app_save_map', 'env': {'HOSTNAME': 'raspberrypi', 'SHLVL': '1', 'LD_LIBRARY_PATH': '/root/imu_ws/install/rviz_imu_plugin/lib:/root/imu_ws/install/imu_filter_madgwick/lib:/root/imu_ws/install/imu_complementary_filter/lib:/root/yahboomcar_ws/install/yahboomcar_msgs/lib:/root/yahboomcar_ws/install/yahboom_web_savmap_interfaces/lib:/root/yahboomcar_ws/install/robot_localization/lib:/root/gmapping_ws/install/openslam_gmapping/lib:/opt/ros/humble/opt/rviz_ogre_vendor/lib:/opt/ros/humble/lib/aarch64-linux-gnu:/opt/ros/humble/lib', 'HOME': '/root', 'OLDPWD': '/root', 'ROS_PYTHON_VERSION': '3', 'LC_CTYPE': 'C.UTF-8', 'COLCON_PREFIX_PATH': '/root/yahboomcar_ws/install:/root/gmapping_ws/install:/root/imu_ws/install', 'ROS_DISTRO': 'humble', '_': '/usr/bin/colcon', 'ROS_VERSION': '2', 'TERM': 'xterm', 'ROS_LOCALHOST_ONLY': '0', 'QT_X11_NO_MITSHM': '1', 'PATH': '/opt/ros/humble/bin:/usr/local/sbin:/usr/local/bin:/usr/sbin:/usr/bin:/sbin:/bin', 'DISPLAY': ':0', 'LS_COLORS': 'rs=0:di=01;34:ln=01;36:mh=00:pi=40;33:so=01;35:do=01;35:bd=40;33;01:cd=40;33;01:or=40;31;01:mi=00:su=37;41:sg=30;43:ca=30;41:tw=30;42:ow=34;42:st=37;44:ex=01;32:*.tar=01;31:*.tgz=01;31:*.arc=01;31:*.arj=01;31:*.taz=01;31:*.lha=01;31:*.lz4=01;31:*.lzh=01;31:*.lzma=01;31:*.tlz=01;31:*.txz=01;31:*.tzo=01;31:*.t7z=01;31:*.zip=01;31:*.z=01;31:*.dz=01;31:*.gz=01;31:*.lrz=01;31:*.lz=01;31:*.lzo=01;31:*.xz=01;31:*.zst=01;31:*.tzst=01;31:*.bz2=01;31:*.bz=01;31:*.tbz=01;31:*.tbz2=01;31:*.tz=01;31:*.deb=01;31:*.rpm=01;31:*.jar=01;31:*.war=01;31:*.ear=01;31:*.sar=01;31:*.rar=01;31:*.alz=01;31:*.ace=01;31:*.zoo=01;31:*.cpio=01;31:*.7z=01;31:*.rz=01;31:*.cab=01;31:*.wim=01;31:*.swm=01;31:*.dwm=01;31:*.esd=01;31:*.jpg=01;35:*.jpeg=01;35:*.mjpg=01;35:*.mjpeg=01;35:*.gif=01;35:*.bmp=01;35:*.pbm=01;35:*.pgm=01;35:*.ppm=01;35:*.tga=01;35:*.xbm=01;35:*.xpm=01;35:*.tif=01;35:*.tiff=01;35:*.png=01;35:*.svg=01;35:*.svgz=01;35:*.mng=01;35:*.pcx=01;35:*.mov=01;35:*.mpg=01;35:*.mpeg=01;35:*.m2v=01;35:*.mkv=01;35:*.webm=01;35:*.webp=01;35:*.ogm=01;35:*.mp4=01;35:*.m4v=01;35:*.mp4v=01;35:*.vob=01;35:*.qt=01;35:*.nuv=01;35:*.wmv=01;35:*.asf=01;35:*.rm=01;35:*.rmvb=01;35:*.flc=01;35:*.avi=01;35:*.fli=01;35:*.flv=01;35:*.gl=01;35:*.dl=01;35:*.xcf=01;35:*.xwd=01;35:*.yuv=01;35:*.cgm=01;35:*.emf=01;35:*.ogv=01;35:*.ogx=01;35:*.aac=00;36:*.au=00;36:*.flac=00;36:*.m4a=00;36:*.mid=00;36:*.midi=00;36:*.mka=00;36:*.mp3=00;36:*.mpc=00;36:*.ogg=00;36:*.ra=00;36:*.wav=00;36:*.oga=00;36:*.opus=00;36:*.spx=00;36:*.xspf=00;36:', 'ROS_DOMAIN_ID': '30', 'AMENT_PREFIX_PATH': '/root/imu_ws/install/imu_tools:/root/imu_ws/install/rviz_imu_plugin:/root/imu_ws/install/imu_filter_madgwick:/root/imu_ws/install/imu_complementary_filter:/root/yahboomcar_ws/install/yahboomcar_visual:/root/yahboomcar_ws/install/yahboomcar_nav:/root/yahboomcar_ws/install/yahboomcar_msgs:/root/yahboomcar_ws/install/yahboomcar_mediapipe:/root/yahboomcar_ws/install/yahboomcar_laser:/root/yahboomcar_ws/install/yahboomcar_description:/root/yahboomcar_ws/install/yahboomcar_ctrl:/root/yahboomcar_ws/install/yahboomcar_bringup:/root/yahboomcar_ws/install/yahboomcar_base_node:/root/yahboomcar_ws/install/yahboomcar_astra:/root/yahboomcar_ws/install/yahboom_web_savmap_interfaces:/root/yahboomcar_ws/install/yahboom_app_save_map:/root/yahboomcar_ws/install/robot_pose_publisher_ros2:/root/yahboomcar_ws/install/robot_localization:/root/yahboomcar_ws/install/laserscan_to_point_publisher:/root/gmapping_ws/install/slam_gmapping:/root/gmapping_ws/install/openslam_gmapping:/opt/ros/humble', 'PWD': '/root/yahboomcar_ws/build/yahboom_app_save_map', 'PYTHONPATH': '/root/yahboomcar_ws/build/yahboom_app_save_map/prefix_override:/root/yahboomcar_ws/install/yahboom_app_save_map/lib/python3.10/site-packages:/root/yahboomcar_ws/install/yahboomcar_visual/lib/python3.10/site-packages:/root/yahboomcar_ws/install/yahboomcar_nav/lib/python3.10/site-packages:/root/yahboomcar_ws/install/yahboomcar_msgs/local/lib/python3.10/dist-packages:/root/yahboomcar_ws/install/yahboomcar_mediapipe/lib/python3.10/site-packages:/root/yahboomcar_ws/install/yahboomcar_laser/lib/python3.10/site-packages:/root/yahboomcar_ws/install/yahboomcar_description/lib/python3.10/site-packages:/root/yahboomcar_ws/install/yahboomcar_ctrl/lib/python3.10/site-packages:/root/yahboomcar_ws/install/yahboomcar_bringup/lib/python3.10/site-packages:/root/yahboomcar_ws/install/yahboomcar_astra/lib/python3.10/site-packages:/root/yahboomcar_ws/install/yahboom_web_savmap_interfaces/local/lib/python3.10/dist-packages:/root/yahboomcar_ws/install/yahboom_app_save_map/lib/python3.10/site-packages:/root/yahboomcar_ws/install/robot_localization/local/lib/python3.10/dist-packages:/root/yahboomcar_ws/install/laserscan_to_point_publisher/lib/python3.10/site-packages:/opt/ros/humble/lib/python3.10/site-packages:/opt/ros/humble/local/lib/python3.10/dist-packages', 'COLCON': '1', 'CMAKE_PREFIX_PATH': '/root/imu_ws/install/imu_tools:/root/imu_ws/install/rviz_imu_plugin:/root/imu_ws/install/imu_filter_madgwick:/root/imu_ws/install/imu_complementary_filter:/root/yahboomcar_ws/install/yahboomcar_msgs:/root/yahboomcar_ws/install/yahboomcar_base_node:/root/yahboomcar_ws/install/yahboom_web_savmap_interfaces:/root/yahboomcar_ws/install/robot_pose_publisher_ros2:/root/yahboomcar_ws/install/robot_localization:/root/gmapping_ws/install/slam_gmapping:/root/gmapping_ws/install/openslam_gmapping'}, 'shell': False}
[2.664576] (robot_localization) StdoutLine: {'line': b'-- Up-to-date: /root/yahboomcar_ws/install/robot_localization/share/robot_localization/srv/ToLL.idl\n'}
[2.665093] (robot_localization) StdoutLine: {'line': b'-- Up-to-date: /root/yahboomcar_ws/install/robot_localization/share/robot_localization/srv/FromLL.srv\n'}
[2.665531] (robot_localization) StdoutLine: {'line': b'-- Up-to-date: /root/yahboomcar_ws/install/robot_localization/share/robot_localization/srv/FromLL_Request.msg\n'}
[2.665676] (robot_localization) StdoutLine: {'line': b'-- Up-to-date: /root/yahboomcar_ws/install/robot_localization/share/robot_localization/srv/FromLL_Response.msg\n'}
[2.665791] (robot_localization) StdoutLine: {'line': b'-- Up-to-date: /root/yahboomcar_ws/install/robot_localization/share/robot_localization/srv/GetState.srv\n'}
[2.666042] (robot_localization) StdoutLine: {'line': b'-- Up-to-date: /root/yahboomcar_ws/install/robot_localization/share/robot_localization/srv/GetState_Request.msg\n'}
[2.666178] (robot_localization) StdoutLine: {'line': b'-- Up-to-date: /root/yahboomcar_ws/install/robot_localization/share/robot_localization/srv/GetState_Response.msg\n'}
[2.666299] (robot_localization) StdoutLine: {'line': b'-- Up-to-date: /root/yahboomcar_ws/install/robot_localization/share/robot_localization/srv/SetDatum.srv\n'}
[2.666411] (robot_localization) StdoutLine: {'line': b'-- Up-to-date: /root/yahboomcar_ws/install/robot_localization/share/robot_localization/srv/SetDatum_Request.msg\n'}
[2.666674] (robot_localization) StdoutLine: {'line': b'-- Up-to-date: /root/yahboomcar_ws/install/robot_localization/share/robot_localization/srv/SetDatum_Response.msg\n'}
[2.666820] (robot_localization) StdoutLine: {'line': b'-- Up-to-date: /root/yahboomcar_ws/install/robot_localization/share/robot_localization/srv/SetPose.srv\n'}
[2.667229] (robot_localization) StdoutLine: {'line': b'-- Up-to-date: /root/yahboomcar_ws/install/robot_localization/share/robot_localization/srv/SetPose_Request.msg\n'}
[2.667594] (robot_localization) StdoutLine: {'line': b'-- Up-to-date: /root/yahboomcar_ws/install/robot_localization/share/robot_localization/srv/SetPose_Response.msg\n'}
[2.667730] (robot_localization) StdoutLine: {'line': b'-- Up-to-date: /root/yahboomcar_ws/install/robot_localization/share/robot_localization/srv/ToggleFilterProcessing.srv\n'}
[2.667846] (robot_localization) StdoutLine: {'line': b'-- Up-to-date: /root/yahboomcar_ws/install/robot_localization/share/robot_localization/srv/ToggleFilterProcessing_Request.msg\n'}
[2.667962] (robot_localization) StdoutLine: {'line': b'-- Up-to-date: /root/yahboomcar_ws/install/robot_localization/share/robot_localization/srv/ToggleFilterProcessing_Response.msg\n'}
[2.668102] (robot_localization) StdoutLine: {'line': b'-- Up-to-date: /root/yahboomcar_ws/install/robot_localization/share/robot_localization/srv/ToLL.srv\n'}
[2.669532] (robot_localization) StdoutLine: {'line': b'-- Up-to-date: /root/yahboomcar_ws/install/robot_localization/share/robot_localization/srv/ToLL_Request.msg\n'}
[2.670215] (robot_localization) StdoutLine: {'line': b'-- Up-to-date: /root/yahboomcar_ws/install/robot_localization/share/robot_localization/srv/ToLL_Response.msg\n'}
[2.670790] (robot_localization) StdoutLine: {'line': b'-- Up-to-date: /root/yahboomcar_ws/install/robot_localization/lib/robot_localization/filter_base-test\n'}
[2.671248] (robot_localization) StdoutLine: {'line': b'-- Up-to-date: /root/yahboomcar_ws/install/robot_localization/lib/robot_localization/test_filter_base_diagnostics_timestamps\n'}
[2.671659] (robot_localization) StdoutLine: {'line': b'-- Up-to-date: /root/yahboomcar_ws/install/robot_localization/lib/robot_localization/test_ekf\n'}
[2.672080] (robot_localization) StdoutLine: {'line': b'-- Up-to-date: /root/yahboomcar_ws/install/robot_localization/lib/robot_localization/test_ekf_node_interfaces\n'}
[2.679903] (robot_localization) StdoutLine: {'line': b'-- Up-to-date: /root/yahboomcar_ws/install/robot_localization/lib/robot_localization/test_ukf\n'}
[2.680143] (robot_localization) StdoutLine: {'line': b'-- Up-to-date: /root/yahboomcar_ws/install/robot_localization/lib/robot_localization/test_ukf_node_interfaces\n'}
[2.680300] (robot_localization) StdoutLine: {'line': b'-- Up-to-date: /root/yahboomcar_ws/install/robot_localization/lib/robot_localization/test_robot_localization_estimator\n'}
[2.681416] (robot_localization) StdoutLine: {'line': b'-- Up-to-date: /root/yahboomcar_ws/install/robot_localization/lib/robot_localization/test_ros_robot_localization_listener\n'}
[2.682133] (robot_localization) StdoutLine: {'line': b'-- Up-to-date: /root/yahboomcar_ws/install/robot_localization/lib/robot_localization/test_ros_robot_localization_listener_publisher\n'}
[2.682420] (robot_localization) StdoutLine: {'line': b'-- Up-to-date: /root/yahboomcar_ws/install/robot_localization/share/robot_localization/test\n'}
[2.682583] (robot_localization) StdoutLine: {'line': b'-- Up-to-date: /root/yahboomcar_ws/install/robot_localization/share/robot_localization/test/test_ekf_localization_node_bag1.sh\n'}
[2.682772] (robot_localization) StdoutLine: {'line': b'-- Up-to-date: /root/yahboomcar_ws/install/robot_localization/share/robot_localization/test/test_ekf_localization_node_bag2.launch.py\n'}
[2.682978] (robot_localization) StdoutLine: {'line': b'-- Up-to-date: /root/yahboomcar_ws/install/robot_localization/share/robot_localization/test/test_ukf_localization_node_bag1.sh\n'}
[2.683152] (robot_localization) StdoutLine: {'line': b'-- Up-to-date: /root/yahboomcar_ws/install/robot_localization/share/robot_localization/test/test_ekf_localization_node_bag3.sh\n'}
[2.683284] (robot_localization) StdoutLine: {'line': b'-- Up-to-date: /root/yahboomcar_ws/install/robot_localization/share/robot_localization/test/test_ukf_localization_node_bag2.launch.py\n'}
[2.683408] (robot_localization) StdoutLine: {'line': b'-- Up-to-date: /root/yahboomcar_ws/install/robot_localization/share/robot_localization/test/test_ukf_localization_node_bag3.sh\n'}
[2.683527] (robot_localization) StdoutLine: {'line': b'-- Up-to-date: /root/yahboomcar_ws/install/robot_localization/share/robot_localization/test/test_se_node_interfaces.cpp\n'}
[2.683634] (robot_localization) StdoutLine: {'line': b'-- Up-to-date: /root/yahboomcar_ws/install/robot_localization/share/robot_localization/test/test2.bag\n'}
[2.683746] (robot_localization) StdoutLine: {'line': b'-- Up-to-date: /root/yahboomcar_ws/install/robot_localization/share/robot_localization/test/test_ekf_localization_node_bag1.launch.py\n'}
[2.683960] (robot_localization) StdoutLine: {'line': b'-- Up-to-date: /root/yahboomcar_ws/install/robot_localization/share/robot_localization/test/test_ekf_localization_node_bag3.launch.py\n'}
[2.693582] (robot_localization) StdoutLine: {'line': b'-- Up-to-date: /root/yahboomcar_ws/install/robot_localization/share/robot_localization/test/test_ros_robot_localization_listener.cpp\n'}
[2.693800] (robot_localization) StdoutLine: {'line': b'-- Up-to-date: /root/yahboomcar_ws/install/robot_localization/share/robot_localization/test/test1.bag\n'}
[2.693945] (robot_localization) StdoutLine: {'line': b'-- Up-to-date: /root/yahboomcar_ws/install/robot_localization/share/robot_localization/test/test_ekf_localization_node_bag1.yaml\n'}
[2.694160] (robot_localization) StdoutLine: {'line': b'-- Up-to-date: /root/yahboomcar_ws/install/robot_localization/share/robot_localization/test/test_ukf_localization_node_bag3.yaml\n'}
[2.694280] (robot_localization) StdoutLine: {'line': b'-- Up-to-date: /root/yahboomcar_ws/install/robot_localization/share/robot_localization/test/test_ukf_localization_node_bag2.sh\n'}
[2.694453] (robot_localization) StdoutLine: {'line': b'-- Up-to-date: /root/yahboomcar_ws/install/robot_localization/share/robot_localization/test/test_filter_base_diagnostics_timestamps.launch.py\n'}
[2.694582] (robot_localization) StdoutLine: {'line': b'-- Up-to-date: /root/yahboomcar_ws/install/robot_localization/share/robot_localization/test/test_ukf.cpp\n'}
[2.694680] (robot_localization) StdoutLine: {'line': b'-- Up-to-date: /root/yahboomcar_ws/install/robot_localization/share/robot_localization/test/test_ekf_localization_node_bag2.sh\n'}
[2.694807] (robot_localization) StdoutLine: {'line': b'-- Up-to-date: /root/yahboomcar_ws/install/robot_localization/share/robot_localization/test/test_ros_robot_localization_listener_publisher.cpp\n'}
[2.694934] (robot_localization) StdoutLine: {'line': b'-- Up-to-date: /root/yahboomcar_ws/install/robot_localization/share/robot_localization/test/test_se_node_interfaces.yaml\n'}
[2.695051] (robot_localization) StdoutLine: {'line': b'-- Up-to-date: /root/yahboomcar_ws/install/robot_localization/share/robot_localization/test/test_ekf.cpp\n'}
[2.695156] (robot_localization) StdoutLine: {'line': b'-- Up-to-date: /root/yahboomcar_ws/install/robot_localization/share/robot_localization/test/test_ekf_localization_node_bag2.yaml\n'}
[2.695252] (robot_localization) StdoutLine: {'line': b'-- Up-to-date: /root/yahboomcar_ws/install/robot_localization/share/robot_localization/test/test_ekf_localization_node_bag3.yaml\n'}
[2.695369] (robot_localization) StdoutLine: {'line': b'-- Up-to-date: /root/yahboomcar_ws/install/robot_localization/share/robot_localization/test/test_ukf_localization_node_bag1.launch.py\n'}
[2.695496] (robot_localization) StdoutLine: {'line': b'-- Up-to-date: /root/yahboomcar_ws/install/robot_localization/share/robot_localization/test/test_robot_localization_estimator.launch.py\n'}
[2.695597] (robot_localization) StdoutLine: {'line': b'-- Up-to-date: /root/yahboomcar_ws/install/robot_localization/share/robot_localization/test/test_ukf_localization_node_bag2.yaml\n'}
[2.695683] (robot_localization) StdoutLine: {'line': b'-- Up-to-date: /root/yahboomcar_ws/install/robot_localization/share/robot_localization/test/test_se_node_interfaces.launch.py\n'}
[2.695763] (robot_localization) StdoutLine: {'line': b'-- Up-to-date: /root/yahboomcar_ws/install/robot_localization/share/robot_localization/test/test_filter_base_diagnostics_timestamps.cpp\n'}
[2.695848] (robot_localization) StdoutLine: {'line': b'-- Up-to-date: /root/yahboomcar_ws/install/robot_localization/share/robot_localization/test/test_ros_robot_localization_listener.launch.py\n'}
[2.695941] (robot_localization) StdoutLine: {'line': b'-- Up-to-date: /root/yahboomcar_ws/install/robot_localization/share/robot_localization/test/test_filter_base_diagnostics_timestamps.yaml\n'}
[2.696041] (robot_localization) StdoutLine: {'line': b'-- Up-to-date: /root/yahboomcar_ws/install/robot_localization/share/robot_localization/test/test_filter_base.cpp\n'}
[2.696171] (robot_localization) StdoutLine: {'line': b'-- Up-to-date: /root/yahboomcar_ws/install/robot_localization/share/robot_localization/test/test_ukf_localization_node_bag3.launch.py\n'}
[2.696428] (robot_localization) StdoutLine: {'line': b'-- Up-to-date: /root/yahboomcar_ws/install/robot_localization/share/robot_localization/test/test_ukf_localization_node_bag1.yaml\n'}
[2.696618] (robot_localization) StdoutLine: {'line': b'-- Up-to-date: /root/yahboomcar_ws/install/robot_localization/share/robot_localization/test/test_robot_localization_estimator.cpp\n'}
[2.696725] (robot_localization) StdoutLine: {'line': b'-- Up-to-date: /root/yahboomcar_ws/install/robot_localization/share/robot_localization/test/test_localization_node_bag_pose_tester.cpp\n'}
[2.696813] (robot_localization) StdoutLine: {'line': b'-- Up-to-date: /root/yahboomcar_ws/install/robot_localization/share/robot_localization/test/test3.bag\n'}
[2.697016] (robot_localization) StdoutLine: {'line': b'-- Up-to-date: /root/yahboomcar_ws/install/robot_localization/share/robot_localization/test/test_ros_robot_localization_listener.yaml\n'}
[2.697458] (robot_localization) StdoutLine: {'line': b'-- Up-to-date: /root/yahboomcar_ws/install/robot_localization/lib/robot_localization/navsat_transform_node\n'}
[2.697624] (robot_localization) StdoutLine: {'line': b'-- Up-to-date: /root/yahboomcar_ws/install/robot_localization/lib/robot_localization/ekf_node\n'}
[2.697726] (robot_localization) StdoutLine: {'line': b'-- Up-to-date: /root/yahboomcar_ws/install/robot_localization/lib/robot_localization/ukf_node\n'}
[2.697822] (robot_localization) StdoutLine: {'line': b'-- Up-to-date: /root/yahboomcar_ws/install/robot_localization/lib/robot_localization/robot_localization_listener_node\n'}
[2.697929] (robot_localization) StdoutLine: {'line': b'-- Up-to-date: /root/yahboomcar_ws/install/robot_localization/lib/librl_lib.so\n'}
[2.698028] (robot_localization) StdoutLine: {'line': b'-- Up-to-date: /root/yahboomcar_ws/install/robot_localization/include/robot_localization\n'}
[2.698136] (robot_localization) StdoutLine: {'line': b'-- Up-to-date: /root/yahboomcar_ws/install/robot_localization/include/robot_localization/robot_localization\n'}
[2.698234] (robot_localization) StdoutLine: {'line': b'-- Up-to-date: /root/yahboomcar_ws/install/robot_localization/include/robot_localization/robot_localization/ros_robot_localization_listener.hpp\n'}
[2.698322] (robot_localization) StdoutLine: {'line': b'-- Up-to-date: /root/yahboomcar_ws/install/robot_localization/include/robot_localization/robot_localization/robot_localization_estimator.hpp\n'}
[2.698482] (robot_localization) StdoutLine: {'line': b'-- Up-to-date: /root/yahboomcar_ws/install/robot_localization/include/robot_localization/robot_localization/filter_common.hpp\n'}
[2.698746] (robot_localization) StdoutLine: {'line': b'-- Up-to-date: /root/yahboomcar_ws/install/robot_localization/include/robot_localization/robot_localization/filter_base.hpp\n'}
[2.709514] (-) TimerEvent: {}
[2.709847] (robot_localization) StdoutLine: {'line': b'-- Up-to-date: /root/yahboomcar_ws/install/robot_localization/include/robot_localization/robot_localization/navsat_transform.hpp\n'}
[2.710351] (robot_localization) StdoutLine: {'line': b'-- Up-to-date: /root/yahboomcar_ws/install/robot_localization/include/robot_localization/robot_localization/measurement.hpp\n'}
[2.710513] (robot_localization) StdoutLine: {'line': b'-- Up-to-date: /root/yahboomcar_ws/install/robot_localization/include/robot_localization/robot_localization/ros_filter_types.hpp\n'}
[2.710691] (robot_localization) StdoutLine: {'line': b'-- Up-to-date: /root/yahboomcar_ws/install/robot_localization/include/robot_localization/robot_localization/ekf.hpp\n'}
[2.710806] (robot_localization) StdoutLine: {'line': b'-- Up-to-date: /root/yahboomcar_ws/install/robot_localization/include/robot_localization/robot_localization/ros_filter_utilities.hpp\n'}
[2.710912] (robot_localization) StdoutLine: {'line': b'-- Up-to-date: /root/yahboomcar_ws/install/robot_localization/include/robot_localization/robot_localization/ros_filter.hpp\n'}
[2.711013] (robot_localization) StdoutLine: {'line': b'-- Up-to-date: /root/yahboomcar_ws/install/robot_localization/include/robot_localization/robot_localization/navsat_conversions.hpp\n'}
[2.711114] (robot_localization) StdoutLine: {'line': b'-- Up-to-date: /root/yahboomcar_ws/install/robot_localization/include/robot_localization/robot_localization/filter_utilities.hpp\n'}
[2.711221] (robot_localization) StdoutLine: {'line': b'-- Up-to-date: /root/yahboomcar_ws/install/robot_localization/include/robot_localization/robot_localization/filter_state.hpp\n'}
[2.711339] (robot_localization) StdoutLine: {'line': b'-- Up-to-date: /root/yahboomcar_ws/install/robot_localization/include/robot_localization/robot_localization/ukf.hpp\n'}
[2.711457] (robot_localization) StdoutLine: {'line': b'-- Up-to-date: /root/yahboomcar_ws/install/robot_localization/share/robot_localization/params\n'}
[2.711596] (robot_localization) StdoutLine: {'line': b'-- Up-to-date: /root/yahboomcar_ws/install/robot_localization/share/robot_localization/params/ukf.yaml\n'}
[2.711713] (robot_localization) StdoutLine: {'line': b'-- Up-to-date: /root/yahboomcar_ws/install/robot_localization/share/robot_localization/params/ekf.yaml\n'}
[2.711816] (robot_localization) StdoutLine: {'line': b'-- Up-to-date: /root/yahboomcar_ws/install/robot_localization/share/robot_localization/params/navsat_transform.yaml\n'}
[2.711933] (robot_localization) StdoutLine: {'line': b'-- Up-to-date: /root/yahboomcar_ws/install/robot_localization/share/robot_localization/params/dual_ekf_navsat_example.yaml\n'}
[2.712059] (robot_localization) StdoutLine: {'line': b'-- Up-to-date: /root/yahboomcar_ws/install/robot_localization/share/robot_localization/launch\n'}
[2.712165] (robot_localization) StdoutLine: {'line': b'-- Up-to-date: /root/yahboomcar_ws/install/robot_localization/share/robot_localization/launch/navsat_transform.launch.py\n'}
[2.712316] (robot_localization) StdoutLine: {'line': b'-- Up-to-date: /root/yahboomcar_ws/install/robot_localization/share/robot_localization/launch/ekf.launch.py\n'}
[2.712473] (robot_localization) StdoutLine: {'line': b'-- Up-to-date: /root/yahboomcar_ws/install/robot_localization/share/robot_localization/launch/ukf.launch.py\n'}
[2.712633] (robot_localization) StdoutLine: {'line': b'-- Up-to-date: /root/yahboomcar_ws/install/robot_localization/share/robot_localization/launch/dual_ekf_navsat_example.launch.py\n'}
[2.712770] (robot_localization) StdoutLine: {'line': b'-- Up-to-date: /root/yahboomcar_ws/install/robot_localization/share/ament_index/resource_index/package_run_dependencies/robot_localization\n'}
[2.712908] (robot_localization) StdoutLine: {'line': b'-- Up-to-date: /root/yahboomcar_ws/install/robot_localization/share/ament_index/resource_index/parent_prefix_path/robot_localization\n'}
[2.713022] (robot_localization) StdoutLine: {'line': b'-- Up-to-date: /root/yahboomcar_ws/install/robot_localization/share/robot_localization/environment/ament_prefix_path.sh\n'}
[2.713273] (robot_localization) StdoutLine: {'line': b'-- Up-to-date: /root/yahboomcar_ws/install/robot_localization/share/robot_localization/environment/ament_prefix_path.dsv\n'}
[2.713490] (robot_localization) StdoutLine: {'line': b'-- Up-to-date: /root/yahboomcar_ws/install/robot_localization/share/robot_localization/environment/path.sh\n'}
[2.713661] (robot_localization) StdoutLine: {'line': b'-- Up-to-date: /root/yahboomcar_ws/install/robot_localization/share/robot_localization/environment/path.dsv\n'}
[2.713826] (robot_localization) StdoutLine: {'line': b'-- Up-to-date: /root/yahboomcar_ws/install/robot_localization/share/robot_localization/local_setup.bash\n'}
[2.713966] (robot_localization) StdoutLine: {'line': b'-- Up-to-date: /root/yahboomcar_ws/install/robot_localization/share/robot_localization/local_setup.sh\n'}
[2.714066] (robot_localization) StdoutLine: {'line': b'-- Up-to-date: /root/yahboomcar_ws/install/robot_localization/share/robot_localization/local_setup.zsh\n'}
[2.714152] (robot_localization) StdoutLine: {'line': b'-- Up-to-date: /root/yahboomcar_ws/install/robot_localization/share/robot_localization/local_setup.dsv\n'}
[2.714259] (robot_localization) StdoutLine: {'line': b'-- Installing: /root/yahboomcar_ws/install/robot_localization/share/robot_localization/package.dsv\n'}
[2.714414] (robot_localization) StdoutLine: {'line': b'-- Up-to-date: /root/yahboomcar_ws/install/robot_localization/share/ament_index/resource_index/packages/robot_localization\n'}
[2.714561] (robot_localization) StdoutLine: {'line': b'-- Up-to-date: /root/yahboomcar_ws/install/robot_localization/share/robot_localization/cmake/export_robot_localization__rosidl_generator_cExport.cmake\n'}
[2.714724] (robot_localization) StdoutLine: {'line': b'-- Up-to-date: /root/yahboomcar_ws/install/robot_localization/share/robot_localization/cmake/export_robot_localization__rosidl_generator_cExport-relwithdebinfo.cmake\n'}
[2.714887] (robot_localization) StdoutLine: {'line': b'-- Up-to-date: /root/yahboomcar_ws/install/robot_localization/share/robot_localization/cmake/export_robot_localization__rosidl_typesupport_fastrtps_cExport.cmake\n'}
[2.715028] (robot_localization) StdoutLine: {'line': b'-- Up-to-date: /root/yahboomcar_ws/install/robot_localization/share/robot_localization/cmake/export_robot_localization__rosidl_typesupport_fastrtps_cExport-relwithdebinfo.cmake\n'}
[2.715156] (robot_localization) StdoutLine: {'line': b'-- Up-to-date: /root/yahboomcar_ws/install/robot_localization/share/robot_localization/cmake/export_robot_localization__rosidl_generator_cppExport.cmake\n'}
[2.715260] (yahboom_web_savmap_interfaces) StdoutLine: {'line': b'[  9%] Built target yahboom_web_savmap_interfaces__rosidl_generator_c\n'}
[2.715464] (robot_localization) StdoutLine: {'line': b'-- Up-to-date: /root/yahboomcar_ws/install/robot_localization/share/robot_localization/cmake/export_robot_localization__rosidl_typesupport_fastrtps_cppExport.cmake\n'}
[2.715671] (robot_localization) StdoutLine: {'line': b'-- Up-to-date: /root/yahboomcar_ws/install/robot_localization/share/robot_localization/cmake/export_robot_localization__rosidl_typesupport_fastrtps_cppExport-relwithdebinfo.cmake\n'}
[2.715777] (robot_localization) StdoutLine: {'line': b'-- Up-to-date: /root/yahboomcar_ws/install/robot_localization/share/robot_localization/cmake/robot_localization__rosidl_typesupport_introspection_cExport.cmake\n'}
[2.715909] (robot_localization) StdoutLine: {'line': b'-- Up-to-date: /root/yahboomcar_ws/install/robot_localization/share/robot_localization/cmake/robot_localization__rosidl_typesupport_introspection_cExport-relwithdebinfo.cmake\n'}
[2.716012] (robot_localization) StdoutLine: {'line': b'-- Up-to-date: /root/yahboomcar_ws/install/robot_localization/share/robot_localization/cmake/robot_localization__rosidl_typesupport_cExport.cmake\n'}
[2.716105] (robot_localization) StdoutLine: {'line': b'-- Up-to-date: /root/yahboomcar_ws/install/robot_localization/share/robot_localization/cmake/robot_localization__rosidl_typesupport_cExport-relwithdebinfo.cmake\n'}
[2.716227] (robot_localization) StdoutLine: {'line': b'-- Up-to-date: /root/yahboomcar_ws/install/robot_localization/share/robot_localization/cmake/robot_localization__rosidl_typesupport_introspection_cppExport.cmake\n'}
[2.716347] (robot_localization) StdoutLine: {'line': b'-- Up-to-date: /root/yahboomcar_ws/install/robot_localization/share/robot_localization/cmake/robot_localization__rosidl_typesupport_introspection_cppExport-relwithdebinfo.cmake\n'}
[2.716432] (robot_localization) StdoutLine: {'line': b'-- Up-to-date: /root/yahboomcar_ws/install/robot_localization/share/robot_localization/cmake/robot_localization__rosidl_typesupport_cppExport.cmake\n'}
[2.716516] (robot_localization) StdoutLine: {'line': b'-- Up-to-date: /root/yahboomcar_ws/install/robot_localization/share/robot_localization/cmake/robot_localization__rosidl_typesupport_cppExport-relwithdebinfo.cmake\n'}
[2.716609] (robot_localization) StdoutLine: {'line': b'-- Up-to-date: /root/yahboomcar_ws/install/robot_localization/share/robot_localization/cmake/export_robot_localization__rosidl_generator_pyExport.cmake\n'}
[2.716712] (robot_localization) StdoutLine: {'line': b'-- Up-to-date: /root/yahboomcar_ws/install/robot_localization/share/robot_localization/cmake/export_robot_localization__rosidl_generator_pyExport-relwithdebinfo.cmake\n'}
[2.716800] (robot_localization) StdoutLine: {'line': b'-- Up-to-date: /root/yahboomcar_ws/install/robot_localization/share/robot_localization/cmake/rosidl_cmake-extras.cmake\n'}
[2.716884] (robot_localization) StdoutLine: {'line': b'-- Up-to-date: /root/yahboomcar_ws/install/robot_localization/share/robot_localization/cmake/ament_cmake_export_dependencies-extras.cmake\n'}
[2.716967] (robot_localization) StdoutLine: {'line': b'-- Up-to-date: /root/yahboomcar_ws/install/robot_localization/share/robot_localization/cmake/ament_cmake_export_include_directories-extras.cmake\n'}
[2.717050] (robot_localization) StdoutLine: {'line': b'-- Up-to-date: /root/yahboomcar_ws/install/robot_localization/share/robot_localization/cmake/ament_cmake_export_libraries-extras.cmake\n'}
[2.717212] (robot_localization) StdoutLine: {'line': b'-- Up-to-date: /root/yahboomcar_ws/install/robot_localization/share/robot_localization/cmake/ament_cmake_export_targets-extras.cmake\n'}
[2.727305] (robot_localization) StdoutLine: {'line': b'-- Up-to-date: /root/yahboomcar_ws/install/robot_localization/share/robot_localization/cmake/rosidl_cmake_export_typesupport_targets-extras.cmake\n'}
[2.727444] (robot_localization) StdoutLine: {'line': b'-- Up-to-date: /root/yahboomcar_ws/install/robot_localization/share/robot_localization/cmake/rosidl_cmake_export_typesupport_libraries-extras.cmake\n'}
[2.727543] (robot_localization) StdoutLine: {'line': b'-- Up-to-date: /root/yahboomcar_ws/install/robot_localization/share/robot_localization/cmake/robot_localizationConfig.cmake\n'}
[2.727636] (robot_localization) StdoutLine: {'line': b'-- Up-to-date: /root/yahboomcar_ws/install/robot_localization/share/robot_localization/cmake/robot_localizationConfig-version.cmake\n'}
[2.727751] (robot_localization) StdoutLine: {'line': b'-- Up-to-date: /root/yahboomcar_ws/install/robot_localization/share/robot_localization/package.xml\n'}
[2.727877] (yahboom_web_savmap_interfaces) StdoutLine: {'line': b'[ 12%] Built target yahboom_web_savmap_interfaces__cpp\n'}
[2.728035] (robot_localization) CommandEnded: {'returncode': 0}
[2.740242] (yahboom_web_savmap_interfaces) StdoutLine: {'line': b'[ 12%] Built target ament_cmake_python_copy_yahboom_web_savmap_interfaces\n'}
[2.763525] (yahboom_web_savmap_interfaces) StdoutLine: {'line': b'[ 22%] Built target yahboom_web_savmap_interfaces__rosidl_typesupport_fastrtps_c\n'}
[2.770107] (yahboom_web_savmap_interfaces) StdoutLine: {'line': b'[ 32%] Built target yahboom_web_savmap_interfaces__rosidl_typesupport_introspection_c\n'}
[2.787861] (yahboom_web_savmap_interfaces) StdoutLine: {'line': b'[ 41%] Built target yahboom_web_savmap_interfaces__rosidl_typesupport_c\n'}
[2.809615] (-) TimerEvent: {}
[2.835268] (yahboom_web_savmap_interfaces) StdoutLine: {'line': b'[ 51%] Built target yahboom_web_savmap_interfaces__rosidl_typesupport_cpp\n'}
[2.860856] (yahboom_web_savmap_interfaces) StdoutLine: {'line': b'[ 61%] Built target yahboom_web_savmap_interfaces__rosidl_typesupport_fastrtps_cpp\n'}
[2.876999] (yahboom_web_savmap_interfaces) StdoutLine: {'line': b'[ 70%] Built target yahboom_web_savmap_interfaces__rosidl_typesupport_introspection_cpp\n'}
[2.899705] (laserscan_to_point_publisher) Command: {'cmd': ['/usr/bin/python3', 'setup.py', 'egg_info', '--egg-base', '../../build/laserscan_to_point_publisher', 'build', '--build-base', '/root/yahboomcar_ws/build/laserscan_to_point_publisher/build', 'install', '--record', '/root/yahboomcar_ws/build/laserscan_to_point_publisher/install.log', '--single-version-externally-managed'], 'cwd': '/root/yahboomcar_ws/src/laserscan_to_point_publisher', 'env': {'HOSTNAME': 'raspberrypi', 'SHLVL': '1', 'LD_LIBRARY_PATH': '/root/imu_ws/install/rviz_imu_plugin/lib:/root/imu_ws/install/imu_filter_madgwick/lib:/root/imu_ws/install/imu_complementary_filter/lib:/root/yahboomcar_ws/install/yahboomcar_msgs/lib:/root/yahboomcar_ws/install/yahboom_web_savmap_interfaces/lib:/root/yahboomcar_ws/install/robot_localization/lib:/root/gmapping_ws/install/openslam_gmapping/lib:/opt/ros/humble/opt/rviz_ogre_vendor/lib:/opt/ros/humble/lib/aarch64-linux-gnu:/opt/ros/humble/lib', 'HOME': '/root', 'OLDPWD': '/root', 'ROS_PYTHON_VERSION': '3', 'LC_CTYPE': 'C.UTF-8', 'COLCON_PREFIX_PATH': '/root/yahboomcar_ws/install:/root/gmapping_ws/install:/root/imu_ws/install', 'ROS_DISTRO': 'humble', '_': '/usr/bin/colcon', 'ROS_VERSION': '2', 'TERM': 'xterm', 'ROS_LOCALHOST_ONLY': '0', 'QT_X11_NO_MITSHM': '1', 'PATH': '/opt/ros/humble/bin:/usr/local/sbin:/usr/local/bin:/usr/sbin:/usr/bin:/sbin:/bin', 'DISPLAY': ':0', 'LS_COLORS': 'rs=0:di=01;34:ln=01;36:mh=00:pi=40;33:so=01;35:do=01;35:bd=40;33;01:cd=40;33;01:or=40;31;01:mi=00:su=37;41:sg=30;43:ca=30;41:tw=30;42:ow=34;42:st=37;44:ex=01;32:*.tar=01;31:*.tgz=01;31:*.arc=01;31:*.arj=01;31:*.taz=01;31:*.lha=01;31:*.lz4=01;31:*.lzh=01;31:*.lzma=01;31:*.tlz=01;31:*.txz=01;31:*.tzo=01;31:*.t7z=01;31:*.zip=01;31:*.z=01;31:*.dz=01;31:*.gz=01;31:*.lrz=01;31:*.lz=01;31:*.lzo=01;31:*.xz=01;31:*.zst=01;31:*.tzst=01;31:*.bz2=01;31:*.bz=01;31:*.tbz=01;31:*.tbz2=01;31:*.tz=01;31:*.deb=01;31:*.rpm=01;31:*.jar=01;31:*.war=01;31:*.ear=01;31:*.sar=01;31:*.rar=01;31:*.alz=01;31:*.ace=01;31:*.zoo=01;31:*.cpio=01;31:*.7z=01;31:*.rz=01;31:*.cab=01;31:*.wim=01;31:*.swm=01;31:*.dwm=01;31:*.esd=01;31:*.jpg=01;35:*.jpeg=01;35:*.mjpg=01;35:*.mjpeg=01;35:*.gif=01;35:*.bmp=01;35:*.pbm=01;35:*.pgm=01;35:*.ppm=01;35:*.tga=01;35:*.xbm=01;35:*.xpm=01;35:*.tif=01;35:*.tiff=01;35:*.png=01;35:*.svg=01;35:*.svgz=01;35:*.mng=01;35:*.pcx=01;35:*.mov=01;35:*.mpg=01;35:*.mpeg=01;35:*.m2v=01;35:*.mkv=01;35:*.webm=01;35:*.webp=01;35:*.ogm=01;35:*.mp4=01;35:*.m4v=01;35:*.mp4v=01;35:*.vob=01;35:*.qt=01;35:*.nuv=01;35:*.wmv=01;35:*.asf=01;35:*.rm=01;35:*.rmvb=01;35:*.flc=01;35:*.avi=01;35:*.fli=01;35:*.flv=01;35:*.gl=01;35:*.dl=01;35:*.xcf=01;35:*.xwd=01;35:*.yuv=01;35:*.cgm=01;35:*.emf=01;35:*.ogv=01;35:*.ogx=01;35:*.aac=00;36:*.au=00;36:*.flac=00;36:*.m4a=00;36:*.mid=00;36:*.midi=00;36:*.mka=00;36:*.mp3=00;36:*.mpc=00;36:*.ogg=00;36:*.ra=00;36:*.wav=00;36:*.oga=00;36:*.opus=00;36:*.spx=00;36:*.xspf=00;36:', 'ROS_DOMAIN_ID': '30', 'AMENT_PREFIX_PATH': '/root/imu_ws/install/imu_tools:/root/imu_ws/install/rviz_imu_plugin:/root/imu_ws/install/imu_filter_madgwick:/root/imu_ws/install/imu_complementary_filter:/root/yahboomcar_ws/install/yahboomcar_visual:/root/yahboomcar_ws/install/yahboomcar_nav:/root/yahboomcar_ws/install/yahboomcar_msgs:/root/yahboomcar_ws/install/yahboomcar_mediapipe:/root/yahboomcar_ws/install/yahboomcar_laser:/root/yahboomcar_ws/install/yahboomcar_description:/root/yahboomcar_ws/install/yahboomcar_ctrl:/root/yahboomcar_ws/install/yahboomcar_bringup:/root/yahboomcar_ws/install/yahboomcar_base_node:/root/yahboomcar_ws/install/yahboomcar_astra:/root/yahboomcar_ws/install/yahboom_web_savmap_interfaces:/root/yahboomcar_ws/install/yahboom_app_save_map:/root/yahboomcar_ws/install/robot_pose_publisher_ros2:/root/yahboomcar_ws/install/robot_localization:/root/yahboomcar_ws/install/laserscan_to_point_publisher:/root/gmapping_ws/install/slam_gmapping:/root/gmapping_ws/install/openslam_gmapping:/opt/ros/humble', 'PWD': '/root/yahboomcar_ws/build/laserscan_to_point_publisher', 'PYTHONPATH': '/root/yahboomcar_ws/build/laserscan_to_point_publisher/prefix_override:/root/yahboomcar_ws/install/laserscan_to_point_publisher/lib/python3.10/site-packages:/root/yahboomcar_ws/install/yahboomcar_visual/lib/python3.10/site-packages:/root/yahboomcar_ws/install/yahboomcar_nav/lib/python3.10/site-packages:/root/yahboomcar_ws/install/yahboomcar_msgs/local/lib/python3.10/dist-packages:/root/yahboomcar_ws/install/yahboomcar_mediapipe/lib/python3.10/site-packages:/root/yahboomcar_ws/install/yahboomcar_laser/lib/python3.10/site-packages:/root/yahboomcar_ws/install/yahboomcar_description/lib/python3.10/site-packages:/root/yahboomcar_ws/install/yahboomcar_ctrl/lib/python3.10/site-packages:/root/yahboomcar_ws/install/yahboomcar_bringup/lib/python3.10/site-packages:/root/yahboomcar_ws/install/yahboomcar_astra/lib/python3.10/site-packages:/root/yahboomcar_ws/install/yahboom_web_savmap_interfaces/local/lib/python3.10/dist-packages:/root/yahboomcar_ws/install/yahboom_app_save_map/lib/python3.10/site-packages:/root/yahboomcar_ws/install/robot_localization/local/lib/python3.10/dist-packages:/root/yahboomcar_ws/install/laserscan_to_point_publisher/lib/python3.10/site-packages:/opt/ros/humble/lib/python3.10/site-packages:/opt/ros/humble/local/lib/python3.10/dist-packages', 'COLCON': '1', 'CMAKE_PREFIX_PATH': '/root/imu_ws/install/imu_tools:/root/imu_ws/install/rviz_imu_plugin:/root/imu_ws/install/imu_filter_madgwick:/root/imu_ws/install/imu_complementary_filter:/root/yahboomcar_ws/install/yahboomcar_msgs:/root/yahboomcar_ws/install/yahboomcar_base_node:/root/yahboomcar_ws/install/yahboom_web_savmap_interfaces:/root/yahboomcar_ws/install/robot_pose_publisher_ros2:/root/yahboomcar_ws/install/robot_localization:/root/gmapping_ws/install/slam_gmapping:/root/gmapping_ws/install/openslam_gmapping'}, 'shell': False}
[2.909781] (-) TimerEvent: {}
[2.942058] (yahboom_web_savmap_interfaces) StdoutLine: {'line': b'[ 70%] Built target yahboom_web_savmap_interfaces\n'}
[3.009913] (-) TimerEvent: {}
[3.055846] (yahboom_web_savmap_interfaces) StdoutLine: {'line': b'[ 74%] Built target yahboom_web_savmap_interfaces__py\n'}
[3.102741] (yahboom_web_savmap_interfaces) StdoutLine: {'line': b'[ 80%] Built target yahboom_web_savmap_interfaces__rosidl_generator_py\n'}
[3.110042] (-) TimerEvent: {}
[3.176431] (yahboom_web_savmap_interfaces) StdoutLine: {'line': b'[ 87%] Built target yahboom_web_savmap_interfaces__rosidl_typesupport_introspection_c__pyext\n'}
[3.186937] (yahboom_web_savmap_interfaces) StdoutLine: {'line': b'[ 93%] Built target yahboom_web_savmap_interfaces__rosidl_typesupport_c__pyext\n'}
[3.204946] (yahboom_web_savmap_interfaces) StdoutLine: {'line': b'[100%] Built target yahboom_web_savmap_interfaces__rosidl_typesupport_fastrtps_c__pyext\n'}
[3.210197] (-) TimerEvent: {}
[3.258480] (yahboom_app_save_map) StdoutLine: {'line': b'running egg_info\n'}
[3.260397] (yahboom_app_save_map) StdoutLine: {'line': b'writing ../../build/yahboom_app_save_map/yahboom_app_save_map.egg-info/PKG-INFO\n'}
[3.261020] (yahboom_app_save_map) StdoutLine: {'line': b'writing dependency_links to ../../build/yahboom_app_save_map/yahboom_app_save_map.egg-info/dependency_links.txt\n'}
[3.261353] (yahboom_app_save_map) StdoutLine: {'line': b'writing entry points to ../../build/yahboom_app_save_map/yahboom_app_save_map.egg-info/entry_points.txt\n'}
[3.261577] (yahboom_app_save_map) StdoutLine: {'line': b'writing requirements to ../../build/yahboom_app_save_map/yahboom_app_save_map.egg-info/requires.txt\n'}
[3.261802] (yahboom_app_save_map) StdoutLine: {'line': b'writing top-level names to ../../build/yahboom_app_save_map/yahboom_app_save_map.egg-info/top_level.txt\n'}
[3.266805] (yahboom_app_save_map) StdoutLine: {'line': b"reading manifest file '../../build/yahboom_app_save_map/yahboom_app_save_map.egg-info/SOURCES.txt'\n"}
[3.268273] (yahboom_app_save_map) StdoutLine: {'line': b"writing manifest file '../../build/yahboom_app_save_map/yahboom_app_save_map.egg-info/SOURCES.txt'\n"}
[3.268645] (yahboom_app_save_map) StdoutLine: {'line': b'running build\n'}
[3.268937] (yahboom_app_save_map) StdoutLine: {'line': b'running build_py\n'}
[3.269204] (yahboom_app_save_map) StdoutLine: {'line': b'running install\n'}
[3.269688] (yahboom_app_save_map) StderrLine: {'line': b'/usr/lib/python3/dist-packages/setuptools/command/install.py:34: SetuptoolsDeprecationWarning: setup.py install is deprecated. Use build and pip and other standards-based tools.\n'}
[3.269945] (yahboom_app_save_map) StderrLine: {'line': b'  warnings.warn(\n'}
[3.270203] (yahboom_app_save_map) StdoutLine: {'line': b'running install_lib\n'}
[3.273073] (yahboom_app_save_map) StdoutLine: {'line': b'running install_data\n'}
[3.274432] (yahboom_app_save_map) StdoutLine: {'line': b'running install_egg_info\n'}
[3.278236] (yahboom_app_save_map) StdoutLine: {'line': b"removing '/root/yahboomcar_ws/install/yahboom_app_save_map/lib/python3.10/site-packages/yahboom_app_save_map-0.0.0-py3.10.egg-info' (and everything under it)\n"}
[3.278869] (yahboom_app_save_map) StdoutLine: {'line': b'Copying ../../build/yahboom_app_save_map/yahboom_app_save_map.egg-info to /root/yahboomcar_ws/install/yahboom_app_save_map/lib/python3.10/site-packages/yahboom_app_save_map-0.0.0-py3.10.egg-info\n'}
[3.280735] (yahboom_app_save_map) StdoutLine: {'line': b'running install_scripts\n'}
[3.310305] (-) TimerEvent: {}
[3.325561] (yahboom_app_save_map) StdoutLine: {'line': b'Installing client script to /root/yahboomcar_ws/install/yahboom_app_save_map/lib/yahboom_app_save_map\n'}
[3.326099] (yahboom_app_save_map) StdoutLine: {'line': b'Installing server script to /root/yahboomcar_ws/install/yahboom_app_save_map/lib/yahboom_app_save_map\n'}
[3.326606] (yahboom_app_save_map) StdoutLine: {'line': b"writing list of installed files to '/root/yahboomcar_ws/build/yahboom_app_save_map/install.log'\n"}
[3.369012] (yahboom_web_savmap_interfaces) StdoutLine: {'line': b'running egg_info\n'}
[3.371403] (yahboom_web_savmap_interfaces) StdoutLine: {'line': b'writing yahboom_web_savmap_interfaces.egg-info/PKG-INFO\n'}
[3.371916] (yahboom_web_savmap_interfaces) StdoutLine: {'line': b'writing dependency_links to yahboom_web_savmap_interfaces.egg-info/dependency_links.txt\n'}
[3.372488] (yahboom_web_savmap_interfaces) StdoutLine: {'line': b'writing top-level names to yahboom_web_savmap_interfaces.egg-info/top_level.txt\n'}
[3.378659] (yahboom_web_savmap_interfaces) StdoutLine: {'line': b"reading manifest file 'yahboom_web_savmap_interfaces.egg-info/SOURCES.txt'\n"}
[3.380113] (yahboom_web_savmap_interfaces) StdoutLine: {'line': b"writing manifest file 'yahboom_web_savmap_interfaces.egg-info/SOURCES.txt'\n"}
[3.410485] (-) TimerEvent: {}
[3.449647] (yahboom_app_save_map) CommandEnded: {'returncode': 0}
[3.492327] (yahboom_web_savmap_interfaces) StdoutLine: {'line': b'[100%] Built target ament_cmake_python_build_yahboom_web_savmap_interfaces_egg\n'}
[3.510958] (-) TimerEvent: {}
[3.555503] (laserscan_to_point_publisher) StdoutLine: {'line': b'running egg_info\n'}
[3.556961] (laserscan_to_point_publisher) StdoutLine: {'line': b'writing ../../build/laserscan_to_point_publisher/laserscan_to_point_publisher.egg-info/PKG-INFO\n'}
[3.557193] (laserscan_to_point_publisher) StdoutLine: {'line': b'writing dependency_links to ../../build/laserscan_to_point_publisher/laserscan_to_point_publisher.egg-info/dependency_links.txt\n'}
[3.557453] (laserscan_to_point_publisher) StdoutLine: {'line': b'writing entry points to ../../build/laserscan_to_point_publisher/laserscan_to_point_publisher.egg-info/entry_points.txt\n'}
[3.557653] (yahboom_app_save_map) JobEnded: {'identifier': 'yahboom_app_save_map', 'rc': 0}
[3.559986] (laserscan_to_point_publisher) StdoutLine: {'line': b'writing requirements to ../../build/laserscan_to_point_publisher/laserscan_to_point_publisher.egg-info/requires.txt\n'}
[3.560286] (laserscan_to_point_publisher) StdoutLine: {'line': b'writing top-level names to ../../build/laserscan_to_point_publisher/laserscan_to_point_publisher.egg-info/top_level.txt\n'}
[3.560546] (yahboomcar_astra) JobStarted: {'identifier': 'yahboomcar_astra'}
[3.561786] (laserscan_to_point_publisher) StdoutLine: {'line': b"reading manifest file '../../build/laserscan_to_point_publisher/laserscan_to_point_publisher.egg-info/SOURCES.txt'\n"}
[3.563217] (laserscan_to_point_publisher) StdoutLine: {'line': b"writing manifest file '../../build/laserscan_to_point_publisher/laserscan_to_point_publisher.egg-info/SOURCES.txt'\n"}
[3.563501] (laserscan_to_point_publisher) StdoutLine: {'line': b'running build\n'}
[3.563655] (laserscan_to_point_publisher) StdoutLine: {'line': b'running build_py\n'}
[3.563843] (laserscan_to_point_publisher) StdoutLine: {'line': b'running install\n'}
[3.564141] (laserscan_to_point_publisher) StderrLine: {'line': b'/usr/lib/python3/dist-packages/setuptools/command/install.py:34: SetuptoolsDeprecationWarning: setup.py install is deprecated. Use build and pip and other standards-based tools.\n'}
[3.564416] (laserscan_to_point_publisher) StderrLine: {'line': b'  warnings.warn(\n'}
[3.564610] (laserscan_to_point_publisher) StdoutLine: {'line': b'running install_lib\n'}
[3.566409] (laserscan_to_point_publisher) StdoutLine: {'line': b'running install_data\n'}
[3.567108] (laserscan_to_point_publisher) StdoutLine: {'line': b'running install_egg_info\n'}
[3.572560] (laserscan_to_point_publisher) StdoutLine: {'line': b"removing '/root/yahboomcar_ws/install/laserscan_to_point_publisher/lib/python3.10/site-packages/laserscan_to_point_publisher-0.0.0-py3.10.egg-info' (and everything under it)\n"}
[3.573300] (laserscan_to_point_publisher) StdoutLine: {'line': b'Copying ../../build/laserscan_to_point_publisher/laserscan_to_point_publisher.egg-info to /root/yahboomcar_ws/install/laserscan_to_point_publisher/lib/python3.10/site-packages/laserscan_to_point_publisher-0.0.0-py3.10.egg-info\n'}
[3.589590] (laserscan_to_point_publisher) StdoutLine: {'line': b'running install_scripts\n'}
[3.608411] (laserscan_to_point_publisher) StdoutLine: {'line': b'Installing laserscan_to_point_publisher script to /root/yahboomcar_ws/install/laserscan_to_point_publisher/lib/laserscan_to_point_publisher\n'}
[3.608983] (laserscan_to_point_publisher) StdoutLine: {'line': b"writing list of installed files to '/root/yahboomcar_ws/build/laserscan_to_point_publisher/install.log'\n"}
[3.611047] (-) TimerEvent: {}
[3.711528] (-) TimerEvent: {}
[3.734736] (yahboom_web_savmap_interfaces) CommandEnded: {'returncode': 0}
[3.812612] (-) TimerEvent: {}
[3.851843] (robot_localization) JobEnded: {'identifier': 'robot_localization', 'rc': 0}
[3.853252] (laserscan_to_point_publisher) CommandEnded: {'returncode': 0}
[3.912837] (-) TimerEvent: {}
[3.916252] (laserscan_to_point_publisher) JobEnded: {'identifier': 'laserscan_to_point_publisher', 'rc': 0}
[3.917790] (yahboomcar_base_node) JobStarted: {'identifier': 'yahboomcar_base_node'}
[4.012950] (-) TimerEvent: {}
[4.033797] (yahboomcar_bringup) JobStarted: {'identifier': 'yahboomcar_bringup'}
[4.113243] (-) TimerEvent: {}
[4.213814] (-) TimerEvent: {}
[4.314204] (-) TimerEvent: {}
[4.414567] (-) TimerEvent: {}
[4.514976] (-) TimerEvent: {}
[4.616257] (-) TimerEvent: {}
[4.655237] (yahboom_web_savmap_interfaces) JobProgress: {'identifier': 'yahboom_web_savmap_interfaces', 'progress': 'install'}
[4.655700] (yahboom_web_savmap_interfaces) Command: {'cmd': ['/usr/bin/cmake', '--install', '/root/yahboomcar_ws/build/yahboom_web_savmap_interfaces'], 'cwd': '/root/yahboomcar_ws/build/yahboom_web_savmap_interfaces', 'env': OrderedDict([('HOSTNAME', 'raspberrypi'), ('SHLVL', '1'), ('LD_LIBRARY_PATH', '/root/imu_ws/install/rviz_imu_plugin/lib:/root/imu_ws/install/imu_filter_madgwick/lib:/root/imu_ws/install/imu_complementary_filter/lib:/root/yahboomcar_ws/install/yahboomcar_msgs/lib:/root/yahboomcar_ws/install/yahboom_web_savmap_interfaces/lib:/root/yahboomcar_ws/install/robot_localization/lib:/root/gmapping_ws/install/openslam_gmapping/lib:/opt/ros/humble/opt/rviz_ogre_vendor/lib:/opt/ros/humble/lib/aarch64-linux-gnu:/opt/ros/humble/lib'), ('HOME', '/root'), ('OLDPWD', '/root'), ('ROS_PYTHON_VERSION', '3'), ('LC_CTYPE', 'C.UTF-8'), ('COLCON_PREFIX_PATH', '/root/yahboomcar_ws/install:/root/gmapping_ws/install:/root/imu_ws/install'), ('ROS_DISTRO', 'humble'), ('_', '/usr/bin/colcon'), ('ROS_VERSION', '2'), ('TERM', 'xterm'), ('ROS_LOCALHOST_ONLY', '0'), ('QT_X11_NO_MITSHM', '1'), ('PATH', '/opt/ros/humble/bin:/usr/local/sbin:/usr/local/bin:/usr/sbin:/usr/bin:/sbin:/bin'), ('DISPLAY', ':0'), ('LS_COLORS', 'rs=0:di=01;34:ln=01;36:mh=00:pi=40;33:so=01;35:do=01;35:bd=40;33;01:cd=40;33;01:or=40;31;01:mi=00:su=37;41:sg=30;43:ca=30;41:tw=30;42:ow=34;42:st=37;44:ex=01;32:*.tar=01;31:*.tgz=01;31:*.arc=01;31:*.arj=01;31:*.taz=01;31:*.lha=01;31:*.lz4=01;31:*.lzh=01;31:*.lzma=01;31:*.tlz=01;31:*.txz=01;31:*.tzo=01;31:*.t7z=01;31:*.zip=01;31:*.z=01;31:*.dz=01;31:*.gz=01;31:*.lrz=01;31:*.lz=01;31:*.lzo=01;31:*.xz=01;31:*.zst=01;31:*.tzst=01;31:*.bz2=01;31:*.bz=01;31:*.tbz=01;31:*.tbz2=01;31:*.tz=01;31:*.deb=01;31:*.rpm=01;31:*.jar=01;31:*.war=01;31:*.ear=01;31:*.sar=01;31:*.rar=01;31:*.alz=01;31:*.ace=01;31:*.zoo=01;31:*.cpio=01;31:*.7z=01;31:*.rz=01;31:*.cab=01;31:*.wim=01;31:*.swm=01;31:*.dwm=01;31:*.esd=01;31:*.jpg=01;35:*.jpeg=01;35:*.mjpg=01;35:*.mjpeg=01;35:*.gif=01;35:*.bmp=01;35:*.pbm=01;35:*.pgm=01;35:*.ppm=01;35:*.tga=01;35:*.xbm=01;35:*.xpm=01;35:*.tif=01;35:*.tiff=01;35:*.png=01;35:*.svg=01;35:*.svgz=01;35:*.mng=01;35:*.pcx=01;35:*.mov=01;35:*.mpg=01;35:*.mpeg=01;35:*.m2v=01;35:*.mkv=01;35:*.webm=01;35:*.webp=01;35:*.ogm=01;35:*.mp4=01;35:*.m4v=01;35:*.mp4v=01;35:*.vob=01;35:*.qt=01;35:*.nuv=01;35:*.wmv=01;35:*.asf=01;35:*.rm=01;35:*.rmvb=01;35:*.flc=01;35:*.avi=01;35:*.fli=01;35:*.flv=01;35:*.gl=01;35:*.dl=01;35:*.xcf=01;35:*.xwd=01;35:*.yuv=01;35:*.cgm=01;35:*.emf=01;35:*.ogv=01;35:*.ogx=01;35:*.aac=00;36:*.au=00;36:*.flac=00;36:*.m4a=00;36:*.mid=00;36:*.midi=00;36:*.mka=00;36:*.mp3=00;36:*.mpc=00;36:*.ogg=00;36:*.ra=00;36:*.wav=00;36:*.oga=00;36:*.opus=00;36:*.spx=00;36:*.xspf=00;36:'), ('ROS_DOMAIN_ID', '30'), ('AMENT_PREFIX_PATH', '/root/imu_ws/install/imu_tools:/root/imu_ws/install/rviz_imu_plugin:/root/imu_ws/install/imu_filter_madgwick:/root/imu_ws/install/imu_complementary_filter:/root/yahboomcar_ws/install/yahboomcar_visual:/root/yahboomcar_ws/install/yahboomcar_nav:/root/yahboomcar_ws/install/yahboomcar_msgs:/root/yahboomcar_ws/install/yahboomcar_mediapipe:/root/yahboomcar_ws/install/yahboomcar_laser:/root/yahboomcar_ws/install/yahboomcar_description:/root/yahboomcar_ws/install/yahboomcar_ctrl:/root/yahboomcar_ws/install/yahboomcar_bringup:/root/yahboomcar_ws/install/yahboomcar_base_node:/root/yahboomcar_ws/install/yahboomcar_astra:/root/yahboomcar_ws/install/yahboom_web_savmap_interfaces:/root/yahboomcar_ws/install/yahboom_app_save_map:/root/yahboomcar_ws/install/robot_pose_publisher_ros2:/root/yahboomcar_ws/install/robot_localization:/root/yahboomcar_ws/install/laserscan_to_point_publisher:/root/gmapping_ws/install/slam_gmapping:/root/gmapping_ws/install/openslam_gmapping:/opt/ros/humble'), ('PWD', '/root/yahboomcar_ws/build/yahboom_web_savmap_interfaces'), ('PYTHONPATH', '/root/yahboomcar_ws/install/yahboomcar_visual/lib/python3.10/site-packages:/root/yahboomcar_ws/install/yahboomcar_nav/lib/python3.10/site-packages:/root/yahboomcar_ws/install/yahboomcar_msgs/local/lib/python3.10/dist-packages:/root/yahboomcar_ws/install/yahboomcar_mediapipe/lib/python3.10/site-packages:/root/yahboomcar_ws/install/yahboomcar_laser/lib/python3.10/site-packages:/root/yahboomcar_ws/install/yahboomcar_description/lib/python3.10/site-packages:/root/yahboomcar_ws/install/yahboomcar_ctrl/lib/python3.10/site-packages:/root/yahboomcar_ws/install/yahboomcar_bringup/lib/python3.10/site-packages:/root/yahboomcar_ws/install/yahboomcar_astra/lib/python3.10/site-packages:/root/yahboomcar_ws/install/yahboom_web_savmap_interfaces/local/lib/python3.10/dist-packages:/root/yahboomcar_ws/install/yahboom_app_save_map/lib/python3.10/site-packages:/root/yahboomcar_ws/install/robot_localization/local/lib/python3.10/dist-packages:/root/yahboomcar_ws/install/laserscan_to_point_publisher/lib/python3.10/site-packages:/opt/ros/humble/lib/python3.10/site-packages:/opt/ros/humble/local/lib/python3.10/dist-packages'), ('COLCON', '1'), ('CMAKE_PREFIX_PATH', '/root/imu_ws/install/imu_tools:/root/imu_ws/install/rviz_imu_plugin:/root/imu_ws/install/imu_filter_madgwick:/root/imu_ws/install/imu_complementary_filter:/root/yahboomcar_ws/install/yahboomcar_msgs:/root/yahboomcar_ws/install/yahboomcar_base_node:/root/yahboomcar_ws/install/yahboom_web_savmap_interfaces:/root/yahboomcar_ws/install/robot_pose_publisher_ros2:/root/yahboomcar_ws/install/robot_localization:/root/gmapping_ws/install/slam_gmapping:/root/gmapping_ws/install/openslam_gmapping:/root/yahboomcar_ws/install/yahboomcar_visual:/root/yahboomcar_ws/install/yahboomcar_nav:/root/yahboomcar_ws/install/yahboomcar_mediapipe:/root/yahboomcar_ws/install/yahboomcar_laser:/root/yahboomcar_ws/install/yahboomcar_description:/root/yahboomcar_ws/install/yahboomcar_ctrl:/root/yahboomcar_ws/install/yahboomcar_bringup:/root/yahboomcar_ws/install/yahboomcar_astra:/root/yahboomcar_ws/install/yahboom_app_save_map:/root/yahboomcar_ws/install/laserscan_to_point_publisher:/opt/ros/humble')]), 'shell': False}
[4.658765] (yahboomcar_base_node) JobProgress: {'identifier': 'yahboomcar_base_node', 'progress': 'cmake'}
[4.659730] (yahboomcar_base_node) JobProgress: {'identifier': 'yahboomcar_base_node', 'progress': 'build'}
[4.660930] (yahboomcar_base_node) Command: {'cmd': ['/usr/bin/cmake', '--build', '/root/yahboomcar_ws/build/yahboomcar_base_node', '--', '-j4', '-l4'], 'cwd': '/root/yahboomcar_ws/build/yahboomcar_base_node', 'env': OrderedDict([('HOSTNAME', 'raspberrypi'), ('SHLVL', '1'), ('LD_LIBRARY_PATH', '/root/imu_ws/install/rviz_imu_plugin/lib:/root/imu_ws/install/imu_filter_madgwick/lib:/root/imu_ws/install/imu_complementary_filter/lib:/root/yahboomcar_ws/install/yahboomcar_msgs/lib:/root/yahboomcar_ws/install/yahboom_web_savmap_interfaces/lib:/root/yahboomcar_ws/install/robot_localization/lib:/root/gmapping_ws/install/openslam_gmapping/lib:/opt/ros/humble/opt/rviz_ogre_vendor/lib:/opt/ros/humble/lib/aarch64-linux-gnu:/opt/ros/humble/lib'), ('HOME', '/root'), ('OLDPWD', '/root'), ('ROS_PYTHON_VERSION', '3'), ('LC_CTYPE', 'C.UTF-8'), ('COLCON_PREFIX_PATH', '/root/yahboomcar_ws/install:/root/gmapping_ws/install:/root/imu_ws/install'), ('ROS_DISTRO', 'humble'), ('_', '/usr/bin/colcon'), ('ROS_VERSION', '2'), ('TERM', 'xterm'), ('ROS_LOCALHOST_ONLY', '0'), ('QT_X11_NO_MITSHM', '1'), ('PATH', '/opt/ros/humble/bin:/usr/local/sbin:/usr/local/bin:/usr/sbin:/usr/bin:/sbin:/bin'), ('DISPLAY', ':0'), ('LS_COLORS', 'rs=0:di=01;34:ln=01;36:mh=00:pi=40;33:so=01;35:do=01;35:bd=40;33;01:cd=40;33;01:or=40;31;01:mi=00:su=37;41:sg=30;43:ca=30;41:tw=30;42:ow=34;42:st=37;44:ex=01;32:*.tar=01;31:*.tgz=01;31:*.arc=01;31:*.arj=01;31:*.taz=01;31:*.lha=01;31:*.lz4=01;31:*.lzh=01;31:*.lzma=01;31:*.tlz=01;31:*.txz=01;31:*.tzo=01;31:*.t7z=01;31:*.zip=01;31:*.z=01;31:*.dz=01;31:*.gz=01;31:*.lrz=01;31:*.lz=01;31:*.lzo=01;31:*.xz=01;31:*.zst=01;31:*.tzst=01;31:*.bz2=01;31:*.bz=01;31:*.tbz=01;31:*.tbz2=01;31:*.tz=01;31:*.deb=01;31:*.rpm=01;31:*.jar=01;31:*.war=01;31:*.ear=01;31:*.sar=01;31:*.rar=01;31:*.alz=01;31:*.ace=01;31:*.zoo=01;31:*.cpio=01;31:*.7z=01;31:*.rz=01;31:*.cab=01;31:*.wim=01;31:*.swm=01;31:*.dwm=01;31:*.esd=01;31:*.jpg=01;35:*.jpeg=01;35:*.mjpg=01;35:*.mjpeg=01;35:*.gif=01;35:*.bmp=01;35:*.pbm=01;35:*.pgm=01;35:*.ppm=01;35:*.tga=01;35:*.xbm=01;35:*.xpm=01;35:*.tif=01;35:*.tiff=01;35:*.png=01;35:*.svg=01;35:*.svgz=01;35:*.mng=01;35:*.pcx=01;35:*.mov=01;35:*.mpg=01;35:*.mpeg=01;35:*.m2v=01;35:*.mkv=01;35:*.webm=01;35:*.webp=01;35:*.ogm=01;35:*.mp4=01;35:*.m4v=01;35:*.mp4v=01;35:*.vob=01;35:*.qt=01;35:*.nuv=01;35:*.wmv=01;35:*.asf=01;35:*.rm=01;35:*.rmvb=01;35:*.flc=01;35:*.avi=01;35:*.fli=01;35:*.flv=01;35:*.gl=01;35:*.dl=01;35:*.xcf=01;35:*.xwd=01;35:*.yuv=01;35:*.cgm=01;35:*.emf=01;35:*.ogv=01;35:*.ogx=01;35:*.aac=00;36:*.au=00;36:*.flac=00;36:*.m4a=00;36:*.mid=00;36:*.midi=00;36:*.mka=00;36:*.mp3=00;36:*.mpc=00;36:*.ogg=00;36:*.ra=00;36:*.wav=00;36:*.oga=00;36:*.opus=00;36:*.spx=00;36:*.xspf=00;36:'), ('ROS_DOMAIN_ID', '30'), ('AMENT_PREFIX_PATH', '/root/imu_ws/install/imu_tools:/root/imu_ws/install/rviz_imu_plugin:/root/imu_ws/install/imu_filter_madgwick:/root/imu_ws/install/imu_complementary_filter:/root/yahboomcar_ws/install/yahboomcar_visual:/root/yahboomcar_ws/install/yahboomcar_nav:/root/yahboomcar_ws/install/yahboomcar_msgs:/root/yahboomcar_ws/install/yahboomcar_mediapipe:/root/yahboomcar_ws/install/yahboomcar_laser:/root/yahboomcar_ws/install/yahboomcar_description:/root/yahboomcar_ws/install/yahboomcar_ctrl:/root/yahboomcar_ws/install/yahboomcar_bringup:/root/yahboomcar_ws/install/yahboomcar_base_node:/root/yahboomcar_ws/install/yahboomcar_astra:/root/yahboomcar_ws/install/yahboom_web_savmap_interfaces:/root/yahboomcar_ws/install/yahboom_app_save_map:/root/yahboomcar_ws/install/robot_pose_publisher_ros2:/root/yahboomcar_ws/install/robot_localization:/root/yahboomcar_ws/install/laserscan_to_point_publisher:/root/gmapping_ws/install/slam_gmapping:/root/gmapping_ws/install/openslam_gmapping:/opt/ros/humble'), ('PWD', '/root/yahboomcar_ws/build/yahboomcar_base_node'), ('PYTHONPATH', '/root/yahboomcar_ws/install/yahboomcar_visual/lib/python3.10/site-packages:/root/yahboomcar_ws/install/yahboomcar_nav/lib/python3.10/site-packages:/root/yahboomcar_ws/install/yahboomcar_msgs/local/lib/python3.10/dist-packages:/root/yahboomcar_ws/install/yahboomcar_mediapipe/lib/python3.10/site-packages:/root/yahboomcar_ws/install/yahboomcar_laser/lib/python3.10/site-packages:/root/yahboomcar_ws/install/yahboomcar_description/lib/python3.10/site-packages:/root/yahboomcar_ws/install/yahboomcar_ctrl/lib/python3.10/site-packages:/root/yahboomcar_ws/install/yahboomcar_bringup/lib/python3.10/site-packages:/root/yahboomcar_ws/install/yahboomcar_astra/lib/python3.10/site-packages:/root/yahboomcar_ws/install/yahboom_web_savmap_interfaces/local/lib/python3.10/dist-packages:/root/yahboomcar_ws/install/yahboom_app_save_map/lib/python3.10/site-packages:/root/yahboomcar_ws/install/robot_localization/local/lib/python3.10/dist-packages:/root/yahboomcar_ws/install/laserscan_to_point_publisher/lib/python3.10/site-packages:/opt/ros/humble/lib/python3.10/site-packages:/opt/ros/humble/local/lib/python3.10/dist-packages'), ('COLCON', '1'), ('CMAKE_PREFIX_PATH', '/root/imu_ws/install/imu_tools:/root/imu_ws/install/rviz_imu_plugin:/root/imu_ws/install/imu_filter_madgwick:/root/imu_ws/install/imu_complementary_filter:/root/yahboomcar_ws/install/yahboomcar_msgs:/root/yahboomcar_ws/install/yahboomcar_base_node:/root/yahboomcar_ws/install/yahboom_web_savmap_interfaces:/root/yahboomcar_ws/install/robot_pose_publisher_ros2:/root/yahboomcar_ws/install/robot_localization:/root/gmapping_ws/install/slam_gmapping:/root/gmapping_ws/install/openslam_gmapping:/root/yahboomcar_ws/install/yahboomcar_visual:/root/yahboomcar_ws/install/yahboomcar_nav:/root/yahboomcar_ws/install/yahboomcar_mediapipe:/root/yahboomcar_ws/install/yahboomcar_laser:/root/yahboomcar_ws/install/yahboomcar_description:/root/yahboomcar_ws/install/yahboomcar_ctrl:/root/yahboomcar_ws/install/yahboomcar_bringup:/root/yahboomcar_ws/install/yahboomcar_astra:/root/yahboomcar_ws/install/yahboom_app_save_map:/root/yahboomcar_ws/install/laserscan_to_point_publisher:/opt/ros/humble')]), 'shell': False}
[4.673463] (yahboom_web_savmap_interfaces) StdoutLine: {'line': b'-- Install configuration: ""\n'}
[4.673983] (yahboom_web_savmap_interfaces) StdoutLine: {'line': b'-- Up-to-date: /root/yahboomcar_ws/install/yahboom_web_savmap_interfaces/share/ament_index/resource_index/rosidl_interfaces/yahboom_web_savmap_interfaces\n'}
[4.674443] (yahboom_web_savmap_interfaces) StdoutLine: {'line': b'-- Up-to-date: /root/yahboomcar_ws/install/yahboom_web_savmap_interfaces/include/yahboom_web_savmap_interfaces/yahboom_web_savmap_interfaces\n'}
[4.674749] (yahboom_web_savmap_interfaces) StdoutLine: {'line': b'-- Up-to-date: /root/yahboomcar_ws/install/yahboom_web_savmap_interfaces/include/yahboom_web_savmap_interfaces/yahboom_web_savmap_interfaces/srv\n'}
[4.674976] (yahboom_web_savmap_interfaces) StdoutLine: {'line': b'-- Up-to-date: /root/yahboomcar_ws/install/yahboom_web_savmap_interfaces/include/yahboom_web_savmap_interfaces/yahboom_web_savmap_interfaces/srv/detail\n'}
[4.675232] (yahboom_web_savmap_interfaces) StdoutLine: {'line': b'-- Up-to-date: /root/yahboomcar_ws/install/yahboom_web_savmap_interfaces/include/yahboom_web_savmap_interfaces/yahboom_web_savmap_interfaces/srv/detail/web_save_map__functions.h\n'}
[4.675457] (yahboom_web_savmap_interfaces) StdoutLine: {'line': b'-- Up-to-date: /root/yahboomcar_ws/install/yahboom_web_savmap_interfaces/include/yahboom_web_savmap_interfaces/yahboom_web_savmap_interfaces/srv/detail/web_save_map__type_support.h\n'}
[4.675724] (yahboom_web_savmap_interfaces) StdoutLine: {'line': b'-- Up-to-date: /root/yahboomcar_ws/install/yahboom_web_savmap_interfaces/include/yahboom_web_savmap_interfaces/yahboom_web_savmap_interfaces/srv/detail/web_save_map__functions.c\n'}
[4.675947] (yahboom_web_savmap_interfaces) StdoutLine: {'line': b'-- Up-to-date: /root/yahboomcar_ws/install/yahboom_web_savmap_interfaces/include/yahboom_web_savmap_interfaces/yahboom_web_savmap_interfaces/srv/detail/web_save_map__struct.h\n'}
[4.676149] (yahboom_web_savmap_interfaces) StdoutLine: {'line': b'-- Up-to-date: /root/yahboomcar_ws/install/yahboom_web_savmap_interfaces/include/yahboom_web_savmap_interfaces/yahboom_web_savmap_interfaces/srv/web_save_map.h\n'}
[4.676384] (yahboom_web_savmap_interfaces) StdoutLine: {'line': b'-- Up-to-date: /root/yahboomcar_ws/install/yahboom_web_savmap_interfaces/include/yahboom_web_savmap_interfaces/yahboom_web_savmap_interfaces/msg\n'}
[4.676627] (yahboom_web_savmap_interfaces) StdoutLine: {'line': b'-- Up-to-date: /root/yahboomcar_ws/install/yahboom_web_savmap_interfaces/include/yahboom_web_savmap_interfaces/yahboom_web_savmap_interfaces/msg/rosidl_generator_c__visibility_control.h\n'}
[4.676910] (yahboom_web_savmap_interfaces) StdoutLine: {'line': b'-- Up-to-date: /root/yahboomcar_ws/install/yahboom_web_savmap_interfaces/share/yahboom_web_savmap_interfaces/environment/library_path.sh\n'}
[4.677306] (yahboom_web_savmap_interfaces) StdoutLine: {'line': b'-- Up-to-date: /root/yahboomcar_ws/install/yahboom_web_savmap_interfaces/share/yahboom_web_savmap_interfaces/environment/library_path.dsv\n'}
[4.677785] (yahboom_web_savmap_interfaces) StdoutLine: {'line': b'-- Up-to-date: /root/yahboomcar_ws/install/yahboom_web_savmap_interfaces/lib/libyahboom_web_savmap_interfaces__rosidl_generator_c.so\n'}
[4.678363] (yahboom_web_savmap_interfaces) StdoutLine: {'line': b'-- Up-to-date: /root/yahboomcar_ws/install/yahboom_web_savmap_interfaces/include/yahboom_web_savmap_interfaces/yahboom_web_savmap_interfaces\n'}
[4.678608] (yahboom_web_savmap_interfaces) StdoutLine: {'line': b'-- Up-to-date: /root/yahboomcar_ws/install/yahboom_web_savmap_interfaces/include/yahboom_web_savmap_interfaces/yahboom_web_savmap_interfaces/srv\n'}
[4.678839] (yahboom_web_savmap_interfaces) StdoutLine: {'line': b'-- Up-to-date: /root/yahboomcar_ws/install/yahboom_web_savmap_interfaces/include/yahboom_web_savmap_interfaces/yahboom_web_savmap_interfaces/srv/detail\n'}
[4.679091] (yahboom_web_savmap_interfaces) StdoutLine: {'line': b'-- Up-to-date: /root/yahboomcar_ws/install/yahboom_web_savmap_interfaces/include/yahboom_web_savmap_interfaces/yahboom_web_savmap_interfaces/srv/detail/web_save_map__rosidl_typesupport_fastrtps_c.h\n'}
[4.679278] (yahboom_web_savmap_interfaces) StdoutLine: {'line': b'-- Up-to-date: /root/yahboomcar_ws/install/yahboom_web_savmap_interfaces/include/yahboom_web_savmap_interfaces/yahboom_web_savmap_interfaces/msg\n'}
[4.679490] (yahboom_web_savmap_interfaces) StdoutLine: {'line': b'-- Up-to-date: /root/yahboomcar_ws/install/yahboom_web_savmap_interfaces/include/yahboom_web_savmap_interfaces/yahboom_web_savmap_interfaces/msg/rosidl_typesupport_fastrtps_c__visibility_control.h\n'}
[4.680027] (yahboom_web_savmap_interfaces) StdoutLine: {'line': b'-- Up-to-date: /root/yahboomcar_ws/install/yahboom_web_savmap_interfaces/lib/libyahboom_web_savmap_interfaces__rosidl_typesupport_fastrtps_c.so\n'}
[4.680650] (yahboom_web_savmap_interfaces) StdoutLine: {'line': b'-- Up-to-date: /root/yahboomcar_ws/install/yahboom_web_savmap_interfaces/include/yahboom_web_savmap_interfaces/yahboom_web_savmap_interfaces\n'}
[4.680890] (yahboom_web_savmap_interfaces) StdoutLine: {'line': b'-- Up-to-date: /root/yahboomcar_ws/install/yahboom_web_savmap_interfaces/include/yahboom_web_savmap_interfaces/yahboom_web_savmap_interfaces/srv\n'}
[4.681517] (yahboom_web_savmap_interfaces) StdoutLine: {'line': b'-- Up-to-date: /root/yahboomcar_ws/install/yahboom_web_savmap_interfaces/include/yahboom_web_savmap_interfaces/yahboom_web_savmap_interfaces/srv/detail\n'}
[4.682080] (yahboom_web_savmap_interfaces) StdoutLine: {'line': b'-- Up-to-date: /root/yahboomcar_ws/install/yahboom_web_savmap_interfaces/include/yahboom_web_savmap_interfaces/yahboom_web_savmap_interfaces/srv/detail/web_save_map__struct.hpp\n'}
[4.682340] (yahboom_web_savmap_interfaces) StdoutLine: {'line': b'-- Up-to-date: /root/yahboomcar_ws/install/yahboom_web_savmap_interfaces/include/yahboom_web_savmap_interfaces/yahboom_web_savmap_interfaces/srv/detail/web_save_map__builder.hpp\n'}
[4.682541] (yahboom_web_savmap_interfaces) StdoutLine: {'line': b'-- Up-to-date: /root/yahboomcar_ws/install/yahboom_web_savmap_interfaces/include/yahboom_web_savmap_interfaces/yahboom_web_savmap_interfaces/srv/detail/web_save_map__traits.hpp\n'}
[4.682745] (yahboom_web_savmap_interfaces) StdoutLine: {'line': b'-- Up-to-date: /root/yahboomcar_ws/install/yahboom_web_savmap_interfaces/include/yahboom_web_savmap_interfaces/yahboom_web_savmap_interfaces/srv/web_save_map.hpp\n'}
[4.683027] (yahboom_web_savmap_interfaces) StdoutLine: {'line': b'-- Up-to-date: /root/yahboomcar_ws/install/yahboom_web_savmap_interfaces/include/yahboom_web_savmap_interfaces/yahboom_web_savmap_interfaces\n'}
[4.683240] (yahboom_web_savmap_interfaces) StdoutLine: {'line': b'-- Up-to-date: /root/yahboomcar_ws/install/yahboom_web_savmap_interfaces/include/yahboom_web_savmap_interfaces/yahboom_web_savmap_interfaces/srv\n'}
[4.683435] (yahboom_web_savmap_interfaces) StdoutLine: {'line': b'-- Up-to-date: /root/yahboomcar_ws/install/yahboom_web_savmap_interfaces/include/yahboom_web_savmap_interfaces/yahboom_web_savmap_interfaces/srv/detail\n'}
[4.683672] (yahboom_web_savmap_interfaces) StdoutLine: {'line': b'-- Up-to-date: /root/yahboomcar_ws/install/yahboom_web_savmap_interfaces/include/yahboom_web_savmap_interfaces/yahboom_web_savmap_interfaces/srv/detail/web_save_map__rosidl_typesupport_fastrtps_cpp.hpp\n'}
[4.683856] (yahboom_web_savmap_interfaces) StdoutLine: {'line': b'-- Up-to-date: /root/yahboomcar_ws/install/yahboom_web_savmap_interfaces/include/yahboom_web_savmap_interfaces/yahboom_web_savmap_interfaces/srv/detail/dds_fastrtps\n'}
[4.684129] (yahboom_web_savmap_interfaces) StdoutLine: {'line': b'-- Up-to-date: /root/yahboomcar_ws/install/yahboom_web_savmap_interfaces/include/yahboom_web_savmap_interfaces/yahboom_web_savmap_interfaces/msg\n'}
[4.684471] (yahboom_web_savmap_interfaces) StdoutLine: {'line': b'-- Up-to-date: /root/yahboomcar_ws/install/yahboom_web_savmap_interfaces/include/yahboom_web_savmap_interfaces/yahboom_web_savmap_interfaces/msg/rosidl_typesupport_fastrtps_cpp__visibility_control.h\n'}
[4.684995] (yahboom_web_savmap_interfaces) StdoutLine: {'line': b'-- Up-to-date: /root/yahboomcar_ws/install/yahboom_web_savmap_interfaces/lib/libyahboom_web_savmap_interfaces__rosidl_typesupport_fastrtps_cpp.so\n'}
[4.685560] (yahboom_web_savmap_interfaces) StdoutLine: {'line': b'-- Up-to-date: /root/yahboomcar_ws/install/yahboom_web_savmap_interfaces/include/yahboom_web_savmap_interfaces/yahboom_web_savmap_interfaces\n'}
[4.685872] (yahboom_web_savmap_interfaces) StdoutLine: {'line': b'-- Up-to-date: /root/yahboomcar_ws/install/yahboom_web_savmap_interfaces/include/yahboom_web_savmap_interfaces/yahboom_web_savmap_interfaces/srv\n'}
[4.686083] (yahboom_web_savmap_interfaces) StdoutLine: {'line': b'-- Up-to-date: /root/yahboomcar_ws/install/yahboom_web_savmap_interfaces/include/yahboom_web_savmap_interfaces/yahboom_web_savmap_interfaces/srv/detail\n'}
[4.686306] (yahboom_web_savmap_interfaces) StdoutLine: {'line': b'-- Up-to-date: /root/yahboomcar_ws/install/yahboom_web_savmap_interfaces/include/yahboom_web_savmap_interfaces/yahboom_web_savmap_interfaces/srv/detail/web_save_map__type_support.c\n'}
[4.686502] (yahboom_web_savmap_interfaces) StdoutLine: {'line': b'-- Up-to-date: /root/yahboomcar_ws/install/yahboom_web_savmap_interfaces/include/yahboom_web_savmap_interfaces/yahboom_web_savmap_interfaces/srv/detail/web_save_map__rosidl_typesupport_introspection_c.h\n'}
[4.686695] (yahboom_web_savmap_interfaces) StdoutLine: {'line': b'-- Up-to-date: /root/yahboomcar_ws/install/yahboom_web_savmap_interfaces/include/yahboom_web_savmap_interfaces/yahboom_web_savmap_interfaces/msg\n'}
[4.686904] (yahboom_web_savmap_interfaces) StdoutLine: {'line': b'-- Up-to-date: /root/yahboomcar_ws/install/yahboom_web_savmap_interfaces/include/yahboom_web_savmap_interfaces/yahboom_web_savmap_interfaces/msg/rosidl_typesupport_introspection_c__visibility_control.h\n'}
[4.687376] (yahboom_web_savmap_interfaces) StdoutLine: {'line': b'-- Up-to-date: /root/yahboomcar_ws/install/yahboom_web_savmap_interfaces/lib/libyahboom_web_savmap_interfaces__rosidl_typesupport_introspection_c.so\n'}
[4.687975] (yahboom_web_savmap_interfaces) StdoutLine: {'line': b'-- Up-to-date: /root/yahboomcar_ws/install/yahboom_web_savmap_interfaces/lib/libyahboom_web_savmap_interfaces__rosidl_typesupport_c.so\n'}
[4.688385] (yahboom_web_savmap_interfaces) StdoutLine: {'line': b'-- Up-to-date: /root/yahboomcar_ws/install/yahboom_web_savmap_interfaces/include/yahboom_web_savmap_interfaces/yahboom_web_savmap_interfaces\n'}
[4.688594] (yahboom_web_savmap_interfaces) StdoutLine: {'line': b'-- Up-to-date: /root/yahboomcar_ws/install/yahboom_web_savmap_interfaces/include/yahboom_web_savmap_interfaces/yahboom_web_savmap_interfaces/srv\n'}
[4.688789] (yahboom_web_savmap_interfaces) StdoutLine: {'line': b'-- Up-to-date: /root/yahboomcar_ws/install/yahboom_web_savmap_interfaces/include/yahboom_web_savmap_interfaces/yahboom_web_savmap_interfaces/srv/detail\n'}
[4.688989] (yahboom_web_savmap_interfaces) StdoutLine: {'line': b'-- Up-to-date: /root/yahboomcar_ws/install/yahboom_web_savmap_interfaces/include/yahboom_web_savmap_interfaces/yahboom_web_savmap_interfaces/srv/detail/web_save_map__rosidl_typesupport_introspection_cpp.hpp\n'}
[4.689180] (yahboom_web_savmap_interfaces) StdoutLine: {'line': b'-- Up-to-date: /root/yahboomcar_ws/install/yahboom_web_savmap_interfaces/include/yahboom_web_savmap_interfaces/yahboom_web_savmap_interfaces/srv/detail/web_save_map__type_support.cpp\n'}
[4.689665] (yahboom_web_savmap_interfaces) StdoutLine: {'line': b'-- Up-to-date: /root/yahboomcar_ws/install/yahboom_web_savmap_interfaces/lib/libyahboom_web_savmap_interfaces__rosidl_typesupport_introspection_cpp.so\n'}
[4.690290] (yahboom_web_savmap_interfaces) StdoutLine: {'line': b'-- Up-to-date: /root/yahboomcar_ws/install/yahboom_web_savmap_interfaces/lib/libyahboom_web_savmap_interfaces__rosidl_typesupport_cpp.so\n'}
[4.690751] (yahboom_web_savmap_interfaces) StdoutLine: {'line': b'-- Up-to-date: /root/yahboomcar_ws/install/yahboom_web_savmap_interfaces/share/yahboom_web_savmap_interfaces/environment/pythonpath.sh\n'}
[4.691069] (yahboom_web_savmap_interfaces) StdoutLine: {'line': b'-- Up-to-date: /root/yahboomcar_ws/install/yahboom_web_savmap_interfaces/share/yahboom_web_savmap_interfaces/environment/pythonpath.dsv\n'}
[4.691494] (yahboom_web_savmap_interfaces) StdoutLine: {'line': b'-- Up-to-date: /root/yahboomcar_ws/install/yahboom_web_savmap_interfaces/local/lib/python3.10/dist-packages/yahboom_web_savmap_interfaces-0.0.0-py3.10.egg-info\n'}
[4.691776] (yahboom_web_savmap_interfaces) StdoutLine: {'line': b'-- Installing: /root/yahboomcar_ws/install/yahboom_web_savmap_interfaces/local/lib/python3.10/dist-packages/yahboom_web_savmap_interfaces-0.0.0-py3.10.egg-info/SOURCES.txt\n'}
[4.692480] (yahboom_web_savmap_interfaces) StdoutLine: {'line': b'-- Installing: /root/yahboomcar_ws/install/yahboom_web_savmap_interfaces/local/lib/python3.10/dist-packages/yahboom_web_savmap_interfaces-0.0.0-py3.10.egg-info/top_level.txt\n'}
[4.693146] (yahboom_web_savmap_interfaces) StdoutLine: {'line': b'-- Installing: /root/yahboomcar_ws/install/yahboom_web_savmap_interfaces/local/lib/python3.10/dist-packages/yahboom_web_savmap_interfaces-0.0.0-py3.10.egg-info/PKG-INFO\n'}
[4.693781] (yahboom_web_savmap_interfaces) StdoutLine: {'line': b'-- Installing: /root/yahboomcar_ws/install/yahboom_web_savmap_interfaces/local/lib/python3.10/dist-packages/yahboom_web_savmap_interfaces-0.0.0-py3.10.egg-info/dependency_links.txt\n'}
[4.694427] (yahboom_web_savmap_interfaces) StdoutLine: {'line': b'-- Up-to-date: /root/yahboomcar_ws/install/yahboom_web_savmap_interfaces/local/lib/python3.10/dist-packages/yahboom_web_savmap_interfaces\n'}
[4.694727] (yahboom_web_savmap_interfaces) StdoutLine: {'line': b'-- Up-to-date: /root/yahboomcar_ws/install/yahboom_web_savmap_interfaces/local/lib/python3.10/dist-packages/yahboom_web_savmap_interfaces/yahboom_web_savmap_interfaces_s__rosidl_typesupport_fastrtps_c.cpython-310-aarch64-linux-gnu.so\n'}
[4.694940] (yahboom_web_savmap_interfaces) StdoutLine: {'line': b'-- Up-to-date: /root/yahboomcar_ws/install/yahboom_web_savmap_interfaces/local/lib/python3.10/dist-packages/yahboom_web_savmap_interfaces/__init__.py\n'}
[4.695127] (yahboom_web_savmap_interfaces) StdoutLine: {'line': b'-- Up-to-date: /root/yahboomcar_ws/install/yahboom_web_savmap_interfaces/local/lib/python3.10/dist-packages/yahboom_web_savmap_interfaces/srv\n'}
[4.695370] (yahboom_web_savmap_interfaces) StdoutLine: {'line': b'-- Up-to-date: /root/yahboomcar_ws/install/yahboom_web_savmap_interfaces/local/lib/python3.10/dist-packages/yahboom_web_savmap_interfaces/srv/__init__.py\n'}
[4.695555] (yahboom_web_savmap_interfaces) StdoutLine: {'line': b'-- Up-to-date: /root/yahboomcar_ws/install/yahboom_web_savmap_interfaces/local/lib/python3.10/dist-packages/yahboom_web_savmap_interfaces/srv/_web_save_map_s.c\n'}
[4.695765] (yahboom_web_savmap_interfaces) StdoutLine: {'line': b'-- Up-to-date: /root/yahboomcar_ws/install/yahboom_web_savmap_interfaces/local/lib/python3.10/dist-packages/yahboom_web_savmap_interfaces/srv/_web_save_map.py\n'}
[4.696016] (yahboom_web_savmap_interfaces) StdoutLine: {'line': b'-- Up-to-date: /root/yahboomcar_ws/install/yahboom_web_savmap_interfaces/local/lib/python3.10/dist-packages/yahboom_web_savmap_interfaces/_yahboom_web_savmap_interfaces_s.ep.rosidl_typesupport_c.c\n'}
[4.696234] (yahboom_web_savmap_interfaces) StdoutLine: {'line': b'-- Up-to-date: /root/yahboomcar_ws/install/yahboom_web_savmap_interfaces/local/lib/python3.10/dist-packages/yahboom_web_savmap_interfaces/libyahboom_web_savmap_interfaces__rosidl_generator_py.so\n'}
[4.696454] (yahboom_web_savmap_interfaces) StdoutLine: {'line': b'-- Up-to-date: /root/yahboomcar_ws/install/yahboom_web_savmap_interfaces/local/lib/python3.10/dist-packages/yahboom_web_savmap_interfaces/_yahboom_web_savmap_interfaces_s.ep.rosidl_typesupport_introspection_c.c\n'}
[4.696689] (yahboom_web_savmap_interfaces) StdoutLine: {'line': b'-- Up-to-date: /root/yahboomcar_ws/install/yahboom_web_savmap_interfaces/local/lib/python3.10/dist-packages/yahboom_web_savmap_interfaces/yahboom_web_savmap_interfaces_s__rosidl_typesupport_c.cpython-310-aarch64-linux-gnu.so\n'}
[4.696916] (yahboom_web_savmap_interfaces) StdoutLine: {'line': b'-- Up-to-date: /root/yahboomcar_ws/install/yahboom_web_savmap_interfaces/local/lib/python3.10/dist-packages/yahboom_web_savmap_interfaces/_yahboom_web_savmap_interfaces_s.ep.rosidl_typesupport_fastrtps_c.c\n'}
[4.697167] (yahboom_web_savmap_interfaces) StdoutLine: {'line': b'-- Up-to-date: /root/yahboomcar_ws/install/yahboom_web_savmap_interfaces/local/lib/python3.10/dist-packages/yahboom_web_savmap_interfaces/yahboom_web_savmap_interfaces_s__rosidl_typesupport_introspection_c.cpython-310-aarch64-linux-gnu.so\n'}
[4.716372] (-) TimerEvent: {}
[4.764473] (yahboom_web_savmap_interfaces) StdoutLine: {'line': b"Listing '/root/yahboomcar_ws/install/yahboom_web_savmap_interfaces/local/lib/python3.10/dist-packages/yahboom_web_savmap_interfaces'...\n"}
[4.764823] (yahboom_web_savmap_interfaces) StdoutLine: {'line': b"Listing '/root/yahboomcar_ws/install/yahboom_web_savmap_interfaces/local/lib/python3.10/dist-packages/yahboom_web_savmap_interfaces/srv'...\n"}
[4.779201] (yahboom_web_savmap_interfaces) StdoutLine: {'line': b'-- Up-to-date: /root/yahboomcar_ws/install/yahboom_web_savmap_interfaces/local/lib/python3.10/dist-packages/yahboom_web_savmap_interfaces/yahboom_web_savmap_interfaces_s__rosidl_typesupport_fastrtps_c.cpython-310-aarch64-linux-gnu.so\n'}
[4.780520] (yahboom_web_savmap_interfaces) StdoutLine: {'line': b'-- Up-to-date: /root/yahboomcar_ws/install/yahboom_web_savmap_interfaces/local/lib/python3.10/dist-packages/yahboom_web_savmap_interfaces/yahboom_web_savmap_interfaces_s__rosidl_typesupport_introspection_c.cpython-310-aarch64-linux-gnu.so\n'}
[4.781174] (yahboom_web_savmap_interfaces) StdoutLine: {'line': b'-- Up-to-date: /root/yahboomcar_ws/install/yahboom_web_savmap_interfaces/local/lib/python3.10/dist-packages/yahboom_web_savmap_interfaces/yahboom_web_savmap_interfaces_s__rosidl_typesupport_c.cpython-310-aarch64-linux-gnu.so\n'}
[4.781769] (yahboom_web_savmap_interfaces) StdoutLine: {'line': b'-- Up-to-date: /root/yahboomcar_ws/install/yahboom_web_savmap_interfaces/lib/libyahboom_web_savmap_interfaces__rosidl_generator_py.so\n'}
[4.782317] (yahboom_web_savmap_interfaces) StdoutLine: {'line': b'-- Up-to-date: /root/yahboomcar_ws/install/yahboom_web_savmap_interfaces/share/yahboom_web_savmap_interfaces/srv/WebSaveMap.idl\n'}
[4.783377] (yahboom_web_savmap_interfaces) StdoutLine: {'line': b'-- Up-to-date: /root/yahboomcar_ws/install/yahboom_web_savmap_interfaces/share/yahboom_web_savmap_interfaces/srv/WebSaveMap.srv\n'}
[4.784035] (yahboom_web_savmap_interfaces) StdoutLine: {'line': b'-- Up-to-date: /root/yahboomcar_ws/install/yahboom_web_savmap_interfaces/share/yahboom_web_savmap_interfaces/srv/WebSaveMap_Request.msg\n'}
[4.784135] (yahboom_web_savmap_interfaces) StdoutLine: {'line': b'-- Up-to-date: /root/yahboomcar_ws/install/yahboom_web_savmap_interfaces/share/yahboom_web_savmap_interfaces/srv/WebSaveMap_Response.msg\n'}
[4.784206] (yahboom_web_savmap_interfaces) StdoutLine: {'line': b'-- Up-to-date: /root/yahboomcar_ws/install/yahboom_web_savmap_interfaces/share/ament_index/resource_index/package_run_dependencies/yahboom_web_savmap_interfaces\n'}
[4.784276] (yahboom_web_savmap_interfaces) StdoutLine: {'line': b'-- Up-to-date: /root/yahboomcar_ws/install/yahboom_web_savmap_interfaces/share/ament_index/resource_index/parent_prefix_path/yahboom_web_savmap_interfaces\n'}
[4.784342] (yahboom_web_savmap_interfaces) StdoutLine: {'line': b'-- Up-to-date: /root/yahboomcar_ws/install/yahboom_web_savmap_interfaces/share/yahboom_web_savmap_interfaces/environment/ament_prefix_path.sh\n'}
[4.784409] (yahboom_web_savmap_interfaces) StdoutLine: {'line': b'-- Up-to-date: /root/yahboomcar_ws/install/yahboom_web_savmap_interfaces/share/yahboom_web_savmap_interfaces/environment/ament_prefix_path.dsv\n'}
[4.784478] (yahboom_web_savmap_interfaces) StdoutLine: {'line': b'-- Up-to-date: /root/yahboomcar_ws/install/yahboom_web_savmap_interfaces/share/yahboom_web_savmap_interfaces/environment/path.sh\n'}
[4.784543] (yahboom_web_savmap_interfaces) StdoutLine: {'line': b'-- Up-to-date: /root/yahboomcar_ws/install/yahboom_web_savmap_interfaces/share/yahboom_web_savmap_interfaces/environment/path.dsv\n'}
[4.784607] (yahboom_web_savmap_interfaces) StdoutLine: {'line': b'-- Up-to-date: /root/yahboomcar_ws/install/yahboom_web_savmap_interfaces/share/yahboom_web_savmap_interfaces/local_setup.bash\n'}
[4.784671] (yahboom_web_savmap_interfaces) StdoutLine: {'line': b'-- Up-to-date: /root/yahboomcar_ws/install/yahboom_web_savmap_interfaces/share/yahboom_web_savmap_interfaces/local_setup.sh\n'}
[4.784734] (yahboom_web_savmap_interfaces) StdoutLine: {'line': b'-- Up-to-date: /root/yahboomcar_ws/install/yahboom_web_savmap_interfaces/share/yahboom_web_savmap_interfaces/local_setup.zsh\n'}
[4.784797] (yahboom_web_savmap_interfaces) StdoutLine: {'line': b'-- Up-to-date: /root/yahboomcar_ws/install/yahboom_web_savmap_interfaces/share/yahboom_web_savmap_interfaces/local_setup.dsv\n'}
[4.784883] (yahboom_web_savmap_interfaces) StdoutLine: {'line': b'-- Installing: /root/yahboomcar_ws/install/yahboom_web_savmap_interfaces/share/yahboom_web_savmap_interfaces/package.dsv\n'}
[4.784949] (yahboom_web_savmap_interfaces) StdoutLine: {'line': b'-- Up-to-date: /root/yahboomcar_ws/install/yahboom_web_savmap_interfaces/share/ament_index/resource_index/packages/yahboom_web_savmap_interfaces\n'}
[4.785013] (yahboom_web_savmap_interfaces) StdoutLine: {'line': b'-- Up-to-date: /root/yahboomcar_ws/install/yahboom_web_savmap_interfaces/share/yahboom_web_savmap_interfaces/cmake/export_yahboom_web_savmap_interfaces__rosidl_generator_cExport.cmake\n'}
[4.785078] (yahboom_web_savmap_interfaces) StdoutLine: {'line': b'-- Up-to-date: /root/yahboomcar_ws/install/yahboom_web_savmap_interfaces/share/yahboom_web_savmap_interfaces/cmake/export_yahboom_web_savmap_interfaces__rosidl_generator_cExport-noconfig.cmake\n'}
[4.785167] (yahboom_web_savmap_interfaces) StdoutLine: {'line': b'-- Up-to-date: /root/yahboomcar_ws/install/yahboom_web_savmap_interfaces/share/yahboom_web_savmap_interfaces/cmake/export_yahboom_web_savmap_interfaces__rosidl_typesupport_fastrtps_cExport.cmake\n'}
[4.785273] (yahboom_web_savmap_interfaces) StdoutLine: {'line': b'-- Up-to-date: /root/yahboomcar_ws/install/yahboom_web_savmap_interfaces/share/yahboom_web_savmap_interfaces/cmake/export_yahboom_web_savmap_interfaces__rosidl_typesupport_fastrtps_cExport-noconfig.cmake\n'}
[4.785407] (yahboom_web_savmap_interfaces) StdoutLine: {'line': b'-- Up-to-date: /root/yahboomcar_ws/install/yahboom_web_savmap_interfaces/share/yahboom_web_savmap_interfaces/cmake/export_yahboom_web_savmap_interfaces__rosidl_generator_cppExport.cmake\n'}
[4.785533] (yahboom_web_savmap_interfaces) StdoutLine: {'line': b'-- Up-to-date: /root/yahboomcar_ws/install/yahboom_web_savmap_interfaces/share/yahboom_web_savmap_interfaces/cmake/export_yahboom_web_savmap_interfaces__rosidl_typesupport_fastrtps_cppExport.cmake\n'}
[4.785649] (yahboom_web_savmap_interfaces) StdoutLine: {'line': b'-- Up-to-date: /root/yahboomcar_ws/install/yahboom_web_savmap_interfaces/share/yahboom_web_savmap_interfaces/cmake/export_yahboom_web_savmap_interfaces__rosidl_typesupport_fastrtps_cppExport-noconfig.cmake\n'}
[4.785853] (yahboom_web_savmap_interfaces) StdoutLine: {'line': b'-- Up-to-date: /root/yahboomcar_ws/install/yahboom_web_savmap_interfaces/share/yahboom_web_savmap_interfaces/cmake/yahboom_web_savmap_interfaces__rosidl_typesupport_introspection_cExport.cmake\n'}
[4.786008] (yahboom_web_savmap_interfaces) StdoutLine: {'line': b'-- Up-to-date: /root/yahboomcar_ws/install/yahboom_web_savmap_interfaces/share/yahboom_web_savmap_interfaces/cmake/yahboom_web_savmap_interfaces__rosidl_typesupport_introspection_cExport-noconfig.cmake\n'}
[4.786122] (yahboom_web_savmap_interfaces) StdoutLine: {'line': b'-- Up-to-date: /root/yahboomcar_ws/install/yahboom_web_savmap_interfaces/share/yahboom_web_savmap_interfaces/cmake/yahboom_web_savmap_interfaces__rosidl_typesupport_cExport.cmake\n'}
[4.786243] (yahboom_web_savmap_interfaces) StdoutLine: {'line': b'-- Up-to-date: /root/yahboomcar_ws/install/yahboom_web_savmap_interfaces/share/yahboom_web_savmap_interfaces/cmake/yahboom_web_savmap_interfaces__rosidl_typesupport_cExport-noconfig.cmake\n'}
[4.786341] (yahboom_web_savmap_interfaces) StdoutLine: {'line': b'-- Up-to-date: /root/yahboomcar_ws/install/yahboom_web_savmap_interfaces/share/yahboom_web_savmap_interfaces/cmake/yahboom_web_savmap_interfaces__rosidl_typesupport_introspection_cppExport.cmake\n'}
[4.786461] (yahboom_web_savmap_interfaces) StdoutLine: {'line': b'-- Up-to-date: /root/yahboomcar_ws/install/yahboom_web_savmap_interfaces/share/yahboom_web_savmap_interfaces/cmake/yahboom_web_savmap_interfaces__rosidl_typesupport_introspection_cppExport-noconfig.cmake\n'}
[4.786565] (yahboom_web_savmap_interfaces) StdoutLine: {'line': b'-- Up-to-date: /root/yahboomcar_ws/install/yahboom_web_savmap_interfaces/share/yahboom_web_savmap_interfaces/cmake/yahboom_web_savmap_interfaces__rosidl_typesupport_cppExport.cmake\n'}
[4.786690] (yahboom_web_savmap_interfaces) StdoutLine: {'line': b'-- Up-to-date: /root/yahboomcar_ws/install/yahboom_web_savmap_interfaces/share/yahboom_web_savmap_interfaces/cmake/yahboom_web_savmap_interfaces__rosidl_typesupport_cppExport-noconfig.cmake\n'}
[4.786792] (yahboom_web_savmap_interfaces) StdoutLine: {'line': b'-- Up-to-date: /root/yahboomcar_ws/install/yahboom_web_savmap_interfaces/share/yahboom_web_savmap_interfaces/cmake/export_yahboom_web_savmap_interfaces__rosidl_generator_pyExport.cmake\n'}
[4.786874] (yahboom_web_savmap_interfaces) StdoutLine: {'line': b'-- Up-to-date: /root/yahboomcar_ws/install/yahboom_web_savmap_interfaces/share/yahboom_web_savmap_interfaces/cmake/export_yahboom_web_savmap_interfaces__rosidl_generator_pyExport-noconfig.cmake\n'}
[4.786997] (yahboom_web_savmap_interfaces) StdoutLine: {'line': b'-- Up-to-date: /root/yahboomcar_ws/install/yahboom_web_savmap_interfaces/share/yahboom_web_savmap_interfaces/cmake/rosidl_cmake-extras.cmake\n'}
[4.787068] (yahboom_web_savmap_interfaces) StdoutLine: {'line': b'-- Up-to-date: /root/yahboomcar_ws/install/yahboom_web_savmap_interfaces/share/yahboom_web_savmap_interfaces/cmake/ament_cmake_export_include_directories-extras.cmake\n'}
[4.787146] (yahboom_web_savmap_interfaces) StdoutLine: {'line': b'-- Up-to-date: /root/yahboomcar_ws/install/yahboom_web_savmap_interfaces/share/yahboom_web_savmap_interfaces/cmake/ament_cmake_export_libraries-extras.cmake\n'}
[4.787227] (yahboom_web_savmap_interfaces) StdoutLine: {'line': b'-- Up-to-date: /root/yahboomcar_ws/install/yahboom_web_savmap_interfaces/share/yahboom_web_savmap_interfaces/cmake/ament_cmake_export_targets-extras.cmake\n'}
[4.787307] (yahboom_web_savmap_interfaces) StdoutLine: {'line': b'-- Up-to-date: /root/yahboomcar_ws/install/yahboom_web_savmap_interfaces/share/yahboom_web_savmap_interfaces/cmake/rosidl_cmake_export_typesupport_targets-extras.cmake\n'}
[4.787377] (yahboom_web_savmap_interfaces) StdoutLine: {'line': b'-- Up-to-date: /root/yahboomcar_ws/install/yahboom_web_savmap_interfaces/share/yahboom_web_savmap_interfaces/cmake/ament_cmake_export_dependencies-extras.cmake\n'}
[4.787448] (yahboom_web_savmap_interfaces) StdoutLine: {'line': b'-- Up-to-date: /root/yahboomcar_ws/install/yahboom_web_savmap_interfaces/share/yahboom_web_savmap_interfaces/cmake/rosidl_cmake_export_typesupport_libraries-extras.cmake\n'}
[4.787514] (yahboom_web_savmap_interfaces) StdoutLine: {'line': b'-- Up-to-date: /root/yahboomcar_ws/install/yahboom_web_savmap_interfaces/share/yahboom_web_savmap_interfaces/cmake/yahboom_web_savmap_interfacesConfig.cmake\n'}
[4.787592] (yahboom_web_savmap_interfaces) StdoutLine: {'line': b'-- Up-to-date: /root/yahboomcar_ws/install/yahboom_web_savmap_interfaces/share/yahboom_web_savmap_interfaces/cmake/yahboom_web_savmap_interfacesConfig-version.cmake\n'}
[4.787690] (yahboom_web_savmap_interfaces) StdoutLine: {'line': b'-- Up-to-date: /root/yahboomcar_ws/install/yahboom_web_savmap_interfaces/share/yahboom_web_savmap_interfaces/package.xml\n'}
[4.816454] (-) TimerEvent: {}
[4.916837] (-) TimerEvent: {}
[5.017308] (-) TimerEvent: {}
[5.117724] (-) TimerEvent: {}
[5.183605] (yahboomcar_base_node) StdoutLine: {'line': b'[100%] Built target base_node_X3\n'}
[5.187804] (yahboomcar_base_node) CommandEnded: {'returncode': 0}
[5.189946] (yahboom_web_savmap_interfaces) CommandEnded: {'returncode': 0}
[5.217844] (-) TimerEvent: {}
[5.300161] (yahboomcar_base_node) JobProgress: {'identifier': 'yahboomcar_base_node', 'progress': 'install'}
[5.304860] (yahboomcar_base_node) Command: {'cmd': ['/usr/bin/cmake', '--install', '/root/yahboomcar_ws/build/yahboomcar_base_node'], 'cwd': '/root/yahboomcar_ws/build/yahboomcar_base_node', 'env': OrderedDict([('HOSTNAME', 'raspberrypi'), ('SHLVL', '1'), ('LD_LIBRARY_PATH', '/root/imu_ws/install/rviz_imu_plugin/lib:/root/imu_ws/install/imu_filter_madgwick/lib:/root/imu_ws/install/imu_complementary_filter/lib:/root/yahboomcar_ws/install/yahboomcar_msgs/lib:/root/yahboomcar_ws/install/yahboom_web_savmap_interfaces/lib:/root/yahboomcar_ws/install/robot_localization/lib:/root/gmapping_ws/install/openslam_gmapping/lib:/opt/ros/humble/opt/rviz_ogre_vendor/lib:/opt/ros/humble/lib/aarch64-linux-gnu:/opt/ros/humble/lib'), ('HOME', '/root'), ('OLDPWD', '/root'), ('ROS_PYTHON_VERSION', '3'), ('LC_CTYPE', 'C.UTF-8'), ('COLCON_PREFIX_PATH', '/root/yahboomcar_ws/install:/root/gmapping_ws/install:/root/imu_ws/install'), ('ROS_DISTRO', 'humble'), ('_', '/usr/bin/colcon'), ('ROS_VERSION', '2'), ('TERM', 'xterm'), ('ROS_LOCALHOST_ONLY', '0'), ('QT_X11_NO_MITSHM', '1'), ('PATH', '/opt/ros/humble/bin:/usr/local/sbin:/usr/local/bin:/usr/sbin:/usr/bin:/sbin:/bin'), ('DISPLAY', ':0'), ('LS_COLORS', 'rs=0:di=01;34:ln=01;36:mh=00:pi=40;33:so=01;35:do=01;35:bd=40;33;01:cd=40;33;01:or=40;31;01:mi=00:su=37;41:sg=30;43:ca=30;41:tw=30;42:ow=34;42:st=37;44:ex=01;32:*.tar=01;31:*.tgz=01;31:*.arc=01;31:*.arj=01;31:*.taz=01;31:*.lha=01;31:*.lz4=01;31:*.lzh=01;31:*.lzma=01;31:*.tlz=01;31:*.txz=01;31:*.tzo=01;31:*.t7z=01;31:*.zip=01;31:*.z=01;31:*.dz=01;31:*.gz=01;31:*.lrz=01;31:*.lz=01;31:*.lzo=01;31:*.xz=01;31:*.zst=01;31:*.tzst=01;31:*.bz2=01;31:*.bz=01;31:*.tbz=01;31:*.tbz2=01;31:*.tz=01;31:*.deb=01;31:*.rpm=01;31:*.jar=01;31:*.war=01;31:*.ear=01;31:*.sar=01;31:*.rar=01;31:*.alz=01;31:*.ace=01;31:*.zoo=01;31:*.cpio=01;31:*.7z=01;31:*.rz=01;31:*.cab=01;31:*.wim=01;31:*.swm=01;31:*.dwm=01;31:*.esd=01;31:*.jpg=01;35:*.jpeg=01;35:*.mjpg=01;35:*.mjpeg=01;35:*.gif=01;35:*.bmp=01;35:*.pbm=01;35:*.pgm=01;35:*.ppm=01;35:*.tga=01;35:*.xbm=01;35:*.xpm=01;35:*.tif=01;35:*.tiff=01;35:*.png=01;35:*.svg=01;35:*.svgz=01;35:*.mng=01;35:*.pcx=01;35:*.mov=01;35:*.mpg=01;35:*.mpeg=01;35:*.m2v=01;35:*.mkv=01;35:*.webm=01;35:*.webp=01;35:*.ogm=01;35:*.mp4=01;35:*.m4v=01;35:*.mp4v=01;35:*.vob=01;35:*.qt=01;35:*.nuv=01;35:*.wmv=01;35:*.asf=01;35:*.rm=01;35:*.rmvb=01;35:*.flc=01;35:*.avi=01;35:*.fli=01;35:*.flv=01;35:*.gl=01;35:*.dl=01;35:*.xcf=01;35:*.xwd=01;35:*.yuv=01;35:*.cgm=01;35:*.emf=01;35:*.ogv=01;35:*.ogx=01;35:*.aac=00;36:*.au=00;36:*.flac=00;36:*.m4a=00;36:*.mid=00;36:*.midi=00;36:*.mka=00;36:*.mp3=00;36:*.mpc=00;36:*.ogg=00;36:*.ra=00;36:*.wav=00;36:*.oga=00;36:*.opus=00;36:*.spx=00;36:*.xspf=00;36:'), ('ROS_DOMAIN_ID', '30'), ('AMENT_PREFIX_PATH', '/root/imu_ws/install/imu_tools:/root/imu_ws/install/rviz_imu_plugin:/root/imu_ws/install/imu_filter_madgwick:/root/imu_ws/install/imu_complementary_filter:/root/yahboomcar_ws/install/yahboomcar_visual:/root/yahboomcar_ws/install/yahboomcar_nav:/root/yahboomcar_ws/install/yahboomcar_msgs:/root/yahboomcar_ws/install/yahboomcar_mediapipe:/root/yahboomcar_ws/install/yahboomcar_laser:/root/yahboomcar_ws/install/yahboomcar_description:/root/yahboomcar_ws/install/yahboomcar_ctrl:/root/yahboomcar_ws/install/yahboomcar_bringup:/root/yahboomcar_ws/install/yahboomcar_base_node:/root/yahboomcar_ws/install/yahboomcar_astra:/root/yahboomcar_ws/install/yahboom_web_savmap_interfaces:/root/yahboomcar_ws/install/yahboom_app_save_map:/root/yahboomcar_ws/install/robot_pose_publisher_ros2:/root/yahboomcar_ws/install/robot_localization:/root/yahboomcar_ws/install/laserscan_to_point_publisher:/root/gmapping_ws/install/slam_gmapping:/root/gmapping_ws/install/openslam_gmapping:/opt/ros/humble'), ('PWD', '/root/yahboomcar_ws/build/yahboomcar_base_node'), ('PYTHONPATH', '/root/yahboomcar_ws/install/yahboomcar_visual/lib/python3.10/site-packages:/root/yahboomcar_ws/install/yahboomcar_nav/lib/python3.10/site-packages:/root/yahboomcar_ws/install/yahboomcar_msgs/local/lib/python3.10/dist-packages:/root/yahboomcar_ws/install/yahboomcar_mediapipe/lib/python3.10/site-packages:/root/yahboomcar_ws/install/yahboomcar_laser/lib/python3.10/site-packages:/root/yahboomcar_ws/install/yahboomcar_description/lib/python3.10/site-packages:/root/yahboomcar_ws/install/yahboomcar_ctrl/lib/python3.10/site-packages:/root/yahboomcar_ws/install/yahboomcar_bringup/lib/python3.10/site-packages:/root/yahboomcar_ws/install/yahboomcar_astra/lib/python3.10/site-packages:/root/yahboomcar_ws/install/yahboom_web_savmap_interfaces/local/lib/python3.10/dist-packages:/root/yahboomcar_ws/install/yahboom_app_save_map/lib/python3.10/site-packages:/root/yahboomcar_ws/install/robot_localization/local/lib/python3.10/dist-packages:/root/yahboomcar_ws/install/laserscan_to_point_publisher/lib/python3.10/site-packages:/opt/ros/humble/lib/python3.10/site-packages:/opt/ros/humble/local/lib/python3.10/dist-packages'), ('COLCON', '1'), ('CMAKE_PREFIX_PATH', '/root/imu_ws/install/imu_tools:/root/imu_ws/install/rviz_imu_plugin:/root/imu_ws/install/imu_filter_madgwick:/root/imu_ws/install/imu_complementary_filter:/root/yahboomcar_ws/install/yahboomcar_msgs:/root/yahboomcar_ws/install/yahboomcar_base_node:/root/yahboomcar_ws/install/yahboom_web_savmap_interfaces:/root/yahboomcar_ws/install/robot_pose_publisher_ros2:/root/yahboomcar_ws/install/robot_localization:/root/gmapping_ws/install/slam_gmapping:/root/gmapping_ws/install/openslam_gmapping:/root/yahboomcar_ws/install/yahboomcar_visual:/root/yahboomcar_ws/install/yahboomcar_nav:/root/yahboomcar_ws/install/yahboomcar_mediapipe:/root/yahboomcar_ws/install/yahboomcar_laser:/root/yahboomcar_ws/install/yahboomcar_description:/root/yahboomcar_ws/install/yahboomcar_ctrl:/root/yahboomcar_ws/install/yahboomcar_bringup:/root/yahboomcar_ws/install/yahboomcar_astra:/root/yahboomcar_ws/install/yahboom_app_save_map:/root/yahboomcar_ws/install/laserscan_to_point_publisher:/opt/ros/humble')]), 'shell': False}
[5.318020] (-) TimerEvent: {}
[5.319794] (yahboomcar_base_node) StdoutLine: {'line': b'-- Install configuration: ""\n'}
[5.320351] (yahboomcar_base_node) StdoutLine: {'line': b'-- Up-to-date: /root/yahboomcar_ws/install/yahboomcar_base_node/lib/yahboomcar_base_node/base_node_X3\n'}
[5.320688] (yahboomcar_base_node) StdoutLine: {'line': b'-- Up-to-date: /root/yahboomcar_ws/install/yahboomcar_base_node/share/ament_index/resource_index/package_run_dependencies/yahboomcar_base_node\n'}
[5.320897] (yahboomcar_base_node) StdoutLine: {'line': b'-- Up-to-date: /root/yahboomcar_ws/install/yahboomcar_base_node/share/ament_index/resource_index/parent_prefix_path/yahboomcar_base_node\n'}
[5.321075] (yahboomcar_base_node) StdoutLine: {'line': b'-- Up-to-date: /root/yahboomcar_ws/install/yahboomcar_base_node/share/yahboomcar_base_node/environment/ament_prefix_path.sh\n'}
[5.321258] (yahboomcar_base_node) StdoutLine: {'line': b'-- Up-to-date: /root/yahboomcar_ws/install/yahboomcar_base_node/share/yahboomcar_base_node/environment/ament_prefix_path.dsv\n'}
[5.321405] (yahboomcar_base_node) StdoutLine: {'line': b'-- Up-to-date: /root/yahboomcar_ws/install/yahboomcar_base_node/share/yahboomcar_base_node/environment/path.sh\n'}
[5.321564] (yahboomcar_base_node) StdoutLine: {'line': b'-- Up-to-date: /root/yahboomcar_ws/install/yahboomcar_base_node/share/yahboomcar_base_node/environment/path.dsv\n'}
[5.321754] (yahboomcar_base_node) StdoutLine: {'line': b'-- Up-to-date: /root/yahboomcar_ws/install/yahboomcar_base_node/share/yahboomcar_base_node/local_setup.bash\n'}
[5.321931] (yahboomcar_base_node) StdoutLine: {'line': b'-- Up-to-date: /root/yahboomcar_ws/install/yahboomcar_base_node/share/yahboomcar_base_node/local_setup.sh\n'}
[5.322098] (yahboomcar_base_node) StdoutLine: {'line': b'-- Up-to-date: /root/yahboomcar_ws/install/yahboomcar_base_node/share/yahboomcar_base_node/local_setup.zsh\n'}
[5.322271] (yahboomcar_base_node) StdoutLine: {'line': b'-- Up-to-date: /root/yahboomcar_ws/install/yahboomcar_base_node/share/yahboomcar_base_node/local_setup.dsv\n'}
[5.322383] (yahboomcar_base_node) StdoutLine: {'line': b'-- Installing: /root/yahboomcar_ws/install/yahboomcar_base_node/share/yahboomcar_base_node/package.dsv\n'}
[5.322708] (yahboomcar_base_node) StdoutLine: {'line': b'-- Up-to-date: /root/yahboomcar_ws/install/yahboomcar_base_node/share/ament_index/resource_index/packages/yahboomcar_base_node\n'}
[5.322893] (yahboomcar_base_node) StdoutLine: {'line': b'-- Up-to-date: /root/yahboomcar_ws/install/yahboomcar_base_node/share/yahboomcar_base_node/cmake/yahboomcar_base_nodeConfig.cmake\n'}
[5.323156] (yahboomcar_base_node) StdoutLine: {'line': b'-- Up-to-date: /root/yahboomcar_ws/install/yahboomcar_base_node/share/yahboomcar_base_node/cmake/yahboomcar_base_nodeConfig-version.cmake\n'}
[5.323298] (yahboomcar_base_node) StdoutLine: {'line': b'-- Up-to-date: /root/yahboomcar_ws/install/yahboomcar_base_node/share/yahboomcar_base_node/package.xml\n'}
[5.326145] (yahboomcar_base_node) CommandEnded: {'returncode': 0}
[5.418110] (-) TimerEvent: {}
[5.518664] (-) TimerEvent: {}
[5.543899] (yahboom_web_savmap_interfaces) JobEnded: {'identifier': 'yahboom_web_savmap_interfaces', 'rc': 0}
[5.549861] (yahboomcar_ctrl) JobStarted: {'identifier': 'yahboomcar_ctrl'}
[5.618902] (-) TimerEvent: {}
[5.720038] (-) TimerEvent: {}
[5.820955] (-) TimerEvent: {}
[5.865888] (yahboomcar_base_node) JobEnded: {'identifier': 'yahboomcar_base_node', 'rc': 0}
[5.868683] (yahboomcar_description) JobStarted: {'identifier': 'yahboomcar_description'}
[5.921357] (-) TimerEvent: {}
[6.022139] (-) TimerEvent: {}
[6.027767] (yahboomcar_astra) Command: {'cmd': ['/usr/bin/python3', 'setup.py', 'egg_info', '--egg-base', '../../build/yahboomcar_astra', 'build', '--build-base', '/root/yahboomcar_ws/build/yahboomcar_astra/build', 'install', '--record', '/root/yahboomcar_ws/build/yahboomcar_astra/install.log', '--install-scripts', '$base/lib/yahboomcar_astra', '--single-version-externally-managed'], 'cwd': '/root/yahboomcar_ws/src/yahboomcar_astra', 'env': {'HOSTNAME': 'raspberrypi', 'SHLVL': '1', 'LD_LIBRARY_PATH': '/root/imu_ws/install/rviz_imu_plugin/lib:/root/imu_ws/install/imu_filter_madgwick/lib:/root/imu_ws/install/imu_complementary_filter/lib:/root/yahboomcar_ws/install/yahboomcar_msgs/lib:/root/yahboomcar_ws/install/yahboom_web_savmap_interfaces/lib:/root/yahboomcar_ws/install/robot_localization/lib:/root/gmapping_ws/install/openslam_gmapping/lib:/opt/ros/humble/opt/rviz_ogre_vendor/lib:/opt/ros/humble/lib/aarch64-linux-gnu:/opt/ros/humble/lib', 'HOME': '/root', 'OLDPWD': '/root', 'ROS_PYTHON_VERSION': '3', 'LC_CTYPE': 'C.UTF-8', 'COLCON_PREFIX_PATH': '/root/yahboomcar_ws/install:/root/gmapping_ws/install:/root/imu_ws/install', 'ROS_DISTRO': 'humble', '_': '/usr/bin/colcon', 'ROS_VERSION': '2', 'TERM': 'xterm', 'ROS_LOCALHOST_ONLY': '0', 'QT_X11_NO_MITSHM': '1', 'PATH': '/opt/ros/humble/bin:/usr/local/sbin:/usr/local/bin:/usr/sbin:/usr/bin:/sbin:/bin', 'DISPLAY': ':0', 'LS_COLORS': 'rs=0:di=01;34:ln=01;36:mh=00:pi=40;33:so=01;35:do=01;35:bd=40;33;01:cd=40;33;01:or=40;31;01:mi=00:su=37;41:sg=30;43:ca=30;41:tw=30;42:ow=34;42:st=37;44:ex=01;32:*.tar=01;31:*.tgz=01;31:*.arc=01;31:*.arj=01;31:*.taz=01;31:*.lha=01;31:*.lz4=01;31:*.lzh=01;31:*.lzma=01;31:*.tlz=01;31:*.txz=01;31:*.tzo=01;31:*.t7z=01;31:*.zip=01;31:*.z=01;31:*.dz=01;31:*.gz=01;31:*.lrz=01;31:*.lz=01;31:*.lzo=01;31:*.xz=01;31:*.zst=01;31:*.tzst=01;31:*.bz2=01;31:*.bz=01;31:*.tbz=01;31:*.tbz2=01;31:*.tz=01;31:*.deb=01;31:*.rpm=01;31:*.jar=01;31:*.war=01;31:*.ear=01;31:*.sar=01;31:*.rar=01;31:*.alz=01;31:*.ace=01;31:*.zoo=01;31:*.cpio=01;31:*.7z=01;31:*.rz=01;31:*.cab=01;31:*.wim=01;31:*.swm=01;31:*.dwm=01;31:*.esd=01;31:*.jpg=01;35:*.jpeg=01;35:*.mjpg=01;35:*.mjpeg=01;35:*.gif=01;35:*.bmp=01;35:*.pbm=01;35:*.pgm=01;35:*.ppm=01;35:*.tga=01;35:*.xbm=01;35:*.xpm=01;35:*.tif=01;35:*.tiff=01;35:*.png=01;35:*.svg=01;35:*.svgz=01;35:*.mng=01;35:*.pcx=01;35:*.mov=01;35:*.mpg=01;35:*.mpeg=01;35:*.m2v=01;35:*.mkv=01;35:*.webm=01;35:*.webp=01;35:*.ogm=01;35:*.mp4=01;35:*.m4v=01;35:*.mp4v=01;35:*.vob=01;35:*.qt=01;35:*.nuv=01;35:*.wmv=01;35:*.asf=01;35:*.rm=01;35:*.rmvb=01;35:*.flc=01;35:*.avi=01;35:*.fli=01;35:*.flv=01;35:*.gl=01;35:*.dl=01;35:*.xcf=01;35:*.xwd=01;35:*.yuv=01;35:*.cgm=01;35:*.emf=01;35:*.ogv=01;35:*.ogx=01;35:*.aac=00;36:*.au=00;36:*.flac=00;36:*.m4a=00;36:*.mid=00;36:*.midi=00;36:*.mka=00;36:*.mp3=00;36:*.mpc=00;36:*.ogg=00;36:*.ra=00;36:*.wav=00;36:*.oga=00;36:*.opus=00;36:*.spx=00;36:*.xspf=00;36:', 'ROS_DOMAIN_ID': '30', 'AMENT_PREFIX_PATH': '/root/imu_ws/install/imu_tools:/root/imu_ws/install/rviz_imu_plugin:/root/imu_ws/install/imu_filter_madgwick:/root/imu_ws/install/imu_complementary_filter:/root/yahboomcar_ws/install/yahboomcar_visual:/root/yahboomcar_ws/install/yahboomcar_nav:/root/yahboomcar_ws/install/yahboomcar_msgs:/root/yahboomcar_ws/install/yahboomcar_mediapipe:/root/yahboomcar_ws/install/yahboomcar_laser:/root/yahboomcar_ws/install/yahboomcar_description:/root/yahboomcar_ws/install/yahboomcar_ctrl:/root/yahboomcar_ws/install/yahboomcar_bringup:/root/yahboomcar_ws/install/yahboomcar_base_node:/root/yahboomcar_ws/install/yahboomcar_astra:/root/yahboomcar_ws/install/yahboom_web_savmap_interfaces:/root/yahboomcar_ws/install/yahboom_app_save_map:/root/yahboomcar_ws/install/robot_pose_publisher_ros2:/root/yahboomcar_ws/install/robot_localization:/root/yahboomcar_ws/install/laserscan_to_point_publisher:/root/gmapping_ws/install/slam_gmapping:/root/gmapping_ws/install/openslam_gmapping:/opt/ros/humble', 'PWD': '/root/yahboomcar_ws/build/yahboomcar_astra', 'PYTHONPATH': '/root/yahboomcar_ws/build/yahboomcar_astra/prefix_override:/root/yahboomcar_ws/install/yahboomcar_astra/lib/python3.10/site-packages:/root/yahboomcar_ws/install/yahboomcar_visual/lib/python3.10/site-packages:/root/yahboomcar_ws/install/yahboomcar_nav/lib/python3.10/site-packages:/root/yahboomcar_ws/install/yahboomcar_msgs/local/lib/python3.10/dist-packages:/root/yahboomcar_ws/install/yahboomcar_mediapipe/lib/python3.10/site-packages:/root/yahboomcar_ws/install/yahboomcar_laser/lib/python3.10/site-packages:/root/yahboomcar_ws/install/yahboomcar_description/lib/python3.10/site-packages:/root/yahboomcar_ws/install/yahboomcar_ctrl/lib/python3.10/site-packages:/root/yahboomcar_ws/install/yahboomcar_bringup/lib/python3.10/site-packages:/root/yahboomcar_ws/install/yahboomcar_astra/lib/python3.10/site-packages:/root/yahboomcar_ws/install/yahboom_web_savmap_interfaces/local/lib/python3.10/dist-packages:/root/yahboomcar_ws/install/yahboom_app_save_map/lib/python3.10/site-packages:/root/yahboomcar_ws/install/robot_localization/local/lib/python3.10/dist-packages:/root/yahboomcar_ws/install/laserscan_to_point_publisher/lib/python3.10/site-packages:/opt/ros/humble/lib/python3.10/site-packages:/opt/ros/humble/local/lib/python3.10/dist-packages', 'COLCON': '1', 'CMAKE_PREFIX_PATH': '/root/imu_ws/install/imu_tools:/root/imu_ws/install/rviz_imu_plugin:/root/imu_ws/install/imu_filter_madgwick:/root/imu_ws/install/imu_complementary_filter:/root/yahboomcar_ws/install/yahboomcar_msgs:/root/yahboomcar_ws/install/yahboomcar_base_node:/root/yahboomcar_ws/install/yahboom_web_savmap_interfaces:/root/yahboomcar_ws/install/robot_pose_publisher_ros2:/root/yahboomcar_ws/install/robot_localization:/root/gmapping_ws/install/slam_gmapping:/root/gmapping_ws/install/openslam_gmapping'}, 'shell': False}
[6.122277] (-) TimerEvent: {}
[6.222692] (-) TimerEvent: {}
[6.323095] (-) TimerEvent: {}
[6.423516] (-) TimerEvent: {}
[6.524013] (-) TimerEvent: {}
[6.552699] (yahboomcar_astra) StdoutLine: {'line': b'running egg_info\n'}
[6.553732] (yahboomcar_astra) StdoutLine: {'line': b'writing ../../build/yahboomcar_astra/yahboomcar_astra.egg-info/PKG-INFO\n'}
[6.554088] (yahboomcar_astra) StdoutLine: {'line': b'writing dependency_links to ../../build/yahboomcar_astra/yahboomcar_astra.egg-info/dependency_links.txt\n'}
[6.556135] (yahboomcar_astra) StdoutLine: {'line': b'writing entry points to ../../build/yahboomcar_astra/yahboomcar_astra.egg-info/entry_points.txt\n'}
[6.556748] (yahboomcar_astra) StdoutLine: {'line': b'writing requirements to ../../build/yahboomcar_astra/yahboomcar_astra.egg-info/requires.txt\n'}
[6.557391] (yahboomcar_astra) StdoutLine: {'line': b'writing top-level names to ../../build/yahboomcar_astra/yahboomcar_astra.egg-info/top_level.txt\n'}
[6.557953] (yahboomcar_astra) StdoutLine: {'line': b"reading manifest file '../../build/yahboomcar_astra/yahboomcar_astra.egg-info/SOURCES.txt'\n"}
[6.559154] (yahboomcar_astra) StdoutLine: {'line': b"writing manifest file '../../build/yahboomcar_astra/yahboomcar_astra.egg-info/SOURCES.txt'\n"}
[6.559836] (yahboomcar_astra) StdoutLine: {'line': b'running build\n'}
[6.560224] (yahboomcar_astra) StdoutLine: {'line': b'running build_py\n'}
[6.560471] (yahboomcar_astra) StdoutLine: {'line': b'running install\n'}
[6.560826] (yahboomcar_astra) StdoutLine: {'line': b'running install_lib\n'}
[6.561499] (yahboomcar_astra) StdoutLine: {'line': b'running install_data\n'}
[6.562163] (yahboomcar_astra) StdoutLine: {'line': b'running install_egg_info\n'}
[6.562657] (yahboomcar_astra) StdoutLine: {'line': b"removing '/root/yahboomcar_ws/install/yahboomcar_astra/lib/python3.10/site-packages/yahboomcar_astra-0.0.0-py3.10.egg-info' (and everything under it)\n"}
[6.562947] (yahboomcar_astra) StdoutLine: {'line': b'Copying ../../build/yahboomcar_astra/yahboomcar_astra.egg-info to /root/yahboomcar_ws/install/yahboomcar_astra/lib/python3.10/site-packages/yahboomcar_astra-0.0.0-py3.10.egg-info\n'}
[6.563118] (yahboomcar_astra) StdoutLine: {'line': b'running install_scripts\n'}
[6.563247] (yahboomcar_astra) StdoutLine: {'line': b'Installing colorHSV script to /root/yahboomcar_ws/install/yahboomcar_astra/lib/yahboomcar_astra\n'}
[6.563616] (yahboomcar_astra) StdoutLine: {'line': b'Installing colorTracker script to /root/yahboomcar_ws/install/yahboomcar_astra/lib/yahboomcar_astra\n'}
[6.563991] (yahboomcar_astra) StdoutLine: {'line': b'Installing color_fllow script to /root/yahboomcar_ws/install/yahboomcar_astra/lib/yahboomcar_astra\n'}
[6.564158] (yahboomcar_astra) StdoutLine: {'line': b'Installing face_fllow script to /root/yahboomcar_ws/install/yahboomcar_astra/lib/yahboomcar_astra\n'}
[6.564591] (yahboomcar_astra) StdoutLine: {'line': b'Installing follow_line_a1_X3 script to /root/yahboomcar_ws/install/yahboomcar_astra/lib/yahboomcar_astra\n'}
[6.564789] (yahboomcar_astra) StdoutLine: {'line': b'Installing mono_Tracker script to /root/yahboomcar_ws/install/yahboomcar_astra/lib/yahboomcar_astra\n'}
[6.565003] (yahboomcar_astra) StdoutLine: {'line': b"writing list of installed files to '/root/yahboomcar_ws/build/yahboomcar_astra/install.log'\n"}
[6.565296] (yahboomcar_astra) StderrLine: {'line': b"/usr/lib/python3/dist-packages/setuptools/dist.py:723: UserWarning: Usage of dash-separated 'script-dir' will not be supported in future versions. Please use the underscore name 'script_dir' instead\n"}
[6.565517] (yahboomcar_astra) StderrLine: {'line': b'  warnings.warn(\n'}
[6.565738] (yahboomcar_astra) StderrLine: {'line': b'/usr/lib/python3/dist-packages/setuptools/command/install.py:34: SetuptoolsDeprecationWarning: setup.py install is deprecated. Use build and pip and other standards-based tools.\n'}
[6.566002] (yahboomcar_astra) StderrLine: {'line': b'  warnings.warn(\n'}
[6.566228] (yahboomcar_bringup) Command: {'cmd': ['/usr/bin/python3', 'setup.py', 'egg_info', '--egg-base', '../../build/yahboomcar_bringup', 'build', '--build-base', '/root/yahboomcar_ws/build/yahboomcar_bringup/build', 'install', '--record', '/root/yahboomcar_ws/build/yahboomcar_bringup/install.log', '--single-version-externally-managed'], 'cwd': '/root/yahboomcar_ws/src/yahboomcar_bringup', 'env': {'HOSTNAME': 'raspberrypi', 'SHLVL': '1', 'LD_LIBRARY_PATH': '/root/imu_ws/install/rviz_imu_plugin/lib:/root/imu_ws/install/imu_filter_madgwick/lib:/root/imu_ws/install/imu_complementary_filter/lib:/root/yahboomcar_ws/install/yahboomcar_msgs/lib:/root/yahboomcar_ws/install/yahboom_web_savmap_interfaces/lib:/root/yahboomcar_ws/install/robot_localization/lib:/root/gmapping_ws/install/openslam_gmapping/lib:/opt/ros/humble/opt/rviz_ogre_vendor/lib:/opt/ros/humble/lib/aarch64-linux-gnu:/opt/ros/humble/lib', 'HOME': '/root', 'OLDPWD': '/root', 'ROS_PYTHON_VERSION': '3', 'LC_CTYPE': 'C.UTF-8', 'COLCON_PREFIX_PATH': '/root/yahboomcar_ws/install:/root/gmapping_ws/install:/root/imu_ws/install', 'ROS_DISTRO': 'humble', '_': '/usr/bin/colcon', 'ROS_VERSION': '2', 'TERM': 'xterm', 'ROS_LOCALHOST_ONLY': '0', 'QT_X11_NO_MITSHM': '1', 'PATH': '/opt/ros/humble/bin:/usr/local/sbin:/usr/local/bin:/usr/sbin:/usr/bin:/sbin:/bin', 'DISPLAY': ':0', 'LS_COLORS': 'rs=0:di=01;34:ln=01;36:mh=00:pi=40;33:so=01;35:do=01;35:bd=40;33;01:cd=40;33;01:or=40;31;01:mi=00:su=37;41:sg=30;43:ca=30;41:tw=30;42:ow=34;42:st=37;44:ex=01;32:*.tar=01;31:*.tgz=01;31:*.arc=01;31:*.arj=01;31:*.taz=01;31:*.lha=01;31:*.lz4=01;31:*.lzh=01;31:*.lzma=01;31:*.tlz=01;31:*.txz=01;31:*.tzo=01;31:*.t7z=01;31:*.zip=01;31:*.z=01;31:*.dz=01;31:*.gz=01;31:*.lrz=01;31:*.lz=01;31:*.lzo=01;31:*.xz=01;31:*.zst=01;31:*.tzst=01;31:*.bz2=01;31:*.bz=01;31:*.tbz=01;31:*.tbz2=01;31:*.tz=01;31:*.deb=01;31:*.rpm=01;31:*.jar=01;31:*.war=01;31:*.ear=01;31:*.sar=01;31:*.rar=01;31:*.alz=01;31:*.ace=01;31:*.zoo=01;31:*.cpio=01;31:*.7z=01;31:*.rz=01;31:*.cab=01;31:*.wim=01;31:*.swm=01;31:*.dwm=01;31:*.esd=01;31:*.jpg=01;35:*.jpeg=01;35:*.mjpg=01;35:*.mjpeg=01;35:*.gif=01;35:*.bmp=01;35:*.pbm=01;35:*.pgm=01;35:*.ppm=01;35:*.tga=01;35:*.xbm=01;35:*.xpm=01;35:*.tif=01;35:*.tiff=01;35:*.png=01;35:*.svg=01;35:*.svgz=01;35:*.mng=01;35:*.pcx=01;35:*.mov=01;35:*.mpg=01;35:*.mpeg=01;35:*.m2v=01;35:*.mkv=01;35:*.webm=01;35:*.webp=01;35:*.ogm=01;35:*.mp4=01;35:*.m4v=01;35:*.mp4v=01;35:*.vob=01;35:*.qt=01;35:*.nuv=01;35:*.wmv=01;35:*.asf=01;35:*.rm=01;35:*.rmvb=01;35:*.flc=01;35:*.avi=01;35:*.fli=01;35:*.flv=01;35:*.gl=01;35:*.dl=01;35:*.xcf=01;35:*.xwd=01;35:*.yuv=01;35:*.cgm=01;35:*.emf=01;35:*.ogv=01;35:*.ogx=01;35:*.aac=00;36:*.au=00;36:*.flac=00;36:*.m4a=00;36:*.mid=00;36:*.midi=00;36:*.mka=00;36:*.mp3=00;36:*.mpc=00;36:*.ogg=00;36:*.ra=00;36:*.wav=00;36:*.oga=00;36:*.opus=00;36:*.spx=00;36:*.xspf=00;36:', 'ROS_DOMAIN_ID': '30', 'AMENT_PREFIX_PATH': '/root/imu_ws/install/imu_tools:/root/imu_ws/install/rviz_imu_plugin:/root/imu_ws/install/imu_filter_madgwick:/root/imu_ws/install/imu_complementary_filter:/root/yahboomcar_ws/install/yahboomcar_visual:/root/yahboomcar_ws/install/yahboomcar_nav:/root/yahboomcar_ws/install/yahboomcar_msgs:/root/yahboomcar_ws/install/yahboomcar_mediapipe:/root/yahboomcar_ws/install/yahboomcar_laser:/root/yahboomcar_ws/install/yahboomcar_description:/root/yahboomcar_ws/install/yahboomcar_ctrl:/root/yahboomcar_ws/install/yahboomcar_bringup:/root/yahboomcar_ws/install/yahboomcar_base_node:/root/yahboomcar_ws/install/yahboomcar_astra:/root/yahboomcar_ws/install/yahboom_web_savmap_interfaces:/root/yahboomcar_ws/install/yahboom_app_save_map:/root/yahboomcar_ws/install/robot_pose_publisher_ros2:/root/yahboomcar_ws/install/robot_localization:/root/yahboomcar_ws/install/laserscan_to_point_publisher:/root/gmapping_ws/install/slam_gmapping:/root/gmapping_ws/install/openslam_gmapping:/opt/ros/humble', 'PWD': '/root/yahboomcar_ws/build/yahboomcar_bringup', 'PYTHONPATH': '/root/yahboomcar_ws/build/yahboomcar_bringup/prefix_override:/root/yahboomcar_ws/install/yahboomcar_bringup/lib/python3.10/site-packages:/root/yahboomcar_ws/install/yahboomcar_visual/lib/python3.10/site-packages:/root/yahboomcar_ws/install/yahboomcar_nav/lib/python3.10/site-packages:/root/yahboomcar_ws/install/yahboomcar_msgs/local/lib/python3.10/dist-packages:/root/yahboomcar_ws/install/yahboomcar_mediapipe/lib/python3.10/site-packages:/root/yahboomcar_ws/install/yahboomcar_laser/lib/python3.10/site-packages:/root/yahboomcar_ws/install/yahboomcar_description/lib/python3.10/site-packages:/root/yahboomcar_ws/install/yahboomcar_ctrl/lib/python3.10/site-packages:/root/yahboomcar_ws/install/yahboomcar_bringup/lib/python3.10/site-packages:/root/yahboomcar_ws/install/yahboomcar_astra/lib/python3.10/site-packages:/root/yahboomcar_ws/install/yahboom_web_savmap_interfaces/local/lib/python3.10/dist-packages:/root/yahboomcar_ws/install/yahboom_app_save_map/lib/python3.10/site-packages:/root/yahboomcar_ws/install/robot_localization/local/lib/python3.10/dist-packages:/root/yahboomcar_ws/install/laserscan_to_point_publisher/lib/python3.10/site-packages:/opt/ros/humble/lib/python3.10/site-packages:/opt/ros/humble/local/lib/python3.10/dist-packages', 'COLCON': '1', 'CMAKE_PREFIX_PATH': '/root/imu_ws/install/imu_tools:/root/imu_ws/install/rviz_imu_plugin:/root/imu_ws/install/imu_filter_madgwick:/root/imu_ws/install/imu_complementary_filter:/root/yahboomcar_ws/install/yahboomcar_msgs:/root/yahboomcar_ws/install/yahboomcar_base_node:/root/yahboomcar_ws/install/yahboom_web_savmap_interfaces:/root/yahboomcar_ws/install/robot_pose_publisher_ros2:/root/yahboomcar_ws/install/robot_localization:/root/gmapping_ws/install/slam_gmapping:/root/gmapping_ws/install/openslam_gmapping'}, 'shell': False}
[6.567438] (yahboomcar_astra) CommandEnded: {'returncode': 0}
[6.624126] (-) TimerEvent: {}
[6.627620] (yahboomcar_astra) JobEnded: {'identifier': 'yahboomcar_astra', 'rc': 0}
[6.724243] (-) TimerEvent: {}
[6.824674] (-) TimerEvent: {}
[6.901503] (yahboomcar_bringup) StdoutLine: {'line': b'running egg_info\n'}
[6.902622] (yahboomcar_bringup) StdoutLine: {'line': b'writing ../../build/yahboomcar_bringup/yahboomcar_bringup.egg-info/PKG-INFO\n'}
[6.902958] (yahboomcar_bringup) StdoutLine: {'line': b'writing dependency_links to ../../build/yahboomcar_bringup/yahboomcar_bringup.egg-info/dependency_links.txt\n'}
[6.903242] (yahboomcar_bringup) StdoutLine: {'line': b'writing entry points to ../../build/yahboomcar_bringup/yahboomcar_bringup.egg-info/entry_points.txt\n'}
[6.903390] (yahboomcar_bringup) StdoutLine: {'line': b'writing requirements to ../../build/yahboomcar_bringup/yahboomcar_bringup.egg-info/requires.txt\n'}
[6.903504] (yahboomcar_bringup) StdoutLine: {'line': b'writing top-level names to ../../build/yahboomcar_bringup/yahboomcar_bringup.egg-info/top_level.txt\n'}
[6.906815] (yahboomcar_bringup) StdoutLine: {'line': b"reading manifest file '../../build/yahboomcar_bringup/yahboomcar_bringup.egg-info/SOURCES.txt'\n"}
[6.908225] (yahboomcar_bringup) StdoutLine: {'line': b"writing manifest file '../../build/yahboomcar_bringup/yahboomcar_bringup.egg-info/SOURCES.txt'\n"}
[6.908413] (yahboomcar_bringup) StdoutLine: {'line': b'running build\n'}
[6.908498] (yahboomcar_bringup) StdoutLine: {'line': b'running build_py\n'}
[6.909700] (yahboomcar_bringup) StdoutLine: {'line': b'running install\n'}
[6.909905] (yahboomcar_bringup) StderrLine: {'line': b'/usr/lib/python3/dist-packages/setuptools/command/install.py:34: SetuptoolsDeprecationWarning: setup.py install is deprecated. Use build and pip and other standards-based tools.\n'}
[6.910040] (yahboomcar_bringup) StderrLine: {'line': b'  warnings.warn(\n'}
[6.910416] (yahboomcar_bringup) StdoutLine: {'line': b'running install_lib\n'}
[6.913028] (yahboomcar_bringup) StdoutLine: {'line': b'running install_data\n'}
[6.914009] (yahboomcar_bringup) StdoutLine: {'line': b'running install_egg_info\n'}
[6.916550] (yahboomcar_bringup) StdoutLine: {'line': b"removing '/root/yahboomcar_ws/install/yahboomcar_bringup/lib/python3.10/site-packages/yahboomcar_bringup-0.0.0-py3.10.egg-info' (and everything under it)\n"}
[6.917013] (yahboomcar_bringup) StdoutLine: {'line': b'Copying ../../build/yahboomcar_bringup/yahboomcar_bringup.egg-info to /root/yahboomcar_ws/install/yahboomcar_bringup/lib/python3.10/site-packages/yahboomcar_bringup-0.0.0-py3.10.egg-info\n'}
[6.918221] (yahboomcar_bringup) StdoutLine: {'line': b'running install_scripts\n'}
[6.924741] (-) TimerEvent: {}
[6.950121] (yahboomcar_bringup) StdoutLine: {'line': b'Installing Ackman_driver_R2 script to /root/yahboomcar_ws/install/yahboomcar_bringup/lib/yahboomcar_bringup\n'}
[6.950427] (yahboomcar_bringup) StdoutLine: {'line': b'Installing Mcnamu_driver_X3 script to /root/yahboomcar_ws/install/yahboomcar_bringup/lib/yahboomcar_bringup\n'}
[6.950565] (yahboomcar_bringup) StdoutLine: {'line': b'Installing Mcnamu_driver_x1 script to /root/yahboomcar_ws/install/yahboomcar_bringup/lib/yahboomcar_bringup\n'}
[6.950705] (yahboomcar_bringup) StdoutLine: {'line': b'Installing calibrate_angular script to /root/yahboomcar_ws/install/yahboomcar_bringup/lib/yahboomcar_bringup\n'}
[6.950831] (yahboomcar_bringup) StdoutLine: {'line': b'Installing calibrate_angular_R2 script to /root/yahboomcar_ws/install/yahboomcar_bringup/lib/yahboomcar_bringup\n'}
[6.950961] (yahboomcar_bringup) StdoutLine: {'line': b'Installing calibrate_linear script to /root/yahboomcar_ws/install/yahboomcar_bringup/lib/yahboomcar_bringup\n'}
[6.954669] (yahboomcar_bringup) StdoutLine: {'line': b'Installing calibrate_linear_R2 script to /root/yahboomcar_ws/install/yahboomcar_bringup/lib/yahboomcar_bringup\n'}
[6.955777] (yahboomcar_bringup) StdoutLine: {'line': b'Installing patrol script to /root/yahboomcar_ws/install/yahboomcar_bringup/lib/yahboomcar_bringup\n'}
[6.955936] (yahboomcar_bringup) StdoutLine: {'line': b'Installing patrol_4ROS script to /root/yahboomcar_ws/install/yahboomcar_bringup/lib/yahboomcar_bringup\n'}
[6.956015] (yahboomcar_bringup) StdoutLine: {'line': b'Installing patrol_4ROS_R2 script to /root/yahboomcar_ws/install/yahboomcar_bringup/lib/yahboomcar_bringup\n'}
[6.956084] (yahboomcar_bringup) StdoutLine: {'line': b'Installing patrol_a1_R2 script to /root/yahboomcar_ws/install/yahboomcar_bringup/lib/yahboomcar_bringup\n'}
[6.956151] (yahboomcar_bringup) StdoutLine: {'line': b"writing list of installed files to '/root/yahboomcar_ws/build/yahboomcar_bringup/install.log'\n"}
[7.024905] (-) TimerEvent: {}
[7.125914] (-) TimerEvent: {}
[7.156480] (yahboomcar_laser) JobStarted: {'identifier': 'yahboomcar_laser'}
[7.226005] (-) TimerEvent: {}
[7.289143] (yahboomcar_bringup) CommandEnded: {'returncode': 0}
[7.327133] (-) TimerEvent: {}
[7.351149] (yahboomcar_bringup) JobEnded: {'identifier': 'yahboomcar_bringup', 'rc': 0}
[7.352616] (yahboomcar_mediapipe) JobStarted: {'identifier': 'yahboomcar_mediapipe'}
[7.427269] (-) TimerEvent: {}
[7.527622] (-) TimerEvent: {}
[7.628076] (-) TimerEvent: {}
[7.728509] (-) TimerEvent: {}
[7.828966] (-) TimerEvent: {}
[7.929594] (-) TimerEvent: {}
[8.030051] (-) TimerEvent: {}
[8.130910] (-) TimerEvent: {}
[8.231253] (-) TimerEvent: {}
[8.331580] (-) TimerEvent: {}
[8.431966] (-) TimerEvent: {}
[8.532428] (-) TimerEvent: {}
[8.550813] (yahboomcar_description) Command: {'cmd': ['/usr/bin/python3', 'setup.py', 'egg_info', '--egg-base', '../../build/yahboomcar_description', 'build', '--build-base', '/root/yahboomcar_ws/build/yahboomcar_description/build', 'install', '--record', '/root/yahboomcar_ws/build/yahboomcar_description/install.log', '--single-version-externally-managed'], 'cwd': '/root/yahboomcar_ws/src/yahboomcar_description', 'env': {'HOSTNAME': 'raspberrypi', 'SHLVL': '1', 'LD_LIBRARY_PATH': '/root/imu_ws/install/rviz_imu_plugin/lib:/root/imu_ws/install/imu_filter_madgwick/lib:/root/imu_ws/install/imu_complementary_filter/lib:/root/yahboomcar_ws/install/yahboomcar_msgs/lib:/root/yahboomcar_ws/install/yahboom_web_savmap_interfaces/lib:/root/yahboomcar_ws/install/robot_localization/lib:/root/gmapping_ws/install/openslam_gmapping/lib:/opt/ros/humble/opt/rviz_ogre_vendor/lib:/opt/ros/humble/lib/aarch64-linux-gnu:/opt/ros/humble/lib', 'HOME': '/root', 'OLDPWD': '/root', 'ROS_PYTHON_VERSION': '3', 'LC_CTYPE': 'C.UTF-8', 'COLCON_PREFIX_PATH': '/root/yahboomcar_ws/install:/root/gmapping_ws/install:/root/imu_ws/install', 'ROS_DISTRO': 'humble', '_': '/usr/bin/colcon', 'ROS_VERSION': '2', 'TERM': 'xterm', 'ROS_LOCALHOST_ONLY': '0', 'QT_X11_NO_MITSHM': '1', 'PATH': '/opt/ros/humble/bin:/usr/local/sbin:/usr/local/bin:/usr/sbin:/usr/bin:/sbin:/bin', 'DISPLAY': ':0', 'LS_COLORS': 'rs=0:di=01;34:ln=01;36:mh=00:pi=40;33:so=01;35:do=01;35:bd=40;33;01:cd=40;33;01:or=40;31;01:mi=00:su=37;41:sg=30;43:ca=30;41:tw=30;42:ow=34;42:st=37;44:ex=01;32:*.tar=01;31:*.tgz=01;31:*.arc=01;31:*.arj=01;31:*.taz=01;31:*.lha=01;31:*.lz4=01;31:*.lzh=01;31:*.lzma=01;31:*.tlz=01;31:*.txz=01;31:*.tzo=01;31:*.t7z=01;31:*.zip=01;31:*.z=01;31:*.dz=01;31:*.gz=01;31:*.lrz=01;31:*.lz=01;31:*.lzo=01;31:*.xz=01;31:*.zst=01;31:*.tzst=01;31:*.bz2=01;31:*.bz=01;31:*.tbz=01;31:*.tbz2=01;31:*.tz=01;31:*.deb=01;31:*.rpm=01;31:*.jar=01;31:*.war=01;31:*.ear=01;31:*.sar=01;31:*.rar=01;31:*.alz=01;31:*.ace=01;31:*.zoo=01;31:*.cpio=01;31:*.7z=01;31:*.rz=01;31:*.cab=01;31:*.wim=01;31:*.swm=01;31:*.dwm=01;31:*.esd=01;31:*.jpg=01;35:*.jpeg=01;35:*.mjpg=01;35:*.mjpeg=01;35:*.gif=01;35:*.bmp=01;35:*.pbm=01;35:*.pgm=01;35:*.ppm=01;35:*.tga=01;35:*.xbm=01;35:*.xpm=01;35:*.tif=01;35:*.tiff=01;35:*.png=01;35:*.svg=01;35:*.svgz=01;35:*.mng=01;35:*.pcx=01;35:*.mov=01;35:*.mpg=01;35:*.mpeg=01;35:*.m2v=01;35:*.mkv=01;35:*.webm=01;35:*.webp=01;35:*.ogm=01;35:*.mp4=01;35:*.m4v=01;35:*.mp4v=01;35:*.vob=01;35:*.qt=01;35:*.nuv=01;35:*.wmv=01;35:*.asf=01;35:*.rm=01;35:*.rmvb=01;35:*.flc=01;35:*.avi=01;35:*.fli=01;35:*.flv=01;35:*.gl=01;35:*.dl=01;35:*.xcf=01;35:*.xwd=01;35:*.yuv=01;35:*.cgm=01;35:*.emf=01;35:*.ogv=01;35:*.ogx=01;35:*.aac=00;36:*.au=00;36:*.flac=00;36:*.m4a=00;36:*.mid=00;36:*.midi=00;36:*.mka=00;36:*.mp3=00;36:*.mpc=00;36:*.ogg=00;36:*.ra=00;36:*.wav=00;36:*.oga=00;36:*.opus=00;36:*.spx=00;36:*.xspf=00;36:', 'ROS_DOMAIN_ID': '30', 'AMENT_PREFIX_PATH': '/root/imu_ws/install/imu_tools:/root/imu_ws/install/rviz_imu_plugin:/root/imu_ws/install/imu_filter_madgwick:/root/imu_ws/install/imu_complementary_filter:/root/yahboomcar_ws/install/yahboomcar_visual:/root/yahboomcar_ws/install/yahboomcar_nav:/root/yahboomcar_ws/install/yahboomcar_msgs:/root/yahboomcar_ws/install/yahboomcar_mediapipe:/root/yahboomcar_ws/install/yahboomcar_laser:/root/yahboomcar_ws/install/yahboomcar_description:/root/yahboomcar_ws/install/yahboomcar_ctrl:/root/yahboomcar_ws/install/yahboomcar_bringup:/root/yahboomcar_ws/install/yahboomcar_base_node:/root/yahboomcar_ws/install/yahboomcar_astra:/root/yahboomcar_ws/install/yahboom_web_savmap_interfaces:/root/yahboomcar_ws/install/yahboom_app_save_map:/root/yahboomcar_ws/install/robot_pose_publisher_ros2:/root/yahboomcar_ws/install/robot_localization:/root/yahboomcar_ws/install/laserscan_to_point_publisher:/root/gmapping_ws/install/slam_gmapping:/root/gmapping_ws/install/openslam_gmapping:/opt/ros/humble', 'PWD': '/root/yahboomcar_ws/build/yahboomcar_description', 'PYTHONPATH': '/root/yahboomcar_ws/build/yahboomcar_description/prefix_override:/root/yahboomcar_ws/install/yahboomcar_description/lib/python3.10/site-packages:/root/yahboomcar_ws/install/yahboomcar_visual/lib/python3.10/site-packages:/root/yahboomcar_ws/install/yahboomcar_nav/lib/python3.10/site-packages:/root/yahboomcar_ws/install/yahboomcar_msgs/local/lib/python3.10/dist-packages:/root/yahboomcar_ws/install/yahboomcar_mediapipe/lib/python3.10/site-packages:/root/yahboomcar_ws/install/yahboomcar_laser/lib/python3.10/site-packages:/root/yahboomcar_ws/install/yahboomcar_description/lib/python3.10/site-packages:/root/yahboomcar_ws/install/yahboomcar_ctrl/lib/python3.10/site-packages:/root/yahboomcar_ws/install/yahboomcar_bringup/lib/python3.10/site-packages:/root/yahboomcar_ws/install/yahboomcar_astra/lib/python3.10/site-packages:/root/yahboomcar_ws/install/yahboom_web_savmap_interfaces/local/lib/python3.10/dist-packages:/root/yahboomcar_ws/install/yahboom_app_save_map/lib/python3.10/site-packages:/root/yahboomcar_ws/install/robot_localization/local/lib/python3.10/dist-packages:/root/yahboomcar_ws/install/laserscan_to_point_publisher/lib/python3.10/site-packages:/opt/ros/humble/lib/python3.10/site-packages:/opt/ros/humble/local/lib/python3.10/dist-packages', 'COLCON': '1', 'CMAKE_PREFIX_PATH': '/root/imu_ws/install/imu_tools:/root/imu_ws/install/rviz_imu_plugin:/root/imu_ws/install/imu_filter_madgwick:/root/imu_ws/install/imu_complementary_filter:/root/yahboomcar_ws/install/yahboomcar_msgs:/root/yahboomcar_ws/install/yahboomcar_base_node:/root/yahboomcar_ws/install/yahboom_web_savmap_interfaces:/root/yahboomcar_ws/install/robot_pose_publisher_ros2:/root/yahboomcar_ws/install/robot_localization:/root/gmapping_ws/install/slam_gmapping:/root/gmapping_ws/install/openslam_gmapping'}, 'shell': False}
[8.554045] (yahboomcar_ctrl) Command: {'cmd': ['/usr/bin/python3', 'setup.py', 'egg_info', '--egg-base', '../../build/yahboomcar_ctrl', 'build', '--build-base', '/root/yahboomcar_ws/build/yahboomcar_ctrl/build', 'install', '--record', '/root/yahboomcar_ws/build/yahboomcar_ctrl/install.log', '--single-version-externally-managed'], 'cwd': '/root/yahboomcar_ws/src/yahboomcar_ctrl', 'env': {'HOSTNAME': 'raspberrypi', 'SHLVL': '1', 'LD_LIBRARY_PATH': '/root/imu_ws/install/rviz_imu_plugin/lib:/root/imu_ws/install/imu_filter_madgwick/lib:/root/imu_ws/install/imu_complementary_filter/lib:/root/yahboomcar_ws/install/yahboomcar_msgs/lib:/root/yahboomcar_ws/install/yahboom_web_savmap_interfaces/lib:/root/yahboomcar_ws/install/robot_localization/lib:/root/gmapping_ws/install/openslam_gmapping/lib:/opt/ros/humble/opt/rviz_ogre_vendor/lib:/opt/ros/humble/lib/aarch64-linux-gnu:/opt/ros/humble/lib', 'HOME': '/root', 'OLDPWD': '/root', 'ROS_PYTHON_VERSION': '3', 'LC_CTYPE': 'C.UTF-8', 'COLCON_PREFIX_PATH': '/root/yahboomcar_ws/install:/root/gmapping_ws/install:/root/imu_ws/install', 'ROS_DISTRO': 'humble', '_': '/usr/bin/colcon', 'ROS_VERSION': '2', 'TERM': 'xterm', 'ROS_LOCALHOST_ONLY': '0', 'QT_X11_NO_MITSHM': '1', 'PATH': '/opt/ros/humble/bin:/usr/local/sbin:/usr/local/bin:/usr/sbin:/usr/bin:/sbin:/bin', 'DISPLAY': ':0', 'LS_COLORS': 'rs=0:di=01;34:ln=01;36:mh=00:pi=40;33:so=01;35:do=01;35:bd=40;33;01:cd=40;33;01:or=40;31;01:mi=00:su=37;41:sg=30;43:ca=30;41:tw=30;42:ow=34;42:st=37;44:ex=01;32:*.tar=01;31:*.tgz=01;31:*.arc=01;31:*.arj=01;31:*.taz=01;31:*.lha=01;31:*.lz4=01;31:*.lzh=01;31:*.lzma=01;31:*.tlz=01;31:*.txz=01;31:*.tzo=01;31:*.t7z=01;31:*.zip=01;31:*.z=01;31:*.dz=01;31:*.gz=01;31:*.lrz=01;31:*.lz=01;31:*.lzo=01;31:*.xz=01;31:*.zst=01;31:*.tzst=01;31:*.bz2=01;31:*.bz=01;31:*.tbz=01;31:*.tbz2=01;31:*.tz=01;31:*.deb=01;31:*.rpm=01;31:*.jar=01;31:*.war=01;31:*.ear=01;31:*.sar=01;31:*.rar=01;31:*.alz=01;31:*.ace=01;31:*.zoo=01;31:*.cpio=01;31:*.7z=01;31:*.rz=01;31:*.cab=01;31:*.wim=01;31:*.swm=01;31:*.dwm=01;31:*.esd=01;31:*.jpg=01;35:*.jpeg=01;35:*.mjpg=01;35:*.mjpeg=01;35:*.gif=01;35:*.bmp=01;35:*.pbm=01;35:*.pgm=01;35:*.ppm=01;35:*.tga=01;35:*.xbm=01;35:*.xpm=01;35:*.tif=01;35:*.tiff=01;35:*.png=01;35:*.svg=01;35:*.svgz=01;35:*.mng=01;35:*.pcx=01;35:*.mov=01;35:*.mpg=01;35:*.mpeg=01;35:*.m2v=01;35:*.mkv=01;35:*.webm=01;35:*.webp=01;35:*.ogm=01;35:*.mp4=01;35:*.m4v=01;35:*.mp4v=01;35:*.vob=01;35:*.qt=01;35:*.nuv=01;35:*.wmv=01;35:*.asf=01;35:*.rm=01;35:*.rmvb=01;35:*.flc=01;35:*.avi=01;35:*.fli=01;35:*.flv=01;35:*.gl=01;35:*.dl=01;35:*.xcf=01;35:*.xwd=01;35:*.yuv=01;35:*.cgm=01;35:*.emf=01;35:*.ogv=01;35:*.ogx=01;35:*.aac=00;36:*.au=00;36:*.flac=00;36:*.m4a=00;36:*.mid=00;36:*.midi=00;36:*.mka=00;36:*.mp3=00;36:*.mpc=00;36:*.ogg=00;36:*.ra=00;36:*.wav=00;36:*.oga=00;36:*.opus=00;36:*.spx=00;36:*.xspf=00;36:', 'ROS_DOMAIN_ID': '30', 'AMENT_PREFIX_PATH': '/root/imu_ws/install/imu_tools:/root/imu_ws/install/rviz_imu_plugin:/root/imu_ws/install/imu_filter_madgwick:/root/imu_ws/install/imu_complementary_filter:/root/yahboomcar_ws/install/yahboomcar_visual:/root/yahboomcar_ws/install/yahboomcar_nav:/root/yahboomcar_ws/install/yahboomcar_msgs:/root/yahboomcar_ws/install/yahboomcar_mediapipe:/root/yahboomcar_ws/install/yahboomcar_laser:/root/yahboomcar_ws/install/yahboomcar_description:/root/yahboomcar_ws/install/yahboomcar_ctrl:/root/yahboomcar_ws/install/yahboomcar_bringup:/root/yahboomcar_ws/install/yahboomcar_base_node:/root/yahboomcar_ws/install/yahboomcar_astra:/root/yahboomcar_ws/install/yahboom_web_savmap_interfaces:/root/yahboomcar_ws/install/yahboom_app_save_map:/root/yahboomcar_ws/install/robot_pose_publisher_ros2:/root/yahboomcar_ws/install/robot_localization:/root/yahboomcar_ws/install/laserscan_to_point_publisher:/root/gmapping_ws/install/slam_gmapping:/root/gmapping_ws/install/openslam_gmapping:/opt/ros/humble', 'PWD': '/root/yahboomcar_ws/build/yahboomcar_ctrl', 'PYTHONPATH': '/root/yahboomcar_ws/build/yahboomcar_ctrl/prefix_override:/root/yahboomcar_ws/install/yahboomcar_ctrl/lib/python3.10/site-packages:/root/yahboomcar_ws/install/yahboomcar_visual/lib/python3.10/site-packages:/root/yahboomcar_ws/install/yahboomcar_nav/lib/python3.10/site-packages:/root/yahboomcar_ws/install/yahboomcar_msgs/local/lib/python3.10/dist-packages:/root/yahboomcar_ws/install/yahboomcar_mediapipe/lib/python3.10/site-packages:/root/yahboomcar_ws/install/yahboomcar_laser/lib/python3.10/site-packages:/root/yahboomcar_ws/install/yahboomcar_description/lib/python3.10/site-packages:/root/yahboomcar_ws/install/yahboomcar_ctrl/lib/python3.10/site-packages:/root/yahboomcar_ws/install/yahboomcar_bringup/lib/python3.10/site-packages:/root/yahboomcar_ws/install/yahboomcar_astra/lib/python3.10/site-packages:/root/yahboomcar_ws/install/yahboom_web_savmap_interfaces/local/lib/python3.10/dist-packages:/root/yahboomcar_ws/install/yahboom_app_save_map/lib/python3.10/site-packages:/root/yahboomcar_ws/install/robot_localization/local/lib/python3.10/dist-packages:/root/yahboomcar_ws/install/laserscan_to_point_publisher/lib/python3.10/site-packages:/opt/ros/humble/lib/python3.10/site-packages:/opt/ros/humble/local/lib/python3.10/dist-packages', 'COLCON': '1', 'CMAKE_PREFIX_PATH': '/root/imu_ws/install/imu_tools:/root/imu_ws/install/rviz_imu_plugin:/root/imu_ws/install/imu_filter_madgwick:/root/imu_ws/install/imu_complementary_filter:/root/yahboomcar_ws/install/yahboomcar_msgs:/root/yahboomcar_ws/install/yahboomcar_base_node:/root/yahboomcar_ws/install/yahboom_web_savmap_interfaces:/root/yahboomcar_ws/install/robot_pose_publisher_ros2:/root/yahboomcar_ws/install/robot_localization:/root/gmapping_ws/install/slam_gmapping:/root/gmapping_ws/install/openslam_gmapping'}, 'shell': False}
[8.632585] (-) TimerEvent: {}
[8.733232] (-) TimerEvent: {}
[8.833830] (-) TimerEvent: {}
[8.934252] (-) TimerEvent: {}
[8.989775] (yahboomcar_description) StdoutLine: {'line': b'running egg_info\n'}
[8.991511] (yahboomcar_description) StdoutLine: {'line': b'writing ../../build/yahboomcar_description/yahboomcar_description.egg-info/PKG-INFO\n'}
[8.992132] (yahboomcar_description) StdoutLine: {'line': b'writing dependency_links to ../../build/yahboomcar_description/yahboomcar_description.egg-info/dependency_links.txt\n'}
[8.992522] (yahboomcar_description) StdoutLine: {'line': b'writing entry points to ../../build/yahboomcar_description/yahboomcar_description.egg-info/entry_points.txt\n'}
[8.992920] (yahboomcar_description) StdoutLine: {'line': b'writing requirements to ../../build/yahboomcar_description/yahboomcar_description.egg-info/requires.txt\n'}
[8.993163] (yahboomcar_description) StdoutLine: {'line': b'writing top-level names to ../../build/yahboomcar_description/yahboomcar_description.egg-info/top_level.txt\n'}
[8.997794] (yahboomcar_description) StdoutLine: {'line': b"reading manifest file '../../build/yahboomcar_description/yahboomcar_description.egg-info/SOURCES.txt'\n"}
[8.998954] (yahboomcar_ctrl) StdoutLine: {'line': b'running egg_info\n'}
[8.999818] (yahboomcar_description) StdoutLine: {'line': b"writing manifest file '../../build/yahboomcar_description/yahboomcar_description.egg-info/SOURCES.txt'\n"}
[9.000140] (yahboomcar_description) StdoutLine: {'line': b'running build\n'}
[9.000344] (yahboomcar_description) StdoutLine: {'line': b'running build_py\n'}
[9.000504] (yahboomcar_ctrl) StdoutLine: {'line': b'writing ../../build/yahboomcar_ctrl/yahboomcar_ctrl.egg-info/PKG-INFO\n'}
[9.000880] (yahboomcar_description) StdoutLine: {'line': b'running install\n'}
[9.001136] (yahboomcar_ctrl) StdoutLine: {'line': b'writing dependency_links to ../../build/yahboomcar_ctrl/yahboomcar_ctrl.egg-info/dependency_links.txt\n'}
[9.001356] (yahboomcar_description) StderrLine: {'line': b'/usr/lib/python3/dist-packages/setuptools/command/install.py:34: SetuptoolsDeprecationWarning: setup.py install is deprecated. Use build and pip and other standards-based tools.\n'}
[9.001565] (yahboomcar_description) StderrLine: {'line': b'  warnings.warn(\n'}
[9.001696] (yahboomcar_ctrl) StdoutLine: {'line': b'writing entry points to ../../build/yahboomcar_ctrl/yahboomcar_ctrl.egg-info/entry_points.txt\n'}
[9.001897] (yahboomcar_ctrl) StdoutLine: {'line': b'writing requirements to ../../build/yahboomcar_ctrl/yahboomcar_ctrl.egg-info/requires.txt\n'}
[9.002099] (yahboomcar_ctrl) StdoutLine: {'line': b'writing top-level names to ../../build/yahboomcar_ctrl/yahboomcar_ctrl.egg-info/top_level.txt\n'}
[9.002286] (yahboomcar_description) StdoutLine: {'line': b'running install_lib\n'}
[9.004727] (yahboomcar_description) StdoutLine: {'line': b'running install_data\n'}
[9.006563] (yahboomcar_description) StdoutLine: {'line': b'running install_egg_info\n'}
[9.006863] (yahboomcar_ctrl) StdoutLine: {'line': b"reading manifest file '../../build/yahboomcar_ctrl/yahboomcar_ctrl.egg-info/SOURCES.txt'\n"}
[9.008173] (yahboomcar_ctrl) StdoutLine: {'line': b"writing manifest file '../../build/yahboomcar_ctrl/yahboomcar_ctrl.egg-info/SOURCES.txt'\n"}
[9.008574] (yahboomcar_ctrl) StdoutLine: {'line': b'running build\n'}
[9.008718] (yahboomcar_ctrl) StdoutLine: {'line': b'running build_py\n'}
[9.009280] (yahboomcar_ctrl) StdoutLine: {'line': b'running install\n'}
[9.009562] (yahboomcar_ctrl) StderrLine: {'line': b'/usr/lib/python3/dist-packages/setuptools/command/install.py:34: SetuptoolsDeprecationWarning: setup.py install is deprecated. Use build and pip and other standards-based tools.\n'}
[9.009797] (yahboomcar_ctrl) StderrLine: {'line': b'  warnings.warn(\n'}
[9.010455] (yahboomcar_ctrl) StdoutLine: {'line': b'running install_lib\n'}
[9.010794] (yahboomcar_description) StdoutLine: {'line': b"removing '/root/yahboomcar_ws/install/yahboomcar_description/lib/python3.10/site-packages/yahboomcar_description-0.0.0-py3.10.egg-info' (and everything under it)\n"}
[9.011577] (yahboomcar_description) StdoutLine: {'line': b'Copying ../../build/yahboomcar_description/yahboomcar_description.egg-info to /root/yahboomcar_ws/install/yahboomcar_description/lib/python3.10/site-packages/yahboomcar_description-0.0.0-py3.10.egg-info\n'}
[9.013380] (yahboomcar_description) StdoutLine: {'line': b'running install_scripts\n'}
[9.013661] (yahboomcar_ctrl) StdoutLine: {'line': b'running install_data\n'}
[9.014581] (yahboomcar_ctrl) StdoutLine: {'line': b'running install_egg_info\n'}
[9.018533] (yahboomcar_ctrl) StdoutLine: {'line': b"removing '/root/yahboomcar_ws/install/yahboomcar_ctrl/lib/python3.10/site-packages/yahboomcar_ctrl-0.0.0-py3.10.egg-info' (and everything under it)\n"}
[9.019248] (yahboomcar_ctrl) StdoutLine: {'line': b'Copying ../../build/yahboomcar_ctrl/yahboomcar_ctrl.egg-info to /root/yahboomcar_ws/install/yahboomcar_ctrl/lib/python3.10/site-packages/yahboomcar_ctrl-0.0.0-py3.10.egg-info\n'}
[9.021059] (yahboomcar_ctrl) StdoutLine: {'line': b'running install_scripts\n'}
[9.034382] (-) TimerEvent: {}
[9.059745] (yahboomcar_description) StdoutLine: {'line': b"writing list of installed files to '/root/yahboomcar_ws/build/yahboomcar_description/install.log'\n"}
[9.073730] (yahboomcar_ctrl) StdoutLine: {'line': b'Installing yahboom_joy script to /root/yahboomcar_ws/install/yahboomcar_ctrl/lib/yahboomcar_ctrl\n'}
[9.074303] (yahboomcar_ctrl) StdoutLine: {'line': b'Installing yahboom_joy_R2 script to /root/yahboomcar_ws/install/yahboomcar_ctrl/lib/yahboomcar_ctrl\n'}
[9.074796] (yahboomcar_ctrl) StdoutLine: {'line': b'Installing yahboom_keyboard script to /root/yahboomcar_ws/install/yahboomcar_ctrl/lib/yahboomcar_ctrl\n'}
[9.076096] (yahboomcar_ctrl) StdoutLine: {'line': b"writing list of installed files to '/root/yahboomcar_ws/build/yahboomcar_ctrl/install.log'\n"}
[9.134546] (-) TimerEvent: {}
[9.193364] (yahboomcar_description) CommandEnded: {'returncode': 0}
[9.234801] (-) TimerEvent: {}
[9.278637] (yahboomcar_description) JobEnded: {'identifier': 'yahboomcar_description', 'rc': 0}
[9.280696] (yahboomcar_msgs) JobStarted: {'identifier': 'yahboomcar_msgs'}
[9.334945] (-) TimerEvent: {}
[9.435292] (-) TimerEvent: {}
[9.467904] (yahboomcar_ctrl) CommandEnded: {'returncode': 0}
[9.526476] (yahboomcar_ctrl) JobEnded: {'identifier': 'yahboomcar_ctrl', 'rc': 0}
[9.527812] (yahboomcar_nav) JobStarted: {'identifier': 'yahboomcar_nav'}
[9.535386] (-) TimerEvent: {}
[9.635742] (-) TimerEvent: {}
[9.674192] (yahboomcar_mediapipe) Command: {'cmd': ['/usr/bin/python3', 'setup.py', 'egg_info', '--egg-base', '../../build/yahboomcar_mediapipe', 'build', '--build-base', '/root/yahboomcar_ws/build/yahboomcar_mediapipe/build', 'install', '--record', '/root/yahboomcar_ws/build/yahboomcar_mediapipe/install.log', '--install-scripts', '$base/lib/yahboomcar_mediapipe', '--single-version-externally-managed'], 'cwd': '/root/yahboomcar_ws/src/yahboomcar_mediapipe', 'env': {'HOSTNAME': 'raspberrypi', 'SHLVL': '1', 'LD_LIBRARY_PATH': '/root/imu_ws/install/rviz_imu_plugin/lib:/root/imu_ws/install/imu_filter_madgwick/lib:/root/imu_ws/install/imu_complementary_filter/lib:/root/yahboomcar_ws/install/yahboomcar_msgs/lib:/root/yahboomcar_ws/install/yahboom_web_savmap_interfaces/lib:/root/yahboomcar_ws/install/robot_localization/lib:/root/gmapping_ws/install/openslam_gmapping/lib:/opt/ros/humble/opt/rviz_ogre_vendor/lib:/opt/ros/humble/lib/aarch64-linux-gnu:/opt/ros/humble/lib', 'HOME': '/root', 'OLDPWD': '/root', 'ROS_PYTHON_VERSION': '3', 'LC_CTYPE': 'C.UTF-8', 'COLCON_PREFIX_PATH': '/root/yahboomcar_ws/install:/root/gmapping_ws/install:/root/imu_ws/install', 'ROS_DISTRO': 'humble', '_': '/usr/bin/colcon', 'ROS_VERSION': '2', 'TERM': 'xterm', 'ROS_LOCALHOST_ONLY': '0', 'QT_X11_NO_MITSHM': '1', 'PATH': '/opt/ros/humble/bin:/usr/local/sbin:/usr/local/bin:/usr/sbin:/usr/bin:/sbin:/bin', 'DISPLAY': ':0', 'LS_COLORS': 'rs=0:di=01;34:ln=01;36:mh=00:pi=40;33:so=01;35:do=01;35:bd=40;33;01:cd=40;33;01:or=40;31;01:mi=00:su=37;41:sg=30;43:ca=30;41:tw=30;42:ow=34;42:st=37;44:ex=01;32:*.tar=01;31:*.tgz=01;31:*.arc=01;31:*.arj=01;31:*.taz=01;31:*.lha=01;31:*.lz4=01;31:*.lzh=01;31:*.lzma=01;31:*.tlz=01;31:*.txz=01;31:*.tzo=01;31:*.t7z=01;31:*.zip=01;31:*.z=01;31:*.dz=01;31:*.gz=01;31:*.lrz=01;31:*.lz=01;31:*.lzo=01;31:*.xz=01;31:*.zst=01;31:*.tzst=01;31:*.bz2=01;31:*.bz=01;31:*.tbz=01;31:*.tbz2=01;31:*.tz=01;31:*.deb=01;31:*.rpm=01;31:*.jar=01;31:*.war=01;31:*.ear=01;31:*.sar=01;31:*.rar=01;31:*.alz=01;31:*.ace=01;31:*.zoo=01;31:*.cpio=01;31:*.7z=01;31:*.rz=01;31:*.cab=01;31:*.wim=01;31:*.swm=01;31:*.dwm=01;31:*.esd=01;31:*.jpg=01;35:*.jpeg=01;35:*.mjpg=01;35:*.mjpeg=01;35:*.gif=01;35:*.bmp=01;35:*.pbm=01;35:*.pgm=01;35:*.ppm=01;35:*.tga=01;35:*.xbm=01;35:*.xpm=01;35:*.tif=01;35:*.tiff=01;35:*.png=01;35:*.svg=01;35:*.svgz=01;35:*.mng=01;35:*.pcx=01;35:*.mov=01;35:*.mpg=01;35:*.mpeg=01;35:*.m2v=01;35:*.mkv=01;35:*.webm=01;35:*.webp=01;35:*.ogm=01;35:*.mp4=01;35:*.m4v=01;35:*.mp4v=01;35:*.vob=01;35:*.qt=01;35:*.nuv=01;35:*.wmv=01;35:*.asf=01;35:*.rm=01;35:*.rmvb=01;35:*.flc=01;35:*.avi=01;35:*.fli=01;35:*.flv=01;35:*.gl=01;35:*.dl=01;35:*.xcf=01;35:*.xwd=01;35:*.yuv=01;35:*.cgm=01;35:*.emf=01;35:*.ogv=01;35:*.ogx=01;35:*.aac=00;36:*.au=00;36:*.flac=00;36:*.m4a=00;36:*.mid=00;36:*.midi=00;36:*.mka=00;36:*.mp3=00;36:*.mpc=00;36:*.ogg=00;36:*.ra=00;36:*.wav=00;36:*.oga=00;36:*.opus=00;36:*.spx=00;36:*.xspf=00;36:', 'ROS_DOMAIN_ID': '30', 'AMENT_PREFIX_PATH': '/root/imu_ws/install/imu_tools:/root/imu_ws/install/rviz_imu_plugin:/root/imu_ws/install/imu_filter_madgwick:/root/imu_ws/install/imu_complementary_filter:/root/yahboomcar_ws/install/yahboomcar_visual:/root/yahboomcar_ws/install/yahboomcar_nav:/root/yahboomcar_ws/install/yahboomcar_msgs:/root/yahboomcar_ws/install/yahboomcar_mediapipe:/root/yahboomcar_ws/install/yahboomcar_laser:/root/yahboomcar_ws/install/yahboomcar_description:/root/yahboomcar_ws/install/yahboomcar_ctrl:/root/yahboomcar_ws/install/yahboomcar_bringup:/root/yahboomcar_ws/install/yahboomcar_base_node:/root/yahboomcar_ws/install/yahboomcar_astra:/root/yahboomcar_ws/install/yahboom_web_savmap_interfaces:/root/yahboomcar_ws/install/yahboom_app_save_map:/root/yahboomcar_ws/install/robot_pose_publisher_ros2:/root/yahboomcar_ws/install/robot_localization:/root/yahboomcar_ws/install/laserscan_to_point_publisher:/root/gmapping_ws/install/slam_gmapping:/root/gmapping_ws/install/openslam_gmapping:/opt/ros/humble', 'PWD': '/root/yahboomcar_ws/build/yahboomcar_mediapipe', 'PYTHONPATH': '/root/yahboomcar_ws/build/yahboomcar_mediapipe/prefix_override:/root/yahboomcar_ws/install/yahboomcar_mediapipe/lib/python3.10/site-packages:/root/yahboomcar_ws/install/yahboomcar_visual/lib/python3.10/site-packages:/root/yahboomcar_ws/install/yahboomcar_nav/lib/python3.10/site-packages:/root/yahboomcar_ws/install/yahboomcar_msgs/local/lib/python3.10/dist-packages:/root/yahboomcar_ws/install/yahboomcar_mediapipe/lib/python3.10/site-packages:/root/yahboomcar_ws/install/yahboomcar_laser/lib/python3.10/site-packages:/root/yahboomcar_ws/install/yahboomcar_description/lib/python3.10/site-packages:/root/yahboomcar_ws/install/yahboomcar_ctrl/lib/python3.10/site-packages:/root/yahboomcar_ws/install/yahboomcar_bringup/lib/python3.10/site-packages:/root/yahboomcar_ws/install/yahboomcar_astra/lib/python3.10/site-packages:/root/yahboomcar_ws/install/yahboom_web_savmap_interfaces/local/lib/python3.10/dist-packages:/root/yahboomcar_ws/install/yahboom_app_save_map/lib/python3.10/site-packages:/root/yahboomcar_ws/install/robot_localization/local/lib/python3.10/dist-packages:/root/yahboomcar_ws/install/laserscan_to_point_publisher/lib/python3.10/site-packages:/opt/ros/humble/lib/python3.10/site-packages:/opt/ros/humble/local/lib/python3.10/dist-packages', 'COLCON': '1', 'CMAKE_PREFIX_PATH': '/root/imu_ws/install/imu_tools:/root/imu_ws/install/rviz_imu_plugin:/root/imu_ws/install/imu_filter_madgwick:/root/imu_ws/install/imu_complementary_filter:/root/yahboomcar_ws/install/yahboomcar_msgs:/root/yahboomcar_ws/install/yahboomcar_base_node:/root/yahboomcar_ws/install/yahboom_web_savmap_interfaces:/root/yahboomcar_ws/install/robot_pose_publisher_ros2:/root/yahboomcar_ws/install/robot_localization:/root/gmapping_ws/install/slam_gmapping:/root/gmapping_ws/install/openslam_gmapping'}, 'shell': False}
[9.680774] (yahboomcar_laser) Command: {'cmd': ['/usr/bin/python3', 'setup.py', 'egg_info', '--egg-base', '../../build/yahboomcar_laser', 'build', '--build-base', '/root/yahboomcar_ws/build/yahboomcar_laser/build', 'install', '--record', '/root/yahboomcar_ws/build/yahboomcar_laser/install.log', '--single-version-externally-managed'], 'cwd': '/root/yahboomcar_ws/src/yahboomcar_laser', 'env': {'HOSTNAME': 'raspberrypi', 'SHLVL': '1', 'LD_LIBRARY_PATH': '/root/imu_ws/install/rviz_imu_plugin/lib:/root/imu_ws/install/imu_filter_madgwick/lib:/root/imu_ws/install/imu_complementary_filter/lib:/root/yahboomcar_ws/install/yahboomcar_msgs/lib:/root/yahboomcar_ws/install/yahboom_web_savmap_interfaces/lib:/root/yahboomcar_ws/install/robot_localization/lib:/root/gmapping_ws/install/openslam_gmapping/lib:/opt/ros/humble/opt/rviz_ogre_vendor/lib:/opt/ros/humble/lib/aarch64-linux-gnu:/opt/ros/humble/lib', 'HOME': '/root', 'OLDPWD': '/root', 'ROS_PYTHON_VERSION': '3', 'LC_CTYPE': 'C.UTF-8', 'COLCON_PREFIX_PATH': '/root/yahboomcar_ws/install:/root/gmapping_ws/install:/root/imu_ws/install', 'ROS_DISTRO': 'humble', '_': '/usr/bin/colcon', 'ROS_VERSION': '2', 'TERM': 'xterm', 'ROS_LOCALHOST_ONLY': '0', 'QT_X11_NO_MITSHM': '1', 'PATH': '/opt/ros/humble/bin:/usr/local/sbin:/usr/local/bin:/usr/sbin:/usr/bin:/sbin:/bin', 'DISPLAY': ':0', 'LS_COLORS': 'rs=0:di=01;34:ln=01;36:mh=00:pi=40;33:so=01;35:do=01;35:bd=40;33;01:cd=40;33;01:or=40;31;01:mi=00:su=37;41:sg=30;43:ca=30;41:tw=30;42:ow=34;42:st=37;44:ex=01;32:*.tar=01;31:*.tgz=01;31:*.arc=01;31:*.arj=01;31:*.taz=01;31:*.lha=01;31:*.lz4=01;31:*.lzh=01;31:*.lzma=01;31:*.tlz=01;31:*.txz=01;31:*.tzo=01;31:*.t7z=01;31:*.zip=01;31:*.z=01;31:*.dz=01;31:*.gz=01;31:*.lrz=01;31:*.lz=01;31:*.lzo=01;31:*.xz=01;31:*.zst=01;31:*.tzst=01;31:*.bz2=01;31:*.bz=01;31:*.tbz=01;31:*.tbz2=01;31:*.tz=01;31:*.deb=01;31:*.rpm=01;31:*.jar=01;31:*.war=01;31:*.ear=01;31:*.sar=01;31:*.rar=01;31:*.alz=01;31:*.ace=01;31:*.zoo=01;31:*.cpio=01;31:*.7z=01;31:*.rz=01;31:*.cab=01;31:*.wim=01;31:*.swm=01;31:*.dwm=01;31:*.esd=01;31:*.jpg=01;35:*.jpeg=01;35:*.mjpg=01;35:*.mjpeg=01;35:*.gif=01;35:*.bmp=01;35:*.pbm=01;35:*.pgm=01;35:*.ppm=01;35:*.tga=01;35:*.xbm=01;35:*.xpm=01;35:*.tif=01;35:*.tiff=01;35:*.png=01;35:*.svg=01;35:*.svgz=01;35:*.mng=01;35:*.pcx=01;35:*.mov=01;35:*.mpg=01;35:*.mpeg=01;35:*.m2v=01;35:*.mkv=01;35:*.webm=01;35:*.webp=01;35:*.ogm=01;35:*.mp4=01;35:*.m4v=01;35:*.mp4v=01;35:*.vob=01;35:*.qt=01;35:*.nuv=01;35:*.wmv=01;35:*.asf=01;35:*.rm=01;35:*.rmvb=01;35:*.flc=01;35:*.avi=01;35:*.fli=01;35:*.flv=01;35:*.gl=01;35:*.dl=01;35:*.xcf=01;35:*.xwd=01;35:*.yuv=01;35:*.cgm=01;35:*.emf=01;35:*.ogv=01;35:*.ogx=01;35:*.aac=00;36:*.au=00;36:*.flac=00;36:*.m4a=00;36:*.mid=00;36:*.midi=00;36:*.mka=00;36:*.mp3=00;36:*.mpc=00;36:*.ogg=00;36:*.ra=00;36:*.wav=00;36:*.oga=00;36:*.opus=00;36:*.spx=00;36:*.xspf=00;36:', 'ROS_DOMAIN_ID': '30', 'AMENT_PREFIX_PATH': '/root/imu_ws/install/imu_tools:/root/imu_ws/install/rviz_imu_plugin:/root/imu_ws/install/imu_filter_madgwick:/root/imu_ws/install/imu_complementary_filter:/root/yahboomcar_ws/install/yahboomcar_visual:/root/yahboomcar_ws/install/yahboomcar_nav:/root/yahboomcar_ws/install/yahboomcar_msgs:/root/yahboomcar_ws/install/yahboomcar_mediapipe:/root/yahboomcar_ws/install/yahboomcar_laser:/root/yahboomcar_ws/install/yahboomcar_description:/root/yahboomcar_ws/install/yahboomcar_ctrl:/root/yahboomcar_ws/install/yahboomcar_bringup:/root/yahboomcar_ws/install/yahboomcar_base_node:/root/yahboomcar_ws/install/yahboomcar_astra:/root/yahboomcar_ws/install/yahboom_web_savmap_interfaces:/root/yahboomcar_ws/install/yahboom_app_save_map:/root/yahboomcar_ws/install/robot_pose_publisher_ros2:/root/yahboomcar_ws/install/robot_localization:/root/yahboomcar_ws/install/laserscan_to_point_publisher:/root/gmapping_ws/install/slam_gmapping:/root/gmapping_ws/install/openslam_gmapping:/opt/ros/humble', 'PWD': '/root/yahboomcar_ws/build/yahboomcar_laser', 'PYTHONPATH': '/root/yahboomcar_ws/build/yahboomcar_laser/prefix_override:/root/yahboomcar_ws/install/yahboomcar_laser/lib/python3.10/site-packages:/root/yahboomcar_ws/install/yahboomcar_visual/lib/python3.10/site-packages:/root/yahboomcar_ws/install/yahboomcar_nav/lib/python3.10/site-packages:/root/yahboomcar_ws/install/yahboomcar_msgs/local/lib/python3.10/dist-packages:/root/yahboomcar_ws/install/yahboomcar_mediapipe/lib/python3.10/site-packages:/root/yahboomcar_ws/install/yahboomcar_laser/lib/python3.10/site-packages:/root/yahboomcar_ws/install/yahboomcar_description/lib/python3.10/site-packages:/root/yahboomcar_ws/install/yahboomcar_ctrl/lib/python3.10/site-packages:/root/yahboomcar_ws/install/yahboomcar_bringup/lib/python3.10/site-packages:/root/yahboomcar_ws/install/yahboomcar_astra/lib/python3.10/site-packages:/root/yahboomcar_ws/install/yahboom_web_savmap_interfaces/local/lib/python3.10/dist-packages:/root/yahboomcar_ws/install/yahboom_app_save_map/lib/python3.10/site-packages:/root/yahboomcar_ws/install/robot_localization/local/lib/python3.10/dist-packages:/root/yahboomcar_ws/install/laserscan_to_point_publisher/lib/python3.10/site-packages:/opt/ros/humble/lib/python3.10/site-packages:/opt/ros/humble/local/lib/python3.10/dist-packages', 'COLCON': '1', 'CMAKE_PREFIX_PATH': '/root/imu_ws/install/imu_tools:/root/imu_ws/install/rviz_imu_plugin:/root/imu_ws/install/imu_filter_madgwick:/root/imu_ws/install/imu_complementary_filter:/root/yahboomcar_ws/install/yahboomcar_msgs:/root/yahboomcar_ws/install/yahboomcar_base_node:/root/yahboomcar_ws/install/yahboom_web_savmap_interfaces:/root/yahboomcar_ws/install/robot_pose_publisher_ros2:/root/yahboomcar_ws/install/robot_localization:/root/gmapping_ws/install/slam_gmapping:/root/gmapping_ws/install/openslam_gmapping'}, 'shell': False}
[9.685392] (yahboomcar_msgs) JobProgress: {'identifier': 'yahboomcar_msgs', 'progress': 'cmake'}
[9.686592] (yahboomcar_msgs) JobProgress: {'identifier': 'yahboomcar_msgs', 'progress': 'build'}
[9.687911] (yahboomcar_msgs) Command: {'cmd': ['/usr/bin/cmake', '--build', '/root/yahboomcar_ws/build/yahboomcar_msgs', '--', '-j4', '-l4'], 'cwd': '/root/yahboomcar_ws/build/yahboomcar_msgs', 'env': OrderedDict([('HOSTNAME', 'raspberrypi'), ('SHLVL', '1'), ('LD_LIBRARY_PATH', '/root/imu_ws/install/rviz_imu_plugin/lib:/root/imu_ws/install/imu_filter_madgwick/lib:/root/imu_ws/install/imu_complementary_filter/lib:/root/yahboomcar_ws/install/yahboomcar_msgs/lib:/root/yahboomcar_ws/install/yahboom_web_savmap_interfaces/lib:/root/yahboomcar_ws/install/robot_localization/lib:/root/gmapping_ws/install/openslam_gmapping/lib:/opt/ros/humble/opt/rviz_ogre_vendor/lib:/opt/ros/humble/lib/aarch64-linux-gnu:/opt/ros/humble/lib'), ('HOME', '/root'), ('OLDPWD', '/root'), ('ROS_PYTHON_VERSION', '3'), ('LC_CTYPE', 'C.UTF-8'), ('COLCON_PREFIX_PATH', '/root/yahboomcar_ws/install:/root/gmapping_ws/install:/root/imu_ws/install'), ('ROS_DISTRO', 'humble'), ('_', '/usr/bin/colcon'), ('ROS_VERSION', '2'), ('TERM', 'xterm'), ('ROS_LOCALHOST_ONLY', '0'), ('QT_X11_NO_MITSHM', '1'), ('PATH', '/opt/ros/humble/bin:/usr/local/sbin:/usr/local/bin:/usr/sbin:/usr/bin:/sbin:/bin'), ('DISPLAY', ':0'), ('LS_COLORS', 'rs=0:di=01;34:ln=01;36:mh=00:pi=40;33:so=01;35:do=01;35:bd=40;33;01:cd=40;33;01:or=40;31;01:mi=00:su=37;41:sg=30;43:ca=30;41:tw=30;42:ow=34;42:st=37;44:ex=01;32:*.tar=01;31:*.tgz=01;31:*.arc=01;31:*.arj=01;31:*.taz=01;31:*.lha=01;31:*.lz4=01;31:*.lzh=01;31:*.lzma=01;31:*.tlz=01;31:*.txz=01;31:*.tzo=01;31:*.t7z=01;31:*.zip=01;31:*.z=01;31:*.dz=01;31:*.gz=01;31:*.lrz=01;31:*.lz=01;31:*.lzo=01;31:*.xz=01;31:*.zst=01;31:*.tzst=01;31:*.bz2=01;31:*.bz=01;31:*.tbz=01;31:*.tbz2=01;31:*.tz=01;31:*.deb=01;31:*.rpm=01;31:*.jar=01;31:*.war=01;31:*.ear=01;31:*.sar=01;31:*.rar=01;31:*.alz=01;31:*.ace=01;31:*.zoo=01;31:*.cpio=01;31:*.7z=01;31:*.rz=01;31:*.cab=01;31:*.wim=01;31:*.swm=01;31:*.dwm=01;31:*.esd=01;31:*.jpg=01;35:*.jpeg=01;35:*.mjpg=01;35:*.mjpeg=01;35:*.gif=01;35:*.bmp=01;35:*.pbm=01;35:*.pgm=01;35:*.ppm=01;35:*.tga=01;35:*.xbm=01;35:*.xpm=01;35:*.tif=01;35:*.tiff=01;35:*.png=01;35:*.svg=01;35:*.svgz=01;35:*.mng=01;35:*.pcx=01;35:*.mov=01;35:*.mpg=01;35:*.mpeg=01;35:*.m2v=01;35:*.mkv=01;35:*.webm=01;35:*.webp=01;35:*.ogm=01;35:*.mp4=01;35:*.m4v=01;35:*.mp4v=01;35:*.vob=01;35:*.qt=01;35:*.nuv=01;35:*.wmv=01;35:*.asf=01;35:*.rm=01;35:*.rmvb=01;35:*.flc=01;35:*.avi=01;35:*.fli=01;35:*.flv=01;35:*.gl=01;35:*.dl=01;35:*.xcf=01;35:*.xwd=01;35:*.yuv=01;35:*.cgm=01;35:*.emf=01;35:*.ogv=01;35:*.ogx=01;35:*.aac=00;36:*.au=00;36:*.flac=00;36:*.m4a=00;36:*.mid=00;36:*.midi=00;36:*.mka=00;36:*.mp3=00;36:*.mpc=00;36:*.ogg=00;36:*.ra=00;36:*.wav=00;36:*.oga=00;36:*.opus=00;36:*.spx=00;36:*.xspf=00;36:'), ('ROS_DOMAIN_ID', '30'), ('AMENT_PREFIX_PATH', '/root/imu_ws/install/imu_tools:/root/imu_ws/install/rviz_imu_plugin:/root/imu_ws/install/imu_filter_madgwick:/root/imu_ws/install/imu_complementary_filter:/root/yahboomcar_ws/install/yahboomcar_visual:/root/yahboomcar_ws/install/yahboomcar_nav:/root/yahboomcar_ws/install/yahboomcar_msgs:/root/yahboomcar_ws/install/yahboomcar_mediapipe:/root/yahboomcar_ws/install/yahboomcar_laser:/root/yahboomcar_ws/install/yahboomcar_description:/root/yahboomcar_ws/install/yahboomcar_ctrl:/root/yahboomcar_ws/install/yahboomcar_bringup:/root/yahboomcar_ws/install/yahboomcar_base_node:/root/yahboomcar_ws/install/yahboomcar_astra:/root/yahboomcar_ws/install/yahboom_web_savmap_interfaces:/root/yahboomcar_ws/install/yahboom_app_save_map:/root/yahboomcar_ws/install/robot_pose_publisher_ros2:/root/yahboomcar_ws/install/robot_localization:/root/yahboomcar_ws/install/laserscan_to_point_publisher:/root/gmapping_ws/install/slam_gmapping:/root/gmapping_ws/install/openslam_gmapping:/opt/ros/humble'), ('PWD', '/root/yahboomcar_ws/build/yahboomcar_msgs'), ('PYTHONPATH', '/root/yahboomcar_ws/install/yahboomcar_visual/lib/python3.10/site-packages:/root/yahboomcar_ws/install/yahboomcar_nav/lib/python3.10/site-packages:/root/yahboomcar_ws/install/yahboomcar_msgs/local/lib/python3.10/dist-packages:/root/yahboomcar_ws/install/yahboomcar_mediapipe/lib/python3.10/site-packages:/root/yahboomcar_ws/install/yahboomcar_laser/lib/python3.10/site-packages:/root/yahboomcar_ws/install/yahboomcar_description/lib/python3.10/site-packages:/root/yahboomcar_ws/install/yahboomcar_ctrl/lib/python3.10/site-packages:/root/yahboomcar_ws/install/yahboomcar_bringup/lib/python3.10/site-packages:/root/yahboomcar_ws/install/yahboomcar_astra/lib/python3.10/site-packages:/root/yahboomcar_ws/install/yahboom_web_savmap_interfaces/local/lib/python3.10/dist-packages:/root/yahboomcar_ws/install/yahboom_app_save_map/lib/python3.10/site-packages:/root/yahboomcar_ws/install/robot_localization/local/lib/python3.10/dist-packages:/root/yahboomcar_ws/install/laserscan_to_point_publisher/lib/python3.10/site-packages:/opt/ros/humble/lib/python3.10/site-packages:/opt/ros/humble/local/lib/python3.10/dist-packages'), ('COLCON', '1'), ('CMAKE_PREFIX_PATH', '/root/imu_ws/install/imu_tools:/root/imu_ws/install/rviz_imu_plugin:/root/imu_ws/install/imu_filter_madgwick:/root/imu_ws/install/imu_complementary_filter:/root/yahboomcar_ws/install/yahboomcar_msgs:/root/yahboomcar_ws/install/yahboomcar_base_node:/root/yahboomcar_ws/install/yahboom_web_savmap_interfaces:/root/yahboomcar_ws/install/robot_pose_publisher_ros2:/root/yahboomcar_ws/install/robot_localization:/root/gmapping_ws/install/slam_gmapping:/root/gmapping_ws/install/openslam_gmapping:/root/yahboomcar_ws/install/yahboomcar_visual:/root/yahboomcar_ws/install/yahboomcar_nav:/root/yahboomcar_ws/install/yahboomcar_mediapipe:/root/yahboomcar_ws/install/yahboomcar_laser:/root/yahboomcar_ws/install/yahboomcar_description:/root/yahboomcar_ws/install/yahboomcar_ctrl:/root/yahboomcar_ws/install/yahboomcar_bringup:/root/yahboomcar_ws/install/yahboomcar_astra:/root/yahboomcar_ws/install/yahboom_app_save_map:/root/yahboomcar_ws/install/laserscan_to_point_publisher:/opt/ros/humble')]), 'shell': False}
[9.736034] (-) TimerEvent: {}
[9.819438] (yahboomcar_msgs) StdoutLine: {'line': b'[ 11%] Built target yahboomcar_msgs__rosidl_generator_c\n'}
[9.836208] (-) TimerEvent: {}
[9.844079] (yahboomcar_msgs) StdoutLine: {'line': b'[ 12%] Built target yahboomcar_msgs__cpp\n'}
[9.909192] (yahboomcar_msgs) StdoutLine: {'line': b'[ 12%] Built target ament_cmake_python_copy_yahboomcar_msgs\n'}
[9.925338] (yahboomcar_msgs) StdoutLine: {'line': b'[ 23%] Built target yahboomcar_msgs__rosidl_typesupport_fastrtps_c\n'}
[9.936345] (-) TimerEvent: {}
[9.950684] (yahboomcar_msgs) StdoutLine: {'line': b'[ 34%] Built target yahboomcar_msgs__rosidl_typesupport_c\n'}
[9.978687] (yahboomcar_msgs) StdoutLine: {'line': b'[ 46%] Built target yahboomcar_msgs__rosidl_typesupport_introspection_c\n'}
[10.036471] (-) TimerEvent: {}
[10.048167] (yahboomcar_msgs) StdoutLine: {'line': b'[ 57%] Built target yahboomcar_msgs__rosidl_typesupport_fastrtps_cpp\n'}
[10.050755] (yahboomcar_msgs) StdoutLine: {'line': b'[ 68%] Built target yahboomcar_msgs__rosidl_typesupport_introspection_cpp\n'}
[10.105762] (yahboomcar_msgs) StdoutLine: {'line': b'[ 79%] Built target yahboomcar_msgs__rosidl_typesupport_cpp\n'}
[10.136583] (-) TimerEvent: {}
[10.213681] (yahboomcar_laser) StdoutLine: {'line': b'running egg_info\n'}
[10.215270] (yahboomcar_laser) StdoutLine: {'line': b'writing ../../build/yahboomcar_laser/yahboomcar_laser.egg-info/PKG-INFO\n'}
[10.215758] (yahboomcar_laser) StdoutLine: {'line': b'writing dependency_links to ../../build/yahboomcar_laser/yahboomcar_laser.egg-info/dependency_links.txt\n'}
[10.216110] (yahboomcar_laser) StdoutLine: {'line': b'writing entry points to ../../build/yahboomcar_laser/yahboomcar_laser.egg-info/entry_points.txt\n'}
[10.216376] (yahboomcar_laser) StdoutLine: {'line': b'writing requirements to ../../build/yahboomcar_laser/yahboomcar_laser.egg-info/requires.txt\n'}
[10.216574] (yahboomcar_laser) StdoutLine: {'line': b'writing top-level names to ../../build/yahboomcar_laser/yahboomcar_laser.egg-info/top_level.txt\n'}
[10.222266] (yahboomcar_laser) StdoutLine: {'line': b"reading manifest file '../../build/yahboomcar_laser/yahboomcar_laser.egg-info/SOURCES.txt'\n"}
[10.224381] (yahboomcar_laser) StdoutLine: {'line': b"writing manifest file '../../build/yahboomcar_laser/yahboomcar_laser.egg-info/SOURCES.txt'\n"}
[10.224758] (yahboomcar_laser) StdoutLine: {'line': b'running build\n'}
[10.224903] (yahboomcar_laser) StdoutLine: {'line': b'running build_py\n'}
[10.226290] (yahboomcar_laser) StdoutLine: {'line': b'running install\n'}
[10.226683] (yahboomcar_laser) StderrLine: {'line': b'/usr/lib/python3/dist-packages/setuptools/command/install.py:34: SetuptoolsDeprecationWarning: setup.py install is deprecated. Use build and pip and other standards-based tools.\n'}
[10.226864] (yahboomcar_laser) StderrLine: {'line': b'  warnings.warn(\n'}
[10.227294] (yahboomcar_laser) StdoutLine: {'line': b'running install_lib\n'}
[10.228432] (yahboomcar_msgs) StdoutLine: {'line': b'[ 79%] Built target yahboomcar_msgs\n'}
[10.231144] (yahboomcar_laser) StdoutLine: {'line': b'running install_data\n'}
[10.232605] (yahboomcar_laser) StdoutLine: {'line': b'running install_egg_info\n'}
[10.236742] (-) TimerEvent: {}
[10.237246] (yahboomcar_laser) StdoutLine: {'line': b"removing '/root/yahboomcar_ws/install/yahboomcar_laser/lib/python3.10/site-packages/yahboomcar_laser-0.0.0-py3.10.egg-info' (and everything under it)\n"}
[10.238022] (yahboomcar_laser) StdoutLine: {'line': b'Copying ../../build/yahboomcar_laser/yahboomcar_laser.egg-info to /root/yahboomcar_ws/install/yahboomcar_laser/lib/python3.10/site-packages/yahboomcar_laser-0.0.0-py3.10.egg-info\n'}
[10.240092] (yahboomcar_laser) StdoutLine: {'line': b'running install_scripts\n'}
[10.268713] (yahboomcar_mediapipe) StderrLine: {'line': b"/usr/lib/python3/dist-packages/setuptools/dist.py:723: UserWarning: Usage of dash-separated 'script-dir' will not be supported in future versions. Please use the underscore name 'script_dir' instead\n"}
[10.269351] (yahboomcar_mediapipe) StderrLine: {'line': b'  warnings.warn(\n'}
[10.272712] (yahboomcar_msgs) StdoutLine: {'line': b'[ 80%] Built target yahboomcar_msgs__py\n'}
[10.292035] (yahboomcar_mediapipe) StdoutLine: {'line': b'running egg_info\n'}
[10.293368] (yahboomcar_laser) StdoutLine: {'line': b'Installing laser_Avoidance script to /root/yahboomcar_ws/install/yahboomcar_laser/lib/yahboomcar_laser\n'}
[10.293724] (yahboomcar_laser) StdoutLine: {'line': b'Installing laser_Tracker script to /root/yahboomcar_ws/install/yahboomcar_laser/lib/yahboomcar_laser\n'}
[10.293905] (yahboomcar_laser) StdoutLine: {'line': b'Installing laser_Warning script to /root/yahboomcar_ws/install/yahboomcar_laser/lib/yahboomcar_laser\n'}
[10.294820] (yahboomcar_laser) StdoutLine: {'line': b"writing list of installed files to '/root/yahboomcar_ws/build/yahboomcar_laser/install.log'\n"}
[10.295260] (yahboomcar_mediapipe) StdoutLine: {'line': b'writing ../../build/yahboomcar_mediapipe/yahboomcar_mediapipe.egg-info/PKG-INFO\n'}
[10.296218] (yahboomcar_mediapipe) StdoutLine: {'line': b'writing dependency_links to ../../build/yahboomcar_mediapipe/yahboomcar_mediapipe.egg-info/dependency_links.txt\n'}
[10.297078] (yahboomcar_mediapipe) StdoutLine: {'line': b'writing entry points to ../../build/yahboomcar_mediapipe/yahboomcar_mediapipe.egg-info/entry_points.txt\n'}
[10.297923] (yahboomcar_mediapipe) StdoutLine: {'line': b'writing requirements to ../../build/yahboomcar_mediapipe/yahboomcar_mediapipe.egg-info/requires.txt\n'}
[10.298890] (yahboomcar_mediapipe) StdoutLine: {'line': b'writing top-level names to ../../build/yahboomcar_mediapipe/yahboomcar_mediapipe.egg-info/top_level.txt\n'}
[10.305457] (yahboomcar_mediapipe) StdoutLine: {'line': b"reading manifest file '../../build/yahboomcar_mediapipe/yahboomcar_mediapipe.egg-info/SOURCES.txt'\n"}
[10.309734] (yahboomcar_mediapipe) StdoutLine: {'line': b"writing manifest file '../../build/yahboomcar_mediapipe/yahboomcar_mediapipe.egg-info/SOURCES.txt'\n"}
[10.310411] (yahboomcar_mediapipe) StdoutLine: {'line': b'running build\n'}
[10.310733] (yahboomcar_mediapipe) StdoutLine: {'line': b'running build_py\n'}
[10.312726] (yahboomcar_mediapipe) StdoutLine: {'line': b'copying yahboomcar_mediapipe/control_shape.py -> /root/yahboomcar_ws/build/yahboomcar_mediapipe/build/lib/yahboomcar_mediapipe\n'}
[10.314187] (yahboomcar_mediapipe) StdoutLine: {'line': b'running install\n'}
[10.314810] (yahboomcar_mediapipe) StderrLine: {'line': b'/usr/lib/python3/dist-packages/setuptools/command/install.py:34: SetuptoolsDeprecationWarning: setup.py install is deprecated. Use build and pip and other standards-based tools.\n'}
[10.315024] (yahboomcar_mediapipe) StderrLine: {'line': b'  warnings.warn(\n'}
[10.315951] (yahboomcar_mediapipe) StdoutLine: {'line': b'running install_lib\n'}
[10.320247] (yahboomcar_mediapipe) StdoutLine: {'line': b'copying /root/yahboomcar_ws/build/yahboomcar_mediapipe/build/lib/yahboomcar_mediapipe/control_shape.py -> /root/yahboomcar_ws/install/yahboomcar_mediapipe/lib/python3.10/site-packages/yahboomcar_mediapipe\n'}
[10.323857] (yahboomcar_mediapipe) StdoutLine: {'line': b'byte-compiling /root/yahboomcar_ws/install/yahboomcar_mediapipe/lib/python3.10/site-packages/yahboomcar_mediapipe/control_shape.py to control_shape.cpython-310.pyc\n'}
[10.327161] (yahboomcar_mediapipe) StdoutLine: {'line': b'running install_data\n'}
[10.329859] (yahboomcar_mediapipe) StdoutLine: {'line': b'running install_egg_info\n'}
[10.335427] (yahboomcar_mediapipe) StdoutLine: {'line': b"removing '/root/yahboomcar_ws/install/yahboomcar_mediapipe/lib/python3.10/site-packages/yahboomcar_mediapipe-0.0.0-py3.10.egg-info' (and everything under it)\n"}
[10.336639] (yahboomcar_mediapipe) StdoutLine: {'line': b'Copying ../../build/yahboomcar_mediapipe/yahboomcar_mediapipe.egg-info to /root/yahboomcar_ws/install/yahboomcar_mediapipe/lib/python3.10/site-packages/yahboomcar_mediapipe-0.0.0-py3.10.egg-info\n'}
[10.336916] (-) TimerEvent: {}
[10.339400] (yahboomcar_mediapipe) StdoutLine: {'line': b'running install_scripts\n'}
[10.394487] (yahboomcar_mediapipe) StdoutLine: {'line': b'Installing 01_HandDetector script to /root/yahboomcar_ws/install/yahboomcar_mediapipe/lib/yahboomcar_mediapipe\n'}
[10.395889] (yahboomcar_mediapipe) StdoutLine: {'line': b'Installing 02_PoseDetector script to /root/yahboomcar_ws/install/yahboomcar_mediapipe/lib/yahboomcar_mediapipe\n'}
[10.396621] (yahboomcar_mediapipe) StdoutLine: {'line': b'Installing 03_Holistic script to /root/yahboomcar_ws/install/yahboomcar_mediapipe/lib/yahboomcar_mediapipe\n'}
[10.397578] (yahboomcar_mediapipe) StdoutLine: {'line': b'Installing 04_FaceMesh script to /root/yahboomcar_ws/install/yahboomcar_mediapipe/lib/yahboomcar_mediapipe\n'}
[10.398172] (yahboomcar_mediapipe) StdoutLine: {'line': b'Installing 05_FaceEyeDetection script to /root/yahboomcar_ws/install/yahboomcar_mediapipe/lib/yahboomcar_mediapipe\n'}
[10.398892] (yahboomcar_mediapipe) StdoutLine: {'line': b'Installing FingerCtrl script to /root/yahboomcar_ws/install/yahboomcar_mediapipe/lib/yahboomcar_mediapipe\n'}
[10.399606] (yahboomcar_mediapipe) StdoutLine: {'line': b'Installing HandCtrl script to /root/yahboomcar_ws/install/yahboomcar_mediapipe/lib/yahboomcar_mediapipe\n'}
[10.400564] (yahboomcar_mediapipe) StdoutLine: {'line': b'Installing RobotCtrl script to /root/yahboomcar_ws/install/yahboomcar_mediapipe/lib/yahboomcar_mediapipe\n'}
[10.401185] (yahboomcar_mediapipe) StdoutLine: {'line': b'Installing control_shape script to /root/yahboomcar_ws/install/yahboomcar_mediapipe/lib/yahboomcar_mediapipe\n'}
[10.401754] (yahboomcar_mediapipe) StdoutLine: {'line': b'Installing test_msg script to /root/yahboomcar_ws/install/yahboomcar_mediapipe/lib/yahboomcar_mediapipe\n'}
[10.403055] (yahboomcar_mediapipe) StdoutLine: {'line': b"writing list of installed files to '/root/yahboomcar_ws/build/yahboomcar_mediapipe/install.log'\n"}
[10.424324] (yahboomcar_msgs) StdoutLine: {'line': b'[ 90%] Built target yahboomcar_msgs__rosidl_generator_py\n'}
[10.437143] (-) TimerEvent: {}
[10.529551] (yahboomcar_msgs) StdoutLine: {'line': b'[ 93%] Built target yahboomcar_msgs__rosidl_typesupport_fastrtps_c__pyext\n'}
[10.532129] (yahboomcar_msgs) StdoutLine: {'line': b'[ 96%] Built target yahboomcar_msgs__rosidl_typesupport_introspection_c__pyext\n'}
[10.536831] (yahboomcar_msgs) StdoutLine: {'line': b'[100%] Built target yahboomcar_msgs__rosidl_typesupport_c__pyext\n'}
[10.537095] (-) TimerEvent: {}
[10.618886] (yahboomcar_msgs) StdoutLine: {'line': b'running egg_info\n'}
[10.619233] (yahboomcar_msgs) StdoutLine: {'line': b'writing yahboomcar_msgs.egg-info/PKG-INFO\n'}
[10.619548] (yahboomcar_msgs) StdoutLine: {'line': b'writing dependency_links to yahboomcar_msgs.egg-info/dependency_links.txt\n'}
[10.620130] (yahboomcar_msgs) StdoutLine: {'line': b'writing top-level names to yahboomcar_msgs.egg-info/top_level.txt\n'}
[10.623829] (yahboomcar_msgs) StdoutLine: {'line': b"reading manifest file 'yahboomcar_msgs.egg-info/SOURCES.txt'\n"}
[10.625040] (yahboomcar_msgs) StdoutLine: {'line': b"writing manifest file 'yahboomcar_msgs.egg-info/SOURCES.txt'\n"}
[10.637197] (-) TimerEvent: {}
[10.669948] (yahboomcar_laser) CommandEnded: {'returncode': 0}
[10.699890] (yahboomcar_msgs) StdoutLine: {'line': b'[100%] Built target ament_cmake_python_build_yahboomcar_msgs_egg\n'}
[10.737706] (-) TimerEvent: {}
[10.741828] (yahboomcar_laser) JobEnded: {'identifier': 'yahboomcar_laser', 'rc': 0}
[10.743119] (yahboomcar_mediapipe) CommandEnded: {'returncode': 0}
[10.804537] (yahboomcar_mediapipe) JobEnded: {'identifier': 'yahboomcar_mediapipe', 'rc': 0}
[10.806752] (yahboomcar_visual) JobStarted: {'identifier': 'yahboomcar_visual'}
[10.837893] (-) TimerEvent: {}
[10.938572] (-) TimerEvent: {}
[10.950596] (yahboomcar_msgs) CommandEnded: {'returncode': 0}
[11.038707] (-) TimerEvent: {}
[11.139308] (-) TimerEvent: {}
[11.240077] (-) TimerEvent: {}
[11.340512] (-) TimerEvent: {}
[11.441087] (-) TimerEvent: {}
[11.541576] (-) TimerEvent: {}
[11.546188] (yahboomcar_msgs) JobProgress: {'identifier': 'yahboomcar_msgs', 'progress': 'install'}
[11.546677] (yahboomcar_msgs) Command: {'cmd': ['/usr/bin/cmake', '--install', '/root/yahboomcar_ws/build/yahboomcar_msgs'], 'cwd': '/root/yahboomcar_ws/build/yahboomcar_msgs', 'env': OrderedDict([('HOSTNAME', 'raspberrypi'), ('SHLVL', '1'), ('LD_LIBRARY_PATH', '/root/imu_ws/install/rviz_imu_plugin/lib:/root/imu_ws/install/imu_filter_madgwick/lib:/root/imu_ws/install/imu_complementary_filter/lib:/root/yahboomcar_ws/install/yahboomcar_msgs/lib:/root/yahboomcar_ws/install/yahboom_web_savmap_interfaces/lib:/root/yahboomcar_ws/install/robot_localization/lib:/root/gmapping_ws/install/openslam_gmapping/lib:/opt/ros/humble/opt/rviz_ogre_vendor/lib:/opt/ros/humble/lib/aarch64-linux-gnu:/opt/ros/humble/lib'), ('HOME', '/root'), ('OLDPWD', '/root'), ('ROS_PYTHON_VERSION', '3'), ('LC_CTYPE', 'C.UTF-8'), ('COLCON_PREFIX_PATH', '/root/yahboomcar_ws/install:/root/gmapping_ws/install:/root/imu_ws/install'), ('ROS_DISTRO', 'humble'), ('_', '/usr/bin/colcon'), ('ROS_VERSION', '2'), ('TERM', 'xterm'), ('ROS_LOCALHOST_ONLY', '0'), ('QT_X11_NO_MITSHM', '1'), ('PATH', '/opt/ros/humble/bin:/usr/local/sbin:/usr/local/bin:/usr/sbin:/usr/bin:/sbin:/bin'), ('DISPLAY', ':0'), ('LS_COLORS', 'rs=0:di=01;34:ln=01;36:mh=00:pi=40;33:so=01;35:do=01;35:bd=40;33;01:cd=40;33;01:or=40;31;01:mi=00:su=37;41:sg=30;43:ca=30;41:tw=30;42:ow=34;42:st=37;44:ex=01;32:*.tar=01;31:*.tgz=01;31:*.arc=01;31:*.arj=01;31:*.taz=01;31:*.lha=01;31:*.lz4=01;31:*.lzh=01;31:*.lzma=01;31:*.tlz=01;31:*.txz=01;31:*.tzo=01;31:*.t7z=01;31:*.zip=01;31:*.z=01;31:*.dz=01;31:*.gz=01;31:*.lrz=01;31:*.lz=01;31:*.lzo=01;31:*.xz=01;31:*.zst=01;31:*.tzst=01;31:*.bz2=01;31:*.bz=01;31:*.tbz=01;31:*.tbz2=01;31:*.tz=01;31:*.deb=01;31:*.rpm=01;31:*.jar=01;31:*.war=01;31:*.ear=01;31:*.sar=01;31:*.rar=01;31:*.alz=01;31:*.ace=01;31:*.zoo=01;31:*.cpio=01;31:*.7z=01;31:*.rz=01;31:*.cab=01;31:*.wim=01;31:*.swm=01;31:*.dwm=01;31:*.esd=01;31:*.jpg=01;35:*.jpeg=01;35:*.mjpg=01;35:*.mjpeg=01;35:*.gif=01;35:*.bmp=01;35:*.pbm=01;35:*.pgm=01;35:*.ppm=01;35:*.tga=01;35:*.xbm=01;35:*.xpm=01;35:*.tif=01;35:*.tiff=01;35:*.png=01;35:*.svg=01;35:*.svgz=01;35:*.mng=01;35:*.pcx=01;35:*.mov=01;35:*.mpg=01;35:*.mpeg=01;35:*.m2v=01;35:*.mkv=01;35:*.webm=01;35:*.webp=01;35:*.ogm=01;35:*.mp4=01;35:*.m4v=01;35:*.mp4v=01;35:*.vob=01;35:*.qt=01;35:*.nuv=01;35:*.wmv=01;35:*.asf=01;35:*.rm=01;35:*.rmvb=01;35:*.flc=01;35:*.avi=01;35:*.fli=01;35:*.flv=01;35:*.gl=01;35:*.dl=01;35:*.xcf=01;35:*.xwd=01;35:*.yuv=01;35:*.cgm=01;35:*.emf=01;35:*.ogv=01;35:*.ogx=01;35:*.aac=00;36:*.au=00;36:*.flac=00;36:*.m4a=00;36:*.mid=00;36:*.midi=00;36:*.mka=00;36:*.mp3=00;36:*.mpc=00;36:*.ogg=00;36:*.ra=00;36:*.wav=00;36:*.oga=00;36:*.opus=00;36:*.spx=00;36:*.xspf=00;36:'), ('ROS_DOMAIN_ID', '30'), ('AMENT_PREFIX_PATH', '/root/imu_ws/install/imu_tools:/root/imu_ws/install/rviz_imu_plugin:/root/imu_ws/install/imu_filter_madgwick:/root/imu_ws/install/imu_complementary_filter:/root/yahboomcar_ws/install/yahboomcar_visual:/root/yahboomcar_ws/install/yahboomcar_nav:/root/yahboomcar_ws/install/yahboomcar_msgs:/root/yahboomcar_ws/install/yahboomcar_mediapipe:/root/yahboomcar_ws/install/yahboomcar_laser:/root/yahboomcar_ws/install/yahboomcar_description:/root/yahboomcar_ws/install/yahboomcar_ctrl:/root/yahboomcar_ws/install/yahboomcar_bringup:/root/yahboomcar_ws/install/yahboomcar_base_node:/root/yahboomcar_ws/install/yahboomcar_astra:/root/yahboomcar_ws/install/yahboom_web_savmap_interfaces:/root/yahboomcar_ws/install/yahboom_app_save_map:/root/yahboomcar_ws/install/robot_pose_publisher_ros2:/root/yahboomcar_ws/install/robot_localization:/root/yahboomcar_ws/install/laserscan_to_point_publisher:/root/gmapping_ws/install/slam_gmapping:/root/gmapping_ws/install/openslam_gmapping:/opt/ros/humble'), ('PWD', '/root/yahboomcar_ws/build/yahboomcar_msgs'), ('PYTHONPATH', '/root/yahboomcar_ws/install/yahboomcar_visual/lib/python3.10/site-packages:/root/yahboomcar_ws/install/yahboomcar_nav/lib/python3.10/site-packages:/root/yahboomcar_ws/install/yahboomcar_msgs/local/lib/python3.10/dist-packages:/root/yahboomcar_ws/install/yahboomcar_mediapipe/lib/python3.10/site-packages:/root/yahboomcar_ws/install/yahboomcar_laser/lib/python3.10/site-packages:/root/yahboomcar_ws/install/yahboomcar_description/lib/python3.10/site-packages:/root/yahboomcar_ws/install/yahboomcar_ctrl/lib/python3.10/site-packages:/root/yahboomcar_ws/install/yahboomcar_bringup/lib/python3.10/site-packages:/root/yahboomcar_ws/install/yahboomcar_astra/lib/python3.10/site-packages:/root/yahboomcar_ws/install/yahboom_web_savmap_interfaces/local/lib/python3.10/dist-packages:/root/yahboomcar_ws/install/yahboom_app_save_map/lib/python3.10/site-packages:/root/yahboomcar_ws/install/robot_localization/local/lib/python3.10/dist-packages:/root/yahboomcar_ws/install/laserscan_to_point_publisher/lib/python3.10/site-packages:/opt/ros/humble/lib/python3.10/site-packages:/opt/ros/humble/local/lib/python3.10/dist-packages'), ('COLCON', '1'), ('CMAKE_PREFIX_PATH', '/root/imu_ws/install/imu_tools:/root/imu_ws/install/rviz_imu_plugin:/root/imu_ws/install/imu_filter_madgwick:/root/imu_ws/install/imu_complementary_filter:/root/yahboomcar_ws/install/yahboomcar_msgs:/root/yahboomcar_ws/install/yahboomcar_base_node:/root/yahboomcar_ws/install/yahboom_web_savmap_interfaces:/root/yahboomcar_ws/install/robot_pose_publisher_ros2:/root/yahboomcar_ws/install/robot_localization:/root/gmapping_ws/install/slam_gmapping:/root/gmapping_ws/install/openslam_gmapping:/root/yahboomcar_ws/install/yahboomcar_visual:/root/yahboomcar_ws/install/yahboomcar_nav:/root/yahboomcar_ws/install/yahboomcar_mediapipe:/root/yahboomcar_ws/install/yahboomcar_laser:/root/yahboomcar_ws/install/yahboomcar_description:/root/yahboomcar_ws/install/yahboomcar_ctrl:/root/yahboomcar_ws/install/yahboomcar_bringup:/root/yahboomcar_ws/install/yahboomcar_astra:/root/yahboomcar_ws/install/yahboom_app_save_map:/root/yahboomcar_ws/install/laserscan_to_point_publisher:/opt/ros/humble')]), 'shell': False}
[11.549195] (yahboomcar_nav) Command: {'cmd': ['/usr/bin/python3', 'setup.py', 'egg_info', '--egg-base', '../../build/yahboomcar_nav', 'build', '--build-base', '/root/yahboomcar_ws/build/yahboomcar_nav/build', 'install', '--record', '/root/yahboomcar_ws/build/yahboomcar_nav/install.log', '--single-version-externally-managed'], 'cwd': '/root/yahboomcar_ws/src/yahboomcar_nav', 'env': {'HOSTNAME': 'raspberrypi', 'SHLVL': '1', 'LD_LIBRARY_PATH': '/root/imu_ws/install/rviz_imu_plugin/lib:/root/imu_ws/install/imu_filter_madgwick/lib:/root/imu_ws/install/imu_complementary_filter/lib:/root/yahboomcar_ws/install/yahboomcar_msgs/lib:/root/yahboomcar_ws/install/yahboom_web_savmap_interfaces/lib:/root/yahboomcar_ws/install/robot_localization/lib:/root/gmapping_ws/install/openslam_gmapping/lib:/opt/ros/humble/opt/rviz_ogre_vendor/lib:/opt/ros/humble/lib/aarch64-linux-gnu:/opt/ros/humble/lib', 'HOME': '/root', 'OLDPWD': '/root', 'ROS_PYTHON_VERSION': '3', 'LC_CTYPE': 'C.UTF-8', 'COLCON_PREFIX_PATH': '/root/yahboomcar_ws/install:/root/gmapping_ws/install:/root/imu_ws/install', 'ROS_DISTRO': 'humble', '_': '/usr/bin/colcon', 'ROS_VERSION': '2', 'TERM': 'xterm', 'ROS_LOCALHOST_ONLY': '0', 'QT_X11_NO_MITSHM': '1', 'PATH': '/opt/ros/humble/bin:/usr/local/sbin:/usr/local/bin:/usr/sbin:/usr/bin:/sbin:/bin', 'DISPLAY': ':0', 'LS_COLORS': 'rs=0:di=01;34:ln=01;36:mh=00:pi=40;33:so=01;35:do=01;35:bd=40;33;01:cd=40;33;01:or=40;31;01:mi=00:su=37;41:sg=30;43:ca=30;41:tw=30;42:ow=34;42:st=37;44:ex=01;32:*.tar=01;31:*.tgz=01;31:*.arc=01;31:*.arj=01;31:*.taz=01;31:*.lha=01;31:*.lz4=01;31:*.lzh=01;31:*.lzma=01;31:*.tlz=01;31:*.txz=01;31:*.tzo=01;31:*.t7z=01;31:*.zip=01;31:*.z=01;31:*.dz=01;31:*.gz=01;31:*.lrz=01;31:*.lz=01;31:*.lzo=01;31:*.xz=01;31:*.zst=01;31:*.tzst=01;31:*.bz2=01;31:*.bz=01;31:*.tbz=01;31:*.tbz2=01;31:*.tz=01;31:*.deb=01;31:*.rpm=01;31:*.jar=01;31:*.war=01;31:*.ear=01;31:*.sar=01;31:*.rar=01;31:*.alz=01;31:*.ace=01;31:*.zoo=01;31:*.cpio=01;31:*.7z=01;31:*.rz=01;31:*.cab=01;31:*.wim=01;31:*.swm=01;31:*.dwm=01;31:*.esd=01;31:*.jpg=01;35:*.jpeg=01;35:*.mjpg=01;35:*.mjpeg=01;35:*.gif=01;35:*.bmp=01;35:*.pbm=01;35:*.pgm=01;35:*.ppm=01;35:*.tga=01;35:*.xbm=01;35:*.xpm=01;35:*.tif=01;35:*.tiff=01;35:*.png=01;35:*.svg=01;35:*.svgz=01;35:*.mng=01;35:*.pcx=01;35:*.mov=01;35:*.mpg=01;35:*.mpeg=01;35:*.m2v=01;35:*.mkv=01;35:*.webm=01;35:*.webp=01;35:*.ogm=01;35:*.mp4=01;35:*.m4v=01;35:*.mp4v=01;35:*.vob=01;35:*.qt=01;35:*.nuv=01;35:*.wmv=01;35:*.asf=01;35:*.rm=01;35:*.rmvb=01;35:*.flc=01;35:*.avi=01;35:*.fli=01;35:*.flv=01;35:*.gl=01;35:*.dl=01;35:*.xcf=01;35:*.xwd=01;35:*.yuv=01;35:*.cgm=01;35:*.emf=01;35:*.ogv=01;35:*.ogx=01;35:*.aac=00;36:*.au=00;36:*.flac=00;36:*.m4a=00;36:*.mid=00;36:*.midi=00;36:*.mka=00;36:*.mp3=00;36:*.mpc=00;36:*.ogg=00;36:*.ra=00;36:*.wav=00;36:*.oga=00;36:*.opus=00;36:*.spx=00;36:*.xspf=00;36:', 'ROS_DOMAIN_ID': '30', 'AMENT_PREFIX_PATH': '/root/imu_ws/install/imu_tools:/root/imu_ws/install/rviz_imu_plugin:/root/imu_ws/install/imu_filter_madgwick:/root/imu_ws/install/imu_complementary_filter:/root/yahboomcar_ws/install/yahboomcar_visual:/root/yahboomcar_ws/install/yahboomcar_nav:/root/yahboomcar_ws/install/yahboomcar_msgs:/root/yahboomcar_ws/install/yahboomcar_mediapipe:/root/yahboomcar_ws/install/yahboomcar_laser:/root/yahboomcar_ws/install/yahboomcar_description:/root/yahboomcar_ws/install/yahboomcar_ctrl:/root/yahboomcar_ws/install/yahboomcar_bringup:/root/yahboomcar_ws/install/yahboomcar_base_node:/root/yahboomcar_ws/install/yahboomcar_astra:/root/yahboomcar_ws/install/yahboom_web_savmap_interfaces:/root/yahboomcar_ws/install/yahboom_app_save_map:/root/yahboomcar_ws/install/robot_pose_publisher_ros2:/root/yahboomcar_ws/install/robot_localization:/root/yahboomcar_ws/install/laserscan_to_point_publisher:/root/gmapping_ws/install/slam_gmapping:/root/gmapping_ws/install/openslam_gmapping:/opt/ros/humble', 'PWD': '/root/yahboomcar_ws/build/yahboomcar_nav', 'PYTHONPATH': '/root/yahboomcar_ws/build/yahboomcar_nav/prefix_override:/root/yahboomcar_ws/install/yahboomcar_nav/lib/python3.10/site-packages:/root/yahboomcar_ws/install/yahboomcar_visual/lib/python3.10/site-packages:/root/yahboomcar_ws/install/yahboomcar_nav/lib/python3.10/site-packages:/root/yahboomcar_ws/install/yahboomcar_msgs/local/lib/python3.10/dist-packages:/root/yahboomcar_ws/install/yahboomcar_mediapipe/lib/python3.10/site-packages:/root/yahboomcar_ws/install/yahboomcar_laser/lib/python3.10/site-packages:/root/yahboomcar_ws/install/yahboomcar_description/lib/python3.10/site-packages:/root/yahboomcar_ws/install/yahboomcar_ctrl/lib/python3.10/site-packages:/root/yahboomcar_ws/install/yahboomcar_bringup/lib/python3.10/site-packages:/root/yahboomcar_ws/install/yahboomcar_astra/lib/python3.10/site-packages:/root/yahboomcar_ws/install/yahboom_web_savmap_interfaces/local/lib/python3.10/dist-packages:/root/yahboomcar_ws/install/yahboom_app_save_map/lib/python3.10/site-packages:/root/yahboomcar_ws/install/robot_localization/local/lib/python3.10/dist-packages:/root/yahboomcar_ws/install/laserscan_to_point_publisher/lib/python3.10/site-packages:/opt/ros/humble/lib/python3.10/site-packages:/opt/ros/humble/local/lib/python3.10/dist-packages', 'COLCON': '1', 'CMAKE_PREFIX_PATH': '/root/imu_ws/install/imu_tools:/root/imu_ws/install/rviz_imu_plugin:/root/imu_ws/install/imu_filter_madgwick:/root/imu_ws/install/imu_complementary_filter:/root/yahboomcar_ws/install/yahboomcar_msgs:/root/yahboomcar_ws/install/yahboomcar_base_node:/root/yahboomcar_ws/install/yahboom_web_savmap_interfaces:/root/yahboomcar_ws/install/robot_pose_publisher_ros2:/root/yahboomcar_ws/install/robot_localization:/root/gmapping_ws/install/slam_gmapping:/root/gmapping_ws/install/openslam_gmapping'}, 'shell': False}
[11.564232] (yahboomcar_msgs) StdoutLine: {'line': b'-- Install configuration: ""\n'}
[11.564674] (yahboomcar_msgs) StdoutLine: {'line': b'-- Up-to-date: /root/yahboomcar_ws/install/yahboomcar_msgs/share/ament_index/resource_index/rosidl_interfaces/yahboomcar_msgs\n'}
[11.565021] (yahboomcar_msgs) StdoutLine: {'line': b'-- Up-to-date: /root/yahboomcar_ws/install/yahboomcar_msgs/include/yahboomcar_msgs/yahboomcar_msgs\n'}
[11.565293] (yahboomcar_msgs) StdoutLine: {'line': b'-- Up-to-date: /root/yahboomcar_ws/install/yahboomcar_msgs/include/yahboomcar_msgs/yahboomcar_msgs/msg\n'}
[11.565516] (yahboomcar_msgs) StdoutLine: {'line': b'-- Up-to-date: /root/yahboomcar_ws/install/yahboomcar_msgs/include/yahboomcar_msgs/yahboomcar_msgs/msg/image_msg.h\n'}
[11.565731] (yahboomcar_msgs) StdoutLine: {'line': b'-- Up-to-date: /root/yahboomcar_ws/install/yahboomcar_msgs/include/yahboomcar_msgs/yahboomcar_msgs/msg/rosidl_generator_c__visibility_control.h\n'}
[11.565934] (yahboomcar_msgs) StdoutLine: {'line': b'-- Up-to-date: /root/yahboomcar_ws/install/yahboomcar_msgs/include/yahboomcar_msgs/yahboomcar_msgs/msg/target.h\n'}
[11.566107] (yahboomcar_msgs) StdoutLine: {'line': b'-- Up-to-date: /root/yahboomcar_ws/install/yahboomcar_msgs/include/yahboomcar_msgs/yahboomcar_msgs/msg/point_array.h\n'}
[11.566280] (yahboomcar_msgs) StdoutLine: {'line': b'-- Up-to-date: /root/yahboomcar_ws/install/yahboomcar_msgs/include/yahboomcar_msgs/yahboomcar_msgs/msg/detail\n'}
[11.566496] (yahboomcar_msgs) StdoutLine: {'line': b'-- Up-to-date: /root/yahboomcar_ws/install/yahboomcar_msgs/include/yahboomcar_msgs/yahboomcar_msgs/msg/detail/point_array__struct.h\n'}
[11.566666] (yahboomcar_msgs) StdoutLine: {'line': b'-- Up-to-date: /root/yahboomcar_ws/install/yahboomcar_msgs/include/yahboomcar_msgs/yahboomcar_msgs/msg/detail/image_msg__functions.c\n'}
[11.566840] (yahboomcar_msgs) StdoutLine: {'line': b'-- Up-to-date: /root/yahboomcar_ws/install/yahboomcar_msgs/include/yahboomcar_msgs/yahboomcar_msgs/msg/detail/image_msg__functions.h\n'}
[11.567014] (yahboomcar_msgs) StdoutLine: {'line': b'-- Up-to-date: /root/yahboomcar_ws/install/yahboomcar_msgs/include/yahboomcar_msgs/yahboomcar_msgs/msg/detail/image_msg__struct.h\n'}
[11.567199] (yahboomcar_msgs) StdoutLine: {'line': b'-- Up-to-date: /root/yahboomcar_ws/install/yahboomcar_msgs/include/yahboomcar_msgs/yahboomcar_msgs/msg/detail/target_array__functions.h\n'}
[11.567377] (yahboomcar_msgs) StdoutLine: {'line': b'-- Up-to-date: /root/yahboomcar_ws/install/yahboomcar_msgs/include/yahboomcar_msgs/yahboomcar_msgs/msg/detail/position__struct.h\n'}
[11.567564] (yahboomcar_msgs) StdoutLine: {'line': b'-- Up-to-date: /root/yahboomcar_ws/install/yahboomcar_msgs/include/yahboomcar_msgs/yahboomcar_msgs/msg/detail/target__type_support.h\n'}
[11.567741] (yahboomcar_msgs) StdoutLine: {'line': b'-- Up-to-date: /root/yahboomcar_ws/install/yahboomcar_msgs/include/yahboomcar_msgs/yahboomcar_msgs/msg/detail/point_array__functions.c\n'}
[11.571530] (yahboomcar_msgs) StdoutLine: {'line': b'-- Up-to-date: /root/yahboomcar_ws/install/yahboomcar_msgs/include/yahboomcar_msgs/yahboomcar_msgs/msg/detail/target_array__type_support.h\n'}
[11.571950] (yahboomcar_msgs) StdoutLine: {'line': b'-- Up-to-date: /root/yahboomcar_ws/install/yahboomcar_msgs/include/yahboomcar_msgs/yahboomcar_msgs/msg/detail/target__struct.h\n'}
[11.572115] (yahboomcar_msgs) StdoutLine: {'line': b'-- Up-to-date: /root/yahboomcar_ws/install/yahboomcar_msgs/include/yahboomcar_msgs/yahboomcar_msgs/msg/detail/position__functions.c\n'}
[11.572227] (yahboomcar_msgs) StdoutLine: {'line': b'-- Up-to-date: /root/yahboomcar_ws/install/yahboomcar_msgs/include/yahboomcar_msgs/yahboomcar_msgs/msg/detail/point_array__type_support.h\n'}
[11.572310] (yahboomcar_msgs) StdoutLine: {'line': b'-- Up-to-date: /root/yahboomcar_ws/install/yahboomcar_msgs/include/yahboomcar_msgs/yahboomcar_msgs/msg/detail/target_array__functions.c\n'}
[11.572385] (yahboomcar_msgs) StdoutLine: {'line': b'-- Up-to-date: /root/yahboomcar_ws/install/yahboomcar_msgs/include/yahboomcar_msgs/yahboomcar_msgs/msg/detail/position__type_support.h\n'}
[11.572471] (yahboomcar_msgs) StdoutLine: {'line': b'-- Up-to-date: /root/yahboomcar_ws/install/yahboomcar_msgs/include/yahboomcar_msgs/yahboomcar_msgs/msg/detail/point_array__functions.h\n'}
[11.572547] (yahboomcar_msgs) StdoutLine: {'line': b'-- Up-to-date: /root/yahboomcar_ws/install/yahboomcar_msgs/include/yahboomcar_msgs/yahboomcar_msgs/msg/detail/image_msg__type_support.h\n'}
[11.572626] (yahboomcar_msgs) StdoutLine: {'line': b'-- Up-to-date: /root/yahboomcar_ws/install/yahboomcar_msgs/include/yahboomcar_msgs/yahboomcar_msgs/msg/detail/target_array__struct.h\n'}
[11.572710] (yahboomcar_msgs) StdoutLine: {'line': b'-- Up-to-date: /root/yahboomcar_ws/install/yahboomcar_msgs/include/yahboomcar_msgs/yahboomcar_msgs/msg/detail/target__functions.h\n'}
[11.572784] (yahboomcar_msgs) StdoutLine: {'line': b'-- Up-to-date: /root/yahboomcar_ws/install/yahboomcar_msgs/include/yahboomcar_msgs/yahboomcar_msgs/msg/detail/position__functions.h\n'}
[11.572853] (yahboomcar_msgs) StdoutLine: {'line': b'-- Up-to-date: /root/yahboomcar_ws/install/yahboomcar_msgs/include/yahboomcar_msgs/yahboomcar_msgs/msg/detail/target__functions.c\n'}
[11.572925] (yahboomcar_msgs) StdoutLine: {'line': b'-- Up-to-date: /root/yahboomcar_ws/install/yahboomcar_msgs/include/yahboomcar_msgs/yahboomcar_msgs/msg/position.h\n'}
[11.573012] (yahboomcar_msgs) StdoutLine: {'line': b'-- Up-to-date: /root/yahboomcar_ws/install/yahboomcar_msgs/include/yahboomcar_msgs/yahboomcar_msgs/msg/target_array.h\n'}
[11.573095] (yahboomcar_msgs) StdoutLine: {'line': b'-- Up-to-date: /root/yahboomcar_ws/install/yahboomcar_msgs/share/yahboomcar_msgs/environment/library_path.sh\n'}
[11.573225] (yahboomcar_msgs) StdoutLine: {'line': b'-- Up-to-date: /root/yahboomcar_ws/install/yahboomcar_msgs/share/yahboomcar_msgs/environment/library_path.dsv\n'}
[11.573349] (yahboomcar_msgs) StdoutLine: {'line': b'-- Up-to-date: /root/yahboomcar_ws/install/yahboomcar_msgs/lib/libyahboomcar_msgs__rosidl_generator_c.so\n'}
[11.573441] (yahboomcar_msgs) StdoutLine: {'line': b'-- Up-to-date: /root/yahboomcar_ws/install/yahboomcar_msgs/include/yahboomcar_msgs/yahboomcar_msgs\n'}
[11.573522] (yahboomcar_msgs) StdoutLine: {'line': b'-- Up-to-date: /root/yahboomcar_ws/install/yahboomcar_msgs/include/yahboomcar_msgs/yahboomcar_msgs/msg\n'}
[11.573602] (yahboomcar_msgs) StdoutLine: {'line': b'-- Up-to-date: /root/yahboomcar_ws/install/yahboomcar_msgs/include/yahboomcar_msgs/yahboomcar_msgs/msg/detail\n'}
[11.573680] (yahboomcar_msgs) StdoutLine: {'line': b'-- Up-to-date: /root/yahboomcar_ws/install/yahboomcar_msgs/include/yahboomcar_msgs/yahboomcar_msgs/msg/detail/point_array__rosidl_typesupport_fastrtps_c.h\n'}
[11.573762] (yahboomcar_msgs) StdoutLine: {'line': b'-- Up-to-date: /root/yahboomcar_ws/install/yahboomcar_msgs/include/yahboomcar_msgs/yahboomcar_msgs/msg/detail/target_array__rosidl_typesupport_fastrtps_c.h\n'}
[11.573854] (yahboomcar_msgs) StdoutLine: {'line': b'-- Up-to-date: /root/yahboomcar_ws/install/yahboomcar_msgs/include/yahboomcar_msgs/yahboomcar_msgs/msg/detail/position__rosidl_typesupport_fastrtps_c.h\n'}
[11.573965] (yahboomcar_msgs) StdoutLine: {'line': b'-- Up-to-date: /root/yahboomcar_ws/install/yahboomcar_msgs/include/yahboomcar_msgs/yahboomcar_msgs/msg/detail/image_msg__rosidl_typesupport_fastrtps_c.h\n'}
[11.574057] (yahboomcar_msgs) StdoutLine: {'line': b'-- Up-to-date: /root/yahboomcar_ws/install/yahboomcar_msgs/include/yahboomcar_msgs/yahboomcar_msgs/msg/detail/target__rosidl_typesupport_fastrtps_c.h\n'}
[11.574157] (yahboomcar_msgs) StdoutLine: {'line': b'-- Up-to-date: /root/yahboomcar_ws/install/yahboomcar_msgs/include/yahboomcar_msgs/yahboomcar_msgs/msg/rosidl_typesupport_fastrtps_c__visibility_control.h\n'}
[11.574254] (yahboomcar_msgs) StdoutLine: {'line': b'-- Up-to-date: /root/yahboomcar_ws/install/yahboomcar_msgs/lib/libyahboomcar_msgs__rosidl_typesupport_fastrtps_c.so\n'}
[11.574353] (yahboomcar_msgs) StdoutLine: {'line': b'-- Up-to-date: /root/yahboomcar_ws/install/yahboomcar_msgs/include/yahboomcar_msgs/yahboomcar_msgs\n'}
[11.574434] (yahboomcar_msgs) StdoutLine: {'line': b'-- Up-to-date: /root/yahboomcar_ws/install/yahboomcar_msgs/include/yahboomcar_msgs/yahboomcar_msgs/msg\n'}
[11.574500] (yahboomcar_msgs) StdoutLine: {'line': b'-- Up-to-date: /root/yahboomcar_ws/install/yahboomcar_msgs/include/yahboomcar_msgs/yahboomcar_msgs/msg/detail\n'}
[11.574566] (yahboomcar_msgs) StdoutLine: {'line': b'-- Up-to-date: /root/yahboomcar_ws/install/yahboomcar_msgs/include/yahboomcar_msgs/yahboomcar_msgs/msg/detail/target_array__rosidl_typesupport_introspection_c.h\n'}
[11.574640] (yahboomcar_msgs) StdoutLine: {'line': b'-- Up-to-date: /root/yahboomcar_ws/install/yahboomcar_msgs/include/yahboomcar_msgs/yahboomcar_msgs/msg/detail/target_array__type_support.c\n'}
[11.574729] (yahboomcar_msgs) StdoutLine: {'line': b'-- Up-to-date: /root/yahboomcar_ws/install/yahboomcar_msgs/include/yahboomcar_msgs/yahboomcar_msgs/msg/detail/target__rosidl_typesupport_introspection_c.h\n'}
[11.574828] (yahboomcar_msgs) StdoutLine: {'line': b'-- Up-to-date: /root/yahboomcar_ws/install/yahboomcar_msgs/include/yahboomcar_msgs/yahboomcar_msgs/msg/detail/image_msg__type_support.c\n'}
[11.575223] (yahboomcar_msgs) StdoutLine: {'line': b'-- Up-to-date: /root/yahboomcar_ws/install/yahboomcar_msgs/include/yahboomcar_msgs/yahboomcar_msgs/msg/detail/image_msg__rosidl_typesupport_introspection_c.h\n'}
[11.575447] (yahboomcar_msgs) StdoutLine: {'line': b'-- Up-to-date: /root/yahboomcar_ws/install/yahboomcar_msgs/include/yahboomcar_msgs/yahboomcar_msgs/msg/detail/point_array__rosidl_typesupport_introspection_c.h\n'}
[11.575677] (yahboomcar_msgs) StdoutLine: {'line': b'-- Up-to-date: /root/yahboomcar_ws/install/yahboomcar_msgs/include/yahboomcar_msgs/yahboomcar_msgs/msg/detail/position__rosidl_typesupport_introspection_c.h\n'}
[11.575974] (yahboomcar_msgs) StdoutLine: {'line': b'-- Up-to-date: /root/yahboomcar_ws/install/yahboomcar_msgs/include/yahboomcar_msgs/yahboomcar_msgs/msg/detail/target__type_support.c\n'}
[11.576221] (yahboomcar_msgs) StdoutLine: {'line': b'-- Up-to-date: /root/yahboomcar_ws/install/yahboomcar_msgs/include/yahboomcar_msgs/yahboomcar_msgs/msg/detail/position__type_support.c\n'}
[11.576445] (yahboomcar_msgs) StdoutLine: {'line': b'-- Up-to-date: /root/yahboomcar_ws/install/yahboomcar_msgs/include/yahboomcar_msgs/yahboomcar_msgs/msg/detail/point_array__type_support.c\n'}
[11.576699] (yahboomcar_msgs) StdoutLine: {'line': b'-- Up-to-date: /root/yahboomcar_ws/install/yahboomcar_msgs/include/yahboomcar_msgs/yahboomcar_msgs/msg/rosidl_typesupport_introspection_c__visibility_control.h\n'}
[11.577401] (yahboomcar_msgs) StdoutLine: {'line': b'-- Up-to-date: /root/yahboomcar_ws/install/yahboomcar_msgs/lib/libyahboomcar_msgs__rosidl_typesupport_introspection_c.so\n'}
[11.578271] (yahboomcar_msgs) StdoutLine: {'line': b'-- Up-to-date: /root/yahboomcar_ws/install/yahboomcar_msgs/lib/libyahboomcar_msgs__rosidl_typesupport_c.so\n'}
[11.578942] (yahboomcar_msgs) StdoutLine: {'line': b'-- Up-to-date: /root/yahboomcar_ws/install/yahboomcar_msgs/include/yahboomcar_msgs/yahboomcar_msgs\n'}
[11.579616] (yahboomcar_msgs) StdoutLine: {'line': b'-- Up-to-date: /root/yahboomcar_ws/install/yahboomcar_msgs/include/yahboomcar_msgs/yahboomcar_msgs/msg\n'}
[11.580618] (yahboomcar_msgs) StdoutLine: {'line': b'-- Up-to-date: /root/yahboomcar_ws/install/yahboomcar_msgs/include/yahboomcar_msgs/yahboomcar_msgs/msg/point_array.hpp\n'}
[11.581156] (yahboomcar_msgs) StdoutLine: {'line': b'-- Up-to-date: /root/yahboomcar_ws/install/yahboomcar_msgs/include/yahboomcar_msgs/yahboomcar_msgs/msg/detail\n'}
[11.581563] (yahboomcar_msgs) StdoutLine: {'line': b'-- Up-to-date: /root/yahboomcar_ws/install/yahboomcar_msgs/include/yahboomcar_msgs/yahboomcar_msgs/msg/detail/image_msg__traits.hpp\n'}
[11.581832] (yahboomcar_msgs) StdoutLine: {'line': b'-- Up-to-date: /root/yahboomcar_ws/install/yahboomcar_msgs/include/yahboomcar_msgs/yahboomcar_msgs/msg/detail/position__struct.hpp\n'}
[11.582129] (yahboomcar_msgs) StdoutLine: {'line': b'-- Up-to-date: /root/yahboomcar_ws/install/yahboomcar_msgs/include/yahboomcar_msgs/yahboomcar_msgs/msg/detail/point_array__builder.hpp\n'}
[11.582336] (yahboomcar_msgs) StdoutLine: {'line': b'-- Up-to-date: /root/yahboomcar_ws/install/yahboomcar_msgs/include/yahboomcar_msgs/yahboomcar_msgs/msg/detail/target__traits.hpp\n'}
[11.582859] (yahboomcar_msgs) StdoutLine: {'line': b'-- Up-to-date: /root/yahboomcar_ws/install/yahboomcar_msgs/include/yahboomcar_msgs/yahboomcar_msgs/msg/detail/target_array__builder.hpp\n'}
[11.583018] (yahboomcar_msgs) StdoutLine: {'line': b'-- Up-to-date: /root/yahboomcar_ws/install/yahboomcar_msgs/include/yahboomcar_msgs/yahboomcar_msgs/msg/detail/point_array__traits.hpp\n'}
[11.583103] (yahboomcar_msgs) StdoutLine: {'line': b'-- Up-to-date: /root/yahboomcar_ws/install/yahboomcar_msgs/include/yahboomcar_msgs/yahboomcar_msgs/msg/detail/target__builder.hpp\n'}
[11.583175] (yahboomcar_msgs) StdoutLine: {'line': b'-- Up-to-date: /root/yahboomcar_ws/install/yahboomcar_msgs/include/yahboomcar_msgs/yahboomcar_msgs/msg/detail/target_array__traits.hpp\n'}
[11.583242] (yahboomcar_msgs) StdoutLine: {'line': b'-- Up-to-date: /root/yahboomcar_ws/install/yahboomcar_msgs/include/yahboomcar_msgs/yahboomcar_msgs/msg/detail/point_array__struct.hpp\n'}
[11.583306] (yahboomcar_msgs) StdoutLine: {'line': b'-- Up-to-date: /root/yahboomcar_ws/install/yahboomcar_msgs/include/yahboomcar_msgs/yahboomcar_msgs/msg/detail/position__traits.hpp\n'}
[11.583367] (yahboomcar_msgs) StdoutLine: {'line': b'-- Up-to-date: /root/yahboomcar_ws/install/yahboomcar_msgs/include/yahboomcar_msgs/yahboomcar_msgs/msg/detail/position__builder.hpp\n'}
[11.583428] (yahboomcar_msgs) StdoutLine: {'line': b'-- Up-to-date: /root/yahboomcar_ws/install/yahboomcar_msgs/include/yahboomcar_msgs/yahboomcar_msgs/msg/detail/image_msg__builder.hpp\n'}
[11.583599] (yahboomcar_msgs) StdoutLine: {'line': b'-- Up-to-date: /root/yahboomcar_ws/install/yahboomcar_msgs/include/yahboomcar_msgs/yahboomcar_msgs/msg/detail/target__struct.hpp\n'}
[11.583827] (yahboomcar_msgs) StdoutLine: {'line': b'-- Up-to-date: /root/yahboomcar_ws/install/yahboomcar_msgs/include/yahboomcar_msgs/yahboomcar_msgs/msg/detail/target_array__struct.hpp\n'}
[11.584203] (yahboomcar_msgs) StdoutLine: {'line': b'-- Up-to-date: /root/yahboomcar_ws/install/yahboomcar_msgs/include/yahboomcar_msgs/yahboomcar_msgs/msg/detail/image_msg__struct.hpp\n'}
[11.584638] (yahboomcar_msgs) StdoutLine: {'line': b'-- Up-to-date: /root/yahboomcar_ws/install/yahboomcar_msgs/include/yahboomcar_msgs/yahboomcar_msgs/msg/image_msg.hpp\n'}
[11.585005] (yahboomcar_msgs) StdoutLine: {'line': b'-- Up-to-date: /root/yahboomcar_ws/install/yahboomcar_msgs/include/yahboomcar_msgs/yahboomcar_msgs/msg/position.hpp\n'}
[11.586054] (yahboomcar_msgs) StdoutLine: {'line': b'-- Up-to-date: /root/yahboomcar_ws/install/yahboomcar_msgs/include/yahboomcar_msgs/yahboomcar_msgs/msg/target_array.hpp\n'}
[11.586266] (yahboomcar_msgs) StdoutLine: {'line': b'-- Up-to-date: /root/yahboomcar_ws/install/yahboomcar_msgs/include/yahboomcar_msgs/yahboomcar_msgs/msg/target.hpp\n'}
[11.586584] (yahboomcar_msgs) StdoutLine: {'line': b'-- Up-to-date: /root/yahboomcar_ws/install/yahboomcar_msgs/include/yahboomcar_msgs/yahboomcar_msgs\n'}
[11.586800] (yahboomcar_msgs) StdoutLine: {'line': b'-- Up-to-date: /root/yahboomcar_ws/install/yahboomcar_msgs/include/yahboomcar_msgs/yahboomcar_msgs/msg\n'}
[11.587031] (yahboomcar_msgs) StdoutLine: {'line': b'-- Up-to-date: /root/yahboomcar_ws/install/yahboomcar_msgs/include/yahboomcar_msgs/yahboomcar_msgs/msg/rosidl_typesupport_fastrtps_cpp__visibility_control.h\n'}
[11.587125] (yahboomcar_msgs) StdoutLine: {'line': b'-- Up-to-date: /root/yahboomcar_ws/install/yahboomcar_msgs/include/yahboomcar_msgs/yahboomcar_msgs/msg/detail\n'}
[11.587484] (yahboomcar_msgs) StdoutLine: {'line': b'-- Up-to-date: /root/yahboomcar_ws/install/yahboomcar_msgs/include/yahboomcar_msgs/yahboomcar_msgs/msg/detail/target__rosidl_typesupport_fastrtps_cpp.hpp\n'}
[11.587648] (yahboomcar_msgs) StdoutLine: {'line': b'-- Up-to-date: /root/yahboomcar_ws/install/yahboomcar_msgs/include/yahboomcar_msgs/yahboomcar_msgs/msg/detail/point_array__rosidl_typesupport_fastrtps_cpp.hpp\n'}
[11.587722] (yahboomcar_msgs) StdoutLine: {'line': b'-- Up-to-date: /root/yahboomcar_ws/install/yahboomcar_msgs/include/yahboomcar_msgs/yahboomcar_msgs/msg/detail/image_msg__rosidl_typesupport_fastrtps_cpp.hpp\n'}
[11.587790] (yahboomcar_msgs) StdoutLine: {'line': b'-- Up-to-date: /root/yahboomcar_ws/install/yahboomcar_msgs/include/yahboomcar_msgs/yahboomcar_msgs/msg/detail/target_array__rosidl_typesupport_fastrtps_cpp.hpp\n'}
[11.587855] (yahboomcar_msgs) StdoutLine: {'line': b'-- Up-to-date: /root/yahboomcar_ws/install/yahboomcar_msgs/include/yahboomcar_msgs/yahboomcar_msgs/msg/detail/position__rosidl_typesupport_fastrtps_cpp.hpp\n'}
[11.587927] (yahboomcar_msgs) StdoutLine: {'line': b'-- Up-to-date: /root/yahboomcar_ws/install/yahboomcar_msgs/include/yahboomcar_msgs/yahboomcar_msgs/msg/detail/dds_fastrtps\n'}
[11.588453] (yahboomcar_msgs) StdoutLine: {'line': b'-- Up-to-date: /root/yahboomcar_ws/install/yahboomcar_msgs/lib/libyahboomcar_msgs__rosidl_typesupport_fastrtps_cpp.so\n'}
[11.589068] (yahboomcar_msgs) StdoutLine: {'line': b'-- Up-to-date: /root/yahboomcar_ws/install/yahboomcar_msgs/include/yahboomcar_msgs/yahboomcar_msgs\n'}
[11.589236] (yahboomcar_msgs) StdoutLine: {'line': b'-- Up-to-date: /root/yahboomcar_ws/install/yahboomcar_msgs/include/yahboomcar_msgs/yahboomcar_msgs/msg\n'}
[11.589428] (yahboomcar_msgs) StdoutLine: {'line': b'-- Up-to-date: /root/yahboomcar_ws/install/yahboomcar_msgs/include/yahboomcar_msgs/yahboomcar_msgs/msg/detail\n'}
[11.589669] (yahboomcar_msgs) StdoutLine: {'line': b'-- Up-to-date: /root/yahboomcar_ws/install/yahboomcar_msgs/include/yahboomcar_msgs/yahboomcar_msgs/msg/detail/target__type_support.cpp\n'}
[11.589851] (yahboomcar_msgs) StdoutLine: {'line': b'-- Up-to-date: /root/yahboomcar_ws/install/yahboomcar_msgs/include/yahboomcar_msgs/yahboomcar_msgs/msg/detail/target_array__rosidl_typesupport_introspection_cpp.hpp\n'}
[11.590029] (yahboomcar_msgs) StdoutLine: {'line': b'-- Up-to-date: /root/yahboomcar_ws/install/yahboomcar_msgs/include/yahboomcar_msgs/yahboomcar_msgs/msg/detail/target__rosidl_typesupport_introspection_cpp.hpp\n'}
[11.594045] (yahboomcar_msgs) StdoutLine: {'line': b'-- Up-to-date: /root/yahboomcar_ws/install/yahboomcar_msgs/include/yahboomcar_msgs/yahboomcar_msgs/msg/detail/position__rosidl_typesupport_introspection_cpp.hpp\n'}
[11.594358] (yahboomcar_msgs) StdoutLine: {'line': b'-- Up-to-date: /root/yahboomcar_ws/install/yahboomcar_msgs/include/yahboomcar_msgs/yahboomcar_msgs/msg/detail/point_array__type_support.cpp\n'}
[11.594540] (yahboomcar_msgs) StdoutLine: {'line': b'-- Up-to-date: /root/yahboomcar_ws/install/yahboomcar_msgs/include/yahboomcar_msgs/yahboomcar_msgs/msg/detail/position__type_support.cpp\n'}
[11.594628] (yahboomcar_msgs) StdoutLine: {'line': b'-- Up-to-date: /root/yahboomcar_ws/install/yahboomcar_msgs/include/yahboomcar_msgs/yahboomcar_msgs/msg/detail/point_array__rosidl_typesupport_introspection_cpp.hpp\n'}
[11.594709] (yahboomcar_msgs) StdoutLine: {'line': b'-- Up-to-date: /root/yahboomcar_ws/install/yahboomcar_msgs/include/yahboomcar_msgs/yahboomcar_msgs/msg/detail/image_msg__type_support.cpp\n'}
[11.594783] (yahboomcar_msgs) StdoutLine: {'line': b'-- Up-to-date: /root/yahboomcar_ws/install/yahboomcar_msgs/include/yahboomcar_msgs/yahboomcar_msgs/msg/detail/target_array__type_support.cpp\n'}
[11.594859] (yahboomcar_msgs) StdoutLine: {'line': b'-- Up-to-date: /root/yahboomcar_ws/install/yahboomcar_msgs/include/yahboomcar_msgs/yahboomcar_msgs/msg/detail/image_msg__rosidl_typesupport_introspection_cpp.hpp\n'}
[11.594942] (yahboomcar_msgs) StdoutLine: {'line': b'-- Up-to-date: /root/yahboomcar_ws/install/yahboomcar_msgs/lib/libyahboomcar_msgs__rosidl_typesupport_introspection_cpp.so\n'}
[11.595041] (yahboomcar_msgs) StdoutLine: {'line': b'-- Up-to-date: /root/yahboomcar_ws/install/yahboomcar_msgs/lib/libyahboomcar_msgs__rosidl_typesupport_cpp.so\n'}
[11.595137] (yahboomcar_msgs) StdoutLine: {'line': b'-- Up-to-date: /root/yahboomcar_ws/install/yahboomcar_msgs/share/yahboomcar_msgs/environment/pythonpath.sh\n'}
[11.595231] (yahboomcar_msgs) StdoutLine: {'line': b'-- Up-to-date: /root/yahboomcar_ws/install/yahboomcar_msgs/share/yahboomcar_msgs/environment/pythonpath.dsv\n'}
[11.595329] (yahboomcar_msgs) StdoutLine: {'line': b'-- Up-to-date: /root/yahboomcar_ws/install/yahboomcar_msgs/local/lib/python3.10/dist-packages/yahboomcar_msgs-0.0.0-py3.10.egg-info\n'}
[11.595467] (yahboomcar_msgs) StdoutLine: {'line': b'-- Installing: /root/yahboomcar_ws/install/yahboomcar_msgs/local/lib/python3.10/dist-packages/yahboomcar_msgs-0.0.0-py3.10.egg-info/SOURCES.txt\n'}
[11.595728] (yahboomcar_msgs) StdoutLine: {'line': b'-- Installing: /root/yahboomcar_ws/install/yahboomcar_msgs/local/lib/python3.10/dist-packages/yahboomcar_msgs-0.0.0-py3.10.egg-info/top_level.txt\n'}
[11.595823] (yahboomcar_msgs) StdoutLine: {'line': b'-- Installing: /root/yahboomcar_ws/install/yahboomcar_msgs/local/lib/python3.10/dist-packages/yahboomcar_msgs-0.0.0-py3.10.egg-info/PKG-INFO\n'}
[11.595905] (yahboomcar_msgs) StdoutLine: {'line': b'-- Installing: /root/yahboomcar_ws/install/yahboomcar_msgs/local/lib/python3.10/dist-packages/yahboomcar_msgs-0.0.0-py3.10.egg-info/dependency_links.txt\n'}
[11.596004] (yahboomcar_msgs) StdoutLine: {'line': b'-- Up-to-date: /root/yahboomcar_ws/install/yahboomcar_msgs/local/lib/python3.10/dist-packages/yahboomcar_msgs\n'}
[11.596170] (yahboomcar_msgs) StdoutLine: {'line': b'-- Up-to-date: /root/yahboomcar_ws/install/yahboomcar_msgs/local/lib/python3.10/dist-packages/yahboomcar_msgs/__init__.py\n'}
[11.596321] (yahboomcar_msgs) StdoutLine: {'line': b'-- Up-to-date: /root/yahboomcar_ws/install/yahboomcar_msgs/local/lib/python3.10/dist-packages/yahboomcar_msgs/msg\n'}
[11.596432] (yahboomcar_msgs) StdoutLine: {'line': b'-- Up-to-date: /root/yahboomcar_ws/install/yahboomcar_msgs/local/lib/python3.10/dist-packages/yahboomcar_msgs/msg/__init__.py\n'}
[11.596533] (yahboomcar_msgs) StdoutLine: {'line': b'-- Up-to-date: /root/yahboomcar_ws/install/yahboomcar_msgs/local/lib/python3.10/dist-packages/yahboomcar_msgs/msg/_point_array.py\n'}
[11.596624] (yahboomcar_msgs) StdoutLine: {'line': b'-- Up-to-date: /root/yahboomcar_ws/install/yahboomcar_msgs/local/lib/python3.10/dist-packages/yahboomcar_msgs/msg/_image_msg.py\n'}
[11.596720] (yahboomcar_msgs) StdoutLine: {'line': b'-- Up-to-date: /root/yahboomcar_ws/install/yahboomcar_msgs/local/lib/python3.10/dist-packages/yahboomcar_msgs/msg/_image_msg_s.c\n'}
[11.596825] (yahboomcar_msgs) StdoutLine: {'line': b'-- Up-to-date: /root/yahboomcar_ws/install/yahboomcar_msgs/local/lib/python3.10/dist-packages/yahboomcar_msgs/msg/_position.py\n'}
[11.596930] (yahboomcar_msgs) StdoutLine: {'line': b'-- Up-to-date: /root/yahboomcar_ws/install/yahboomcar_msgs/local/lib/python3.10/dist-packages/yahboomcar_msgs/msg/_target.py\n'}
[11.597034] (yahboomcar_msgs) StdoutLine: {'line': b'-- Up-to-date: /root/yahboomcar_ws/install/yahboomcar_msgs/local/lib/python3.10/dist-packages/yahboomcar_msgs/msg/_target_s.c\n'}
[11.597293] (yahboomcar_msgs) StdoutLine: {'line': b'-- Up-to-date: /root/yahboomcar_ws/install/yahboomcar_msgs/local/lib/python3.10/dist-packages/yahboomcar_msgs/msg/_target_array.py\n'}
[11.597435] (yahboomcar_msgs) StdoutLine: {'line': b'-- Up-to-date: /root/yahboomcar_ws/install/yahboomcar_msgs/local/lib/python3.10/dist-packages/yahboomcar_msgs/msg/_target_array_s.c\n'}
[11.597535] (yahboomcar_msgs) StdoutLine: {'line': b'-- Up-to-date: /root/yahboomcar_ws/install/yahboomcar_msgs/local/lib/python3.10/dist-packages/yahboomcar_msgs/msg/_position_s.c\n'}
[11.597630] (yahboomcar_msgs) StdoutLine: {'line': b'-- Up-to-date: /root/yahboomcar_ws/install/yahboomcar_msgs/local/lib/python3.10/dist-packages/yahboomcar_msgs/msg/_point_array_s.c\n'}
[11.597734] (yahboomcar_msgs) StdoutLine: {'line': b'-- Up-to-date: /root/yahboomcar_ws/install/yahboomcar_msgs/local/lib/python3.10/dist-packages/yahboomcar_msgs/_yahboomcar_msgs_s.ep.rosidl_typesupport_introspection_c.c\n'}
[11.597837] (yahboomcar_msgs) StdoutLine: {'line': b'-- Up-to-date: /root/yahboomcar_ws/install/yahboomcar_msgs/local/lib/python3.10/dist-packages/yahboomcar_msgs/yahboomcar_msgs_s__rosidl_typesupport_introspection_c.cpython-310-aarch64-linux-gnu.so\n'}
[11.597920] (yahboomcar_msgs) StdoutLine: {'line': b'-- Up-to-date: /root/yahboomcar_ws/install/yahboomcar_msgs/local/lib/python3.10/dist-packages/yahboomcar_msgs/yahboomcar_msgs_s__rosidl_typesupport_fastrtps_c.cpython-310-aarch64-linux-gnu.so\n'}
[11.598012] (yahboomcar_msgs) StdoutLine: {'line': b'-- Up-to-date: /root/yahboomcar_ws/install/yahboomcar_msgs/local/lib/python3.10/dist-packages/yahboomcar_msgs/_yahboomcar_msgs_s.ep.rosidl_typesupport_c.c\n'}
[11.598134] (yahboomcar_msgs) StdoutLine: {'line': b'-- Up-to-date: /root/yahboomcar_ws/install/yahboomcar_msgs/local/lib/python3.10/dist-packages/yahboomcar_msgs/yahboomcar_msgs_s__rosidl_typesupport_c.cpython-310-aarch64-linux-gnu.so\n'}
[11.598260] (yahboomcar_msgs) StdoutLine: {'line': b'-- Up-to-date: /root/yahboomcar_ws/install/yahboomcar_msgs/local/lib/python3.10/dist-packages/yahboomcar_msgs/libyahboomcar_msgs__rosidl_generator_py.so\n'}
[11.598370] (yahboomcar_msgs) StdoutLine: {'line': b'-- Up-to-date: /root/yahboomcar_ws/install/yahboomcar_msgs/local/lib/python3.10/dist-packages/yahboomcar_msgs/_yahboomcar_msgs_s.ep.rosidl_typesupport_fastrtps_c.c\n'}
[11.641685] (-) TimerEvent: {}
[11.652015] (yahboomcar_msgs) StdoutLine: {'line': b"Listing '/root/yahboomcar_ws/install/yahboomcar_msgs/local/lib/python3.10/dist-packages/yahboomcar_msgs'...\n"}
[11.652370] (yahboomcar_msgs) StdoutLine: {'line': b"Listing '/root/yahboomcar_ws/install/yahboomcar_msgs/local/lib/python3.10/dist-packages/yahboomcar_msgs/msg'...\n"}
[11.665561] (yahboomcar_msgs) StdoutLine: {'line': b'-- Up-to-date: /root/yahboomcar_ws/install/yahboomcar_msgs/local/lib/python3.10/dist-packages/yahboomcar_msgs/yahboomcar_msgs_s__rosidl_typesupport_fastrtps_c.cpython-310-aarch64-linux-gnu.so\n'}
[11.667001] (yahboomcar_msgs) StdoutLine: {'line': b'-- Up-to-date: /root/yahboomcar_ws/install/yahboomcar_msgs/local/lib/python3.10/dist-packages/yahboomcar_msgs/yahboomcar_msgs_s__rosidl_typesupport_introspection_c.cpython-310-aarch64-linux-gnu.so\n'}
[11.667147] (yahboomcar_msgs) StdoutLine: {'line': b'-- Up-to-date: /root/yahboomcar_ws/install/yahboomcar_msgs/local/lib/python3.10/dist-packages/yahboomcar_msgs/yahboomcar_msgs_s__rosidl_typesupport_c.cpython-310-aarch64-linux-gnu.so\n'}
[11.667240] (yahboomcar_msgs) StdoutLine: {'line': b'-- Up-to-date: /root/yahboomcar_ws/install/yahboomcar_msgs/lib/libyahboomcar_msgs__rosidl_generator_py.so\n'}
[11.667755] (yahboomcar_msgs) StdoutLine: {'line': b'-- Up-to-date: /root/yahboomcar_ws/install/yahboomcar_msgs/share/yahboomcar_msgs/msg/ImageMsg.idl\n'}
[11.668022] (yahboomcar_msgs) StdoutLine: {'line': b'-- Up-to-date: /root/yahboomcar_ws/install/yahboomcar_msgs/share/yahboomcar_msgs/msg/PointArray.idl\n'}
[11.671525] (yahboomcar_msgs) StdoutLine: {'line': b'-- Up-to-date: /root/yahboomcar_ws/install/yahboomcar_msgs/share/yahboomcar_msgs/msg/Position.idl\n'}
[11.671913] (yahboomcar_msgs) StdoutLine: {'line': b'-- Up-to-date: /root/yahboomcar_ws/install/yahboomcar_msgs/share/yahboomcar_msgs/msg/Target.idl\n'}
[11.672060] (yahboomcar_msgs) StdoutLine: {'line': b'-- Up-to-date: /root/yahboomcar_ws/install/yahboomcar_msgs/share/yahboomcar_msgs/msg/TargetArray.idl\n'}
[11.672142] (yahboomcar_msgs) StdoutLine: {'line': b'-- Up-to-date: /root/yahboomcar_ws/install/yahboomcar_msgs/share/yahboomcar_msgs/msg/ImageMsg.msg\n'}
[11.672211] (yahboomcar_msgs) StdoutLine: {'line': b'-- Up-to-date: /root/yahboomcar_ws/install/yahboomcar_msgs/share/yahboomcar_msgs/msg/PointArray.msg\n'}
[11.672291] (yahboomcar_msgs) StdoutLine: {'line': b'-- Up-to-date: /root/yahboomcar_ws/install/yahboomcar_msgs/share/yahboomcar_msgs/msg/Position.msg\n'}
[11.672365] (yahboomcar_msgs) StdoutLine: {'line': b'-- Up-to-date: /root/yahboomcar_ws/install/yahboomcar_msgs/share/yahboomcar_msgs/msg/Target.msg\n'}
[11.672439] (yahboomcar_msgs) StdoutLine: {'line': b'-- Up-to-date: /root/yahboomcar_ws/install/yahboomcar_msgs/share/yahboomcar_msgs/msg/TargetArray.msg\n'}
[11.672509] (yahboomcar_msgs) StdoutLine: {'line': b'-- Up-to-date: /root/yahboomcar_ws/install/yahboomcar_msgs/share/ament_index/resource_index/package_run_dependencies/yahboomcar_msgs\n'}
[11.672587] (yahboomcar_msgs) StdoutLine: {'line': b'-- Up-to-date: /root/yahboomcar_ws/install/yahboomcar_msgs/share/ament_index/resource_index/parent_prefix_path/yahboomcar_msgs\n'}
[11.672657] (yahboomcar_msgs) StdoutLine: {'line': b'-- Up-to-date: /root/yahboomcar_ws/install/yahboomcar_msgs/share/yahboomcar_msgs/environment/ament_prefix_path.sh\n'}
[11.672735] (yahboomcar_msgs) StdoutLine: {'line': b'-- Up-to-date: /root/yahboomcar_ws/install/yahboomcar_msgs/share/yahboomcar_msgs/environment/ament_prefix_path.dsv\n'}
[11.672807] (yahboomcar_msgs) StdoutLine: {'line': b'-- Up-to-date: /root/yahboomcar_ws/install/yahboomcar_msgs/share/yahboomcar_msgs/environment/path.sh\n'}
[11.672873] (yahboomcar_msgs) StdoutLine: {'line': b'-- Up-to-date: /root/yahboomcar_ws/install/yahboomcar_msgs/share/yahboomcar_msgs/environment/path.dsv\n'}
[11.672940] (yahboomcar_msgs) StdoutLine: {'line': b'-- Up-to-date: /root/yahboomcar_ws/install/yahboomcar_msgs/share/yahboomcar_msgs/local_setup.bash\n'}
[11.673007] (yahboomcar_msgs) StdoutLine: {'line': b'-- Up-to-date: /root/yahboomcar_ws/install/yahboomcar_msgs/share/yahboomcar_msgs/local_setup.sh\n'}
[11.673080] (yahboomcar_msgs) StdoutLine: {'line': b'-- Up-to-date: /root/yahboomcar_ws/install/yahboomcar_msgs/share/yahboomcar_msgs/local_setup.zsh\n'}
[11.673176] (yahboomcar_msgs) StdoutLine: {'line': b'-- Up-to-date: /root/yahboomcar_ws/install/yahboomcar_msgs/share/yahboomcar_msgs/local_setup.dsv\n'}
[11.673251] (yahboomcar_msgs) StdoutLine: {'line': b'-- Installing: /root/yahboomcar_ws/install/yahboomcar_msgs/share/yahboomcar_msgs/package.dsv\n'}
[11.673317] (yahboomcar_msgs) StdoutLine: {'line': b'-- Up-to-date: /root/yahboomcar_ws/install/yahboomcar_msgs/share/ament_index/resource_index/packages/yahboomcar_msgs\n'}
[11.673382] (yahboomcar_msgs) StdoutLine: {'line': b'-- Up-to-date: /root/yahboomcar_ws/install/yahboomcar_msgs/share/yahboomcar_msgs/cmake/export_yahboomcar_msgs__rosidl_generator_cExport.cmake\n'}
[11.673448] (yahboomcar_msgs) StdoutLine: {'line': b'-- Up-to-date: /root/yahboomcar_ws/install/yahboomcar_msgs/share/yahboomcar_msgs/cmake/export_yahboomcar_msgs__rosidl_generator_cExport-noconfig.cmake\n'}
[11.673514] (yahboomcar_msgs) StdoutLine: {'line': b'-- Up-to-date: /root/yahboomcar_ws/install/yahboomcar_msgs/share/yahboomcar_msgs/cmake/export_yahboomcar_msgs__rosidl_typesupport_fastrtps_cExport.cmake\n'}
[11.673583] (yahboomcar_msgs) StdoutLine: {'line': b'-- Up-to-date: /root/yahboomcar_ws/install/yahboomcar_msgs/share/yahboomcar_msgs/cmake/export_yahboomcar_msgs__rosidl_typesupport_fastrtps_cExport-noconfig.cmake\n'}
[11.673790] (yahboomcar_msgs) StdoutLine: {'line': b'-- Up-to-date: /root/yahboomcar_ws/install/yahboomcar_msgs/share/yahboomcar_msgs/cmake/yahboomcar_msgs__rosidl_typesupport_introspection_cExport.cmake\n'}
[11.674164] (yahboomcar_msgs) StdoutLine: {'line': b'-- Up-to-date: /root/yahboomcar_ws/install/yahboomcar_msgs/share/yahboomcar_msgs/cmake/yahboomcar_msgs__rosidl_typesupport_introspection_cExport-noconfig.cmake\n'}
[11.674626] (yahboomcar_msgs) StdoutLine: {'line': b'-- Up-to-date: /root/yahboomcar_ws/install/yahboomcar_msgs/share/yahboomcar_msgs/cmake/yahboomcar_msgs__rosidl_typesupport_cExport.cmake\n'}
[11.675234] (yahboomcar_msgs) StdoutLine: {'line': b'-- Up-to-date: /root/yahboomcar_ws/install/yahboomcar_msgs/share/yahboomcar_msgs/cmake/yahboomcar_msgs__rosidl_typesupport_cExport-noconfig.cmake\n'}
[11.675959] (yahboomcar_msgs) StdoutLine: {'line': b'-- Up-to-date: /root/yahboomcar_ws/install/yahboomcar_msgs/share/yahboomcar_msgs/cmake/export_yahboomcar_msgs__rosidl_generator_cppExport.cmake\n'}
[11.676568] (yahboomcar_msgs) StdoutLine: {'line': b'-- Up-to-date: /root/yahboomcar_ws/install/yahboomcar_msgs/share/yahboomcar_msgs/cmake/export_yahboomcar_msgs__rosidl_typesupport_fastrtps_cppExport.cmake\n'}
[11.677060] (yahboomcar_msgs) StdoutLine: {'line': b'-- Up-to-date: /root/yahboomcar_ws/install/yahboomcar_msgs/share/yahboomcar_msgs/cmake/export_yahboomcar_msgs__rosidl_typesupport_fastrtps_cppExport-noconfig.cmake\n'}
[11.677833] (yahboomcar_msgs) StdoutLine: {'line': b'-- Up-to-date: /root/yahboomcar_ws/install/yahboomcar_msgs/share/yahboomcar_msgs/cmake/yahboomcar_msgs__rosidl_typesupport_introspection_cppExport.cmake\n'}
[11.678495] (yahboomcar_msgs) StdoutLine: {'line': b'-- Up-to-date: /root/yahboomcar_ws/install/yahboomcar_msgs/share/yahboomcar_msgs/cmake/yahboomcar_msgs__rosidl_typesupport_introspection_cppExport-noconfig.cmake\n'}
[11.679343] (yahboomcar_msgs) StdoutLine: {'line': b'-- Up-to-date: /root/yahboomcar_ws/install/yahboomcar_msgs/share/yahboomcar_msgs/cmake/yahboomcar_msgs__rosidl_typesupport_cppExport.cmake\n'}
[11.679978] (yahboomcar_msgs) StdoutLine: {'line': b'-- Up-to-date: /root/yahboomcar_ws/install/yahboomcar_msgs/share/yahboomcar_msgs/cmake/yahboomcar_msgs__rosidl_typesupport_cppExport-noconfig.cmake\n'}
[11.681162] (yahboomcar_msgs) StdoutLine: {'line': b'-- Up-to-date: /root/yahboomcar_ws/install/yahboomcar_msgs/share/yahboomcar_msgs/cmake/export_yahboomcar_msgs__rosidl_generator_pyExport.cmake\n'}
[11.682298] (yahboomcar_msgs) StdoutLine: {'line': b'-- Up-to-date: /root/yahboomcar_ws/install/yahboomcar_msgs/share/yahboomcar_msgs/cmake/export_yahboomcar_msgs__rosidl_generator_pyExport-noconfig.cmake\n'}
[11.682491] (yahboomcar_msgs) StdoutLine: {'line': b'-- Up-to-date: /root/yahboomcar_ws/install/yahboomcar_msgs/share/yahboomcar_msgs/cmake/rosidl_cmake-extras.cmake\n'}
[11.682675] (yahboomcar_msgs) StdoutLine: {'line': b'-- Up-to-date: /root/yahboomcar_ws/install/yahboomcar_msgs/share/yahboomcar_msgs/cmake/ament_cmake_export_dependencies-extras.cmake\n'}
[11.682980] (yahboomcar_msgs) StdoutLine: {'line': b'-- Up-to-date: /root/yahboomcar_ws/install/yahboomcar_msgs/share/yahboomcar_msgs/cmake/ament_cmake_export_include_directories-extras.cmake\n'}
[11.683273] (yahboomcar_msgs) StdoutLine: {'line': b'-- Up-to-date: /root/yahboomcar_ws/install/yahboomcar_msgs/share/yahboomcar_msgs/cmake/ament_cmake_export_libraries-extras.cmake\n'}
[11.683621] (yahboomcar_msgs) StdoutLine: {'line': b'-- Up-to-date: /root/yahboomcar_ws/install/yahboomcar_msgs/share/yahboomcar_msgs/cmake/ament_cmake_export_targets-extras.cmake\n'}
[11.683928] (yahboomcar_msgs) StdoutLine: {'line': b'-- Up-to-date: /root/yahboomcar_ws/install/yahboomcar_msgs/share/yahboomcar_msgs/cmake/rosidl_cmake_export_typesupport_targets-extras.cmake\n'}
[11.684194] (yahboomcar_msgs) StdoutLine: {'line': b'-- Up-to-date: /root/yahboomcar_ws/install/yahboomcar_msgs/share/yahboomcar_msgs/cmake/rosidl_cmake_export_typesupport_libraries-extras.cmake\n'}
[11.684470] (yahboomcar_msgs) StdoutLine: {'line': b'-- Up-to-date: /root/yahboomcar_ws/install/yahboomcar_msgs/share/yahboomcar_msgs/cmake/yahboomcar_msgsConfig.cmake\n'}
[11.684683] (yahboomcar_msgs) StdoutLine: {'line': b'-- Up-to-date: /root/yahboomcar_ws/install/yahboomcar_msgs/share/yahboomcar_msgs/cmake/yahboomcar_msgsConfig-version.cmake\n'}
[11.684927] (yahboomcar_msgs) StdoutLine: {'line': b'-- Up-to-date: /root/yahboomcar_ws/install/yahboomcar_msgs/share/yahboomcar_msgs/package.xml\n'}
[11.687944] (yahboomcar_msgs) CommandEnded: {'returncode': 0}
[11.741837] (-) TimerEvent: {}
[11.842849] (-) TimerEvent: {}
[11.943407] (-) TimerEvent: {}
[11.971287] (yahboomcar_nav) StdoutLine: {'line': b'running egg_info\n'}
[11.974389] (yahboomcar_nav) StdoutLine: {'line': b'writing ../../build/yahboomcar_nav/yahboomcar_nav.egg-info/PKG-INFO\n'}
[11.975766] (yahboomcar_nav) StdoutLine: {'line': b'writing dependency_links to ../../build/yahboomcar_nav/yahboomcar_nav.egg-info/dependency_links.txt\n'}
[11.976447] (yahboomcar_nav) StdoutLine: {'line': b'writing entry points to ../../build/yahboomcar_nav/yahboomcar_nav.egg-info/entry_points.txt\n'}
[11.977087] (yahboomcar_nav) StdoutLine: {'line': b'writing requirements to ../../build/yahboomcar_nav/yahboomcar_nav.egg-info/requires.txt\n'}
[11.977622] (yahboomcar_nav) StdoutLine: {'line': b'writing top-level names to ../../build/yahboomcar_nav/yahboomcar_nav.egg-info/top_level.txt\n'}
[11.984815] (yahboomcar_nav) StdoutLine: {'line': b"reading manifest file '../../build/yahboomcar_nav/yahboomcar_nav.egg-info/SOURCES.txt'\n"}
[11.986377] (yahboomcar_nav) StdoutLine: {'line': b"writing manifest file '../../build/yahboomcar_nav/yahboomcar_nav.egg-info/SOURCES.txt'\n"}
[11.986950] (yahboomcar_nav) StdoutLine: {'line': b'running build\n'}
[11.987168] (yahboomcar_nav) StdoutLine: {'line': b'running build_py\n'}
[11.988278] (yahboomcar_nav) StdoutLine: {'line': b'running install\n'}
[11.988842] (yahboomcar_nav) StderrLine: {'line': b'/usr/lib/python3/dist-packages/setuptools/command/install.py:34: SetuptoolsDeprecationWarning: setup.py install is deprecated. Use build and pip and other standards-based tools.\n'}
[11.989070] (yahboomcar_nav) StderrLine: {'line': b'  warnings.warn(\n'}
[11.990714] (yahboomcar_nav) StdoutLine: {'line': b'running install_lib\n'}
[11.993880] (yahboomcar_nav) StdoutLine: {'line': b'running install_data\n'}
[11.996097] (yahboomcar_nav) StdoutLine: {'line': b'running install_egg_info\n'}
[12.000351] (yahboomcar_nav) StdoutLine: {'line': b"removing '/root/yahboomcar_ws/install/yahboomcar_nav/lib/python3.10/site-packages/yahboomcar_nav-0.0.0-py3.10.egg-info' (and everything under it)\n"}
[12.001423] (yahboomcar_nav) StdoutLine: {'line': b'Copying ../../build/yahboomcar_nav/yahboomcar_nav.egg-info to /root/yahboomcar_ws/install/yahboomcar_nav/lib/python3.10/site-packages/yahboomcar_nav-0.0.0-py3.10.egg-info\n'}
[12.003354] (yahboomcar_nav) StdoutLine: {'line': b'running install_scripts\n'}
[12.041369] (yahboomcar_nav) StdoutLine: {'line': b'Installing stop_car script to /root/yahboomcar_ws/install/yahboomcar_nav/lib/yahboomcar_nav\n'}
[12.042799] (yahboomcar_nav) StdoutLine: {'line': b"writing list of installed files to '/root/yahboomcar_ws/build/yahboomcar_nav/install.log'\n"}
[12.043500] (-) TimerEvent: {}
[12.144572] (-) TimerEvent: {}
[12.191137] (yahboomcar_msgs) JobEnded: {'identifier': 'yahboomcar_msgs', 'rc': 0}
[12.193439] (yahboomcar_visual) Command: {'cmd': ['/usr/bin/python3', 'setup.py', 'egg_info', '--egg-base', '../../build/yahboomcar_visual', 'build', '--build-base', '/root/yahboomcar_ws/build/yahboomcar_visual/build', 'install', '--record', '/root/yahboomcar_ws/build/yahboomcar_visual/install.log', '--install-scripts', '$base/lib/yahboomcar_visual', '--single-version-externally-managed'], 'cwd': '/root/yahboomcar_ws/src/yahboomcar_visual', 'env': {'HOSTNAME': 'raspberrypi', 'SHLVL': '1', 'LD_LIBRARY_PATH': '/root/imu_ws/install/rviz_imu_plugin/lib:/root/imu_ws/install/imu_filter_madgwick/lib:/root/imu_ws/install/imu_complementary_filter/lib:/root/yahboomcar_ws/install/yahboomcar_msgs/lib:/root/yahboomcar_ws/install/yahboom_web_savmap_interfaces/lib:/root/yahboomcar_ws/install/robot_localization/lib:/root/gmapping_ws/install/openslam_gmapping/lib:/opt/ros/humble/opt/rviz_ogre_vendor/lib:/opt/ros/humble/lib/aarch64-linux-gnu:/opt/ros/humble/lib', 'HOME': '/root', 'OLDPWD': '/root', 'ROS_PYTHON_VERSION': '3', 'LC_CTYPE': 'C.UTF-8', 'COLCON_PREFIX_PATH': '/root/yahboomcar_ws/install:/root/gmapping_ws/install:/root/imu_ws/install', 'ROS_DISTRO': 'humble', '_': '/usr/bin/colcon', 'ROS_VERSION': '2', 'TERM': 'xterm', 'ROS_LOCALHOST_ONLY': '0', 'QT_X11_NO_MITSHM': '1', 'PATH': '/opt/ros/humble/bin:/usr/local/sbin:/usr/local/bin:/usr/sbin:/usr/bin:/sbin:/bin', 'DISPLAY': ':0', 'LS_COLORS': 'rs=0:di=01;34:ln=01;36:mh=00:pi=40;33:so=01;35:do=01;35:bd=40;33;01:cd=40;33;01:or=40;31;01:mi=00:su=37;41:sg=30;43:ca=30;41:tw=30;42:ow=34;42:st=37;44:ex=01;32:*.tar=01;31:*.tgz=01;31:*.arc=01;31:*.arj=01;31:*.taz=01;31:*.lha=01;31:*.lz4=01;31:*.lzh=01;31:*.lzma=01;31:*.tlz=01;31:*.txz=01;31:*.tzo=01;31:*.t7z=01;31:*.zip=01;31:*.z=01;31:*.dz=01;31:*.gz=01;31:*.lrz=01;31:*.lz=01;31:*.lzo=01;31:*.xz=01;31:*.zst=01;31:*.tzst=01;31:*.bz2=01;31:*.bz=01;31:*.tbz=01;31:*.tbz2=01;31:*.tz=01;31:*.deb=01;31:*.rpm=01;31:*.jar=01;31:*.war=01;31:*.ear=01;31:*.sar=01;31:*.rar=01;31:*.alz=01;31:*.ace=01;31:*.zoo=01;31:*.cpio=01;31:*.7z=01;31:*.rz=01;31:*.cab=01;31:*.wim=01;31:*.swm=01;31:*.dwm=01;31:*.esd=01;31:*.jpg=01;35:*.jpeg=01;35:*.mjpg=01;35:*.mjpeg=01;35:*.gif=01;35:*.bmp=01;35:*.pbm=01;35:*.pgm=01;35:*.ppm=01;35:*.tga=01;35:*.xbm=01;35:*.xpm=01;35:*.tif=01;35:*.tiff=01;35:*.png=01;35:*.svg=01;35:*.svgz=01;35:*.mng=01;35:*.pcx=01;35:*.mov=01;35:*.mpg=01;35:*.mpeg=01;35:*.m2v=01;35:*.mkv=01;35:*.webm=01;35:*.webp=01;35:*.ogm=01;35:*.mp4=01;35:*.m4v=01;35:*.mp4v=01;35:*.vob=01;35:*.qt=01;35:*.nuv=01;35:*.wmv=01;35:*.asf=01;35:*.rm=01;35:*.rmvb=01;35:*.flc=01;35:*.avi=01;35:*.fli=01;35:*.flv=01;35:*.gl=01;35:*.dl=01;35:*.xcf=01;35:*.xwd=01;35:*.yuv=01;35:*.cgm=01;35:*.emf=01;35:*.ogv=01;35:*.ogx=01;35:*.aac=00;36:*.au=00;36:*.flac=00;36:*.m4a=00;36:*.mid=00;36:*.midi=00;36:*.mka=00;36:*.mp3=00;36:*.mpc=00;36:*.ogg=00;36:*.ra=00;36:*.wav=00;36:*.oga=00;36:*.opus=00;36:*.spx=00;36:*.xspf=00;36:', 'ROS_DOMAIN_ID': '30', 'AMENT_PREFIX_PATH': '/root/imu_ws/install/imu_tools:/root/imu_ws/install/rviz_imu_plugin:/root/imu_ws/install/imu_filter_madgwick:/root/imu_ws/install/imu_complementary_filter:/root/yahboomcar_ws/install/yahboomcar_visual:/root/yahboomcar_ws/install/yahboomcar_nav:/root/yahboomcar_ws/install/yahboomcar_msgs:/root/yahboomcar_ws/install/yahboomcar_mediapipe:/root/yahboomcar_ws/install/yahboomcar_laser:/root/yahboomcar_ws/install/yahboomcar_description:/root/yahboomcar_ws/install/yahboomcar_ctrl:/root/yahboomcar_ws/install/yahboomcar_bringup:/root/yahboomcar_ws/install/yahboomcar_base_node:/root/yahboomcar_ws/install/yahboomcar_astra:/root/yahboomcar_ws/install/yahboom_web_savmap_interfaces:/root/yahboomcar_ws/install/yahboom_app_save_map:/root/yahboomcar_ws/install/robot_pose_publisher_ros2:/root/yahboomcar_ws/install/robot_localization:/root/yahboomcar_ws/install/laserscan_to_point_publisher:/root/gmapping_ws/install/slam_gmapping:/root/gmapping_ws/install/openslam_gmapping:/opt/ros/humble', 'PWD': '/root/yahboomcar_ws/build/yahboomcar_visual', 'PYTHONPATH': '/root/yahboomcar_ws/build/yahboomcar_visual/prefix_override:/root/yahboomcar_ws/install/yahboomcar_visual/lib/python3.10/site-packages:/root/yahboomcar_ws/install/yahboomcar_visual/lib/python3.10/site-packages:/root/yahboomcar_ws/install/yahboomcar_nav/lib/python3.10/site-packages:/root/yahboomcar_ws/install/yahboomcar_msgs/local/lib/python3.10/dist-packages:/root/yahboomcar_ws/install/yahboomcar_mediapipe/lib/python3.10/site-packages:/root/yahboomcar_ws/install/yahboomcar_laser/lib/python3.10/site-packages:/root/yahboomcar_ws/install/yahboomcar_description/lib/python3.10/site-packages:/root/yahboomcar_ws/install/yahboomcar_ctrl/lib/python3.10/site-packages:/root/yahboomcar_ws/install/yahboomcar_bringup/lib/python3.10/site-packages:/root/yahboomcar_ws/install/yahboomcar_astra/lib/python3.10/site-packages:/root/yahboomcar_ws/install/yahboom_web_savmap_interfaces/local/lib/python3.10/dist-packages:/root/yahboomcar_ws/install/yahboom_app_save_map/lib/python3.10/site-packages:/root/yahboomcar_ws/install/robot_localization/local/lib/python3.10/dist-packages:/root/yahboomcar_ws/install/laserscan_to_point_publisher/lib/python3.10/site-packages:/opt/ros/humble/lib/python3.10/site-packages:/opt/ros/humble/local/lib/python3.10/dist-packages', 'COLCON': '1', 'CMAKE_PREFIX_PATH': '/root/imu_ws/install/imu_tools:/root/imu_ws/install/rviz_imu_plugin:/root/imu_ws/install/imu_filter_madgwick:/root/imu_ws/install/imu_complementary_filter:/root/yahboomcar_ws/install/yahboomcar_msgs:/root/yahboomcar_ws/install/yahboomcar_base_node:/root/yahboomcar_ws/install/yahboom_web_savmap_interfaces:/root/yahboomcar_ws/install/robot_pose_publisher_ros2:/root/yahboomcar_ws/install/robot_localization:/root/gmapping_ws/install/slam_gmapping:/root/gmapping_ws/install/openslam_gmapping'}, 'shell': False}
[12.196193] (yahboomcar_nav) CommandEnded: {'returncode': 0}
[12.246042] (-) TimerEvent: {}
[12.276077] (yahboomcar_nav) JobEnded: {'identifier': 'yahboomcar_nav', 'rc': 0}
[12.346152] (-) TimerEvent: {}
[12.446568] (-) TimerEvent: {}
[12.516967] (yahboomcar_visual) StderrLine: {'line': b"/usr/lib/python3/dist-packages/setuptools/dist.py:723: UserWarning: Usage of dash-separated 'script-dir' will not be supported in future versions. Please use the underscore name 'script_dir' instead\n"}
[12.517306] (yahboomcar_visual) StderrLine: {'line': b'  warnings.warn(\n'}
[12.528065] (yahboomcar_visual) StdoutLine: {'line': b'running egg_info\n'}
[12.529505] (yahboomcar_visual) StdoutLine: {'line': b'writing ../../build/yahboomcar_visual/yahboomcar_visual.egg-info/PKG-INFO\n'}
[12.530071] (yahboomcar_visual) StdoutLine: {'line': b'writing dependency_links to ../../build/yahboomcar_visual/yahboomcar_visual.egg-info/dependency_links.txt\n'}
[12.530477] (yahboomcar_visual) StdoutLine: {'line': b'writing entry points to ../../build/yahboomcar_visual/yahboomcar_visual.egg-info/entry_points.txt\n'}
[12.530772] (yahboomcar_visual) StdoutLine: {'line': b'writing requirements to ../../build/yahboomcar_visual/yahboomcar_visual.egg-info/requires.txt\n'}
[12.531059] (yahboomcar_visual) StdoutLine: {'line': b'writing top-level names to ../../build/yahboomcar_visual/yahboomcar_visual.egg-info/top_level.txt\n'}
[12.533876] (yahboomcar_visual) StdoutLine: {'line': b"reading manifest file '../../build/yahboomcar_visual/yahboomcar_visual.egg-info/SOURCES.txt'\n"}
[12.535187] (yahboomcar_visual) StdoutLine: {'line': b"writing manifest file '../../build/yahboomcar_visual/yahboomcar_visual.egg-info/SOURCES.txt'\n"}
[12.535514] (yahboomcar_visual) StdoutLine: {'line': b'running build\n'}
[12.535669] (yahboomcar_visual) StdoutLine: {'line': b'running build_py\n'}
[12.536339] (yahboomcar_visual) StdoutLine: {'line': b'running install\n'}
[12.536661] (yahboomcar_visual) StderrLine: {'line': b'/usr/lib/python3/dist-packages/setuptools/command/install.py:34: SetuptoolsDeprecationWarning: setup.py install is deprecated. Use build and pip and other standards-based tools.\n'}
[12.536762] (yahboomcar_visual) StderrLine: {'line': b'  warnings.warn(\n'}
[12.537353] (yahboomcar_visual) StdoutLine: {'line': b'running install_lib\n'}
[12.539889] (yahboomcar_visual) StdoutLine: {'line': b'running install_data\n'}
[12.540802] (yahboomcar_visual) StdoutLine: {'line': b'running install_egg_info\n'}
[12.543326] (yahboomcar_visual) StdoutLine: {'line': b"removing '/root/yahboomcar_ws/install/yahboomcar_visual/lib/python3.10/site-packages/yahboomcar_visual-0.0.0-py3.10.egg-info' (and everything under it)\n"}
[12.544031] (yahboomcar_visual) StdoutLine: {'line': b'Copying ../../build/yahboomcar_visual/yahboomcar_visual.egg-info to /root/yahboomcar_ws/install/yahboomcar_visual/lib/python3.10/site-packages/yahboomcar_visual-0.0.0-py3.10.egg-info\n'}
[12.545417] (yahboomcar_visual) StdoutLine: {'line': b'running install_scripts\n'}
[12.546633] (-) TimerEvent: {}
[12.576577] (yahboomcar_visual) StdoutLine: {'line': b'Installing astra_color_point script to /root/yahboomcar_ws/install/yahboomcar_visual/lib/yahboomcar_visual\n'}
[12.581908] (yahboomcar_visual) StdoutLine: {'line': b'Installing astra_depth_image script to /root/yahboomcar_ws/install/yahboomcar_visual/lib/yahboomcar_visual\n'}
[12.582247] (yahboomcar_visual) StdoutLine: {'line': b'Installing astra_image_flip script to /root/yahboomcar_ws/install/yahboomcar_visual/lib/yahboomcar_visual\n'}
[12.582320] (yahboomcar_visual) StdoutLine: {'line': b'Installing astra_rgb_image script to /root/yahboomcar_ws/install/yahboomcar_visual/lib/yahboomcar_visual\n'}
[12.582385] (yahboomcar_visual) StdoutLine: {'line': b'Installing laser_to_image script to /root/yahboomcar_ws/install/yahboomcar_visual/lib/yahboomcar_visual\n'}
[12.582449] (yahboomcar_visual) StdoutLine: {'line': b'Installing pub_image script to /root/yahboomcar_ws/install/yahboomcar_visual/lib/yahboomcar_visual\n'}
[12.582512] (yahboomcar_visual) StdoutLine: {'line': b'Installing simple_AR script to /root/yahboomcar_ws/install/yahboomcar_visual/lib/yahboomcar_visual\n'}
[12.582573] (yahboomcar_visual) StdoutLine: {'line': b"writing list of installed files to '/root/yahboomcar_ws/build/yahboomcar_visual/install.log'\n"}
[12.642373] (yahboomcar_visual) CommandEnded: {'returncode': 0}
[12.646780] (-) TimerEvent: {}
[12.704413] (yahboomcar_visual) JobEnded: {'identifier': 'yahboomcar_visual', 'rc': 0}
[12.705773] (-) EventReactorShutdown: {}
