[1.380s] DEBUG:colcon:Command line arguments: ['/usr/bin/colcon', 'build']
[1.380s] DEBUG:colcon:Parsed command line arguments: Namespace(log_base=None, log_level=None, verb_name='build', build_base='build', install_base='install', merge_install=False, symlink_install=False, test_result_base=None, continue_on_error=False, executor='parallel', parallel_workers=4, event_handlers=None, ignore_user_meta=False, metas=['./colcon.meta'], base_paths=['.'], packages_ignore=None, packages_ignore_regex=None, paths=None, packages_up_to=None, packages_up_to_regex=None, packages_above=None, packages_above_and_dependencies=None, packages_above_depth=None, packages_select_by_dep=None, packages_skip_by_dep=None, packages_skip_up_to=None, packages_select_build_failed=False, packages_skip_build_finished=False, packages_select_test_failures=False, packages_skip_test_passed=False, packages_select=None, packages_skip=None, packages_select_regex=None, packages_skip_regex=None, packages_start=None, packages_end=None, cmake_args=None, cmake_target=None, cmake_target_skip_unavailable=False, cmake_clean_cache=False, cmake_clean_first=False, cmake_force_configure=False, ament_cmake_args=None, catkin_cmake_args=None, catkin_skip_building_tests=False, mixin_files=None, mixin=None, verb_parser=<colcon_mixin.mixin.mixin_argument.MixinArgumentDecorator object at 0x7fff41acd450>, verb_extension=<colcon_core.verb.build.BuildVerb object at 0x7fff41acf0a0>, main=<bound method BuildVerb.main of <colcon_core.verb.build.BuildVerb object at 0x7fff41acf0a0>>, mixin_verb=('build',))
[1.435s] Level 1:colcon.colcon_core.package_discovery:discover_packages(colcon_meta) check parameters
[1.436s] INFO:colcon.colcon_metadata.package_discovery.colcon_meta:Using configuration from '/root/.colcon/metadata/default/Gazebo.meta'
[1.437s] INFO:colcon.colcon_metadata.package_discovery.colcon_meta:Using configuration from '/root/.colcon/metadata/default/fastrtps.meta'
[1.437s] Level 1:colcon.colcon_core.package_discovery:discover_packages(recursive) check parameters
[1.437s] Level 1:colcon.colcon_core.package_discovery:discover_packages(ignore) check parameters
[1.437s] Level 1:colcon.colcon_core.package_discovery:discover_packages(path) check parameters
[1.437s] Level 1:colcon.colcon_core.package_discovery:discover_packages(colcon_meta) discover
[1.437s] Level 1:colcon.colcon_core.package_discovery:discover_packages(recursive) discover
[1.437s] INFO:colcon.colcon_core.package_discovery:Crawling recursively for packages in '/root/yahboomcar_ws'
[1.437s] Level 1:colcon.colcon_core.package_identification:_identify(.) by extensions ['ignore', 'ignore_ament_install']
[1.437s] Level 1:colcon.colcon_core.package_identification:_identify(.) by extension 'ignore'
[1.437s] Level 1:colcon.colcon_core.package_identification:_identify(.) by extension 'ignore_ament_install'
[1.437s] Level 1:colcon.colcon_core.package_identification:_identify(.) by extensions ['colcon_pkg']
[1.437s] Level 1:colcon.colcon_core.package_identification:_identify(.) by extension 'colcon_pkg'
[1.438s] Level 1:colcon.colcon_core.package_identification:_identify(.) by extensions ['colcon_meta']
[1.438s] Level 1:colcon.colcon_core.package_identification:_identify(.) by extension 'colcon_meta'
[1.438s] Level 1:colcon.colcon_core.package_identification:_identify(.) by extensions ['ros']
[1.438s] Level 1:colcon.colcon_core.package_identification:_identify(.) by extension 'ros'
[1.475s] Level 1:colcon.colcon_core.package_identification:_identify(.) by extensions ['cmake', 'python']
[1.475s] Level 1:colcon.colcon_core.package_identification:_identify(.) by extension 'cmake'
[1.475s] Level 1:colcon.colcon_core.package_identification:_identify(.) by extension 'python'
[1.475s] Level 1:colcon.colcon_core.package_identification:_identify(.) by extensions ['python_setup_py']
[1.475s] Level 1:colcon.colcon_core.package_identification:_identify(.) by extension 'python_setup_py'
[1.476s] Level 1:colcon.colcon_core.package_identification:_identify(build) by extensions ['ignore', 'ignore_ament_install']
[1.476s] Level 1:colcon.colcon_core.package_identification:_identify(build) by extension 'ignore'
[1.476s] Level 1:colcon.colcon_core.package_identification:_identify(build) ignored
[1.476s] Level 1:colcon.colcon_core.package_identification:_identify(install) by extensions ['ignore', 'ignore_ament_install']
[1.476s] Level 1:colcon.colcon_core.package_identification:_identify(install) by extension 'ignore'
[1.476s] Level 1:colcon.colcon_core.package_identification:_identify(install) ignored
[1.476s] Level 1:colcon.colcon_core.package_identification:_identify(log) by extensions ['ignore', 'ignore_ament_install']
[1.477s] Level 1:colcon.colcon_core.package_identification:_identify(log) by extension 'ignore'
[1.477s] Level 1:colcon.colcon_core.package_identification:_identify(log) ignored
[1.477s] Level 1:colcon.colcon_core.package_identification:_identify(src) by extensions ['ignore', 'ignore_ament_install']
[1.477s] Level 1:colcon.colcon_core.package_identification:_identify(src) by extension 'ignore'
[1.477s] Level 1:colcon.colcon_core.package_identification:_identify(src) by extension 'ignore_ament_install'
[1.477s] Level 1:colcon.colcon_core.package_identification:_identify(src) by extensions ['colcon_pkg']
[1.477s] Level 1:colcon.colcon_core.package_identification:_identify(src) by extension 'colcon_pkg'
[1.477s] Level 1:colcon.colcon_core.package_identification:_identify(src) by extensions ['colcon_meta']
[1.477s] Level 1:colcon.colcon_core.package_identification:_identify(src) by extension 'colcon_meta'
[1.477s] Level 1:colcon.colcon_core.package_identification:_identify(src) by extensions ['ros']
[1.477s] Level 1:colcon.colcon_core.package_identification:_identify(src) by extension 'ros'
[1.477s] Level 1:colcon.colcon_core.package_identification:_identify(src) by extensions ['cmake', 'python']
[1.477s] Level 1:colcon.colcon_core.package_identification:_identify(src) by extension 'cmake'
[1.477s] Level 1:colcon.colcon_core.package_identification:_identify(src) by extension 'python'
[1.477s] Level 1:colcon.colcon_core.package_identification:_identify(src) by extensions ['python_setup_py']
[1.477s] Level 1:colcon.colcon_core.package_identification:_identify(src) by extension 'python_setup_py'
[1.477s] Level 1:colcon.colcon_core.package_identification:_identify(src/laserscan_to_point_publisher) by extensions ['ignore', 'ignore_ament_install']
[1.478s] Level 1:colcon.colcon_core.package_identification:_identify(src/laserscan_to_point_publisher) by extension 'ignore'
[1.478s] Level 1:colcon.colcon_core.package_identification:_identify(src/laserscan_to_point_publisher) by extension 'ignore_ament_install'
[1.478s] Level 1:colcon.colcon_core.package_identification:_identify(src/laserscan_to_point_publisher) by extensions ['colcon_pkg']
[1.478s] Level 1:colcon.colcon_core.package_identification:_identify(src/laserscan_to_point_publisher) by extension 'colcon_pkg'
[1.478s] Level 1:colcon.colcon_core.package_identification:_identify(src/laserscan_to_point_publisher) by extensions ['colcon_meta']
[1.478s] Level 1:colcon.colcon_core.package_identification:_identify(src/laserscan_to_point_publisher) by extension 'colcon_meta'
[1.478s] Level 1:colcon.colcon_core.package_identification:_identify(src/laserscan_to_point_publisher) by extensions ['ros']
[1.478s] Level 1:colcon.colcon_core.package_identification:_identify(src/laserscan_to_point_publisher) by extension 'ros'
[1.481s] DEBUG:colcon.colcon_core.package_identification:Package 'src/laserscan_to_point_publisher' with type 'ros.ament_python' and name 'laserscan_to_point_publisher'
[1.481s] Level 1:colcon.colcon_core.package_identification:_identify(src/robot_localization) by extensions ['ignore', 'ignore_ament_install']
[1.481s] Level 1:colcon.colcon_core.package_identification:_identify(src/robot_localization) by extension 'ignore'
[1.481s] Level 1:colcon.colcon_core.package_identification:_identify(src/robot_localization) by extension 'ignore_ament_install'
[1.481s] Level 1:colcon.colcon_core.package_identification:_identify(src/robot_localization) by extensions ['colcon_pkg']
[1.481s] Level 1:colcon.colcon_core.package_identification:_identify(src/robot_localization) by extension 'colcon_pkg'
[1.481s] Level 1:colcon.colcon_core.package_identification:_identify(src/robot_localization) by extensions ['colcon_meta']
[1.481s] Level 1:colcon.colcon_core.package_identification:_identify(src/robot_localization) by extension 'colcon_meta'
[1.481s] Level 1:colcon.colcon_core.package_identification:_identify(src/robot_localization) by extensions ['ros']
[1.481s] Level 1:colcon.colcon_core.package_identification:_identify(src/robot_localization) by extension 'ros'
[1.484s] DEBUG:colcon.colcon_core.package_identification:Package 'src/robot_localization' with type 'ros.ament_cmake' and name 'robot_localization'
[1.484s] Level 1:colcon.colcon_core.package_identification:_identify(src/robot_pose_publisher_ros2) by extensions ['ignore', 'ignore_ament_install']
[1.484s] Level 1:colcon.colcon_core.package_identification:_identify(src/robot_pose_publisher_ros2) by extension 'ignore'
[1.484s] Level 1:colcon.colcon_core.package_identification:_identify(src/robot_pose_publisher_ros2) by extension 'ignore_ament_install'
[1.484s] Level 1:colcon.colcon_core.package_identification:_identify(src/robot_pose_publisher_ros2) by extensions ['colcon_pkg']
[1.485s] Level 1:colcon.colcon_core.package_identification:_identify(src/robot_pose_publisher_ros2) by extension 'colcon_pkg'
[1.485s] Level 1:colcon.colcon_core.package_identification:_identify(src/robot_pose_publisher_ros2) by extensions ['colcon_meta']
[1.485s] Level 1:colcon.colcon_core.package_identification:_identify(src/robot_pose_publisher_ros2) by extension 'colcon_meta'
[1.485s] Level 1:colcon.colcon_core.package_identification:_identify(src/robot_pose_publisher_ros2) by extensions ['ros']
[1.485s] Level 1:colcon.colcon_core.package_identification:_identify(src/robot_pose_publisher_ros2) by extension 'ros'
[1.485s] DEBUG:colcon.colcon_core.package_identification:Package 'src/robot_pose_publisher_ros2' with type 'ros.ament_cmake' and name 'robot_pose_publisher_ros2'
[1.485s] Level 1:colcon.colcon_core.package_identification:_identify(src/yahboom_app_save_map) by extensions ['ignore', 'ignore_ament_install']
[1.486s] Level 1:colcon.colcon_core.package_identification:_identify(src/yahboom_app_save_map) by extension 'ignore'
[1.486s] Level 1:colcon.colcon_core.package_identification:_identify(src/yahboom_app_save_map) by extension 'ignore_ament_install'
[1.486s] Level 1:colcon.colcon_core.package_identification:_identify(src/yahboom_app_save_map) by extensions ['colcon_pkg']
[1.486s] Level 1:colcon.colcon_core.package_identification:_identify(src/yahboom_app_save_map) by extension 'colcon_pkg'
[1.486s] Level 1:colcon.colcon_core.package_identification:_identify(src/yahboom_app_save_map) by extensions ['colcon_meta']
[1.486s] Level 1:colcon.colcon_core.package_identification:_identify(src/yahboom_app_save_map) by extension 'colcon_meta'
[1.486s] Level 1:colcon.colcon_core.package_identification:_identify(src/yahboom_app_save_map) by extensions ['ros']
[1.486s] Level 1:colcon.colcon_core.package_identification:_identify(src/yahboom_app_save_map) by extension 'ros'
[1.486s] DEBUG:colcon.colcon_core.package_identification:Package 'src/yahboom_app_save_map' with type 'ros.ament_python' and name 'yahboom_app_save_map'
[1.486s] Level 1:colcon.colcon_core.package_identification:_identify(src/yahboom_web_savmap_interfaces) by extensions ['ignore', 'ignore_ament_install']
[1.487s] Level 1:colcon.colcon_core.package_identification:_identify(src/yahboom_web_savmap_interfaces) by extension 'ignore'
[1.487s] Level 1:colcon.colcon_core.package_identification:_identify(src/yahboom_web_savmap_interfaces) by extension 'ignore_ament_install'
[1.487s] Level 1:colcon.colcon_core.package_identification:_identify(src/yahboom_web_savmap_interfaces) by extensions ['colcon_pkg']
[1.487s] Level 1:colcon.colcon_core.package_identification:_identify(src/yahboom_web_savmap_interfaces) by extension 'colcon_pkg'
[1.487s] Level 1:colcon.colcon_core.package_identification:_identify(src/yahboom_web_savmap_interfaces) by extensions ['colcon_meta']
[1.487s] Level 1:colcon.colcon_core.package_identification:_identify(src/yahboom_web_savmap_interfaces) by extension 'colcon_meta'
[1.487s] Level 1:colcon.colcon_core.package_identification:_identify(src/yahboom_web_savmap_interfaces) by extensions ['ros']
[1.487s] Level 1:colcon.colcon_core.package_identification:_identify(src/yahboom_web_savmap_interfaces) by extension 'ros'
[1.487s] DEBUG:colcon.colcon_core.package_identification:Package 'src/yahboom_web_savmap_interfaces' with type 'ros.ament_cmake' and name 'yahboom_web_savmap_interfaces'
[1.488s] Level 1:colcon.colcon_core.package_identification:_identify(src/yahboomcar_astra) by extensions ['ignore', 'ignore_ament_install']
[1.488s] Level 1:colcon.colcon_core.package_identification:_identify(src/yahboomcar_astra) by extension 'ignore'
[1.488s] Level 1:colcon.colcon_core.package_identification:_identify(src/yahboomcar_astra) by extension 'ignore_ament_install'
[1.488s] Level 1:colcon.colcon_core.package_identification:_identify(src/yahboomcar_astra) by extensions ['colcon_pkg']
[1.488s] Level 1:colcon.colcon_core.package_identification:_identify(src/yahboomcar_astra) by extension 'colcon_pkg'
[1.488s] Level 1:colcon.colcon_core.package_identification:_identify(src/yahboomcar_astra) by extensions ['colcon_meta']
[1.488s] Level 1:colcon.colcon_core.package_identification:_identify(src/yahboomcar_astra) by extension 'colcon_meta'
[1.488s] Level 1:colcon.colcon_core.package_identification:_identify(src/yahboomcar_astra) by extensions ['ros']
[1.488s] Level 1:colcon.colcon_core.package_identification:_identify(src/yahboomcar_astra) by extension 'ros'
[1.488s] DEBUG:colcon.colcon_core.package_identification:Package 'src/yahboomcar_astra' with type 'ros.ament_python' and name 'yahboomcar_astra'
[1.488s] Level 1:colcon.colcon_core.package_identification:_identify(src/yahboomcar_base_node) by extensions ['ignore', 'ignore_ament_install']
[1.489s] Level 1:colcon.colcon_core.package_identification:_identify(src/yahboomcar_base_node) by extension 'ignore'
[1.489s] Level 1:colcon.colcon_core.package_identification:_identify(src/yahboomcar_base_node) by extension 'ignore_ament_install'
[1.489s] Level 1:colcon.colcon_core.package_identification:_identify(src/yahboomcar_base_node) by extensions ['colcon_pkg']
[1.489s] Level 1:colcon.colcon_core.package_identification:_identify(src/yahboomcar_base_node) by extension 'colcon_pkg'
[1.489s] Level 1:colcon.colcon_core.package_identification:_identify(src/yahboomcar_base_node) by extensions ['colcon_meta']
[1.489s] Level 1:colcon.colcon_core.package_identification:_identify(src/yahboomcar_base_node) by extension 'colcon_meta'
[1.489s] Level 1:colcon.colcon_core.package_identification:_identify(src/yahboomcar_base_node) by extensions ['ros']
[1.489s] Level 1:colcon.colcon_core.package_identification:_identify(src/yahboomcar_base_node) by extension 'ros'
[1.490s] DEBUG:colcon.colcon_core.package_identification:Package 'src/yahboomcar_base_node' with type 'ros.ament_cmake' and name 'yahboomcar_base_node'
[1.490s] Level 1:colcon.colcon_core.package_identification:_identify(src/yahboomcar_bringup) by extensions ['ignore', 'ignore_ament_install']
[1.490s] Level 1:colcon.colcon_core.package_identification:_identify(src/yahboomcar_bringup) by extension 'ignore'
[1.490s] Level 1:colcon.colcon_core.package_identification:_identify(src/yahboomcar_bringup) by extension 'ignore_ament_install'
[1.490s] Level 1:colcon.colcon_core.package_identification:_identify(src/yahboomcar_bringup) by extensions ['colcon_pkg']
[1.490s] Level 1:colcon.colcon_core.package_identification:_identify(src/yahboomcar_bringup) by extension 'colcon_pkg'
[1.490s] Level 1:colcon.colcon_core.package_identification:_identify(src/yahboomcar_bringup) by extensions ['colcon_meta']
[1.490s] Level 1:colcon.colcon_core.package_identification:_identify(src/yahboomcar_bringup) by extension 'colcon_meta'
[1.490s] Level 1:colcon.colcon_core.package_identification:_identify(src/yahboomcar_bringup) by extensions ['ros']
[1.490s] Level 1:colcon.colcon_core.package_identification:_identify(src/yahboomcar_bringup) by extension 'ros'
[1.491s] DEBUG:colcon.colcon_core.package_identification:Package 'src/yahboomcar_bringup' with type 'ros.ament_python' and name 'yahboomcar_bringup'
[1.491s] Level 1:colcon.colcon_core.package_identification:_identify(src/yahboomcar_ctrl) by extensions ['ignore', 'ignore_ament_install']
[1.491s] Level 1:colcon.colcon_core.package_identification:_identify(src/yahboomcar_ctrl) by extension 'ignore'
[1.491s] Level 1:colcon.colcon_core.package_identification:_identify(src/yahboomcar_ctrl) by extension 'ignore_ament_install'
[1.491s] Level 1:colcon.colcon_core.package_identification:_identify(src/yahboomcar_ctrl) by extensions ['colcon_pkg']
[1.491s] Level 1:colcon.colcon_core.package_identification:_identify(src/yahboomcar_ctrl) by extension 'colcon_pkg'
[1.491s] Level 1:colcon.colcon_core.package_identification:_identify(src/yahboomcar_ctrl) by extensions ['colcon_meta']
[1.491s] Level 1:colcon.colcon_core.package_identification:_identify(src/yahboomcar_ctrl) by extension 'colcon_meta'
[1.491s] Level 1:colcon.colcon_core.package_identification:_identify(src/yahboomcar_ctrl) by extensions ['ros']
[1.491s] Level 1:colcon.colcon_core.package_identification:_identify(src/yahboomcar_ctrl) by extension 'ros'
[1.492s] DEBUG:colcon.colcon_core.package_identification:Package 'src/yahboomcar_ctrl' with type 'ros.ament_python' and name 'yahboomcar_ctrl'
[1.492s] Level 1:colcon.colcon_core.package_identification:_identify(src/yahboomcar_description) by extensions ['ignore', 'ignore_ament_install']
[1.492s] Level 1:colcon.colcon_core.package_identification:_identify(src/yahboomcar_description) by extension 'ignore'
[1.492s] Level 1:colcon.colcon_core.package_identification:_identify(src/yahboomcar_description) by extension 'ignore_ament_install'
[1.492s] Level 1:colcon.colcon_core.package_identification:_identify(src/yahboomcar_description) by extensions ['colcon_pkg']
[1.492s] Level 1:colcon.colcon_core.package_identification:_identify(src/yahboomcar_description) by extension 'colcon_pkg'
[1.492s] Level 1:colcon.colcon_core.package_identification:_identify(src/yahboomcar_description) by extensions ['colcon_meta']
[1.492s] Level 1:colcon.colcon_core.package_identification:_identify(src/yahboomcar_description) by extension 'colcon_meta'
[1.492s] Level 1:colcon.colcon_core.package_identification:_identify(src/yahboomcar_description) by extensions ['ros']
[1.492s] Level 1:colcon.colcon_core.package_identification:_identify(src/yahboomcar_description) by extension 'ros'
[1.493s] DEBUG:colcon.colcon_core.package_identification:Package 'src/yahboomcar_description' with type 'ros.ament_python' and name 'yahboomcar_description'
[1.493s] Level 1:colcon.colcon_core.package_identification:_identify(src/yahboomcar_laser) by extensions ['ignore', 'ignore_ament_install']
[1.493s] Level 1:colcon.colcon_core.package_identification:_identify(src/yahboomcar_laser) by extension 'ignore'
[1.493s] Level 1:colcon.colcon_core.package_identification:_identify(src/yahboomcar_laser) by extension 'ignore_ament_install'
[1.493s] Level 1:colcon.colcon_core.package_identification:_identify(src/yahboomcar_laser) by extensions ['colcon_pkg']
[1.493s] Level 1:colcon.colcon_core.package_identification:_identify(src/yahboomcar_laser) by extension 'colcon_pkg'
[1.493s] Level 1:colcon.colcon_core.package_identification:_identify(src/yahboomcar_laser) by extensions ['colcon_meta']
[1.493s] Level 1:colcon.colcon_core.package_identification:_identify(src/yahboomcar_laser) by extension 'colcon_meta'
[1.493s] Level 1:colcon.colcon_core.package_identification:_identify(src/yahboomcar_laser) by extensions ['ros']
[1.493s] Level 1:colcon.colcon_core.package_identification:_identify(src/yahboomcar_laser) by extension 'ros'
[1.494s] DEBUG:colcon.colcon_core.package_identification:Package 'src/yahboomcar_laser' with type 'ros.ament_python' and name 'yahboomcar_laser'
[1.494s] Level 1:colcon.colcon_core.package_identification:_identify(src/yahboomcar_mediapipe) by extensions ['ignore', 'ignore_ament_install']
[1.494s] Level 1:colcon.colcon_core.package_identification:_identify(src/yahboomcar_mediapipe) by extension 'ignore'
[1.494s] Level 1:colcon.colcon_core.package_identification:_identify(src/yahboomcar_mediapipe) by extension 'ignore_ament_install'
[1.494s] Level 1:colcon.colcon_core.package_identification:_identify(src/yahboomcar_mediapipe) by extensions ['colcon_pkg']
[1.494s] Level 1:colcon.colcon_core.package_identification:_identify(src/yahboomcar_mediapipe) by extension 'colcon_pkg'
[1.494s] Level 1:colcon.colcon_core.package_identification:_identify(src/yahboomcar_mediapipe) by extensions ['colcon_meta']
[1.494s] Level 1:colcon.colcon_core.package_identification:_identify(src/yahboomcar_mediapipe) by extension 'colcon_meta'
[1.494s] Level 1:colcon.colcon_core.package_identification:_identify(src/yahboomcar_mediapipe) by extensions ['ros']
[1.494s] Level 1:colcon.colcon_core.package_identification:_identify(src/yahboomcar_mediapipe) by extension 'ros'
[1.495s] DEBUG:colcon.colcon_core.package_identification:Package 'src/yahboomcar_mediapipe' with type 'ros.ament_python' and name 'yahboomcar_mediapipe'
[1.495s] Level 1:colcon.colcon_core.package_identification:_identify(src/yahboomcar_msgs) by extensions ['ignore', 'ignore_ament_install']
[1.495s] Level 1:colcon.colcon_core.package_identification:_identify(src/yahboomcar_msgs) by extension 'ignore'
[1.495s] Level 1:colcon.colcon_core.package_identification:_identify(src/yahboomcar_msgs) by extension 'ignore_ament_install'
[1.495s] Level 1:colcon.colcon_core.package_identification:_identify(src/yahboomcar_msgs) by extensions ['colcon_pkg']
[1.495s] Level 1:colcon.colcon_core.package_identification:_identify(src/yahboomcar_msgs) by extension 'colcon_pkg'
[1.495s] Level 1:colcon.colcon_core.package_identification:_identify(src/yahboomcar_msgs) by extensions ['colcon_meta']
[1.495s] Level 1:colcon.colcon_core.package_identification:_identify(src/yahboomcar_msgs) by extension 'colcon_meta'
[1.495s] Level 1:colcon.colcon_core.package_identification:_identify(src/yahboomcar_msgs) by extensions ['ros']
[1.495s] Level 1:colcon.colcon_core.package_identification:_identify(src/yahboomcar_msgs) by extension 'ros'
[1.496s] DEBUG:colcon.colcon_core.package_identification:Package 'src/yahboomcar_msgs' with type 'ros.ament_cmake' and name 'yahboomcar_msgs'
[1.496s] Level 1:colcon.colcon_core.package_identification:_identify(src/yahboomcar_nav) by extensions ['ignore', 'ignore_ament_install']
[1.496s] Level 1:colcon.colcon_core.package_identification:_identify(src/yahboomcar_nav) by extension 'ignore'
[1.496s] Level 1:colcon.colcon_core.package_identification:_identify(src/yahboomcar_nav) by extension 'ignore_ament_install'
[1.496s] Level 1:colcon.colcon_core.package_identification:_identify(src/yahboomcar_nav) by extensions ['colcon_pkg']
[1.496s] Level 1:colcon.colcon_core.package_identification:_identify(src/yahboomcar_nav) by extension 'colcon_pkg'
[1.496s] Level 1:colcon.colcon_core.package_identification:_identify(src/yahboomcar_nav) by extensions ['colcon_meta']
[1.496s] Level 1:colcon.colcon_core.package_identification:_identify(src/yahboomcar_nav) by extension 'colcon_meta'
[1.496s] Level 1:colcon.colcon_core.package_identification:_identify(src/yahboomcar_nav) by extensions ['ros']
[1.496s] Level 1:colcon.colcon_core.package_identification:_identify(src/yahboomcar_nav) by extension 'ros'
[1.497s] DEBUG:colcon.colcon_core.package_identification:Package 'src/yahboomcar_nav' with type 'ros.ament_python' and name 'yahboomcar_nav'
[1.497s] Level 1:colcon.colcon_core.package_identification:_identify(src/yahboomcar_visual) by extensions ['ignore', 'ignore_ament_install']
[1.497s] Level 1:colcon.colcon_core.package_identification:_identify(src/yahboomcar_visual) by extension 'ignore'
[1.497s] Level 1:colcon.colcon_core.package_identification:_identify(src/yahboomcar_visual) by extension 'ignore_ament_install'
[1.497s] Level 1:colcon.colcon_core.package_identification:_identify(src/yahboomcar_visual) by extensions ['colcon_pkg']
[1.497s] Level 1:colcon.colcon_core.package_identification:_identify(src/yahboomcar_visual) by extension 'colcon_pkg'
[1.497s] Level 1:colcon.colcon_core.package_identification:_identify(src/yahboomcar_visual) by extensions ['colcon_meta']
[1.497s] Level 1:colcon.colcon_core.package_identification:_identify(src/yahboomcar_visual) by extension 'colcon_meta'
[1.497s] Level 1:colcon.colcon_core.package_identification:_identify(src/yahboomcar_visual) by extensions ['ros']
[1.497s] Level 1:colcon.colcon_core.package_identification:_identify(src/yahboomcar_visual) by extension 'ros'
[1.498s] DEBUG:colcon.colcon_core.package_identification:Package 'src/yahboomcar_visual' with type 'ros.ament_python' and name 'yahboomcar_visual'
[1.498s] Level 1:colcon.colcon_core.package_discovery:discover_packages(recursive) using defaults
[1.498s] Level 1:colcon.colcon_core.package_discovery:discover_packages(ignore) discover
[1.498s] Level 1:colcon.colcon_core.package_discovery:discover_packages(ignore) using defaults
[1.498s] Level 1:colcon.colcon_core.package_discovery:discover_packages(path) discover
[1.498s] Level 1:colcon.colcon_core.package_discovery:discover_packages(path) using defaults
[1.587s] Level 5:colcon.colcon_core.verb:set package 'laserscan_to_point_publisher' build argument 'cmake_args' from command line to 'None'
[1.587s] Level 5:colcon.colcon_core.verb:set package 'laserscan_to_point_publisher' build argument 'cmake_target' from command line to 'None'
[1.587s] Level 5:colcon.colcon_core.verb:set package 'laserscan_to_point_publisher' build argument 'cmake_target_skip_unavailable' from command line to 'False'
[1.587s] Level 5:colcon.colcon_core.verb:set package 'laserscan_to_point_publisher' build argument 'cmake_clean_cache' from command line to 'False'
[1.587s] Level 5:colcon.colcon_core.verb:set package 'laserscan_to_point_publisher' build argument 'cmake_clean_first' from command line to 'False'
[1.587s] Level 5:colcon.colcon_core.verb:set package 'laserscan_to_point_publisher' build argument 'cmake_force_configure' from command line to 'False'
[1.588s] Level 5:colcon.colcon_core.verb:set package 'laserscan_to_point_publisher' build argument 'ament_cmake_args' from command line to 'None'
[1.588s] Level 5:colcon.colcon_core.verb:set package 'laserscan_to_point_publisher' build argument 'catkin_cmake_args' from command line to 'None'
[1.588s] Level 5:colcon.colcon_core.verb:set package 'laserscan_to_point_publisher' build argument 'catkin_skip_building_tests' from command line to 'False'
[1.588s] DEBUG:colcon.colcon_core.verb:Building package 'laserscan_to_point_publisher' with the following arguments: {'ament_cmake_args': None, 'build_base': '/root/yahboomcar_ws/build/laserscan_to_point_publisher', 'catkin_cmake_args': None, 'catkin_skip_building_tests': False, 'cmake_args': None, 'cmake_clean_cache': False, 'cmake_clean_first': False, 'cmake_force_configure': False, 'cmake_target': None, 'cmake_target_skip_unavailable': False, 'install_base': '/root/yahboomcar_ws/install/laserscan_to_point_publisher', 'merge_install': False, 'path': '/root/yahboomcar_ws/src/laserscan_to_point_publisher', 'symlink_install': False, 'test_result_base': None}
[1.603s] Level 5:colcon.colcon_core.verb:set package 'robot_localization' build argument 'cmake_args' from command line to 'None'
[1.603s] Level 5:colcon.colcon_core.verb:set package 'robot_localization' build argument 'cmake_target' from command line to 'None'
[1.603s] Level 5:colcon.colcon_core.verb:set package 'robot_localization' build argument 'cmake_target_skip_unavailable' from command line to 'False'
[1.603s] Level 5:colcon.colcon_core.verb:set package 'robot_localization' build argument 'cmake_clean_cache' from command line to 'False'
[1.603s] Level 5:colcon.colcon_core.verb:set package 'robot_localization' build argument 'cmake_clean_first' from command line to 'False'
[1.603s] Level 5:colcon.colcon_core.verb:set package 'robot_localization' build argument 'cmake_force_configure' from command line to 'False'
[1.603s] Level 5:colcon.colcon_core.verb:set package 'robot_localization' build argument 'ament_cmake_args' from command line to 'None'
[1.603s] Level 5:colcon.colcon_core.verb:set package 'robot_localization' build argument 'catkin_cmake_args' from command line to 'None'
[1.603s] Level 5:colcon.colcon_core.verb:set package 'robot_localization' build argument 'catkin_skip_building_tests' from command line to 'False'
[1.603s] DEBUG:colcon.colcon_core.verb:Building package 'robot_localization' with the following arguments: {'ament_cmake_args': None, 'build_base': '/root/yahboomcar_ws/build/robot_localization', 'catkin_cmake_args': None, 'catkin_skip_building_tests': False, 'cmake_args': None, 'cmake_clean_cache': False, 'cmake_clean_first': False, 'cmake_force_configure': False, 'cmake_target': None, 'cmake_target_skip_unavailable': False, 'install_base': '/root/yahboomcar_ws/install/robot_localization', 'merge_install': False, 'path': '/root/yahboomcar_ws/src/robot_localization', 'symlink_install': False, 'test_result_base': None}
[1.619s] Level 5:colcon.colcon_core.verb:set package 'robot_pose_publisher_ros2' build argument 'cmake_args' from command line to 'None'
[1.620s] Level 5:colcon.colcon_core.verb:set package 'robot_pose_publisher_ros2' build argument 'cmake_target' from command line to 'None'
[1.620s] Level 5:colcon.colcon_core.verb:set package 'robot_pose_publisher_ros2' build argument 'cmake_target_skip_unavailable' from command line to 'False'
[1.620s] Level 5:colcon.colcon_core.verb:set package 'robot_pose_publisher_ros2' build argument 'cmake_clean_cache' from command line to 'False'
[1.620s] Level 5:colcon.colcon_core.verb:set package 'robot_pose_publisher_ros2' build argument 'cmake_clean_first' from command line to 'False'
[1.620s] Level 5:colcon.colcon_core.verb:set package 'robot_pose_publisher_ros2' build argument 'cmake_force_configure' from command line to 'False'
[1.620s] Level 5:colcon.colcon_core.verb:set package 'robot_pose_publisher_ros2' build argument 'ament_cmake_args' from command line to 'None'
[1.620s] Level 5:colcon.colcon_core.verb:set package 'robot_pose_publisher_ros2' build argument 'catkin_cmake_args' from command line to 'None'
[1.620s] Level 5:colcon.colcon_core.verb:set package 'robot_pose_publisher_ros2' build argument 'catkin_skip_building_tests' from command line to 'False'
[1.620s] DEBUG:colcon.colcon_core.verb:Building package 'robot_pose_publisher_ros2' with the following arguments: {'ament_cmake_args': None, 'build_base': '/root/yahboomcar_ws/build/robot_pose_publisher_ros2', 'catkin_cmake_args': None, 'catkin_skip_building_tests': False, 'cmake_args': None, 'cmake_clean_cache': False, 'cmake_clean_first': False, 'cmake_force_configure': False, 'cmake_target': None, 'cmake_target_skip_unavailable': False, 'install_base': '/root/yahboomcar_ws/install/robot_pose_publisher_ros2', 'merge_install': False, 'path': '/root/yahboomcar_ws/src/robot_pose_publisher_ros2', 'symlink_install': False, 'test_result_base': None}
[1.635s] Level 5:colcon.colcon_core.verb:set package 'yahboom_app_save_map' build argument 'cmake_args' from command line to 'None'
[1.635s] Level 5:colcon.colcon_core.verb:set package 'yahboom_app_save_map' build argument 'cmake_target' from command line to 'None'
[1.636s] Level 5:colcon.colcon_core.verb:set package 'yahboom_app_save_map' build argument 'cmake_target_skip_unavailable' from command line to 'False'
[1.636s] Level 5:colcon.colcon_core.verb:set package 'yahboom_app_save_map' build argument 'cmake_clean_cache' from command line to 'False'
[1.636s] Level 5:colcon.colcon_core.verb:set package 'yahboom_app_save_map' build argument 'cmake_clean_first' from command line to 'False'
[1.636s] Level 5:colcon.colcon_core.verb:set package 'yahboom_app_save_map' build argument 'cmake_force_configure' from command line to 'False'
[1.636s] Level 5:colcon.colcon_core.verb:set package 'yahboom_app_save_map' build argument 'ament_cmake_args' from command line to 'None'
[1.636s] Level 5:colcon.colcon_core.verb:set package 'yahboom_app_save_map' build argument 'catkin_cmake_args' from command line to 'None'
[1.636s] Level 5:colcon.colcon_core.verb:set package 'yahboom_app_save_map' build argument 'catkin_skip_building_tests' from command line to 'False'
[1.636s] DEBUG:colcon.colcon_core.verb:Building package 'yahboom_app_save_map' with the following arguments: {'ament_cmake_args': None, 'build_base': '/root/yahboomcar_ws/build/yahboom_app_save_map', 'catkin_cmake_args': None, 'catkin_skip_building_tests': False, 'cmake_args': None, 'cmake_clean_cache': False, 'cmake_clean_first': False, 'cmake_force_configure': False, 'cmake_target': None, 'cmake_target_skip_unavailable': False, 'install_base': '/root/yahboomcar_ws/install/yahboom_app_save_map', 'merge_install': False, 'path': '/root/yahboomcar_ws/src/yahboom_app_save_map', 'symlink_install': False, 'test_result_base': None}
[1.651s] Level 5:colcon.colcon_core.verb:set package 'yahboom_web_savmap_interfaces' build argument 'cmake_args' from command line to 'None'
[1.651s] Level 5:colcon.colcon_core.verb:set package 'yahboom_web_savmap_interfaces' build argument 'cmake_target' from command line to 'None'
[1.651s] Level 5:colcon.colcon_core.verb:set package 'yahboom_web_savmap_interfaces' build argument 'cmake_target_skip_unavailable' from command line to 'False'
[1.651s] Level 5:colcon.colcon_core.verb:set package 'yahboom_web_savmap_interfaces' build argument 'cmake_clean_cache' from command line to 'False'
[1.651s] Level 5:colcon.colcon_core.verb:set package 'yahboom_web_savmap_interfaces' build argument 'cmake_clean_first' from command line to 'False'
[1.651s] Level 5:colcon.colcon_core.verb:set package 'yahboom_web_savmap_interfaces' build argument 'cmake_force_configure' from command line to 'False'
[1.651s] Level 5:colcon.colcon_core.verb:set package 'yahboom_web_savmap_interfaces' build argument 'ament_cmake_args' from command line to 'None'
[1.651s] Level 5:colcon.colcon_core.verb:set package 'yahboom_web_savmap_interfaces' build argument 'catkin_cmake_args' from command line to 'None'
[1.651s] Level 5:colcon.colcon_core.verb:set package 'yahboom_web_savmap_interfaces' build argument 'catkin_skip_building_tests' from command line to 'False'
[1.651s] DEBUG:colcon.colcon_core.verb:Building package 'yahboom_web_savmap_interfaces' with the following arguments: {'ament_cmake_args': None, 'build_base': '/root/yahboomcar_ws/build/yahboom_web_savmap_interfaces', 'catkin_cmake_args': None, 'catkin_skip_building_tests': False, 'cmake_args': None, 'cmake_clean_cache': False, 'cmake_clean_first': False, 'cmake_force_configure': False, 'cmake_target': None, 'cmake_target_skip_unavailable': False, 'install_base': '/root/yahboomcar_ws/install/yahboom_web_savmap_interfaces', 'merge_install': False, 'path': '/root/yahboomcar_ws/src/yahboom_web_savmap_interfaces', 'symlink_install': False, 'test_result_base': None}
[1.667s] Level 5:colcon.colcon_core.verb:set package 'yahboomcar_astra' build argument 'cmake_args' from command line to 'None'
[1.667s] Level 5:colcon.colcon_core.verb:set package 'yahboomcar_astra' build argument 'cmake_target' from command line to 'None'
[1.667s] Level 5:colcon.colcon_core.verb:set package 'yahboomcar_astra' build argument 'cmake_target_skip_unavailable' from command line to 'False'
[1.667s] Level 5:colcon.colcon_core.verb:set package 'yahboomcar_astra' build argument 'cmake_clean_cache' from command line to 'False'
[1.667s] Level 5:colcon.colcon_core.verb:set package 'yahboomcar_astra' build argument 'cmake_clean_first' from command line to 'False'
[1.667s] Level 5:colcon.colcon_core.verb:set package 'yahboomcar_astra' build argument 'cmake_force_configure' from command line to 'False'
[1.667s] Level 5:colcon.colcon_core.verb:set package 'yahboomcar_astra' build argument 'ament_cmake_args' from command line to 'None'
[1.667s] Level 5:colcon.colcon_core.verb:set package 'yahboomcar_astra' build argument 'catkin_cmake_args' from command line to 'None'
[1.667s] Level 5:colcon.colcon_core.verb:set package 'yahboomcar_astra' build argument 'catkin_skip_building_tests' from command line to 'False'
[1.667s] DEBUG:colcon.colcon_core.verb:Building package 'yahboomcar_astra' with the following arguments: {'ament_cmake_args': None, 'build_base': '/root/yahboomcar_ws/build/yahboomcar_astra', 'catkin_cmake_args': None, 'catkin_skip_building_tests': False, 'cmake_args': None, 'cmake_clean_cache': False, 'cmake_clean_first': False, 'cmake_force_configure': False, 'cmake_target': None, 'cmake_target_skip_unavailable': False, 'install_base': '/root/yahboomcar_ws/install/yahboomcar_astra', 'merge_install': False, 'path': '/root/yahboomcar_ws/src/yahboomcar_astra', 'symlink_install': False, 'test_result_base': None}
[1.683s] Level 5:colcon.colcon_core.verb:set package 'yahboomcar_base_node' build argument 'cmake_args' from command line to 'None'
[1.683s] Level 5:colcon.colcon_core.verb:set package 'yahboomcar_base_node' build argument 'cmake_target' from command line to 'None'
[1.683s] Level 5:colcon.colcon_core.verb:set package 'yahboomcar_base_node' build argument 'cmake_target_skip_unavailable' from command line to 'False'
[1.683s] Level 5:colcon.colcon_core.verb:set package 'yahboomcar_base_node' build argument 'cmake_clean_cache' from command line to 'False'
[1.683s] Level 5:colcon.colcon_core.verb:set package 'yahboomcar_base_node' build argument 'cmake_clean_first' from command line to 'False'
[1.683s] Level 5:colcon.colcon_core.verb:set package 'yahboomcar_base_node' build argument 'cmake_force_configure' from command line to 'False'
[1.683s] Level 5:colcon.colcon_core.verb:set package 'yahboomcar_base_node' build argument 'ament_cmake_args' from command line to 'None'
[1.683s] Level 5:colcon.colcon_core.verb:set package 'yahboomcar_base_node' build argument 'catkin_cmake_args' from command line to 'None'
[1.683s] Level 5:colcon.colcon_core.verb:set package 'yahboomcar_base_node' build argument 'catkin_skip_building_tests' from command line to 'False'
[1.683s] DEBUG:colcon.colcon_core.verb:Building package 'yahboomcar_base_node' with the following arguments: {'ament_cmake_args': None, 'build_base': '/root/yahboomcar_ws/build/yahboomcar_base_node', 'catkin_cmake_args': None, 'catkin_skip_building_tests': False, 'cmake_args': None, 'cmake_clean_cache': False, 'cmake_clean_first': False, 'cmake_force_configure': False, 'cmake_target': None, 'cmake_target_skip_unavailable': False, 'install_base': '/root/yahboomcar_ws/install/yahboomcar_base_node', 'merge_install': False, 'path': '/root/yahboomcar_ws/src/yahboomcar_base_node', 'symlink_install': False, 'test_result_base': None}
[1.700s] Level 5:colcon.colcon_core.verb:set package 'yahboomcar_bringup' build argument 'cmake_args' from command line to 'None'
[1.700s] Level 5:colcon.colcon_core.verb:set package 'yahboomcar_bringup' build argument 'cmake_target' from command line to 'None'
[1.700s] Level 5:colcon.colcon_core.verb:set package 'yahboomcar_bringup' build argument 'cmake_target_skip_unavailable' from command line to 'False'
[1.700s] Level 5:colcon.colcon_core.verb:set package 'yahboomcar_bringup' build argument 'cmake_clean_cache' from command line to 'False'
[1.700s] Level 5:colcon.colcon_core.verb:set package 'yahboomcar_bringup' build argument 'cmake_clean_first' from command line to 'False'
[1.700s] Level 5:colcon.colcon_core.verb:set package 'yahboomcar_bringup' build argument 'cmake_force_configure' from command line to 'False'
[1.700s] Level 5:colcon.colcon_core.verb:set package 'yahboomcar_bringup' build argument 'ament_cmake_args' from command line to 'None'
[1.700s] Level 5:colcon.colcon_core.verb:set package 'yahboomcar_bringup' build argument 'catkin_cmake_args' from command line to 'None'
[1.700s] Level 5:colcon.colcon_core.verb:set package 'yahboomcar_bringup' build argument 'catkin_skip_building_tests' from command line to 'False'
[1.700s] DEBUG:colcon.colcon_core.verb:Building package 'yahboomcar_bringup' with the following arguments: {'ament_cmake_args': None, 'build_base': '/root/yahboomcar_ws/build/yahboomcar_bringup', 'catkin_cmake_args': None, 'catkin_skip_building_tests': False, 'cmake_args': None, 'cmake_clean_cache': False, 'cmake_clean_first': False, 'cmake_force_configure': False, 'cmake_target': None, 'cmake_target_skip_unavailable': False, 'install_base': '/root/yahboomcar_ws/install/yahboomcar_bringup', 'merge_install': False, 'path': '/root/yahboomcar_ws/src/yahboomcar_bringup', 'symlink_install': False, 'test_result_base': None}
[1.717s] Level 5:colcon.colcon_core.verb:set package 'yahboomcar_ctrl' build argument 'cmake_args' from command line to 'None'
[1.717s] Level 5:colcon.colcon_core.verb:set package 'yahboomcar_ctrl' build argument 'cmake_target' from command line to 'None'
[1.717s] Level 5:colcon.colcon_core.verb:set package 'yahboomcar_ctrl' build argument 'cmake_target_skip_unavailable' from command line to 'False'
[1.717s] Level 5:colcon.colcon_core.verb:set package 'yahboomcar_ctrl' build argument 'cmake_clean_cache' from command line to 'False'
[1.717s] Level 5:colcon.colcon_core.verb:set package 'yahboomcar_ctrl' build argument 'cmake_clean_first' from command line to 'False'
[1.717s] Level 5:colcon.colcon_core.verb:set package 'yahboomcar_ctrl' build argument 'cmake_force_configure' from command line to 'False'
[1.717s] Level 5:colcon.colcon_core.verb:set package 'yahboomcar_ctrl' build argument 'ament_cmake_args' from command line to 'None'
[1.717s] Level 5:colcon.colcon_core.verb:set package 'yahboomcar_ctrl' build argument 'catkin_cmake_args' from command line to 'None'
[1.717s] Level 5:colcon.colcon_core.verb:set package 'yahboomcar_ctrl' build argument 'catkin_skip_building_tests' from command line to 'False'
[1.717s] DEBUG:colcon.colcon_core.verb:Building package 'yahboomcar_ctrl' with the following arguments: {'ament_cmake_args': None, 'build_base': '/root/yahboomcar_ws/build/yahboomcar_ctrl', 'catkin_cmake_args': None, 'catkin_skip_building_tests': False, 'cmake_args': None, 'cmake_clean_cache': False, 'cmake_clean_first': False, 'cmake_force_configure': False, 'cmake_target': None, 'cmake_target_skip_unavailable': False, 'install_base': '/root/yahboomcar_ws/install/yahboomcar_ctrl', 'merge_install': False, 'path': '/root/yahboomcar_ws/src/yahboomcar_ctrl', 'symlink_install': False, 'test_result_base': None}
[1.733s] Level 5:colcon.colcon_core.verb:set package 'yahboomcar_description' build argument 'cmake_args' from command line to 'None'
[1.733s] Level 5:colcon.colcon_core.verb:set package 'yahboomcar_description' build argument 'cmake_target' from command line to 'None'
[1.733s] Level 5:colcon.colcon_core.verb:set package 'yahboomcar_description' build argument 'cmake_target_skip_unavailable' from command line to 'False'
[1.733s] Level 5:colcon.colcon_core.verb:set package 'yahboomcar_description' build argument 'cmake_clean_cache' from command line to 'False'
[1.733s] Level 5:colcon.colcon_core.verb:set package 'yahboomcar_description' build argument 'cmake_clean_first' from command line to 'False'
[1.733s] Level 5:colcon.colcon_core.verb:set package 'yahboomcar_description' build argument 'cmake_force_configure' from command line to 'False'
[1.733s] Level 5:colcon.colcon_core.verb:set package 'yahboomcar_description' build argument 'ament_cmake_args' from command line to 'None'
[1.733s] Level 5:colcon.colcon_core.verb:set package 'yahboomcar_description' build argument 'catkin_cmake_args' from command line to 'None'
[1.733s] Level 5:colcon.colcon_core.verb:set package 'yahboomcar_description' build argument 'catkin_skip_building_tests' from command line to 'False'
[1.733s] DEBUG:colcon.colcon_core.verb:Building package 'yahboomcar_description' with the following arguments: {'ament_cmake_args': None, 'build_base': '/root/yahboomcar_ws/build/yahboomcar_description', 'catkin_cmake_args': None, 'catkin_skip_building_tests': False, 'cmake_args': None, 'cmake_clean_cache': False, 'cmake_clean_first': False, 'cmake_force_configure': False, 'cmake_target': None, 'cmake_target_skip_unavailable': False, 'install_base': '/root/yahboomcar_ws/install/yahboomcar_description', 'merge_install': False, 'path': '/root/yahboomcar_ws/src/yahboomcar_description', 'symlink_install': False, 'test_result_base': None}
[1.749s] Level 5:colcon.colcon_core.verb:set package 'yahboomcar_laser' build argument 'cmake_args' from command line to 'None'
[1.749s] Level 5:colcon.colcon_core.verb:set package 'yahboomcar_laser' build argument 'cmake_target' from command line to 'None'
[1.749s] Level 5:colcon.colcon_core.verb:set package 'yahboomcar_laser' build argument 'cmake_target_skip_unavailable' from command line to 'False'
[1.749s] Level 5:colcon.colcon_core.verb:set package 'yahboomcar_laser' build argument 'cmake_clean_cache' from command line to 'False'
[1.749s] Level 5:colcon.colcon_core.verb:set package 'yahboomcar_laser' build argument 'cmake_clean_first' from command line to 'False'
[1.749s] Level 5:colcon.colcon_core.verb:set package 'yahboomcar_laser' build argument 'cmake_force_configure' from command line to 'False'
[1.749s] Level 5:colcon.colcon_core.verb:set package 'yahboomcar_laser' build argument 'ament_cmake_args' from command line to 'None'
[1.749s] Level 5:colcon.colcon_core.verb:set package 'yahboomcar_laser' build argument 'catkin_cmake_args' from command line to 'None'
[1.749s] Level 5:colcon.colcon_core.verb:set package 'yahboomcar_laser' build argument 'catkin_skip_building_tests' from command line to 'False'
[1.749s] DEBUG:colcon.colcon_core.verb:Building package 'yahboomcar_laser' with the following arguments: {'ament_cmake_args': None, 'build_base': '/root/yahboomcar_ws/build/yahboomcar_laser', 'catkin_cmake_args': None, 'catkin_skip_building_tests': False, 'cmake_args': None, 'cmake_clean_cache': False, 'cmake_clean_first': False, 'cmake_force_configure': False, 'cmake_target': None, 'cmake_target_skip_unavailable': False, 'install_base': '/root/yahboomcar_ws/install/yahboomcar_laser', 'merge_install': False, 'path': '/root/yahboomcar_ws/src/yahboomcar_laser', 'symlink_install': False, 'test_result_base': None}
[1.765s] Level 5:colcon.colcon_core.verb:set package 'yahboomcar_mediapipe' build argument 'cmake_args' from command line to 'None'
[1.765s] Level 5:colcon.colcon_core.verb:set package 'yahboomcar_mediapipe' build argument 'cmake_target' from command line to 'None'
[1.765s] Level 5:colcon.colcon_core.verb:set package 'yahboomcar_mediapipe' build argument 'cmake_target_skip_unavailable' from command line to 'False'
[1.765s] Level 5:colcon.colcon_core.verb:set package 'yahboomcar_mediapipe' build argument 'cmake_clean_cache' from command line to 'False'
[1.765s] Level 5:colcon.colcon_core.verb:set package 'yahboomcar_mediapipe' build argument 'cmake_clean_first' from command line to 'False'
[1.765s] Level 5:colcon.colcon_core.verb:set package 'yahboomcar_mediapipe' build argument 'cmake_force_configure' from command line to 'False'
[1.765s] Level 5:colcon.colcon_core.verb:set package 'yahboomcar_mediapipe' build argument 'ament_cmake_args' from command line to 'None'
[1.765s] Level 5:colcon.colcon_core.verb:set package 'yahboomcar_mediapipe' build argument 'catkin_cmake_args' from command line to 'None'
[1.765s] Level 5:colcon.colcon_core.verb:set package 'yahboomcar_mediapipe' build argument 'catkin_skip_building_tests' from command line to 'False'
[1.765s] DEBUG:colcon.colcon_core.verb:Building package 'yahboomcar_mediapipe' with the following arguments: {'ament_cmake_args': None, 'build_base': '/root/yahboomcar_ws/build/yahboomcar_mediapipe', 'catkin_cmake_args': None, 'catkin_skip_building_tests': False, 'cmake_args': None, 'cmake_clean_cache': False, 'cmake_clean_first': False, 'cmake_force_configure': False, 'cmake_target': None, 'cmake_target_skip_unavailable': False, 'install_base': '/root/yahboomcar_ws/install/yahboomcar_mediapipe', 'merge_install': False, 'path': '/root/yahboomcar_ws/src/yahboomcar_mediapipe', 'symlink_install': False, 'test_result_base': None}
[1.780s] Level 5:colcon.colcon_core.verb:set package 'yahboomcar_msgs' build argument 'cmake_args' from command line to 'None'
[1.780s] Level 5:colcon.colcon_core.verb:set package 'yahboomcar_msgs' build argument 'cmake_target' from command line to 'None'
[1.780s] Level 5:colcon.colcon_core.verb:set package 'yahboomcar_msgs' build argument 'cmake_target_skip_unavailable' from command line to 'False'
[1.780s] Level 5:colcon.colcon_core.verb:set package 'yahboomcar_msgs' build argument 'cmake_clean_cache' from command line to 'False'
[1.780s] Level 5:colcon.colcon_core.verb:set package 'yahboomcar_msgs' build argument 'cmake_clean_first' from command line to 'False'
[1.780s] Level 5:colcon.colcon_core.verb:set package 'yahboomcar_msgs' build argument 'cmake_force_configure' from command line to 'False'
[1.780s] Level 5:colcon.colcon_core.verb:set package 'yahboomcar_msgs' build argument 'ament_cmake_args' from command line to 'None'
[1.780s] Level 5:colcon.colcon_core.verb:set package 'yahboomcar_msgs' build argument 'catkin_cmake_args' from command line to 'None'
[1.781s] Level 5:colcon.colcon_core.verb:set package 'yahboomcar_msgs' build argument 'catkin_skip_building_tests' from command line to 'False'
[1.781s] DEBUG:colcon.colcon_core.verb:Building package 'yahboomcar_msgs' with the following arguments: {'ament_cmake_args': None, 'build_base': '/root/yahboomcar_ws/build/yahboomcar_msgs', 'catkin_cmake_args': None, 'catkin_skip_building_tests': False, 'cmake_args': None, 'cmake_clean_cache': False, 'cmake_clean_first': False, 'cmake_force_configure': False, 'cmake_target': None, 'cmake_target_skip_unavailable': False, 'install_base': '/root/yahboomcar_ws/install/yahboomcar_msgs', 'merge_install': False, 'path': '/root/yahboomcar_ws/src/yahboomcar_msgs', 'symlink_install': False, 'test_result_base': None}
[1.796s] Level 5:colcon.colcon_core.verb:set package 'yahboomcar_nav' build argument 'cmake_args' from command line to 'None'
[1.796s] Level 5:colcon.colcon_core.verb:set package 'yahboomcar_nav' build argument 'cmake_target' from command line to 'None'
[1.796s] Level 5:colcon.colcon_core.verb:set package 'yahboomcar_nav' build argument 'cmake_target_skip_unavailable' from command line to 'False'
[1.796s] Level 5:colcon.colcon_core.verb:set package 'yahboomcar_nav' build argument 'cmake_clean_cache' from command line to 'False'
[1.796s] Level 5:colcon.colcon_core.verb:set package 'yahboomcar_nav' build argument 'cmake_clean_first' from command line to 'False'
[1.796s] Level 5:colcon.colcon_core.verb:set package 'yahboomcar_nav' build argument 'cmake_force_configure' from command line to 'False'
[1.796s] Level 5:colcon.colcon_core.verb:set package 'yahboomcar_nav' build argument 'ament_cmake_args' from command line to 'None'
[1.796s] Level 5:colcon.colcon_core.verb:set package 'yahboomcar_nav' build argument 'catkin_cmake_args' from command line to 'None'
[1.796s] Level 5:colcon.colcon_core.verb:set package 'yahboomcar_nav' build argument 'catkin_skip_building_tests' from command line to 'False'
[1.796s] DEBUG:colcon.colcon_core.verb:Building package 'yahboomcar_nav' with the following arguments: {'ament_cmake_args': None, 'build_base': '/root/yahboomcar_ws/build/yahboomcar_nav', 'catkin_cmake_args': None, 'catkin_skip_building_tests': False, 'cmake_args': None, 'cmake_clean_cache': False, 'cmake_clean_first': False, 'cmake_force_configure': False, 'cmake_target': None, 'cmake_target_skip_unavailable': False, 'install_base': '/root/yahboomcar_ws/install/yahboomcar_nav', 'merge_install': False, 'path': '/root/yahboomcar_ws/src/yahboomcar_nav', 'symlink_install': False, 'test_result_base': None}
[1.812s] Level 5:colcon.colcon_core.verb:set package 'yahboomcar_visual' build argument 'cmake_args' from command line to 'None'
[1.812s] Level 5:colcon.colcon_core.verb:set package 'yahboomcar_visual' build argument 'cmake_target' from command line to 'None'
[1.812s] Level 5:colcon.colcon_core.verb:set package 'yahboomcar_visual' build argument 'cmake_target_skip_unavailable' from command line to 'False'
[1.812s] Level 5:colcon.colcon_core.verb:set package 'yahboomcar_visual' build argument 'cmake_clean_cache' from command line to 'False'
[1.812s] Level 5:colcon.colcon_core.verb:set package 'yahboomcar_visual' build argument 'cmake_clean_first' from command line to 'False'
[1.812s] Level 5:colcon.colcon_core.verb:set package 'yahboomcar_visual' build argument 'cmake_force_configure' from command line to 'False'
[1.812s] Level 5:colcon.colcon_core.verb:set package 'yahboomcar_visual' build argument 'ament_cmake_args' from command line to 'None'
[1.812s] Level 5:colcon.colcon_core.verb:set package 'yahboomcar_visual' build argument 'catkin_cmake_args' from command line to 'None'
[1.812s] Level 5:colcon.colcon_core.verb:set package 'yahboomcar_visual' build argument 'catkin_skip_building_tests' from command line to 'False'
[1.812s] DEBUG:colcon.colcon_core.verb:Building package 'yahboomcar_visual' with the following arguments: {'ament_cmake_args': None, 'build_base': '/root/yahboomcar_ws/build/yahboomcar_visual', 'catkin_cmake_args': None, 'catkin_skip_building_tests': False, 'cmake_args': None, 'cmake_clean_cache': False, 'cmake_clean_first': False, 'cmake_force_configure': False, 'cmake_target': None, 'cmake_target_skip_unavailable': False, 'install_base': '/root/yahboomcar_ws/install/yahboomcar_visual', 'merge_install': False, 'path': '/root/yahboomcar_ws/src/yahboomcar_visual', 'symlink_install': False, 'test_result_base': None}
[1.827s] INFO:colcon.colcon_core.executor:Executing jobs using 'parallel' executor
[1.843s] DEBUG:colcon.colcon_parallel_executor.executor.parallel:run_until_complete
[1.844s] INFO:colcon.colcon_ros.task.ament_python.build:Building ROS package in '/root/yahboomcar_ws/src/laserscan_to_point_publisher' with build type 'ament_python'
[1.844s] Level 1:colcon.colcon_core.shell:create_environment_hook('laserscan_to_point_publisher', 'ament_prefix_path')
[1.864s] INFO:colcon.colcon_core.plugin_system:Skipping extension 'colcon_core.shell.bat': Not used on non-Windows systems
[1.864s] INFO:colcon.colcon_core.shell:Creating environment hook '/root/yahboomcar_ws/install/laserscan_to_point_publisher/share/laserscan_to_point_publisher/hook/ament_prefix_path.ps1'
[1.865s] INFO:colcon.colcon_core.shell:Creating environment descriptor '/root/yahboomcar_ws/install/laserscan_to_point_publisher/share/laserscan_to_point_publisher/hook/ament_prefix_path.dsv'
[1.865s] INFO:colcon.colcon_core.shell:Creating environment hook '/root/yahboomcar_ws/install/laserscan_to_point_publisher/share/laserscan_to_point_publisher/hook/ament_prefix_path.sh'
[1.886s] INFO:colcon.colcon_core.shell:Skip shell extension 'powershell' for command environment: Not usable outside of PowerShell
[1.886s] DEBUG:colcon.colcon_core.shell:Skip shell extension 'dsv' for command environment
[1.974s] INFO:colcon.colcon_ros.task.ament_cmake.build:Building ROS package in '/root/yahboomcar_ws/src/robot_localization' with build type 'ament_cmake'
[1.975s] INFO:colcon.colcon_cmake.task.cmake.build:Building CMake package in '/root/yahboomcar_ws/src/robot_localization'
[1.993s] INFO:colcon.colcon_core.shell:Skip shell extension 'powershell' for command environment: Not usable outside of PowerShell
[1.993s] DEBUG:colcon.colcon_core.shell:Skip shell extension 'dsv' for command environment
[2.088s] INFO:colcon.colcon_ros.task.ament_cmake.build:Building ROS package in '/root/yahboomcar_ws/src/robot_pose_publisher_ros2' with build type 'ament_cmake'
[2.088s] INFO:colcon.colcon_cmake.task.cmake.build:Building CMake package in '/root/yahboomcar_ws/src/robot_pose_publisher_ros2'
[2.107s] INFO:colcon.colcon_core.shell:Skip shell extension 'powershell' for command environment: Not usable outside of PowerShell
[2.107s] DEBUG:colcon.colcon_core.shell:Skip shell extension 'dsv' for command environment
[2.201s] INFO:colcon.colcon_ros.task.ament_python.build:Building ROS package in '/root/yahboomcar_ws/src/yahboom_app_save_map' with build type 'ament_python'
[2.202s] Level 1:colcon.colcon_core.shell:create_environment_hook('yahboom_app_save_map', 'ament_prefix_path')
[2.220s] INFO:colcon.colcon_core.shell:Creating environment hook '/root/yahboomcar_ws/install/yahboom_app_save_map/share/yahboom_app_save_map/hook/ament_prefix_path.ps1'
[2.221s] INFO:colcon.colcon_core.shell:Creating environment descriptor '/root/yahboomcar_ws/install/yahboom_app_save_map/share/yahboom_app_save_map/hook/ament_prefix_path.dsv'
[2.221s] INFO:colcon.colcon_core.shell:Creating environment hook '/root/yahboomcar_ws/install/yahboom_app_save_map/share/yahboom_app_save_map/hook/ament_prefix_path.sh'
[2.241s] INFO:colcon.colcon_core.shell:Skip shell extension 'powershell' for command environment: Not usable outside of PowerShell
[2.241s] DEBUG:colcon.colcon_core.shell:Skip shell extension 'dsv' for command environment
[2.696s] INFO:colcon.colcon_core.task.python.build:Building Python package in '/root/yahboomcar_ws/src/laserscan_to_point_publisher'
[2.712s] INFO:colcon.colcon_core.shell:Skip shell extension 'powershell' for command environment: Not usable outside of PowerShell
[2.712s] DEBUG:colcon.colcon_core.shell:Skip shell extension 'dsv' for command environment
[2.803s] DEBUG:colcon.colcon_core.event_handler.log_command:Invoking command in '/root/yahboomcar_ws/build/robot_localization': CMAKE_PREFIX_PATH=${CMAKE_PREFIX_PATH}:/root/yahboomcar_ws/install/yahboomcar_visual:/root/yahboomcar_ws/install/yahboomcar_nav:/root/yahboomcar_ws/install/yahboomcar_mediapipe:/root/yahboomcar_ws/install/yahboomcar_laser:/root/yahboomcar_ws/install/yahboomcar_description:/root/yahboomcar_ws/install/yahboomcar_ctrl:/root/yahboomcar_ws/install/yahboomcar_bringup:/root/yahboomcar_ws/install/yahboomcar_astra:/root/yahboomcar_ws/install/yahboom_app_save_map:/root/yahboomcar_ws/install/laserscan_to_point_publisher:/opt/ros/humble /usr/bin/cmake --build /root/yahboomcar_ws/build/robot_localization -- -j4 -l4
[2.811s] DEBUG:colcon.colcon_core.event_handler.log_command:Invoking command in '/root/yahboomcar_ws/build/robot_pose_publisher_ros2': CMAKE_PREFIX_PATH=${CMAKE_PREFIX_PATH}:/root/yahboomcar_ws/install/yahboomcar_visual:/root/yahboomcar_ws/install/yahboomcar_nav:/root/yahboomcar_ws/install/yahboomcar_mediapipe:/root/yahboomcar_ws/install/yahboomcar_laser:/root/yahboomcar_ws/install/yahboomcar_description:/root/yahboomcar_ws/install/yahboomcar_ctrl:/root/yahboomcar_ws/install/yahboomcar_bringup:/root/yahboomcar_ws/install/yahboomcar_astra:/root/yahboomcar_ws/install/yahboom_app_save_map:/root/yahboomcar_ws/install/laserscan_to_point_publisher:/opt/ros/humble /usr/bin/cmake --build /root/yahboomcar_ws/build/robot_pose_publisher_ros2 -- -j4 -l4
[3.500s] INFO:colcon.colcon_core.task.python.build:Building Python package in '/root/yahboomcar_ws/src/yahboom_app_save_map'
[3.540s] INFO:colcon.colcon_core.shell:Skip shell extension 'powershell' for command environment: Not usable outside of PowerShell
[3.540s] DEBUG:colcon.colcon_core.shell:Skip shell extension 'dsv' for command environment
[3.725s] DEBUG:colcon.colcon_core.event_handler.log_command:Invoked command in '/root/yahboomcar_ws/build/robot_pose_publisher_ros2' returned '0': CMAKE_PREFIX_PATH=${CMAKE_PREFIX_PATH}:/root/yahboomcar_ws/install/yahboomcar_visual:/root/yahboomcar_ws/install/yahboomcar_nav:/root/yahboomcar_ws/install/yahboomcar_mediapipe:/root/yahboomcar_ws/install/yahboomcar_laser:/root/yahboomcar_ws/install/yahboomcar_description:/root/yahboomcar_ws/install/yahboomcar_ctrl:/root/yahboomcar_ws/install/yahboomcar_bringup:/root/yahboomcar_ws/install/yahboomcar_astra:/root/yahboomcar_ws/install/yahboom_app_save_map:/root/yahboomcar_ws/install/laserscan_to_point_publisher:/opt/ros/humble /usr/bin/cmake --build /root/yahboomcar_ws/build/robot_pose_publisher_ros2 -- -j4 -l4
[3.747s] DEBUG:colcon.colcon_core.event_handler.log_command:Invoked command in '/root/yahboomcar_ws/build/robot_localization' returned '0': CMAKE_PREFIX_PATH=${CMAKE_PREFIX_PATH}:/root/yahboomcar_ws/install/yahboomcar_visual:/root/yahboomcar_ws/install/yahboomcar_nav:/root/yahboomcar_ws/install/yahboomcar_mediapipe:/root/yahboomcar_ws/install/yahboomcar_laser:/root/yahboomcar_ws/install/yahboomcar_description:/root/yahboomcar_ws/install/yahboomcar_ctrl:/root/yahboomcar_ws/install/yahboomcar_bringup:/root/yahboomcar_ws/install/yahboomcar_astra:/root/yahboomcar_ws/install/yahboom_app_save_map:/root/yahboomcar_ws/install/laserscan_to_point_publisher:/opt/ros/humble /usr/bin/cmake --build /root/yahboomcar_ws/build/robot_localization -- -j4 -l4
[3.801s] DEBUG:colcon.colcon_core.event_handler.log_command:Invoking command in '/root/yahboomcar_ws/build/robot_pose_publisher_ros2': CMAKE_PREFIX_PATH=${CMAKE_PREFIX_PATH}:/root/yahboomcar_ws/install/yahboomcar_visual:/root/yahboomcar_ws/install/yahboomcar_nav:/root/yahboomcar_ws/install/yahboomcar_mediapipe:/root/yahboomcar_ws/install/yahboomcar_laser:/root/yahboomcar_ws/install/yahboomcar_description:/root/yahboomcar_ws/install/yahboomcar_ctrl:/root/yahboomcar_ws/install/yahboomcar_bringup:/root/yahboomcar_ws/install/yahboomcar_astra:/root/yahboomcar_ws/install/yahboom_app_save_map:/root/yahboomcar_ws/install/laserscan_to_point_publisher:/opt/ros/humble /usr/bin/cmake --install /root/yahboomcar_ws/build/robot_pose_publisher_ros2
[3.828s] Level 1:colcon.colcon_core.environment:create_environment_scripts_only(robot_pose_publisher_ros2)
[3.829s] DEBUG:colcon.colcon_core.event_handler.log_command:Invoked command in '/root/yahboomcar_ws/build/robot_pose_publisher_ros2' returned '0': CMAKE_PREFIX_PATH=${CMAKE_PREFIX_PATH}:/root/yahboomcar_ws/install/yahboomcar_visual:/root/yahboomcar_ws/install/yahboomcar_nav:/root/yahboomcar_ws/install/yahboomcar_mediapipe:/root/yahboomcar_ws/install/yahboomcar_laser:/root/yahboomcar_ws/install/yahboomcar_description:/root/yahboomcar_ws/install/yahboomcar_ctrl:/root/yahboomcar_ws/install/yahboomcar_bringup:/root/yahboomcar_ws/install/yahboomcar_astra:/root/yahboomcar_ws/install/yahboom_app_save_map:/root/yahboomcar_ws/install/laserscan_to_point_publisher:/opt/ros/humble /usr/bin/cmake --install /root/yahboomcar_ws/build/robot_pose_publisher_ros2
[3.864s] Level 1:colcon.colcon_core.environment:checking '/root/yahboomcar_ws/install/robot_pose_publisher_ros2' for CMake module files
[3.865s] Level 1:colcon.colcon_core.environment:checking '/root/yahboomcar_ws/install/robot_pose_publisher_ros2' for CMake config files
[3.866s] Level 1:colcon.colcon_core.shell:create_environment_hook('robot_pose_publisher_ros2', 'cmake_prefix_path')
[3.947s] INFO:colcon.colcon_core.shell:Creating environment hook '/root/yahboomcar_ws/install/robot_pose_publisher_ros2/share/robot_pose_publisher_ros2/hook/cmake_prefix_path.ps1'
[3.948s] INFO:colcon.colcon_core.shell:Creating environment descriptor '/root/yahboomcar_ws/install/robot_pose_publisher_ros2/share/robot_pose_publisher_ros2/hook/cmake_prefix_path.dsv'
[3.949s] INFO:colcon.colcon_core.shell:Creating environment hook '/root/yahboomcar_ws/install/robot_pose_publisher_ros2/share/robot_pose_publisher_ros2/hook/cmake_prefix_path.sh'
[3.951s] Level 1:colcon.colcon_core.environment:checking '/root/yahboomcar_ws/install/robot_pose_publisher_ros2/lib'
[3.952s] Level 1:colcon.colcon_core.environment:checking '/root/yahboomcar_ws/install/robot_pose_publisher_ros2/bin'
[3.952s] Level 1:colcon.colcon_core.environment:checking '/root/yahboomcar_ws/install/robot_pose_publisher_ros2/lib/pkgconfig/robot_pose_publisher_ros2.pc'
[3.952s] Level 1:colcon.colcon_core.environment:checking '/root/yahboomcar_ws/install/robot_pose_publisher_ros2/lib/python3.10/site-packages'
[3.953s] Level 1:colcon.colcon_core.environment:checking '/root/yahboomcar_ws/install/robot_pose_publisher_ros2/bin'
[3.987s] INFO:colcon.colcon_core.shell:Creating package script '/root/yahboomcar_ws/install/robot_pose_publisher_ros2/share/robot_pose_publisher_ros2/package.ps1'
[3.990s] INFO:colcon.colcon_core.shell:Creating package descriptor '/root/yahboomcar_ws/install/robot_pose_publisher_ros2/share/robot_pose_publisher_ros2/package.dsv'
[3.991s] INFO:colcon.colcon_core.shell:Creating package script '/root/yahboomcar_ws/install/robot_pose_publisher_ros2/share/robot_pose_publisher_ros2/package.sh'
[3.993s] INFO:colcon.colcon_core.shell:Creating package script '/root/yahboomcar_ws/install/robot_pose_publisher_ros2/share/robot_pose_publisher_ros2/package.bash'
[3.995s] INFO:colcon.colcon_core.shell:Creating package script '/root/yahboomcar_ws/install/robot_pose_publisher_ros2/share/robot_pose_publisher_ros2/package.zsh'
[3.996s] Level 1:colcon.colcon_core.environment:create_file_with_runtime_dependencies(/root/yahboomcar_ws/install/robot_pose_publisher_ros2/share/colcon-core/packages/robot_pose_publisher_ros2)
[4.070s] Level 1:colcon.colcon_core.environment:create_environment_scripts_only(robot_pose_publisher_ros2)
[4.102s] Level 1:colcon.colcon_core.environment:checking '/root/yahboomcar_ws/install/robot_pose_publisher_ros2' for CMake module files
[4.103s] Level 1:colcon.colcon_core.environment:checking '/root/yahboomcar_ws/install/robot_pose_publisher_ros2' for CMake config files
[4.104s] Level 1:colcon.colcon_core.shell:create_environment_hook('robot_pose_publisher_ros2', 'cmake_prefix_path')
[4.126s] INFO:colcon.colcon_core.shell:Creating environment hook '/root/yahboomcar_ws/install/robot_pose_publisher_ros2/share/robot_pose_publisher_ros2/hook/cmake_prefix_path.ps1'
[4.127s] INFO:colcon.colcon_core.shell:Creating environment descriptor '/root/yahboomcar_ws/install/robot_pose_publisher_ros2/share/robot_pose_publisher_ros2/hook/cmake_prefix_path.dsv'
[4.128s] INFO:colcon.colcon_core.shell:Creating environment hook '/root/yahboomcar_ws/install/robot_pose_publisher_ros2/share/robot_pose_publisher_ros2/hook/cmake_prefix_path.sh'
[4.129s] Level 1:colcon.colcon_core.environment:checking '/root/yahboomcar_ws/install/robot_pose_publisher_ros2/lib'
[4.130s] Level 1:colcon.colcon_core.environment:checking '/root/yahboomcar_ws/install/robot_pose_publisher_ros2/bin'
[4.130s] Level 1:colcon.colcon_core.environment:checking '/root/yahboomcar_ws/install/robot_pose_publisher_ros2/lib/pkgconfig/robot_pose_publisher_ros2.pc'
[4.130s] Level 1:colcon.colcon_core.environment:checking '/root/yahboomcar_ws/install/robot_pose_publisher_ros2/lib/python3.10/site-packages'
[4.131s] Level 1:colcon.colcon_core.environment:checking '/root/yahboomcar_ws/install/robot_pose_publisher_ros2/bin'
[4.152s] INFO:colcon.colcon_core.shell:Creating package script '/root/yahboomcar_ws/install/robot_pose_publisher_ros2/share/robot_pose_publisher_ros2/package.ps1'
[4.154s] INFO:colcon.colcon_core.shell:Creating package descriptor '/root/yahboomcar_ws/install/robot_pose_publisher_ros2/share/robot_pose_publisher_ros2/package.dsv'
[4.155s] INFO:colcon.colcon_core.shell:Creating package script '/root/yahboomcar_ws/install/robot_pose_publisher_ros2/share/robot_pose_publisher_ros2/package.sh'
[4.156s] INFO:colcon.colcon_core.shell:Creating package script '/root/yahboomcar_ws/install/robot_pose_publisher_ros2/share/robot_pose_publisher_ros2/package.bash'
[4.157s] INFO:colcon.colcon_core.shell:Creating package script '/root/yahboomcar_ws/install/robot_pose_publisher_ros2/share/robot_pose_publisher_ros2/package.zsh'
[4.157s] Level 1:colcon.colcon_core.environment:create_file_with_runtime_dependencies(/root/yahboomcar_ws/install/robot_pose_publisher_ros2/share/colcon-core/packages/robot_pose_publisher_ros2)
[4.159s] INFO:colcon.colcon_ros.task.ament_cmake.build:Building ROS package in '/root/yahboomcar_ws/src/yahboom_web_savmap_interfaces' with build type 'ament_cmake'
[4.159s] INFO:colcon.colcon_cmake.task.cmake.build:Building CMake package in '/root/yahboomcar_ws/src/yahboom_web_savmap_interfaces'
[4.193s] INFO:colcon.colcon_core.shell:Skip shell extension 'powershell' for command environment: Not usable outside of PowerShell
[4.193s] DEBUG:colcon.colcon_core.shell:Skip shell extension 'dsv' for command environment
[4.335s] DEBUG:colcon.colcon_core.event_handler.log_command:Invoking command in '/root/yahboomcar_ws/build/robot_localization': CMAKE_PREFIX_PATH=${CMAKE_PREFIX_PATH}:/root/yahboomcar_ws/install/yahboomcar_visual:/root/yahboomcar_ws/install/yahboomcar_nav:/root/yahboomcar_ws/install/yahboomcar_mediapipe:/root/yahboomcar_ws/install/yahboomcar_laser:/root/yahboomcar_ws/install/yahboomcar_description:/root/yahboomcar_ws/install/yahboomcar_ctrl:/root/yahboomcar_ws/install/yahboomcar_bringup:/root/yahboomcar_ws/install/yahboomcar_astra:/root/yahboomcar_ws/install/yahboom_app_save_map:/root/yahboomcar_ws/install/laserscan_to_point_publisher:/opt/ros/humble /usr/bin/cmake --install /root/yahboomcar_ws/build/robot_localization
[4.355s] DEBUG:colcon.colcon_core.event_handler.log_command:Invoking command in '/root/yahboomcar_ws/build/yahboom_web_savmap_interfaces': CMAKE_PREFIX_PATH=${CMAKE_PREFIX_PATH}:/root/yahboomcar_ws/install/yahboomcar_visual:/root/yahboomcar_ws/install/yahboomcar_nav:/root/yahboomcar_ws/install/yahboomcar_mediapipe:/root/yahboomcar_ws/install/yahboomcar_laser:/root/yahboomcar_ws/install/yahboomcar_description:/root/yahboomcar_ws/install/yahboomcar_ctrl:/root/yahboomcar_ws/install/yahboomcar_bringup:/root/yahboomcar_ws/install/yahboomcar_astra:/root/yahboomcar_ws/install/yahboom_app_save_map:/root/yahboomcar_ws/install/laserscan_to_point_publisher:/opt/ros/humble /usr/bin/cmake --build /root/yahboomcar_ws/build/yahboom_web_savmap_interfaces -- -j4 -l4
[4.480s] DEBUG:colcon.colcon_core.event_handler.log_command:Invoking command in '/root/yahboomcar_ws/src/laserscan_to_point_publisher': PYTHONPATH=/root/yahboomcar_ws/build/laserscan_to_point_publisher/prefix_override:/root/yahboomcar_ws/install/laserscan_to_point_publisher/lib/python3.10/site-packages:${PYTHONPATH} /usr/bin/python3 setup.py egg_info --egg-base ../../build/laserscan_to_point_publisher build --build-base /root/yahboomcar_ws/build/laserscan_to_point_publisher/build install --record /root/yahboomcar_ws/build/laserscan_to_point_publisher/install.log --single-version-externally-managed
[4.557s] DEBUG:colcon.colcon_core.event_handler.log_command:Invoking command in '/root/yahboomcar_ws/src/yahboom_app_save_map': PYTHONPATH=/root/yahboomcar_ws/build/yahboom_app_save_map/prefix_override:/root/yahboomcar_ws/install/yahboom_app_save_map/lib/python3.10/site-packages:${PYTHONPATH} /usr/bin/python3 setup.py egg_info --egg-base ../../build/yahboom_app_save_map build --build-base /root/yahboomcar_ws/build/yahboom_app_save_map/build install --record /root/yahboomcar_ws/build/yahboom_app_save_map/install.log --single-version-externally-managed
[4.675s] Level 1:colcon.colcon_core.environment:create_environment_scripts_only(robot_localization)
[4.681s] DEBUG:colcon.colcon_core.event_handler.log_command:Invoked command in '/root/yahboomcar_ws/build/robot_localization' returned '0': CMAKE_PREFIX_PATH=${CMAKE_PREFIX_PATH}:/root/yahboomcar_ws/install/yahboomcar_visual:/root/yahboomcar_ws/install/yahboomcar_nav:/root/yahboomcar_ws/install/yahboomcar_mediapipe:/root/yahboomcar_ws/install/yahboomcar_laser:/root/yahboomcar_ws/install/yahboomcar_description:/root/yahboomcar_ws/install/yahboomcar_ctrl:/root/yahboomcar_ws/install/yahboomcar_bringup:/root/yahboomcar_ws/install/yahboomcar_astra:/root/yahboomcar_ws/install/yahboom_app_save_map:/root/yahboomcar_ws/install/laserscan_to_point_publisher:/opt/ros/humble /usr/bin/cmake --install /root/yahboomcar_ws/build/robot_localization
[4.738s] Level 1:colcon.colcon_core.environment:checking '/root/yahboomcar_ws/install/robot_localization' for CMake module files
[4.745s] Level 1:colcon.colcon_core.environment:checking '/root/yahboomcar_ws/install/robot_localization' for CMake config files
[4.747s] Level 1:colcon.colcon_core.shell:create_environment_hook('robot_localization', 'cmake_prefix_path')
[4.785s] INFO:colcon.colcon_core.shell:Creating environment hook '/root/yahboomcar_ws/install/robot_localization/share/robot_localization/hook/cmake_prefix_path.ps1'
[4.787s] INFO:colcon.colcon_core.shell:Creating environment descriptor '/root/yahboomcar_ws/install/robot_localization/share/robot_localization/hook/cmake_prefix_path.dsv'
[4.789s] INFO:colcon.colcon_core.shell:Creating environment hook '/root/yahboomcar_ws/install/robot_localization/share/robot_localization/hook/cmake_prefix_path.sh'
[4.791s] Level 1:colcon.colcon_core.environment:checking '/root/yahboomcar_ws/install/robot_localization/lib'
[4.792s] Level 1:colcon.colcon_core.shell:create_environment_hook('robot_localization', 'ld_library_path_lib')
[4.824s] INFO:colcon.colcon_core.shell:Creating environment hook '/root/yahboomcar_ws/install/robot_localization/share/robot_localization/hook/ld_library_path_lib.ps1'
[4.825s] INFO:colcon.colcon_core.shell:Creating environment descriptor '/root/yahboomcar_ws/install/robot_localization/share/robot_localization/hook/ld_library_path_lib.dsv'
[4.826s] INFO:colcon.colcon_core.shell:Creating environment hook '/root/yahboomcar_ws/install/robot_localization/share/robot_localization/hook/ld_library_path_lib.sh'
[4.827s] Level 1:colcon.colcon_core.environment:checking '/root/yahboomcar_ws/install/robot_localization/bin'
[4.828s] Level 1:colcon.colcon_core.environment:checking '/root/yahboomcar_ws/install/robot_localization/lib/pkgconfig/robot_localization.pc'
[4.828s] Level 1:colcon.colcon_core.environment:checking '/root/yahboomcar_ws/install/robot_localization/lib/python3.10/site-packages'
[4.829s] Level 1:colcon.colcon_core.environment:checking '/root/yahboomcar_ws/install/robot_localization/bin'
[4.858s] INFO:colcon.colcon_core.shell:Creating package script '/root/yahboomcar_ws/install/robot_localization/share/robot_localization/package.ps1'
[4.860s] INFO:colcon.colcon_core.shell:Creating package descriptor '/root/yahboomcar_ws/install/robot_localization/share/robot_localization/package.dsv'
[4.861s] INFO:colcon.colcon_core.shell:Creating package script '/root/yahboomcar_ws/install/robot_localization/share/robot_localization/package.sh'
[4.862s] INFO:colcon.colcon_core.shell:Creating package script '/root/yahboomcar_ws/install/robot_localization/share/robot_localization/package.bash'
[4.863s] INFO:colcon.colcon_core.shell:Creating package script '/root/yahboomcar_ws/install/robot_localization/share/robot_localization/package.zsh'
[4.863s] Level 1:colcon.colcon_core.environment:create_file_with_runtime_dependencies(/root/yahboomcar_ws/install/robot_localization/share/colcon-core/packages/robot_localization)
[5.374s] DEBUG:colcon.colcon_core.event_handler.log_command:Invoked command in '/root/yahboomcar_ws/src/laserscan_to_point_publisher' returned '0': PYTHONPATH=/root/yahboomcar_ws/build/laserscan_to_point_publisher/prefix_override:/root/yahboomcar_ws/install/laserscan_to_point_publisher/lib/python3.10/site-packages:${PYTHONPATH} /usr/bin/python3 setup.py egg_info --egg-base ../../build/laserscan_to_point_publisher build --build-base /root/yahboomcar_ws/build/laserscan_to_point_publisher/build install --record /root/yahboomcar_ws/build/laserscan_to_point_publisher/install.log --single-version-externally-managed
[5.402s] Level 1:colcon.colcon_core.environment:checking '/root/yahboomcar_ws/install/laserscan_to_point_publisher' for CMake module files
[5.403s] Level 1:colcon.colcon_core.environment:checking '/root/yahboomcar_ws/install/laserscan_to_point_publisher' for CMake config files
[5.404s] Level 1:colcon.colcon_core.environment:checking '/root/yahboomcar_ws/install/laserscan_to_point_publisher/lib'
[5.405s] Level 1:colcon.colcon_core.environment:checking '/root/yahboomcar_ws/install/laserscan_to_point_publisher/bin'
[5.405s] Level 1:colcon.colcon_core.environment:checking '/root/yahboomcar_ws/install/laserscan_to_point_publisher/lib/pkgconfig/laserscan_to_point_publisher.pc'
[5.405s] Level 1:colcon.colcon_core.environment:checking '/root/yahboomcar_ws/install/laserscan_to_point_publisher/lib/python3.10/site-packages'
[5.405s] Level 1:colcon.colcon_core.shell:create_environment_hook('laserscan_to_point_publisher', 'pythonpath')
[5.423s] INFO:colcon.colcon_core.shell:Creating environment hook '/root/yahboomcar_ws/install/laserscan_to_point_publisher/share/laserscan_to_point_publisher/hook/pythonpath.ps1'
[5.424s] INFO:colcon.colcon_core.shell:Creating environment descriptor '/root/yahboomcar_ws/install/laserscan_to_point_publisher/share/laserscan_to_point_publisher/hook/pythonpath.dsv'
[5.424s] INFO:colcon.colcon_core.shell:Creating environment hook '/root/yahboomcar_ws/install/laserscan_to_point_publisher/share/laserscan_to_point_publisher/hook/pythonpath.sh'
[5.425s] Level 1:colcon.colcon_core.environment:checking '/root/yahboomcar_ws/install/laserscan_to_point_publisher/bin'
[5.426s] Level 1:colcon.colcon_core.environment:create_environment_scripts_only(laserscan_to_point_publisher)
[5.443s] INFO:colcon.colcon_core.shell:Creating package script '/root/yahboomcar_ws/install/laserscan_to_point_publisher/share/laserscan_to_point_publisher/package.ps1'
[5.444s] INFO:colcon.colcon_core.shell:Creating package descriptor '/root/yahboomcar_ws/install/laserscan_to_point_publisher/share/laserscan_to_point_publisher/package.dsv'
[5.445s] INFO:colcon.colcon_core.shell:Creating package script '/root/yahboomcar_ws/install/laserscan_to_point_publisher/share/laserscan_to_point_publisher/package.sh'
[5.445s] INFO:colcon.colcon_core.shell:Creating package script '/root/yahboomcar_ws/install/laserscan_to_point_publisher/share/laserscan_to_point_publisher/package.bash'
[5.446s] INFO:colcon.colcon_core.shell:Creating package script '/root/yahboomcar_ws/install/laserscan_to_point_publisher/share/laserscan_to_point_publisher/package.zsh'
[5.446s] Level 1:colcon.colcon_core.environment:create_file_with_runtime_dependencies(/root/yahboomcar_ws/install/laserscan_to_point_publisher/share/colcon-core/packages/laserscan_to_point_publisher)
[5.448s] INFO:colcon.colcon_ros.task.ament_python.build:Building ROS package in '/root/yahboomcar_ws/src/yahboomcar_astra' with build type 'ament_python'
[5.448s] Level 1:colcon.colcon_core.shell:create_environment_hook('yahboomcar_astra', 'ament_prefix_path')
[5.473s] INFO:colcon.colcon_core.shell:Creating environment hook '/root/yahboomcar_ws/install/yahboomcar_astra/share/yahboomcar_astra/hook/ament_prefix_path.ps1'
[5.474s] INFO:colcon.colcon_core.shell:Creating environment descriptor '/root/yahboomcar_ws/install/yahboomcar_astra/share/yahboomcar_astra/hook/ament_prefix_path.dsv'
[5.477s] INFO:colcon.colcon_core.shell:Creating environment hook '/root/yahboomcar_ws/install/yahboomcar_astra/share/yahboomcar_astra/hook/ament_prefix_path.sh'
[5.512s] INFO:colcon.colcon_core.shell:Skip shell extension 'powershell' for command environment: Not usable outside of PowerShell
[5.512s] DEBUG:colcon.colcon_core.shell:Skip shell extension 'dsv' for command environment
[5.614s] DEBUG:colcon.colcon_core.event_handler.log_command:Invoked command in '/root/yahboomcar_ws/src/yahboom_app_save_map' returned '0': PYTHONPATH=/root/yahboomcar_ws/build/yahboom_app_save_map/prefix_override:/root/yahboomcar_ws/install/yahboom_app_save_map/lib/python3.10/site-packages:${PYTHONPATH} /usr/bin/python3 setup.py egg_info --egg-base ../../build/yahboom_app_save_map build --build-base /root/yahboomcar_ws/build/yahboom_app_save_map/build install --record /root/yahboomcar_ws/build/yahboom_app_save_map/install.log --single-version-externally-managed
[5.631s] Level 1:colcon.colcon_core.environment:checking '/root/yahboomcar_ws/install/yahboom_app_save_map' for CMake module files
[5.632s] Level 1:colcon.colcon_core.environment:checking '/root/yahboomcar_ws/install/yahboom_app_save_map' for CMake config files
[5.633s] Level 1:colcon.colcon_core.environment:checking '/root/yahboomcar_ws/install/yahboom_app_save_map/lib'
[5.633s] Level 1:colcon.colcon_core.environment:checking '/root/yahboomcar_ws/install/yahboom_app_save_map/bin'
[5.633s] Level 1:colcon.colcon_core.environment:checking '/root/yahboomcar_ws/install/yahboom_app_save_map/lib/pkgconfig/yahboom_app_save_map.pc'
[5.633s] Level 1:colcon.colcon_core.environment:checking '/root/yahboomcar_ws/install/yahboom_app_save_map/lib/python3.10/site-packages'
[5.633s] Level 1:colcon.colcon_core.shell:create_environment_hook('yahboom_app_save_map', 'pythonpath')
[5.649s] INFO:colcon.colcon_core.shell:Creating environment hook '/root/yahboomcar_ws/install/yahboom_app_save_map/share/yahboom_app_save_map/hook/pythonpath.ps1'
[5.650s] INFO:colcon.colcon_core.shell:Creating environment descriptor '/root/yahboomcar_ws/install/yahboom_app_save_map/share/yahboom_app_save_map/hook/pythonpath.dsv'
[5.650s] INFO:colcon.colcon_core.shell:Creating environment hook '/root/yahboomcar_ws/install/yahboom_app_save_map/share/yahboom_app_save_map/hook/pythonpath.sh'
[5.651s] Level 1:colcon.colcon_core.environment:checking '/root/yahboomcar_ws/install/yahboom_app_save_map/bin'
[5.651s] Level 1:colcon.colcon_core.environment:create_environment_scripts_only(yahboom_app_save_map)
[5.668s] INFO:colcon.colcon_core.shell:Creating package script '/root/yahboomcar_ws/install/yahboom_app_save_map/share/yahboom_app_save_map/package.ps1'
[5.669s] INFO:colcon.colcon_core.shell:Creating package descriptor '/root/yahboomcar_ws/install/yahboom_app_save_map/share/yahboom_app_save_map/package.dsv'
[5.670s] INFO:colcon.colcon_core.shell:Creating package script '/root/yahboomcar_ws/install/yahboom_app_save_map/share/yahboom_app_save_map/package.sh'
[5.670s] INFO:colcon.colcon_core.shell:Creating package script '/root/yahboomcar_ws/install/yahboom_app_save_map/share/yahboom_app_save_map/package.bash'
[5.671s] INFO:colcon.colcon_core.shell:Creating package script '/root/yahboomcar_ws/install/yahboom_app_save_map/share/yahboom_app_save_map/package.zsh'
[5.671s] Level 1:colcon.colcon_core.environment:create_file_with_runtime_dependencies(/root/yahboomcar_ws/install/yahboom_app_save_map/share/colcon-core/packages/yahboom_app_save_map)
[5.690s] Level 1:colcon.colcon_core.environment:create_environment_scripts_only(robot_localization)
[5.709s] Level 1:colcon.colcon_core.environment:checking '/root/yahboomcar_ws/install/robot_localization' for CMake module files
[5.710s] Level 1:colcon.colcon_core.environment:checking '/root/yahboomcar_ws/install/robot_localization' for CMake config files
[5.712s] Level 1:colcon.colcon_core.shell:create_environment_hook('robot_localization', 'cmake_prefix_path')
[5.728s] INFO:colcon.colcon_core.shell:Creating environment hook '/root/yahboomcar_ws/install/robot_localization/share/robot_localization/hook/cmake_prefix_path.ps1'
[5.729s] INFO:colcon.colcon_core.shell:Creating environment descriptor '/root/yahboomcar_ws/install/robot_localization/share/robot_localization/hook/cmake_prefix_path.dsv'
[5.729s] INFO:colcon.colcon_core.shell:Creating environment hook '/root/yahboomcar_ws/install/robot_localization/share/robot_localization/hook/cmake_prefix_path.sh'
[5.730s] Level 1:colcon.colcon_core.environment:checking '/root/yahboomcar_ws/install/robot_localization/lib'
[5.730s] Level 1:colcon.colcon_core.shell:create_environment_hook('robot_localization', 'ld_library_path_lib')
[5.746s] INFO:colcon.colcon_core.shell:Creating environment hook '/root/yahboomcar_ws/install/robot_localization/share/robot_localization/hook/ld_library_path_lib.ps1'
[5.747s] INFO:colcon.colcon_core.shell:Creating environment descriptor '/root/yahboomcar_ws/install/robot_localization/share/robot_localization/hook/ld_library_path_lib.dsv'
[5.747s] INFO:colcon.colcon_core.shell:Creating environment hook '/root/yahboomcar_ws/install/robot_localization/share/robot_localization/hook/ld_library_path_lib.sh'
[5.748s] Level 1:colcon.colcon_core.environment:checking '/root/yahboomcar_ws/install/robot_localization/bin'
[5.748s] Level 1:colcon.colcon_core.environment:checking '/root/yahboomcar_ws/install/robot_localization/lib/pkgconfig/robot_localization.pc'
[5.748s] Level 1:colcon.colcon_core.environment:checking '/root/yahboomcar_ws/install/robot_localization/lib/python3.10/site-packages'
[5.749s] Level 1:colcon.colcon_core.environment:checking '/root/yahboomcar_ws/install/robot_localization/bin'
[5.766s] INFO:colcon.colcon_core.shell:Creating package script '/root/yahboomcar_ws/install/robot_localization/share/robot_localization/package.ps1'
[5.766s] INFO:colcon.colcon_core.shell:Creating package descriptor '/root/yahboomcar_ws/install/robot_localization/share/robot_localization/package.dsv'
[5.767s] INFO:colcon.colcon_core.shell:Creating package script '/root/yahboomcar_ws/install/robot_localization/share/robot_localization/package.sh'
[5.768s] INFO:colcon.colcon_core.shell:Creating package script '/root/yahboomcar_ws/install/robot_localization/share/robot_localization/package.bash'
[5.768s] INFO:colcon.colcon_core.shell:Creating package script '/root/yahboomcar_ws/install/robot_localization/share/robot_localization/package.zsh'
[5.769s] Level 1:colcon.colcon_core.environment:create_file_with_runtime_dependencies(/root/yahboomcar_ws/install/robot_localization/share/colcon-core/packages/robot_localization)
[5.770s] INFO:colcon.colcon_ros.task.ament_cmake.build:Building ROS package in '/root/yahboomcar_ws/src/yahboomcar_base_node' with build type 'ament_cmake'
[5.770s] INFO:colcon.colcon_cmake.task.cmake.build:Building CMake package in '/root/yahboomcar_ws/src/yahboomcar_base_node'
[5.792s] INFO:colcon.colcon_core.shell:Skip shell extension 'powershell' for command environment: Not usable outside of PowerShell
[5.793s] DEBUG:colcon.colcon_core.shell:Skip shell extension 'dsv' for command environment
[5.883s] INFO:colcon.colcon_ros.task.ament_python.build:Building ROS package in '/root/yahboomcar_ws/src/yahboomcar_bringup' with build type 'ament_python'
[5.884s] Level 1:colcon.colcon_core.shell:create_environment_hook('yahboomcar_bringup', 'ament_prefix_path')
[5.905s] INFO:colcon.colcon_core.shell:Creating environment hook '/root/yahboomcar_ws/install/yahboomcar_bringup/share/yahboomcar_bringup/hook/ament_prefix_path.ps1'
[5.905s] INFO:colcon.colcon_core.shell:Creating environment descriptor '/root/yahboomcar_ws/install/yahboomcar_bringup/share/yahboomcar_bringup/hook/ament_prefix_path.dsv'
[5.906s] INFO:colcon.colcon_core.shell:Creating environment hook '/root/yahboomcar_ws/install/yahboomcar_bringup/share/yahboomcar_bringup/hook/ament_prefix_path.sh'
[5.924s] INFO:colcon.colcon_core.shell:Skip shell extension 'powershell' for command environment: Not usable outside of PowerShell
[5.924s] DEBUG:colcon.colcon_core.shell:Skip shell extension 'dsv' for command environment
[6.015s] DEBUG:colcon.colcon_core.event_handler.log_command:Invoked command in '/root/yahboomcar_ws/build/yahboom_web_savmap_interfaces' returned '0': CMAKE_PREFIX_PATH=${CMAKE_PREFIX_PATH}:/root/yahboomcar_ws/install/yahboomcar_visual:/root/yahboomcar_ws/install/yahboomcar_nav:/root/yahboomcar_ws/install/yahboomcar_mediapipe:/root/yahboomcar_ws/install/yahboomcar_laser:/root/yahboomcar_ws/install/yahboomcar_description:/root/yahboomcar_ws/install/yahboomcar_ctrl:/root/yahboomcar_ws/install/yahboomcar_bringup:/root/yahboomcar_ws/install/yahboomcar_astra:/root/yahboomcar_ws/install/yahboom_app_save_map:/root/yahboomcar_ws/install/laserscan_to_point_publisher:/opt/ros/humble /usr/bin/cmake --build /root/yahboomcar_ws/build/yahboom_web_savmap_interfaces -- -j4 -l4
[6.408s] INFO:colcon.colcon_core.task.python.build:Building Python package in '/root/yahboomcar_ws/src/yahboomcar_astra'
[6.425s] INFO:colcon.colcon_core.shell:Skip shell extension 'powershell' for command environment: Not usable outside of PowerShell
[6.425s] DEBUG:colcon.colcon_core.shell:Skip shell extension 'dsv' for command environment
[6.517s] DEBUG:colcon.colcon_core.event_handler.log_command:Invoking command in '/root/yahboomcar_ws/build/yahboomcar_base_node': CMAKE_PREFIX_PATH=${CMAKE_PREFIX_PATH}:/root/yahboomcar_ws/install/yahboomcar_visual:/root/yahboomcar_ws/install/yahboomcar_nav:/root/yahboomcar_ws/install/yahboomcar_mediapipe:/root/yahboomcar_ws/install/yahboomcar_laser:/root/yahboomcar_ws/install/yahboomcar_description:/root/yahboomcar_ws/install/yahboomcar_ctrl:/root/yahboomcar_ws/install/yahboomcar_bringup:/root/yahboomcar_ws/install/yahboomcar_astra:/root/yahboomcar_ws/install/yahboom_app_save_map:/root/yahboomcar_ws/install/laserscan_to_point_publisher:/opt/ros/humble /usr/bin/cmake --build /root/yahboomcar_ws/build/yahboomcar_base_node -- -j4 -l4
[6.917s] INFO:colcon.colcon_core.task.python.build:Building Python package in '/root/yahboomcar_ws/src/yahboomcar_bringup'
[6.934s] INFO:colcon.colcon_core.shell:Skip shell extension 'powershell' for command environment: Not usable outside of PowerShell
[6.934s] DEBUG:colcon.colcon_core.shell:Skip shell extension 'dsv' for command environment
[7.023s] DEBUG:colcon.colcon_core.event_handler.log_command:Invoking command in '/root/yahboomcar_ws/build/yahboom_web_savmap_interfaces': CMAKE_PREFIX_PATH=${CMAKE_PREFIX_PATH}:/root/yahboomcar_ws/install/yahboomcar_visual:/root/yahboomcar_ws/install/yahboomcar_nav:/root/yahboomcar_ws/install/yahboomcar_mediapipe:/root/yahboomcar_ws/install/yahboomcar_laser:/root/yahboomcar_ws/install/yahboomcar_description:/root/yahboomcar_ws/install/yahboomcar_ctrl:/root/yahboomcar_ws/install/yahboomcar_bringup:/root/yahboomcar_ws/install/yahboomcar_astra:/root/yahboomcar_ws/install/yahboom_app_save_map:/root/yahboomcar_ws/install/laserscan_to_point_publisher:/opt/ros/humble /usr/bin/cmake --install /root/yahboomcar_ws/build/yahboom_web_savmap_interfaces
[7.026s] DEBUG:colcon.colcon_core.event_handler.log_command:Invoked command in '/root/yahboomcar_ws/build/yahboomcar_base_node' returned '0': CMAKE_PREFIX_PATH=${CMAKE_PREFIX_PATH}:/root/yahboomcar_ws/install/yahboomcar_visual:/root/yahboomcar_ws/install/yahboomcar_nav:/root/yahboomcar_ws/install/yahboomcar_mediapipe:/root/yahboomcar_ws/install/yahboomcar_laser:/root/yahboomcar_ws/install/yahboomcar_description:/root/yahboomcar_ws/install/yahboomcar_ctrl:/root/yahboomcar_ws/install/yahboomcar_bringup:/root/yahboomcar_ws/install/yahboomcar_astra:/root/yahboomcar_ws/install/yahboom_app_save_map:/root/yahboomcar_ws/install/laserscan_to_point_publisher:/opt/ros/humble /usr/bin/cmake --build /root/yahboomcar_ws/build/yahboomcar_base_node -- -j4 -l4
[7.086s] DEBUG:colcon.colcon_core.event_handler.log_command:Invoking command in '/root/yahboomcar_ws/build/yahboomcar_base_node': CMAKE_PREFIX_PATH=${CMAKE_PREFIX_PATH}:/root/yahboomcar_ws/install/yahboomcar_visual:/root/yahboomcar_ws/install/yahboomcar_nav:/root/yahboomcar_ws/install/yahboomcar_mediapipe:/root/yahboomcar_ws/install/yahboomcar_laser:/root/yahboomcar_ws/install/yahboomcar_description:/root/yahboomcar_ws/install/yahboomcar_ctrl:/root/yahboomcar_ws/install/yahboomcar_bringup:/root/yahboomcar_ws/install/yahboomcar_astra:/root/yahboomcar_ws/install/yahboom_app_save_map:/root/yahboomcar_ws/install/laserscan_to_point_publisher:/opt/ros/humble /usr/bin/cmake --install /root/yahboomcar_ws/build/yahboomcar_base_node
[7.120s] Level 1:colcon.colcon_core.environment:create_environment_scripts_only(yahboomcar_base_node)
[7.121s] DEBUG:colcon.colcon_core.event_handler.log_command:Invoked command in '/root/yahboomcar_ws/build/yahboomcar_base_node' returned '0': CMAKE_PREFIX_PATH=${CMAKE_PREFIX_PATH}:/root/yahboomcar_ws/install/yahboomcar_visual:/root/yahboomcar_ws/install/yahboomcar_nav:/root/yahboomcar_ws/install/yahboomcar_mediapipe:/root/yahboomcar_ws/install/yahboomcar_laser:/root/yahboomcar_ws/install/yahboomcar_description:/root/yahboomcar_ws/install/yahboomcar_ctrl:/root/yahboomcar_ws/install/yahboomcar_bringup:/root/yahboomcar_ws/install/yahboomcar_astra:/root/yahboomcar_ws/install/yahboom_app_save_map:/root/yahboomcar_ws/install/laserscan_to_point_publisher:/opt/ros/humble /usr/bin/cmake --install /root/yahboomcar_ws/build/yahboomcar_base_node
[7.147s] Level 1:colcon.colcon_core.environment:checking '/root/yahboomcar_ws/install/yahboomcar_base_node' for CMake module files
[7.149s] Level 1:colcon.colcon_core.environment:checking '/root/yahboomcar_ws/install/yahboomcar_base_node' for CMake config files
[7.150s] Level 1:colcon.colcon_core.shell:create_environment_hook('yahboomcar_base_node', 'cmake_prefix_path')
[7.189s] INFO:colcon.colcon_core.shell:Creating environment hook '/root/yahboomcar_ws/install/yahboomcar_base_node/share/yahboomcar_base_node/hook/cmake_prefix_path.ps1'
[7.190s] INFO:colcon.colcon_core.shell:Creating environment descriptor '/root/yahboomcar_ws/install/yahboomcar_base_node/share/yahboomcar_base_node/hook/cmake_prefix_path.dsv'
[7.190s] INFO:colcon.colcon_core.shell:Creating environment hook '/root/yahboomcar_ws/install/yahboomcar_base_node/share/yahboomcar_base_node/hook/cmake_prefix_path.sh'
[7.191s] Level 1:colcon.colcon_core.environment:checking '/root/yahboomcar_ws/install/yahboomcar_base_node/lib'
[7.191s] Level 1:colcon.colcon_core.environment:checking '/root/yahboomcar_ws/install/yahboomcar_base_node/bin'
[7.191s] Level 1:colcon.colcon_core.environment:checking '/root/yahboomcar_ws/install/yahboomcar_base_node/lib/pkgconfig/yahboomcar_base_node.pc'
[7.192s] Level 1:colcon.colcon_core.environment:checking '/root/yahboomcar_ws/install/yahboomcar_base_node/lib/python3.10/site-packages'
[7.192s] Level 1:colcon.colcon_core.environment:checking '/root/yahboomcar_ws/install/yahboomcar_base_node/bin'
[7.221s] INFO:colcon.colcon_core.shell:Creating package script '/root/yahboomcar_ws/install/yahboomcar_base_node/share/yahboomcar_base_node/package.ps1'
[7.222s] INFO:colcon.colcon_core.shell:Creating package descriptor '/root/yahboomcar_ws/install/yahboomcar_base_node/share/yahboomcar_base_node/package.dsv'
[7.223s] INFO:colcon.colcon_core.shell:Creating package script '/root/yahboomcar_ws/install/yahboomcar_base_node/share/yahboomcar_base_node/package.sh'
[7.223s] INFO:colcon.colcon_core.shell:Creating package script '/root/yahboomcar_ws/install/yahboomcar_base_node/share/yahboomcar_base_node/package.bash'
[7.224s] INFO:colcon.colcon_core.shell:Creating package script '/root/yahboomcar_ws/install/yahboomcar_base_node/share/yahboomcar_base_node/package.zsh'
[7.224s] Level 1:colcon.colcon_core.environment:create_file_with_runtime_dependencies(/root/yahboomcar_ws/install/yahboomcar_base_node/share/colcon-core/packages/yahboomcar_base_node)
[7.227s] Level 1:colcon.colcon_core.environment:create_environment_scripts_only(yahboom_web_savmap_interfaces)
[7.228s] DEBUG:colcon.colcon_core.event_handler.log_command:Invoked command in '/root/yahboomcar_ws/build/yahboom_web_savmap_interfaces' returned '0': CMAKE_PREFIX_PATH=${CMAKE_PREFIX_PATH}:/root/yahboomcar_ws/install/yahboomcar_visual:/root/yahboomcar_ws/install/yahboomcar_nav:/root/yahboomcar_ws/install/yahboomcar_mediapipe:/root/yahboomcar_ws/install/yahboomcar_laser:/root/yahboomcar_ws/install/yahboomcar_description:/root/yahboomcar_ws/install/yahboomcar_ctrl:/root/yahboomcar_ws/install/yahboomcar_bringup:/root/yahboomcar_ws/install/yahboomcar_astra:/root/yahboomcar_ws/install/yahboom_app_save_map:/root/yahboomcar_ws/install/laserscan_to_point_publisher:/opt/ros/humble /usr/bin/cmake --install /root/yahboomcar_ws/build/yahboom_web_savmap_interfaces
[7.253s] Level 1:colcon.colcon_core.environment:checking '/root/yahboomcar_ws/install/yahboom_web_savmap_interfaces' for CMake module files
[7.254s] Level 1:colcon.colcon_core.environment:checking '/root/yahboomcar_ws/install/yahboom_web_savmap_interfaces' for CMake config files
[7.256s] Level 1:colcon.colcon_core.shell:create_environment_hook('yahboom_web_savmap_interfaces', 'cmake_prefix_path')
[7.277s] INFO:colcon.colcon_core.shell:Creating environment hook '/root/yahboomcar_ws/install/yahboom_web_savmap_interfaces/share/yahboom_web_savmap_interfaces/hook/cmake_prefix_path.ps1'
[7.278s] INFO:colcon.colcon_core.shell:Creating environment descriptor '/root/yahboomcar_ws/install/yahboom_web_savmap_interfaces/share/yahboom_web_savmap_interfaces/hook/cmake_prefix_path.dsv'
[7.279s] INFO:colcon.colcon_core.shell:Creating environment hook '/root/yahboomcar_ws/install/yahboom_web_savmap_interfaces/share/yahboom_web_savmap_interfaces/hook/cmake_prefix_path.sh'
[7.280s] Level 1:colcon.colcon_core.environment:checking '/root/yahboomcar_ws/install/yahboom_web_savmap_interfaces/lib'
[7.280s] Level 1:colcon.colcon_core.shell:create_environment_hook('yahboom_web_savmap_interfaces', 'ld_library_path_lib')
[7.299s] INFO:colcon.colcon_core.shell:Creating environment hook '/root/yahboomcar_ws/install/yahboom_web_savmap_interfaces/share/yahboom_web_savmap_interfaces/hook/ld_library_path_lib.ps1'
[7.300s] INFO:colcon.colcon_core.shell:Creating environment descriptor '/root/yahboomcar_ws/install/yahboom_web_savmap_interfaces/share/yahboom_web_savmap_interfaces/hook/ld_library_path_lib.dsv'
[7.301s] INFO:colcon.colcon_core.shell:Creating environment hook '/root/yahboomcar_ws/install/yahboom_web_savmap_interfaces/share/yahboom_web_savmap_interfaces/hook/ld_library_path_lib.sh'
[7.302s] Level 1:colcon.colcon_core.environment:checking '/root/yahboomcar_ws/install/yahboom_web_savmap_interfaces/bin'
[7.302s] Level 1:colcon.colcon_core.environment:checking '/root/yahboomcar_ws/install/yahboom_web_savmap_interfaces/lib/pkgconfig/yahboom_web_savmap_interfaces.pc'
[7.302s] Level 1:colcon.colcon_core.environment:checking '/root/yahboomcar_ws/install/yahboom_web_savmap_interfaces/lib/python3.10/site-packages'
[7.303s] Level 1:colcon.colcon_core.environment:checking '/root/yahboomcar_ws/install/yahboom_web_savmap_interfaces/bin'
[7.324s] INFO:colcon.colcon_core.shell:Creating package script '/root/yahboomcar_ws/install/yahboom_web_savmap_interfaces/share/yahboom_web_savmap_interfaces/package.ps1'
[7.325s] INFO:colcon.colcon_core.shell:Creating package descriptor '/root/yahboomcar_ws/install/yahboom_web_savmap_interfaces/share/yahboom_web_savmap_interfaces/package.dsv'
[7.325s] INFO:colcon.colcon_core.shell:Creating package script '/root/yahboomcar_ws/install/yahboom_web_savmap_interfaces/share/yahboom_web_savmap_interfaces/package.sh'
[7.326s] INFO:colcon.colcon_core.shell:Creating package script '/root/yahboomcar_ws/install/yahboom_web_savmap_interfaces/share/yahboom_web_savmap_interfaces/package.bash'
[7.326s] INFO:colcon.colcon_core.shell:Creating package script '/root/yahboomcar_ws/install/yahboom_web_savmap_interfaces/share/yahboom_web_savmap_interfaces/package.zsh'
[7.327s] Level 1:colcon.colcon_core.environment:create_file_with_runtime_dependencies(/root/yahboomcar_ws/install/yahboom_web_savmap_interfaces/share/colcon-core/packages/yahboom_web_savmap_interfaces)
[7.361s] Level 1:colcon.colcon_core.environment:create_environment_scripts_only(yahboomcar_base_node)
[7.384s] Level 1:colcon.colcon_core.environment:checking '/root/yahboomcar_ws/install/yahboomcar_base_node' for CMake module files
[7.385s] Level 1:colcon.colcon_core.environment:checking '/root/yahboomcar_ws/install/yahboomcar_base_node' for CMake config files
[7.385s] Level 1:colcon.colcon_core.shell:create_environment_hook('yahboomcar_base_node', 'cmake_prefix_path')
[7.413s] INFO:colcon.colcon_core.shell:Creating environment hook '/root/yahboomcar_ws/install/yahboomcar_base_node/share/yahboomcar_base_node/hook/cmake_prefix_path.ps1'
[7.415s] INFO:colcon.colcon_core.shell:Creating environment descriptor '/root/yahboomcar_ws/install/yahboomcar_base_node/share/yahboomcar_base_node/hook/cmake_prefix_path.dsv'
[7.416s] INFO:colcon.colcon_core.shell:Creating environment hook '/root/yahboomcar_ws/install/yahboomcar_base_node/share/yahboomcar_base_node/hook/cmake_prefix_path.sh'
[7.417s] Level 1:colcon.colcon_core.environment:checking '/root/yahboomcar_ws/install/yahboomcar_base_node/lib'
[7.417s] Level 1:colcon.colcon_core.environment:checking '/root/yahboomcar_ws/install/yahboomcar_base_node/bin'
[7.417s] Level 1:colcon.colcon_core.environment:checking '/root/yahboomcar_ws/install/yahboomcar_base_node/lib/pkgconfig/yahboomcar_base_node.pc'
[7.418s] Level 1:colcon.colcon_core.environment:checking '/root/yahboomcar_ws/install/yahboomcar_base_node/lib/python3.10/site-packages'
[7.418s] Level 1:colcon.colcon_core.environment:checking '/root/yahboomcar_ws/install/yahboomcar_base_node/bin'
[7.444s] INFO:colcon.colcon_core.shell:Creating package script '/root/yahboomcar_ws/install/yahboomcar_base_node/share/yahboomcar_base_node/package.ps1'
[7.445s] INFO:colcon.colcon_core.shell:Creating package descriptor '/root/yahboomcar_ws/install/yahboomcar_base_node/share/yahboomcar_base_node/package.dsv'
[7.446s] INFO:colcon.colcon_core.shell:Creating package script '/root/yahboomcar_ws/install/yahboomcar_base_node/share/yahboomcar_base_node/package.sh'
[7.446s] INFO:colcon.colcon_core.shell:Creating package script '/root/yahboomcar_ws/install/yahboomcar_base_node/share/yahboomcar_base_node/package.bash'
[7.447s] INFO:colcon.colcon_core.shell:Creating package script '/root/yahboomcar_ws/install/yahboomcar_base_node/share/yahboomcar_base_node/package.zsh'
[7.448s] Level 1:colcon.colcon_core.environment:create_file_with_runtime_dependencies(/root/yahboomcar_ws/install/yahboomcar_base_node/share/colcon-core/packages/yahboomcar_base_node)
[7.449s] INFO:colcon.colcon_ros.task.ament_python.build:Building ROS package in '/root/yahboomcar_ws/src/yahboomcar_ctrl' with build type 'ament_python'
[7.449s] Level 1:colcon.colcon_core.shell:create_environment_hook('yahboomcar_ctrl', 'ament_prefix_path')
[7.472s] INFO:colcon.colcon_core.shell:Creating environment hook '/root/yahboomcar_ws/install/yahboomcar_ctrl/share/yahboomcar_ctrl/hook/ament_prefix_path.ps1'
[7.473s] INFO:colcon.colcon_core.shell:Creating environment descriptor '/root/yahboomcar_ws/install/yahboomcar_ctrl/share/yahboomcar_ctrl/hook/ament_prefix_path.dsv'
[7.474s] INFO:colcon.colcon_core.shell:Creating environment hook '/root/yahboomcar_ws/install/yahboomcar_ctrl/share/yahboomcar_ctrl/hook/ament_prefix_path.sh'
[7.504s] INFO:colcon.colcon_core.shell:Skip shell extension 'powershell' for command environment: Not usable outside of PowerShell
[7.504s] DEBUG:colcon.colcon_core.shell:Skip shell extension 'dsv' for command environment
[7.737s] Level 1:colcon.colcon_core.environment:create_environment_scripts_only(yahboom_web_savmap_interfaces)
[7.754s] Level 1:colcon.colcon_core.environment:checking '/root/yahboomcar_ws/install/yahboom_web_savmap_interfaces' for CMake module files
[7.755s] Level 1:colcon.colcon_core.environment:checking '/root/yahboomcar_ws/install/yahboom_web_savmap_interfaces' for CMake config files
[7.756s] Level 1:colcon.colcon_core.shell:create_environment_hook('yahboom_web_savmap_interfaces', 'cmake_prefix_path')
[7.772s] INFO:colcon.colcon_core.shell:Creating environment hook '/root/yahboomcar_ws/install/yahboom_web_savmap_interfaces/share/yahboom_web_savmap_interfaces/hook/cmake_prefix_path.ps1'
[7.773s] INFO:colcon.colcon_core.shell:Creating environment descriptor '/root/yahboomcar_ws/install/yahboom_web_savmap_interfaces/share/yahboom_web_savmap_interfaces/hook/cmake_prefix_path.dsv'
[7.774s] INFO:colcon.colcon_core.shell:Creating environment hook '/root/yahboomcar_ws/install/yahboom_web_savmap_interfaces/share/yahboom_web_savmap_interfaces/hook/cmake_prefix_path.sh'
[7.775s] Level 1:colcon.colcon_core.environment:checking '/root/yahboomcar_ws/install/yahboom_web_savmap_interfaces/lib'
[7.775s] Level 1:colcon.colcon_core.shell:create_environment_hook('yahboom_web_savmap_interfaces', 'ld_library_path_lib')
[7.791s] INFO:colcon.colcon_core.shell:Creating environment hook '/root/yahboomcar_ws/install/yahboom_web_savmap_interfaces/share/yahboom_web_savmap_interfaces/hook/ld_library_path_lib.ps1'
[7.792s] INFO:colcon.colcon_core.shell:Creating environment descriptor '/root/yahboomcar_ws/install/yahboom_web_savmap_interfaces/share/yahboom_web_savmap_interfaces/hook/ld_library_path_lib.dsv'
[7.792s] INFO:colcon.colcon_core.shell:Creating environment hook '/root/yahboomcar_ws/install/yahboom_web_savmap_interfaces/share/yahboom_web_savmap_interfaces/hook/ld_library_path_lib.sh'
[7.793s] Level 1:colcon.colcon_core.environment:checking '/root/yahboomcar_ws/install/yahboom_web_savmap_interfaces/bin'
[7.793s] Level 1:colcon.colcon_core.environment:checking '/root/yahboomcar_ws/install/yahboom_web_savmap_interfaces/lib/pkgconfig/yahboom_web_savmap_interfaces.pc'
[7.793s] Level 1:colcon.colcon_core.environment:checking '/root/yahboomcar_ws/install/yahboom_web_savmap_interfaces/lib/python3.10/site-packages'
[7.794s] Level 1:colcon.colcon_core.environment:checking '/root/yahboomcar_ws/install/yahboom_web_savmap_interfaces/bin'
[7.812s] INFO:colcon.colcon_core.shell:Creating package script '/root/yahboomcar_ws/install/yahboom_web_savmap_interfaces/share/yahboom_web_savmap_interfaces/package.ps1'
[7.813s] INFO:colcon.colcon_core.shell:Creating package descriptor '/root/yahboomcar_ws/install/yahboom_web_savmap_interfaces/share/yahboom_web_savmap_interfaces/package.dsv'
[7.814s] INFO:colcon.colcon_core.shell:Creating package script '/root/yahboomcar_ws/install/yahboom_web_savmap_interfaces/share/yahboom_web_savmap_interfaces/package.sh'
[7.814s] INFO:colcon.colcon_core.shell:Creating package script '/root/yahboomcar_ws/install/yahboom_web_savmap_interfaces/share/yahboom_web_savmap_interfaces/package.bash'
[7.815s] INFO:colcon.colcon_core.shell:Creating package script '/root/yahboomcar_ws/install/yahboom_web_savmap_interfaces/share/yahboom_web_savmap_interfaces/package.zsh'
[7.815s] Level 1:colcon.colcon_core.environment:create_file_with_runtime_dependencies(/root/yahboomcar_ws/install/yahboom_web_savmap_interfaces/share/colcon-core/packages/yahboom_web_savmap_interfaces)
[7.817s] INFO:colcon.colcon_ros.task.ament_python.build:Building ROS package in '/root/yahboomcar_ws/src/yahboomcar_description' with build type 'ament_python'
[7.817s] Level 1:colcon.colcon_core.shell:create_environment_hook('yahboomcar_description', 'ament_prefix_path')
[7.835s] INFO:colcon.colcon_core.shell:Creating environment hook '/root/yahboomcar_ws/install/yahboomcar_description/share/yahboomcar_description/hook/ament_prefix_path.ps1'
[7.836s] INFO:colcon.colcon_core.shell:Creating environment descriptor '/root/yahboomcar_ws/install/yahboomcar_description/share/yahboomcar_description/hook/ament_prefix_path.dsv'
[7.837s] INFO:colcon.colcon_core.shell:Creating environment hook '/root/yahboomcar_ws/install/yahboomcar_description/share/yahboomcar_description/hook/ament_prefix_path.sh'
[7.861s] INFO:colcon.colcon_core.shell:Skip shell extension 'powershell' for command environment: Not usable outside of PowerShell
[7.861s] DEBUG:colcon.colcon_core.shell:Skip shell extension 'dsv' for command environment
[8.310s] INFO:colcon.colcon_core.task.python.build:Building Python package in '/root/yahboomcar_ws/src/yahboomcar_ctrl'
[8.328s] INFO:colcon.colcon_core.shell:Skip shell extension 'powershell' for command environment: Not usable outside of PowerShell
[8.328s] DEBUG:colcon.colcon_core.shell:Skip shell extension 'dsv' for command environment
[8.422s] DEBUG:colcon.colcon_core.event_handler.log_command:Invoking command in '/root/yahboomcar_ws/src/yahboomcar_astra': PYTHONPATH=/root/yahboomcar_ws/build/yahboomcar_astra/prefix_override:/root/yahboomcar_ws/install/yahboomcar_astra/lib/python3.10/site-packages:${PYTHONPATH} /usr/bin/python3 setup.py egg_info --egg-base ../../build/yahboomcar_astra build --build-base /root/yahboomcar_ws/build/yahboomcar_astra/build install --record /root/yahboomcar_ws/build/yahboomcar_astra/install.log --install-scripts $base/lib/yahboomcar_astra --single-version-externally-managed
[8.423s] DEBUG:colcon.colcon_core.event_handler.log_command:Invoking command in '/root/yahboomcar_ws/src/yahboomcar_bringup': PYTHONPATH=/root/yahboomcar_ws/build/yahboomcar_bringup/prefix_override:/root/yahboomcar_ws/install/yahboomcar_bringup/lib/python3.10/site-packages:${PYTHONPATH} /usr/bin/python3 setup.py egg_info --egg-base ../../build/yahboomcar_bringup build --build-base /root/yahboomcar_ws/build/yahboomcar_bringup/build install --record /root/yahboomcar_ws/build/yahboomcar_bringup/install.log --single-version-externally-managed
[8.864s] INFO:colcon.colcon_core.task.python.build:Building Python package in '/root/yahboomcar_ws/src/yahboomcar_description'
[8.896s] INFO:colcon.colcon_core.shell:Skip shell extension 'powershell' for command environment: Not usable outside of PowerShell
[8.897s] DEBUG:colcon.colcon_core.shell:Skip shell extension 'dsv' for command environment
[9.041s] DEBUG:colcon.colcon_core.event_handler.log_command:Invoked command in '/root/yahboomcar_ws/src/yahboomcar_bringup' returned '0': PYTHONPATH=/root/yahboomcar_ws/build/yahboomcar_bringup/prefix_override:/root/yahboomcar_ws/install/yahboomcar_bringup/lib/python3.10/site-packages:${PYTHONPATH} /usr/bin/python3 setup.py egg_info --egg-base ../../build/yahboomcar_bringup build --build-base /root/yahboomcar_ws/build/yahboomcar_bringup/build install --record /root/yahboomcar_ws/build/yahboomcar_bringup/install.log --single-version-externally-managed
[9.060s] Level 1:colcon.colcon_core.environment:checking '/root/yahboomcar_ws/install/yahboomcar_bringup' for CMake module files
[9.060s] Level 1:colcon.colcon_core.environment:checking '/root/yahboomcar_ws/install/yahboomcar_bringup' for CMake config files
[9.061s] Level 1:colcon.colcon_core.environment:checking '/root/yahboomcar_ws/install/yahboomcar_bringup/lib'
[9.062s] Level 1:colcon.colcon_core.environment:checking '/root/yahboomcar_ws/install/yahboomcar_bringup/bin'
[9.062s] Level 1:colcon.colcon_core.environment:checking '/root/yahboomcar_ws/install/yahboomcar_bringup/lib/pkgconfig/yahboomcar_bringup.pc'
[9.062s] Level 1:colcon.colcon_core.environment:checking '/root/yahboomcar_ws/install/yahboomcar_bringup/lib/python3.10/site-packages'
[9.062s] Level 1:colcon.colcon_core.shell:create_environment_hook('yahboomcar_bringup', 'pythonpath')
[9.080s] INFO:colcon.colcon_core.shell:Creating environment hook '/root/yahboomcar_ws/install/yahboomcar_bringup/share/yahboomcar_bringup/hook/pythonpath.ps1'
[9.081s] INFO:colcon.colcon_core.shell:Creating environment descriptor '/root/yahboomcar_ws/install/yahboomcar_bringup/share/yahboomcar_bringup/hook/pythonpath.dsv'
[9.082s] INFO:colcon.colcon_core.shell:Creating environment hook '/root/yahboomcar_ws/install/yahboomcar_bringup/share/yahboomcar_bringup/hook/pythonpath.sh'
[9.082s] Level 1:colcon.colcon_core.environment:checking '/root/yahboomcar_ws/install/yahboomcar_bringup/bin'
[9.083s] Level 1:colcon.colcon_core.environment:create_environment_scripts_only(yahboomcar_bringup)
[9.100s] INFO:colcon.colcon_core.shell:Creating package script '/root/yahboomcar_ws/install/yahboomcar_bringup/share/yahboomcar_bringup/package.ps1'
[9.101s] INFO:colcon.colcon_core.shell:Creating package descriptor '/root/yahboomcar_ws/install/yahboomcar_bringup/share/yahboomcar_bringup/package.dsv'
[9.102s] INFO:colcon.colcon_core.shell:Creating package script '/root/yahboomcar_ws/install/yahboomcar_bringup/share/yahboomcar_bringup/package.sh'
[9.102s] INFO:colcon.colcon_core.shell:Creating package script '/root/yahboomcar_ws/install/yahboomcar_bringup/share/yahboomcar_bringup/package.bash'
[9.103s] INFO:colcon.colcon_core.shell:Creating package script '/root/yahboomcar_ws/install/yahboomcar_bringup/share/yahboomcar_bringup/package.zsh'
[9.103s] Level 1:colcon.colcon_core.environment:create_file_with_runtime_dependencies(/root/yahboomcar_ws/install/yahboomcar_bringup/share/colcon-core/packages/yahboomcar_bringup)
[9.110s] DEBUG:colcon.colcon_core.event_handler.log_command:Invoked command in '/root/yahboomcar_ws/src/yahboomcar_astra' returned '0': PYTHONPATH=/root/yahboomcar_ws/build/yahboomcar_astra/prefix_override:/root/yahboomcar_ws/install/yahboomcar_astra/lib/python3.10/site-packages:${PYTHONPATH} /usr/bin/python3 setup.py egg_info --egg-base ../../build/yahboomcar_astra build --build-base /root/yahboomcar_ws/build/yahboomcar_astra/build install --record /root/yahboomcar_ws/build/yahboomcar_astra/install.log --install-scripts $base/lib/yahboomcar_astra --single-version-externally-managed
[9.130s] Level 1:colcon.colcon_core.environment:checking '/root/yahboomcar_ws/install/yahboomcar_astra' for CMake module files
[9.131s] Level 1:colcon.colcon_core.environment:checking '/root/yahboomcar_ws/install/yahboomcar_astra' for CMake config files
[9.132s] Level 1:colcon.colcon_core.environment:checking '/root/yahboomcar_ws/install/yahboomcar_astra/lib'
[9.132s] Level 1:colcon.colcon_core.environment:checking '/root/yahboomcar_ws/install/yahboomcar_astra/bin'
[9.132s] Level 1:colcon.colcon_core.environment:checking '/root/yahboomcar_ws/install/yahboomcar_astra/lib/pkgconfig/yahboomcar_astra.pc'
[9.132s] Level 1:colcon.colcon_core.environment:checking '/root/yahboomcar_ws/install/yahboomcar_astra/lib/python3.10/site-packages'
[9.133s] Level 1:colcon.colcon_core.shell:create_environment_hook('yahboomcar_astra', 'pythonpath')
[9.150s] INFO:colcon.colcon_core.shell:Creating environment hook '/root/yahboomcar_ws/install/yahboomcar_astra/share/yahboomcar_astra/hook/pythonpath.ps1'
[9.151s] INFO:colcon.colcon_core.shell:Creating environment descriptor '/root/yahboomcar_ws/install/yahboomcar_astra/share/yahboomcar_astra/hook/pythonpath.dsv'
[9.151s] INFO:colcon.colcon_core.shell:Creating environment hook '/root/yahboomcar_ws/install/yahboomcar_astra/share/yahboomcar_astra/hook/pythonpath.sh'
[9.152s] Level 1:colcon.colcon_core.environment:checking '/root/yahboomcar_ws/install/yahboomcar_astra/bin'
[9.152s] Level 1:colcon.colcon_core.environment:create_environment_scripts_only(yahboomcar_astra)
[9.169s] INFO:colcon.colcon_core.shell:Creating package script '/root/yahboomcar_ws/install/yahboomcar_astra/share/yahboomcar_astra/package.ps1'
[9.170s] INFO:colcon.colcon_core.shell:Creating package descriptor '/root/yahboomcar_ws/install/yahboomcar_astra/share/yahboomcar_astra/package.dsv'
[9.171s] INFO:colcon.colcon_core.shell:Creating package script '/root/yahboomcar_ws/install/yahboomcar_astra/share/yahboomcar_astra/package.sh'
[9.172s] INFO:colcon.colcon_core.shell:Creating package script '/root/yahboomcar_ws/install/yahboomcar_astra/share/yahboomcar_astra/package.bash'
[9.172s] INFO:colcon.colcon_core.shell:Creating package script '/root/yahboomcar_ws/install/yahboomcar_astra/share/yahboomcar_astra/package.zsh'
[9.173s] Level 1:colcon.colcon_core.environment:create_file_with_runtime_dependencies(/root/yahboomcar_ws/install/yahboomcar_astra/share/colcon-core/packages/yahboomcar_astra)
[9.173s] INFO:colcon.colcon_ros.task.ament_python.build:Building ROS package in '/root/yahboomcar_ws/src/yahboomcar_laser' with build type 'ament_python'
[9.174s] Level 1:colcon.colcon_core.shell:create_environment_hook('yahboomcar_laser', 'ament_prefix_path')
[9.194s] INFO:colcon.colcon_core.shell:Creating environment hook '/root/yahboomcar_ws/install/yahboomcar_laser/share/yahboomcar_laser/hook/ament_prefix_path.ps1'
[9.195s] INFO:colcon.colcon_core.shell:Creating environment descriptor '/root/yahboomcar_ws/install/yahboomcar_laser/share/yahboomcar_laser/hook/ament_prefix_path.dsv'
[9.196s] INFO:colcon.colcon_core.shell:Creating environment hook '/root/yahboomcar_ws/install/yahboomcar_laser/share/yahboomcar_laser/hook/ament_prefix_path.sh'
[9.217s] INFO:colcon.colcon_core.shell:Skip shell extension 'powershell' for command environment: Not usable outside of PowerShell
[9.217s] DEBUG:colcon.colcon_core.shell:Skip shell extension 'dsv' for command environment
[9.305s] INFO:colcon.colcon_ros.task.ament_python.build:Building ROS package in '/root/yahboomcar_ws/src/yahboomcar_mediapipe' with build type 'ament_python'
[9.305s] Level 1:colcon.colcon_core.shell:create_environment_hook('yahboomcar_mediapipe', 'ament_prefix_path')
[9.326s] INFO:colcon.colcon_core.shell:Creating environment hook '/root/yahboomcar_ws/install/yahboomcar_mediapipe/share/yahboomcar_mediapipe/hook/ament_prefix_path.ps1'
[9.327s] INFO:colcon.colcon_core.shell:Creating environment descriptor '/root/yahboomcar_ws/install/yahboomcar_mediapipe/share/yahboomcar_mediapipe/hook/ament_prefix_path.dsv'
[9.328s] INFO:colcon.colcon_core.shell:Creating environment hook '/root/yahboomcar_ws/install/yahboomcar_mediapipe/share/yahboomcar_mediapipe/hook/ament_prefix_path.sh'
[9.346s] INFO:colcon.colcon_core.shell:Skip shell extension 'powershell' for command environment: Not usable outside of PowerShell
[9.346s] DEBUG:colcon.colcon_core.shell:Skip shell extension 'dsv' for command environment
[9.883s] INFO:colcon.colcon_core.task.python.build:Building Python package in '/root/yahboomcar_ws/src/yahboomcar_laser'
[9.901s] INFO:colcon.colcon_core.shell:Skip shell extension 'powershell' for command environment: Not usable outside of PowerShell
[9.901s] DEBUG:colcon.colcon_core.shell:Skip shell extension 'dsv' for command environment
[10.371s] INFO:colcon.colcon_core.task.python.build:Building Python package in '/root/yahboomcar_ws/src/yahboomcar_mediapipe'
[10.387s] INFO:colcon.colcon_core.shell:Skip shell extension 'powershell' for command environment: Not usable outside of PowerShell
[10.387s] DEBUG:colcon.colcon_core.shell:Skip shell extension 'dsv' for command environment
[10.479s] DEBUG:colcon.colcon_core.event_handler.log_command:Invoking command in '/root/yahboomcar_ws/src/yahboomcar_ctrl': PYTHONPATH=/root/yahboomcar_ws/build/yahboomcar_ctrl/prefix_override:/root/yahboomcar_ws/install/yahboomcar_ctrl/lib/python3.10/site-packages:${PYTHONPATH} /usr/bin/python3 setup.py egg_info --egg-base ../../build/yahboomcar_ctrl build --build-base /root/yahboomcar_ws/build/yahboomcar_ctrl/build install --record /root/yahboomcar_ws/build/yahboomcar_ctrl/install.log --single-version-externally-managed
[10.482s] DEBUG:colcon.colcon_core.event_handler.log_command:Invoking command in '/root/yahboomcar_ws/src/yahboomcar_description': PYTHONPATH=/root/yahboomcar_ws/build/yahboomcar_description/prefix_override:/root/yahboomcar_ws/install/yahboomcar_description/lib/python3.10/site-packages:${PYTHONPATH} /usr/bin/python3 setup.py egg_info --egg-base ../../build/yahboomcar_description build --build-base /root/yahboomcar_ws/build/yahboomcar_description/build install --record /root/yahboomcar_ws/build/yahboomcar_description/install.log --single-version-externally-managed
[11.118s] DEBUG:colcon.colcon_core.event_handler.log_command:Invoked command in '/root/yahboomcar_ws/src/yahboomcar_description' returned '0': PYTHONPATH=/root/yahboomcar_ws/build/yahboomcar_description/prefix_override:/root/yahboomcar_ws/install/yahboomcar_description/lib/python3.10/site-packages:${PYTHONPATH} /usr/bin/python3 setup.py egg_info --egg-base ../../build/yahboomcar_description build --build-base /root/yahboomcar_ws/build/yahboomcar_description/build install --record /root/yahboomcar_ws/build/yahboomcar_description/install.log --single-version-externally-managed
[11.192s] Level 1:colcon.colcon_core.environment:checking '/root/yahboomcar_ws/install/yahboomcar_description' for CMake module files
[11.194s] Level 1:colcon.colcon_core.environment:checking '/root/yahboomcar_ws/install/yahboomcar_description' for CMake config files
[11.197s] Level 1:colcon.colcon_core.environment:checking '/root/yahboomcar_ws/install/yahboomcar_description/lib'
[11.197s] Level 1:colcon.colcon_core.environment:checking '/root/yahboomcar_ws/install/yahboomcar_description/bin'
[11.198s] Level 1:colcon.colcon_core.environment:checking '/root/yahboomcar_ws/install/yahboomcar_description/lib/pkgconfig/yahboomcar_description.pc'
[11.199s] Level 1:colcon.colcon_core.environment:checking '/root/yahboomcar_ws/install/yahboomcar_description/lib/python3.10/site-packages'
[11.199s] Level 1:colcon.colcon_core.shell:create_environment_hook('yahboomcar_description', 'pythonpath')
[11.249s] INFO:colcon.colcon_core.shell:Creating environment hook '/root/yahboomcar_ws/install/yahboomcar_description/share/yahboomcar_description/hook/pythonpath.ps1'
[11.250s] INFO:colcon.colcon_core.shell:Creating environment descriptor '/root/yahboomcar_ws/install/yahboomcar_description/share/yahboomcar_description/hook/pythonpath.dsv'
[11.252s] INFO:colcon.colcon_core.shell:Creating environment hook '/root/yahboomcar_ws/install/yahboomcar_description/share/yahboomcar_description/hook/pythonpath.sh'
[11.253s] Level 1:colcon.colcon_core.environment:checking '/root/yahboomcar_ws/install/yahboomcar_description/bin'
[11.253s] Level 1:colcon.colcon_core.environment:create_environment_scripts_only(yahboomcar_description)
[11.271s] INFO:colcon.colcon_core.shell:Creating package script '/root/yahboomcar_ws/install/yahboomcar_description/share/yahboomcar_description/package.ps1'
[11.272s] INFO:colcon.colcon_core.shell:Creating package descriptor '/root/yahboomcar_ws/install/yahboomcar_description/share/yahboomcar_description/package.dsv'
[11.273s] INFO:colcon.colcon_core.shell:Creating package script '/root/yahboomcar_ws/install/yahboomcar_description/share/yahboomcar_description/package.sh'
[11.273s] INFO:colcon.colcon_core.shell:Creating package script '/root/yahboomcar_ws/install/yahboomcar_description/share/yahboomcar_description/package.bash'
[11.273s] INFO:colcon.colcon_core.shell:Creating package script '/root/yahboomcar_ws/install/yahboomcar_description/share/yahboomcar_description/package.zsh'
[11.274s] Level 1:colcon.colcon_core.environment:create_file_with_runtime_dependencies(/root/yahboomcar_ws/install/yahboomcar_description/share/colcon-core/packages/yahboomcar_description)
[11.276s] INFO:colcon.colcon_ros.task.ament_cmake.build:Building ROS package in '/root/yahboomcar_ws/src/yahboomcar_msgs' with build type 'ament_cmake'
[11.276s] INFO:colcon.colcon_cmake.task.cmake.build:Building CMake package in '/root/yahboomcar_ws/src/yahboomcar_msgs'
[11.296s] INFO:colcon.colcon_core.shell:Skip shell extension 'powershell' for command environment: Not usable outside of PowerShell
[11.296s] DEBUG:colcon.colcon_core.shell:Skip shell extension 'dsv' for command environment
[11.420s] DEBUG:colcon.colcon_core.event_handler.log_command:Invoked command in '/root/yahboomcar_ws/src/yahboomcar_ctrl' returned '0': PYTHONPATH=/root/yahboomcar_ws/build/yahboomcar_ctrl/prefix_override:/root/yahboomcar_ws/install/yahboomcar_ctrl/lib/python3.10/site-packages:${PYTHONPATH} /usr/bin/python3 setup.py egg_info --egg-base ../../build/yahboomcar_ctrl build --build-base /root/yahboomcar_ws/build/yahboomcar_ctrl/build install --record /root/yahboomcar_ws/build/yahboomcar_ctrl/install.log --single-version-externally-managed
[11.439s] Level 1:colcon.colcon_core.environment:checking '/root/yahboomcar_ws/install/yahboomcar_ctrl' for CMake module files
[11.440s] Level 1:colcon.colcon_core.environment:checking '/root/yahboomcar_ws/install/yahboomcar_ctrl' for CMake config files
[11.449s] Level 1:colcon.colcon_core.environment:checking '/root/yahboomcar_ws/install/yahboomcar_ctrl/lib'
[11.449s] Level 1:colcon.colcon_core.environment:checking '/root/yahboomcar_ws/install/yahboomcar_ctrl/bin'
[11.449s] Level 1:colcon.colcon_core.environment:checking '/root/yahboomcar_ws/install/yahboomcar_ctrl/lib/pkgconfig/yahboomcar_ctrl.pc'
[11.450s] Level 1:colcon.colcon_core.environment:checking '/root/yahboomcar_ws/install/yahboomcar_ctrl/lib/python3.10/site-packages'
[11.450s] Level 1:colcon.colcon_core.shell:create_environment_hook('yahboomcar_ctrl', 'pythonpath')
[11.466s] INFO:colcon.colcon_core.shell:Creating environment hook '/root/yahboomcar_ws/install/yahboomcar_ctrl/share/yahboomcar_ctrl/hook/pythonpath.ps1'
[11.467s] INFO:colcon.colcon_core.shell:Creating environment descriptor '/root/yahboomcar_ws/install/yahboomcar_ctrl/share/yahboomcar_ctrl/hook/pythonpath.dsv'
[11.467s] INFO:colcon.colcon_core.shell:Creating environment hook '/root/yahboomcar_ws/install/yahboomcar_ctrl/share/yahboomcar_ctrl/hook/pythonpath.sh'
[11.468s] Level 1:colcon.colcon_core.environment:checking '/root/yahboomcar_ws/install/yahboomcar_ctrl/bin'
[11.468s] Level 1:colcon.colcon_core.environment:create_environment_scripts_only(yahboomcar_ctrl)
[11.484s] INFO:colcon.colcon_core.shell:Creating package script '/root/yahboomcar_ws/install/yahboomcar_ctrl/share/yahboomcar_ctrl/package.ps1'
[11.485s] INFO:colcon.colcon_core.shell:Creating package descriptor '/root/yahboomcar_ws/install/yahboomcar_ctrl/share/yahboomcar_ctrl/package.dsv'
[11.485s] INFO:colcon.colcon_core.shell:Creating package script '/root/yahboomcar_ws/install/yahboomcar_ctrl/share/yahboomcar_ctrl/package.sh'
[11.486s] INFO:colcon.colcon_core.shell:Creating package script '/root/yahboomcar_ws/install/yahboomcar_ctrl/share/yahboomcar_ctrl/package.bash'
[11.486s] INFO:colcon.colcon_core.shell:Creating package script '/root/yahboomcar_ws/install/yahboomcar_ctrl/share/yahboomcar_ctrl/package.zsh'
[11.487s] Level 1:colcon.colcon_core.environment:create_file_with_runtime_dependencies(/root/yahboomcar_ws/install/yahboomcar_ctrl/share/colcon-core/packages/yahboomcar_ctrl)
[11.493s] INFO:colcon.colcon_ros.task.ament_python.build:Building ROS package in '/root/yahboomcar_ws/src/yahboomcar_nav' with build type 'ament_python'
[11.494s] Level 1:colcon.colcon_core.shell:create_environment_hook('yahboomcar_nav', 'ament_prefix_path')
[11.495s] DEBUG:colcon.colcon_core.event_handler.log_command:Invoking command in '/root/yahboomcar_ws/src/yahboomcar_mediapipe': PYTHONPATH=/root/yahboomcar_ws/build/yahboomcar_mediapipe/prefix_override:/root/yahboomcar_ws/install/yahboomcar_mediapipe/lib/python3.10/site-packages:${PYTHONPATH} /usr/bin/python3 setup.py egg_info --egg-base ../../build/yahboomcar_mediapipe build --build-base /root/yahboomcar_ws/build/yahboomcar_mediapipe/build install --record /root/yahboomcar_ws/build/yahboomcar_mediapipe/install.log --install-scripts $base/lib/yahboomcar_mediapipe --single-version-externally-managed
[11.497s] DEBUG:colcon.colcon_core.event_handler.log_command:Invoking command in '/root/yahboomcar_ws/src/yahboomcar_laser': PYTHONPATH=/root/yahboomcar_ws/build/yahboomcar_laser/prefix_override:/root/yahboomcar_ws/install/yahboomcar_laser/lib/python3.10/site-packages:${PYTHONPATH} /usr/bin/python3 setup.py egg_info --egg-base ../../build/yahboomcar_laser build --build-base /root/yahboomcar_ws/build/yahboomcar_laser/build install --record /root/yahboomcar_ws/build/yahboomcar_laser/install.log --single-version-externally-managed
[11.521s] INFO:colcon.colcon_core.shell:Creating environment hook '/root/yahboomcar_ws/install/yahboomcar_nav/share/yahboomcar_nav/hook/ament_prefix_path.ps1'
[11.523s] INFO:colcon.colcon_core.shell:Creating environment descriptor '/root/yahboomcar_ws/install/yahboomcar_nav/share/yahboomcar_nav/hook/ament_prefix_path.dsv'
[11.524s] INFO:colcon.colcon_core.shell:Creating environment hook '/root/yahboomcar_ws/install/yahboomcar_nav/share/yahboomcar_nav/hook/ament_prefix_path.sh'
[11.547s] INFO:colcon.colcon_core.shell:Skip shell extension 'powershell' for command environment: Not usable outside of PowerShell
[11.547s] DEBUG:colcon.colcon_core.shell:Skip shell extension 'dsv' for command environment
[11.660s] DEBUG:colcon.colcon_core.event_handler.log_command:Invoking command in '/root/yahboomcar_ws/build/yahboomcar_msgs': CMAKE_PREFIX_PATH=${CMAKE_PREFIX_PATH}:/root/yahboomcar_ws/install/yahboomcar_visual:/root/yahboomcar_ws/install/yahboomcar_nav:/root/yahboomcar_ws/install/yahboomcar_mediapipe:/root/yahboomcar_ws/install/yahboomcar_laser:/root/yahboomcar_ws/install/yahboomcar_description:/root/yahboomcar_ws/install/yahboomcar_ctrl:/root/yahboomcar_ws/install/yahboomcar_bringup:/root/yahboomcar_ws/install/yahboomcar_astra:/root/yahboomcar_ws/install/yahboom_app_save_map:/root/yahboomcar_ws/install/laserscan_to_point_publisher:/opt/ros/humble /usr/bin/cmake --build /root/yahboomcar_ws/build/yahboomcar_msgs -- -j4 -l4
[12.418s] INFO:colcon.colcon_core.task.python.build:Building Python package in '/root/yahboomcar_ws/src/yahboomcar_nav'
[12.437s] INFO:colcon.colcon_core.shell:Skip shell extension 'powershell' for command environment: Not usable outside of PowerShell
[12.438s] DEBUG:colcon.colcon_core.shell:Skip shell extension 'dsv' for command environment
[12.531s] DEBUG:colcon.colcon_core.event_handler.log_command:Invoked command in '/root/yahboomcar_ws/src/yahboomcar_laser' returned '0': PYTHONPATH=/root/yahboomcar_ws/build/yahboomcar_laser/prefix_override:/root/yahboomcar_ws/install/yahboomcar_laser/lib/python3.10/site-packages:${PYTHONPATH} /usr/bin/python3 setup.py egg_info --egg-base ../../build/yahboomcar_laser build --build-base /root/yahboomcar_ws/build/yahboomcar_laser/build install --record /root/yahboomcar_ws/build/yahboomcar_laser/install.log --single-version-externally-managed
[12.550s] Level 1:colcon.colcon_core.environment:checking '/root/yahboomcar_ws/install/yahboomcar_laser' for CMake module files
[12.551s] Level 1:colcon.colcon_core.environment:checking '/root/yahboomcar_ws/install/yahboomcar_laser' for CMake config files
[12.551s] Level 1:colcon.colcon_core.environment:checking '/root/yahboomcar_ws/install/yahboomcar_laser/lib'
[12.551s] Level 1:colcon.colcon_core.environment:checking '/root/yahboomcar_ws/install/yahboomcar_laser/bin'
[12.552s] Level 1:colcon.colcon_core.environment:checking '/root/yahboomcar_ws/install/yahboomcar_laser/lib/pkgconfig/yahboomcar_laser.pc'
[12.552s] Level 1:colcon.colcon_core.environment:checking '/root/yahboomcar_ws/install/yahboomcar_laser/lib/python3.10/site-packages'
[12.552s] Level 1:colcon.colcon_core.shell:create_environment_hook('yahboomcar_laser', 'pythonpath')
[12.569s] INFO:colcon.colcon_core.shell:Creating environment hook '/root/yahboomcar_ws/install/yahboomcar_laser/share/yahboomcar_laser/hook/pythonpath.ps1'
[12.570s] INFO:colcon.colcon_core.shell:Creating environment descriptor '/root/yahboomcar_ws/install/yahboomcar_laser/share/yahboomcar_laser/hook/pythonpath.dsv'
[12.571s] INFO:colcon.colcon_core.shell:Creating environment hook '/root/yahboomcar_ws/install/yahboomcar_laser/share/yahboomcar_laser/hook/pythonpath.sh'
[12.572s] Level 1:colcon.colcon_core.environment:checking '/root/yahboomcar_ws/install/yahboomcar_laser/bin'
[12.572s] Level 1:colcon.colcon_core.environment:create_environment_scripts_only(yahboomcar_laser)
[12.590s] INFO:colcon.colcon_core.shell:Creating package script '/root/yahboomcar_ws/install/yahboomcar_laser/share/yahboomcar_laser/package.ps1'
[12.591s] INFO:colcon.colcon_core.shell:Creating package descriptor '/root/yahboomcar_ws/install/yahboomcar_laser/share/yahboomcar_laser/package.dsv'
[12.592s] INFO:colcon.colcon_core.shell:Creating package script '/root/yahboomcar_ws/install/yahboomcar_laser/share/yahboomcar_laser/package.sh'
[12.593s] INFO:colcon.colcon_core.shell:Creating package script '/root/yahboomcar_ws/install/yahboomcar_laser/share/yahboomcar_laser/package.bash'
[12.593s] INFO:colcon.colcon_core.shell:Creating package script '/root/yahboomcar_ws/install/yahboomcar_laser/share/yahboomcar_laser/package.zsh'
[12.594s] Level 1:colcon.colcon_core.environment:create_file_with_runtime_dependencies(/root/yahboomcar_ws/install/yahboomcar_laser/share/colcon-core/packages/yahboomcar_laser)
[12.595s] INFO:colcon.colcon_ros.task.ament_python.build:Building ROS package in '/root/yahboomcar_ws/src/yahboomcar_visual' with build type 'ament_python'
[12.596s] Level 1:colcon.colcon_core.shell:create_environment_hook('yahboomcar_visual', 'ament_prefix_path')
[12.619s] INFO:colcon.colcon_core.shell:Creating environment hook '/root/yahboomcar_ws/install/yahboomcar_visual/share/yahboomcar_visual/hook/ament_prefix_path.ps1'
[12.621s] INFO:colcon.colcon_core.shell:Creating environment descriptor '/root/yahboomcar_ws/install/yahboomcar_visual/share/yahboomcar_visual/hook/ament_prefix_path.dsv'
[12.622s] INFO:colcon.colcon_core.shell:Creating environment hook '/root/yahboomcar_ws/install/yahboomcar_visual/share/yahboomcar_visual/hook/ament_prefix_path.sh'
[12.646s] INFO:colcon.colcon_core.shell:Skip shell extension 'powershell' for command environment: Not usable outside of PowerShell
[12.646s] DEBUG:colcon.colcon_core.shell:Skip shell extension 'dsv' for command environment
[12.744s] DEBUG:colcon.colcon_core.event_handler.log_command:Invoked command in '/root/yahboomcar_ws/src/yahboomcar_mediapipe' returned '0': PYTHONPATH=/root/yahboomcar_ws/build/yahboomcar_mediapipe/prefix_override:/root/yahboomcar_ws/install/yahboomcar_mediapipe/lib/python3.10/site-packages:${PYTHONPATH} /usr/bin/python3 setup.py egg_info --egg-base ../../build/yahboomcar_mediapipe build --build-base /root/yahboomcar_ws/build/yahboomcar_mediapipe/build install --record /root/yahboomcar_ws/build/yahboomcar_mediapipe/install.log --install-scripts $base/lib/yahboomcar_mediapipe --single-version-externally-managed
[12.760s] Level 1:colcon.colcon_core.environment:checking '/root/yahboomcar_ws/install/yahboomcar_mediapipe' for CMake module files
[12.761s] Level 1:colcon.colcon_core.environment:checking '/root/yahboomcar_ws/install/yahboomcar_mediapipe' for CMake config files
[12.762s] Level 1:colcon.colcon_core.environment:checking '/root/yahboomcar_ws/install/yahboomcar_mediapipe/lib'
[12.762s] Level 1:colcon.colcon_core.environment:checking '/root/yahboomcar_ws/install/yahboomcar_mediapipe/bin'
[12.762s] Level 1:colcon.colcon_core.environment:checking '/root/yahboomcar_ws/install/yahboomcar_mediapipe/lib/pkgconfig/yahboomcar_mediapipe.pc'
[12.763s] Level 1:colcon.colcon_core.environment:checking '/root/yahboomcar_ws/install/yahboomcar_mediapipe/lib/python3.10/site-packages'
[12.763s] Level 1:colcon.colcon_core.shell:create_environment_hook('yahboomcar_mediapipe', 'pythonpath')
[12.779s] INFO:colcon.colcon_core.shell:Creating environment hook '/root/yahboomcar_ws/install/yahboomcar_mediapipe/share/yahboomcar_mediapipe/hook/pythonpath.ps1'
[12.779s] INFO:colcon.colcon_core.shell:Creating environment descriptor '/root/yahboomcar_ws/install/yahboomcar_mediapipe/share/yahboomcar_mediapipe/hook/pythonpath.dsv'
[12.780s] INFO:colcon.colcon_core.shell:Creating environment hook '/root/yahboomcar_ws/install/yahboomcar_mediapipe/share/yahboomcar_mediapipe/hook/pythonpath.sh'
[12.781s] Level 1:colcon.colcon_core.environment:checking '/root/yahboomcar_ws/install/yahboomcar_mediapipe/bin'
[12.781s] Level 1:colcon.colcon_core.environment:create_environment_scripts_only(yahboomcar_mediapipe)
[12.797s] INFO:colcon.colcon_core.shell:Creating package script '/root/yahboomcar_ws/install/yahboomcar_mediapipe/share/yahboomcar_mediapipe/package.ps1'
[12.797s] INFO:colcon.colcon_core.shell:Creating package descriptor '/root/yahboomcar_ws/install/yahboomcar_mediapipe/share/yahboomcar_mediapipe/package.dsv'
[12.798s] INFO:colcon.colcon_core.shell:Creating package script '/root/yahboomcar_ws/install/yahboomcar_mediapipe/share/yahboomcar_mediapipe/package.sh'
[12.798s] INFO:colcon.colcon_core.shell:Creating package script '/root/yahboomcar_ws/install/yahboomcar_mediapipe/share/yahboomcar_mediapipe/package.bash'
[12.799s] INFO:colcon.colcon_core.shell:Creating package script '/root/yahboomcar_ws/install/yahboomcar_mediapipe/share/yahboomcar_mediapipe/package.zsh'
[12.799s] Level 1:colcon.colcon_core.environment:create_file_with_runtime_dependencies(/root/yahboomcar_ws/install/yahboomcar_mediapipe/share/colcon-core/packages/yahboomcar_mediapipe)
[12.805s] DEBUG:colcon.colcon_core.event_handler.log_command:Invoked command in '/root/yahboomcar_ws/build/yahboomcar_msgs' returned '0': CMAKE_PREFIX_PATH=${CMAKE_PREFIX_PATH}:/root/yahboomcar_ws/install/yahboomcar_visual:/root/yahboomcar_ws/install/yahboomcar_nav:/root/yahboomcar_ws/install/yahboomcar_mediapipe:/root/yahboomcar_ws/install/yahboomcar_laser:/root/yahboomcar_ws/install/yahboomcar_description:/root/yahboomcar_ws/install/yahboomcar_ctrl:/root/yahboomcar_ws/install/yahboomcar_bringup:/root/yahboomcar_ws/install/yahboomcar_astra:/root/yahboomcar_ws/install/yahboom_app_save_map:/root/yahboomcar_ws/install/laserscan_to_point_publisher:/opt/ros/humble /usr/bin/cmake --build /root/yahboomcar_ws/build/yahboomcar_msgs -- -j4 -l4
[13.266s] INFO:colcon.colcon_core.task.python.build:Building Python package in '/root/yahboomcar_ws/src/yahboomcar_visual'
[13.284s] INFO:colcon.colcon_core.shell:Skip shell extension 'powershell' for command environment: Not usable outside of PowerShell
[13.284s] DEBUG:colcon.colcon_core.shell:Skip shell extension 'dsv' for command environment
[13.401s] DEBUG:colcon.colcon_core.event_handler.log_command:Invoking command in '/root/yahboomcar_ws/build/yahboomcar_msgs': CMAKE_PREFIX_PATH=${CMAKE_PREFIX_PATH}:/root/yahboomcar_ws/install/yahboomcar_visual:/root/yahboomcar_ws/install/yahboomcar_nav:/root/yahboomcar_ws/install/yahboomcar_mediapipe:/root/yahboomcar_ws/install/yahboomcar_laser:/root/yahboomcar_ws/install/yahboomcar_description:/root/yahboomcar_ws/install/yahboomcar_ctrl:/root/yahboomcar_ws/install/yahboomcar_bringup:/root/yahboomcar_ws/install/yahboomcar_astra:/root/yahboomcar_ws/install/yahboom_app_save_map:/root/yahboomcar_ws/install/laserscan_to_point_publisher:/opt/ros/humble /usr/bin/cmake --install /root/yahboomcar_ws/build/yahboomcar_msgs
[13.448s] DEBUG:colcon.colcon_core.event_handler.log_command:Invoking command in '/root/yahboomcar_ws/src/yahboomcar_nav': PYTHONPATH=/root/yahboomcar_ws/build/yahboomcar_nav/prefix_override:/root/yahboomcar_ws/install/yahboomcar_nav/lib/python3.10/site-packages:${PYTHONPATH} /usr/bin/python3 setup.py egg_info --egg-base ../../build/yahboomcar_nav build --build-base /root/yahboomcar_ws/build/yahboomcar_nav/build install --record /root/yahboomcar_ws/build/yahboomcar_nav/install.log --single-version-externally-managed
[13.523s] Level 1:colcon.colcon_core.environment:create_environment_scripts_only(yahboomcar_msgs)
[13.537s] DEBUG:colcon.colcon_core.event_handler.log_command:Invoked command in '/root/yahboomcar_ws/build/yahboomcar_msgs' returned '0': CMAKE_PREFIX_PATH=${CMAKE_PREFIX_PATH}:/root/yahboomcar_ws/install/yahboomcar_visual:/root/yahboomcar_ws/install/yahboomcar_nav:/root/yahboomcar_ws/install/yahboomcar_mediapipe:/root/yahboomcar_ws/install/yahboomcar_laser:/root/yahboomcar_ws/install/yahboomcar_description:/root/yahboomcar_ws/install/yahboomcar_ctrl:/root/yahboomcar_ws/install/yahboomcar_bringup:/root/yahboomcar_ws/install/yahboomcar_astra:/root/yahboomcar_ws/install/yahboom_app_save_map:/root/yahboomcar_ws/install/laserscan_to_point_publisher:/opt/ros/humble /usr/bin/cmake --install /root/yahboomcar_ws/build/yahboomcar_msgs
[13.552s] Level 1:colcon.colcon_core.environment:checking '/root/yahboomcar_ws/install/yahboomcar_msgs' for CMake module files
[13.554s] Level 1:colcon.colcon_core.environment:checking '/root/yahboomcar_ws/install/yahboomcar_msgs' for CMake config files
[13.556s] Level 1:colcon.colcon_core.shell:create_environment_hook('yahboomcar_msgs', 'cmake_prefix_path')
[13.575s] INFO:colcon.colcon_core.shell:Creating environment hook '/root/yahboomcar_ws/install/yahboomcar_msgs/share/yahboomcar_msgs/hook/cmake_prefix_path.ps1'
[13.576s] INFO:colcon.colcon_core.shell:Creating environment descriptor '/root/yahboomcar_ws/install/yahboomcar_msgs/share/yahboomcar_msgs/hook/cmake_prefix_path.dsv'
[13.576s] INFO:colcon.colcon_core.shell:Creating environment hook '/root/yahboomcar_ws/install/yahboomcar_msgs/share/yahboomcar_msgs/hook/cmake_prefix_path.sh'
[13.577s] Level 1:colcon.colcon_core.environment:checking '/root/yahboomcar_ws/install/yahboomcar_msgs/lib'
[13.578s] Level 1:colcon.colcon_core.shell:create_environment_hook('yahboomcar_msgs', 'ld_library_path_lib')
[13.598s] INFO:colcon.colcon_core.shell:Creating environment hook '/root/yahboomcar_ws/install/yahboomcar_msgs/share/yahboomcar_msgs/hook/ld_library_path_lib.ps1'
[13.599s] INFO:colcon.colcon_core.shell:Creating environment descriptor '/root/yahboomcar_ws/install/yahboomcar_msgs/share/yahboomcar_msgs/hook/ld_library_path_lib.dsv'
[13.599s] INFO:colcon.colcon_core.shell:Creating environment hook '/root/yahboomcar_ws/install/yahboomcar_msgs/share/yahboomcar_msgs/hook/ld_library_path_lib.sh'
[13.600s] Level 1:colcon.colcon_core.environment:checking '/root/yahboomcar_ws/install/yahboomcar_msgs/bin'
[13.600s] Level 1:colcon.colcon_core.environment:checking '/root/yahboomcar_ws/install/yahboomcar_msgs/lib/pkgconfig/yahboomcar_msgs.pc'
[13.600s] Level 1:colcon.colcon_core.environment:checking '/root/yahboomcar_ws/install/yahboomcar_msgs/lib/python3.10/site-packages'
[13.601s] Level 1:colcon.colcon_core.environment:checking '/root/yahboomcar_ws/install/yahboomcar_msgs/bin'
[13.621s] INFO:colcon.colcon_core.shell:Creating package script '/root/yahboomcar_ws/install/yahboomcar_msgs/share/yahboomcar_msgs/package.ps1'
[13.622s] INFO:colcon.colcon_core.shell:Creating package descriptor '/root/yahboomcar_ws/install/yahboomcar_msgs/share/yahboomcar_msgs/package.dsv'
[13.622s] INFO:colcon.colcon_core.shell:Creating package script '/root/yahboomcar_ws/install/yahboomcar_msgs/share/yahboomcar_msgs/package.sh'
[13.623s] INFO:colcon.colcon_core.shell:Creating package script '/root/yahboomcar_ws/install/yahboomcar_msgs/share/yahboomcar_msgs/package.bash'
[13.623s] INFO:colcon.colcon_core.shell:Creating package script '/root/yahboomcar_ws/install/yahboomcar_msgs/share/yahboomcar_msgs/package.zsh'
[13.624s] Level 1:colcon.colcon_core.environment:create_file_with_runtime_dependencies(/root/yahboomcar_ws/install/yahboomcar_msgs/share/colcon-core/packages/yahboomcar_msgs)
[13.903s] Level 1:colcon.colcon_core.environment:create_environment_scripts_only(yahboomcar_msgs)
[13.929s] Level 1:colcon.colcon_core.environment:checking '/root/yahboomcar_ws/install/yahboomcar_msgs' for CMake module files
[13.930s] Level 1:colcon.colcon_core.environment:checking '/root/yahboomcar_ws/install/yahboomcar_msgs' for CMake config files
[13.932s] Level 1:colcon.colcon_core.shell:create_environment_hook('yahboomcar_msgs', 'cmake_prefix_path')
[13.983s] INFO:colcon.colcon_core.shell:Creating environment hook '/root/yahboomcar_ws/install/yahboomcar_msgs/share/yahboomcar_msgs/hook/cmake_prefix_path.ps1'
[13.985s] INFO:colcon.colcon_core.shell:Creating environment descriptor '/root/yahboomcar_ws/install/yahboomcar_msgs/share/yahboomcar_msgs/hook/cmake_prefix_path.dsv'
[13.986s] INFO:colcon.colcon_core.shell:Creating environment hook '/root/yahboomcar_ws/install/yahboomcar_msgs/share/yahboomcar_msgs/hook/cmake_prefix_path.sh'
[13.988s] Level 1:colcon.colcon_core.environment:checking '/root/yahboomcar_ws/install/yahboomcar_msgs/lib'
[13.988s] Level 1:colcon.colcon_core.shell:create_environment_hook('yahboomcar_msgs', 'ld_library_path_lib')
[14.016s] INFO:colcon.colcon_core.shell:Creating environment hook '/root/yahboomcar_ws/install/yahboomcar_msgs/share/yahboomcar_msgs/hook/ld_library_path_lib.ps1'
[14.017s] INFO:colcon.colcon_core.shell:Creating environment descriptor '/root/yahboomcar_ws/install/yahboomcar_msgs/share/yahboomcar_msgs/hook/ld_library_path_lib.dsv'
[14.018s] INFO:colcon.colcon_core.shell:Creating environment hook '/root/yahboomcar_ws/install/yahboomcar_msgs/share/yahboomcar_msgs/hook/ld_library_path_lib.sh'
[14.018s] Level 1:colcon.colcon_core.environment:checking '/root/yahboomcar_ws/install/yahboomcar_msgs/bin'
[14.018s] Level 1:colcon.colcon_core.environment:checking '/root/yahboomcar_ws/install/yahboomcar_msgs/lib/pkgconfig/yahboomcar_msgs.pc'
[14.019s] Level 1:colcon.colcon_core.environment:checking '/root/yahboomcar_ws/install/yahboomcar_msgs/lib/python3.10/site-packages'
[14.019s] Level 1:colcon.colcon_core.environment:checking '/root/yahboomcar_ws/install/yahboomcar_msgs/bin'
[14.041s] INFO:colcon.colcon_core.shell:Creating package script '/root/yahboomcar_ws/install/yahboomcar_msgs/share/yahboomcar_msgs/package.ps1'
[14.043s] INFO:colcon.colcon_core.shell:Creating package descriptor '/root/yahboomcar_ws/install/yahboomcar_msgs/share/yahboomcar_msgs/package.dsv'
[14.044s] INFO:colcon.colcon_core.shell:Creating package script '/root/yahboomcar_ws/install/yahboomcar_msgs/share/yahboomcar_msgs/package.sh'
[14.046s] INFO:colcon.colcon_core.shell:Creating package script '/root/yahboomcar_ws/install/yahboomcar_msgs/share/yahboomcar_msgs/package.bash'
[14.047s] INFO:colcon.colcon_core.shell:Creating package script '/root/yahboomcar_ws/install/yahboomcar_msgs/share/yahboomcar_msgs/package.zsh'
[14.049s] Level 1:colcon.colcon_core.environment:create_file_with_runtime_dependencies(/root/yahboomcar_ws/install/yahboomcar_msgs/share/colcon-core/packages/yahboomcar_msgs)
[14.055s] DEBUG:colcon.colcon_core.event_handler.log_command:Invoking command in '/root/yahboomcar_ws/src/yahboomcar_visual': PYTHONPATH=/root/yahboomcar_ws/build/yahboomcar_visual/prefix_override:/root/yahboomcar_ws/install/yahboomcar_visual/lib/python3.10/site-packages:${PYTHONPATH} /usr/bin/python3 setup.py egg_info --egg-base ../../build/yahboomcar_visual build --build-base /root/yahboomcar_ws/build/yahboomcar_visual/build install --record /root/yahboomcar_ws/build/yahboomcar_visual/install.log --install-scripts $base/lib/yahboomcar_visual --single-version-externally-managed
[14.056s] DEBUG:colcon.colcon_core.event_handler.log_command:Invoked command in '/root/yahboomcar_ws/src/yahboomcar_nav' returned '0': PYTHONPATH=/root/yahboomcar_ws/build/yahboomcar_nav/prefix_override:/root/yahboomcar_ws/install/yahboomcar_nav/lib/python3.10/site-packages:${PYTHONPATH} /usr/bin/python3 setup.py egg_info --egg-base ../../build/yahboomcar_nav build --build-base /root/yahboomcar_ws/build/yahboomcar_nav/build install --record /root/yahboomcar_ws/build/yahboomcar_nav/install.log --single-version-externally-managed
[14.076s] Level 1:colcon.colcon_core.environment:checking '/root/yahboomcar_ws/install/yahboomcar_nav' for CMake module files
[14.077s] Level 1:colcon.colcon_core.environment:checking '/root/yahboomcar_ws/install/yahboomcar_nav' for CMake config files
[14.078s] Level 1:colcon.colcon_core.environment:checking '/root/yahboomcar_ws/install/yahboomcar_nav/lib'
[14.078s] Level 1:colcon.colcon_core.environment:checking '/root/yahboomcar_ws/install/yahboomcar_nav/bin'
[14.078s] Level 1:colcon.colcon_core.environment:checking '/root/yahboomcar_ws/install/yahboomcar_nav/lib/pkgconfig/yahboomcar_nav.pc'
[14.080s] Level 1:colcon.colcon_core.environment:checking '/root/yahboomcar_ws/install/yahboomcar_nav/lib/python3.10/site-packages'
[14.080s] Level 1:colcon.colcon_core.shell:create_environment_hook('yahboomcar_nav', 'pythonpath')
[14.099s] INFO:colcon.colcon_core.shell:Creating environment hook '/root/yahboomcar_ws/install/yahboomcar_nav/share/yahboomcar_nav/hook/pythonpath.ps1'
[14.100s] INFO:colcon.colcon_core.shell:Creating environment descriptor '/root/yahboomcar_ws/install/yahboomcar_nav/share/yahboomcar_nav/hook/pythonpath.dsv'
[14.101s] INFO:colcon.colcon_core.shell:Creating environment hook '/root/yahboomcar_ws/install/yahboomcar_nav/share/yahboomcar_nav/hook/pythonpath.sh'
[14.102s] Level 1:colcon.colcon_core.environment:checking '/root/yahboomcar_ws/install/yahboomcar_nav/bin'
[14.102s] Level 1:colcon.colcon_core.environment:create_environment_scripts_only(yahboomcar_nav)
[14.121s] INFO:colcon.colcon_core.shell:Creating package script '/root/yahboomcar_ws/install/yahboomcar_nav/share/yahboomcar_nav/package.ps1'
[14.123s] INFO:colcon.colcon_core.shell:Creating package descriptor '/root/yahboomcar_ws/install/yahboomcar_nav/share/yahboomcar_nav/package.dsv'
[14.124s] INFO:colcon.colcon_core.shell:Creating package script '/root/yahboomcar_ws/install/yahboomcar_nav/share/yahboomcar_nav/package.sh'
[14.125s] INFO:colcon.colcon_core.shell:Creating package script '/root/yahboomcar_ws/install/yahboomcar_nav/share/yahboomcar_nav/package.bash'
[14.125s] INFO:colcon.colcon_core.shell:Creating package script '/root/yahboomcar_ws/install/yahboomcar_nav/share/yahboomcar_nav/package.zsh'
[14.126s] Level 1:colcon.colcon_core.environment:create_file_with_runtime_dependencies(/root/yahboomcar_ws/install/yahboomcar_nav/share/colcon-core/packages/yahboomcar_nav)
[14.501s] DEBUG:colcon.colcon_core.event_handler.log_command:Invoked command in '/root/yahboomcar_ws/src/yahboomcar_visual' returned '0': PYTHONPATH=/root/yahboomcar_ws/build/yahboomcar_visual/prefix_override:/root/yahboomcar_ws/install/yahboomcar_visual/lib/python3.10/site-packages:${PYTHONPATH} /usr/bin/python3 setup.py egg_info --egg-base ../../build/yahboomcar_visual build --build-base /root/yahboomcar_ws/build/yahboomcar_visual/build install --record /root/yahboomcar_ws/build/yahboomcar_visual/install.log --install-scripts $base/lib/yahboomcar_visual --single-version-externally-managed
[14.518s] Level 1:colcon.colcon_core.environment:checking '/root/yahboomcar_ws/install/yahboomcar_visual' for CMake module files
[14.519s] Level 1:colcon.colcon_core.environment:checking '/root/yahboomcar_ws/install/yahboomcar_visual' for CMake config files
[14.520s] Level 1:colcon.colcon_core.environment:checking '/root/yahboomcar_ws/install/yahboomcar_visual/lib'
[14.520s] Level 1:colcon.colcon_core.environment:checking '/root/yahboomcar_ws/install/yahboomcar_visual/bin'
[14.520s] Level 1:colcon.colcon_core.environment:checking '/root/yahboomcar_ws/install/yahboomcar_visual/lib/pkgconfig/yahboomcar_visual.pc'
[14.521s] Level 1:colcon.colcon_core.environment:checking '/root/yahboomcar_ws/install/yahboomcar_visual/lib/python3.10/site-packages'
[14.521s] Level 1:colcon.colcon_core.shell:create_environment_hook('yahboomcar_visual', 'pythonpath')
[14.539s] INFO:colcon.colcon_core.shell:Creating environment hook '/root/yahboomcar_ws/install/yahboomcar_visual/share/yahboomcar_visual/hook/pythonpath.ps1'
[14.540s] INFO:colcon.colcon_core.shell:Creating environment descriptor '/root/yahboomcar_ws/install/yahboomcar_visual/share/yahboomcar_visual/hook/pythonpath.dsv'
[14.540s] INFO:colcon.colcon_core.shell:Creating environment hook '/root/yahboomcar_ws/install/yahboomcar_visual/share/yahboomcar_visual/hook/pythonpath.sh'
[14.541s] Level 1:colcon.colcon_core.environment:checking '/root/yahboomcar_ws/install/yahboomcar_visual/bin'
[14.541s] Level 1:colcon.colcon_core.environment:create_environment_scripts_only(yahboomcar_visual)
[14.559s] INFO:colcon.colcon_core.shell:Creating package script '/root/yahboomcar_ws/install/yahboomcar_visual/share/yahboomcar_visual/package.ps1'
[14.560s] INFO:colcon.colcon_core.shell:Creating package descriptor '/root/yahboomcar_ws/install/yahboomcar_visual/share/yahboomcar_visual/package.dsv'
[14.560s] INFO:colcon.colcon_core.shell:Creating package script '/root/yahboomcar_ws/install/yahboomcar_visual/share/yahboomcar_visual/package.sh'
[14.561s] INFO:colcon.colcon_core.shell:Creating package script '/root/yahboomcar_ws/install/yahboomcar_visual/share/yahboomcar_visual/package.bash'
[14.561s] INFO:colcon.colcon_core.shell:Creating package script '/root/yahboomcar_ws/install/yahboomcar_visual/share/yahboomcar_visual/package.zsh'
[14.562s] Level 1:colcon.colcon_core.environment:create_file_with_runtime_dependencies(/root/yahboomcar_ws/install/yahboomcar_visual/share/colcon-core/packages/yahboomcar_visual)
[14.562s] DEBUG:colcon.colcon_parallel_executor.executor.parallel:closing loop
[14.562s] DEBUG:colcon.colcon_parallel_executor.executor.parallel:loop closed
[14.563s] DEBUG:colcon.colcon_parallel_executor.executor.parallel:run_until_complete finished with '0'
[14.563s] DEBUG:colcon.colcon_core.event_reactor:joining thread
[14.593s] INFO:colcon.colcon_core.plugin_system:Skipping extension 'colcon_notification.desktop_notification.notify_send': Could not find 'notify-send'
[14.593s] INFO:colcon.colcon_core.plugin_system:Skipping extension 'colcon_notification.desktop_notification.terminal_notifier': Not used on non-Darwin systems
[14.594s] INFO:colcon.colcon_core.plugin_system:Skipping extension 'colcon_notification.desktop_notification.win32': Not used on non-Windows systems
[14.594s] INFO:colcon.colcon_notification.desktop_notification:Sending desktop notification using 'notify2'
[14.596s] DEBUG:colcon.colcon_notification.desktop_notification.notify2:Failed to initialize notify2: org.freedesktop.DBus.Error.Spawn.ExecFailed: /usr/bin/dbus-launch terminated abnormally without any error message
[14.597s] DEBUG:colcon.colcon_core.event_reactor:joined thread
[14.619s] INFO:colcon.colcon_core.shell:Creating prefix script '/root/yahboomcar_ws/install/local_setup.ps1'
[14.621s] INFO:colcon.colcon_core.shell:Creating prefix util module '/root/yahboomcar_ws/install/_local_setup_util_ps1.py'
[14.622s] INFO:colcon.colcon_core.shell:Creating prefix chain script '/root/yahboomcar_ws/install/setup.ps1'
[14.641s] INFO:colcon.colcon_core.shell:Creating prefix script '/root/yahboomcar_ws/install/local_setup.sh'
[14.642s] INFO:colcon.colcon_core.shell:Creating prefix util module '/root/yahboomcar_ws/install/_local_setup_util_sh.py'
[14.643s] INFO:colcon.colcon_core.shell:Creating prefix chain script '/root/yahboomcar_ws/install/setup.sh'
[14.662s] INFO:colcon.colcon_core.shell:Creating prefix script '/root/yahboomcar_ws/install/local_setup.bash'
[14.662s] INFO:colcon.colcon_core.shell:Creating prefix chain script '/root/yahboomcar_ws/install/setup.bash'
[14.681s] INFO:colcon.colcon_core.shell:Creating prefix script '/root/yahboomcar_ws/install/local_setup.zsh'
[14.682s] INFO:colcon.colcon_core.shell:Creating prefix chain script '/root/yahboomcar_ws/install/setup.zsh'
