[0.000000] (-) TimerEvent: {}
[0.000492] (laserscan_to_point_publisher) JobQueued: {'identifier': 'laserscan_to_point_publisher', 'dependencies': OrderedDict()}
[0.000990] (robot_pose_publisher_ros2) JobQueued: {'identifier': 'robot_pose_publisher_ros2', 'dependencies': OrderedDict()}
[0.001208] (yahboom_app_save_map) JobQueued: {'identifier': 'yahboom_app_save_map', 'dependencies': OrderedDict()}
[0.001235] (yahboom_web_savmap_interfaces) JobQueued: {'identifier': 'yahboom_web_savmap_interfaces', 'dependencies': OrderedDict()}
[0.001343] (yahboomcar_base_node) JobQueued: {'identifier': 'yahboomcar_base_node', 'dependencies': OrderedDict()}
[0.001392] (yahboomcar_bringup) JobQueued: {'identifier': 'yahboomcar_bringup', 'dependencies': OrderedDict()}
[0.001500] (yahboomcar_ctrl) JobQueued: {'identifier': 'yahboomcar_ctrl', 'dependencies': OrderedDict()}
[0.001524] (yahboomcar_description) JobQueued: {'identifier': 'yahboomcar_description', 'dependencies': OrderedDict()}
[0.001547] (yahboomcar_laser) JobQueued: {'identifier': 'yahboomcar_laser', 'dependencies': OrderedDict()}
[0.001609] (yahboomcar_nav) JobQueued: {'identifier': 'yahboomcar_nav', 'dependencies': OrderedDict()}
[0.001636] (laserscan_to_point_publisher) JobStarted: {'identifier': 'laserscan_to_point_publisher'}
[0.071857] (robot_pose_publisher_ros2) JobStarted: {'identifier': 'robot_pose_publisher_ros2'}
[0.099887] (-) TimerEvent: {}
[0.123748] (yahboom_app_save_map) JobStarted: {'identifier': 'yahboom_app_save_map'}
[0.188773] (yahboom_web_savmap_interfaces) JobStarted: {'identifier': 'yahboom_web_savmap_interfaces'}
[0.199974] (-) TimerEvent: {}
[0.301106] (-) TimerEvent: {}
[0.401512] (-) TimerEvent: {}
[0.501901] (-) TimerEvent: {}
[0.602317] (-) TimerEvent: {}
[0.624951] (robot_pose_publisher_ros2) JobProgress: {'identifier': 'robot_pose_publisher_ros2', 'progress': 'cmake'}
[0.626047] (robot_pose_publisher_ros2) JobProgress: {'identifier': 'robot_pose_publisher_ros2', 'progress': 'build'}
[0.627195] (robot_pose_publisher_ros2) Command: {'cmd': ['/usr/bin/cmake', '--build', '/root/yahboomcar_ws/build/robot_pose_publisher_ros2', '--', '-j4', '-l4'], 'cwd': '/root/yahboomcar_ws/build/robot_pose_publisher_ros2', 'env': OrderedDict([('HOSTNAME', 'pi-desktop'), ('SHLVL', '1'), ('LD_LIBRARY_PATH', '/opt/ros/humble/opt/rviz_ogre_vendor/lib:/opt/ros/humble/lib/aarch64-linux-gnu:/opt/ros/humble/lib'), ('HOME', '/root'), ('OLDPWD', '/root/yahboomcar_ws/src'), ('ROS_PYTHON_VERSION', '3'), ('ROS_DISTRO', 'humble'), ('_', '/usr/bin/colcon'), ('ROS_VERSION', '2'), ('TERM', 'xterm'), ('ROS_LOCALHOST_ONLY', '0'), ('QT_X11_NO_MITSHM', '1'), ('PATH', '/opt/ros/humble/bin:/usr/local/sbin:/usr/local/bin:/usr/sbin:/usr/bin:/sbin:/bin'), ('DISPLAY', ':0'), ('LANG', 'C.UTF-8'), ('LS_COLORS', 'rs=0:di=01;34:ln=01;36:mh=00:pi=40;33:so=01;35:do=01;35:bd=40;33;01:cd=40;33;01:or=40;31;01:mi=00:su=37;41:sg=30;43:ca=30;41:tw=30;42:ow=34;42:st=37;44:ex=01;32:*.tar=01;31:*.tgz=01;31:*.arc=01;31:*.arj=01;31:*.taz=01;31:*.lha=01;31:*.lz4=01;31:*.lzh=01;31:*.lzma=01;31:*.tlz=01;31:*.txz=01;31:*.tzo=01;31:*.t7z=01;31:*.zip=01;31:*.z=01;31:*.dz=01;31:*.gz=01;31:*.lrz=01;31:*.lz=01;31:*.lzo=01;31:*.xz=01;31:*.zst=01;31:*.tzst=01;31:*.bz2=01;31:*.bz=01;31:*.tbz=01;31:*.tbz2=01;31:*.tz=01;31:*.deb=01;31:*.rpm=01;31:*.jar=01;31:*.war=01;31:*.ear=01;31:*.sar=01;31:*.rar=01;31:*.alz=01;31:*.ace=01;31:*.zoo=01;31:*.cpio=01;31:*.7z=01;31:*.rz=01;31:*.cab=01;31:*.wim=01;31:*.swm=01;31:*.dwm=01;31:*.esd=01;31:*.jpg=01;35:*.jpeg=01;35:*.mjpg=01;35:*.mjpeg=01;35:*.gif=01;35:*.bmp=01;35:*.pbm=01;35:*.pgm=01;35:*.ppm=01;35:*.tga=01;35:*.xbm=01;35:*.xpm=01;35:*.tif=01;35:*.tiff=01;35:*.png=01;35:*.svg=01;35:*.svgz=01;35:*.mng=01;35:*.pcx=01;35:*.mov=01;35:*.mpg=01;35:*.mpeg=01;35:*.m2v=01;35:*.mkv=01;35:*.webm=01;35:*.webp=01;35:*.ogm=01;35:*.mp4=01;35:*.m4v=01;35:*.mp4v=01;35:*.vob=01;35:*.qt=01;35:*.nuv=01;35:*.wmv=01;35:*.asf=01;35:*.rm=01;35:*.rmvb=01;35:*.flc=01;35:*.avi=01;35:*.fli=01;35:*.flv=01;35:*.gl=01;35:*.dl=01;35:*.xcf=01;35:*.xwd=01;35:*.yuv=01;35:*.cgm=01;35:*.emf=01;35:*.ogv=01;35:*.ogx=01;35:*.aac=00;36:*.au=00;36:*.flac=00;36:*.m4a=00;36:*.mid=00;36:*.midi=00;36:*.mka=00;36:*.mp3=00;36:*.mpc=00;36:*.ogg=00;36:*.ra=00;36:*.wav=00;36:*.oga=00;36:*.opus=00;36:*.spx=00;36:*.xspf=00;36:'), ('AMENT_PREFIX_PATH', '/opt/ros/humble'), ('PWD', '/root/yahboomcar_ws/build/robot_pose_publisher_ros2'), ('LC_ALL', 'C.UTF-8'), ('PYTHONPATH', '/opt/ros/humble/lib/python3.10/site-packages:/opt/ros/humble/local/lib/python3.10/dist-packages'), ('COLCON', '1'), ('CMAKE_PREFIX_PATH', '/opt/ros/humble')]), 'shell': False}
[0.702457] (-) TimerEvent: {}
[0.802947] (-) TimerEvent: {}
[0.903381] (-) TimerEvent: {}
[1.003848] (-) TimerEvent: {}
[1.041762] (robot_pose_publisher_ros2) StdoutLine: {'line': b'[ 50%] \x1b[32mBuilding CXX object CMakeFiles/robot_pose_publisher.dir/src/robot_pose_publisher.cpp.o\x1b[0m\n'}
[1.043660] (yahboom_web_savmap_interfaces) JobProgress: {'identifier': 'yahboom_web_savmap_interfaces', 'progress': 'cmake'}
[1.044560] (yahboom_web_savmap_interfaces) JobProgress: {'identifier': 'yahboom_web_savmap_interfaces', 'progress': 'build'}
[1.044914] (yahboom_web_savmap_interfaces) Command: {'cmd': ['/usr/bin/cmake', '--build', '/root/yahboomcar_ws/build/yahboom_web_savmap_interfaces', '--', '-j4', '-l4'], 'cwd': '/root/yahboomcar_ws/build/yahboom_web_savmap_interfaces', 'env': OrderedDict([('HOSTNAME', 'pi-desktop'), ('SHLVL', '1'), ('LD_LIBRARY_PATH', '/opt/ros/humble/opt/rviz_ogre_vendor/lib:/opt/ros/humble/lib/aarch64-linux-gnu:/opt/ros/humble/lib'), ('HOME', '/root'), ('OLDPWD', '/root/yahboomcar_ws/src'), ('ROS_PYTHON_VERSION', '3'), ('ROS_DISTRO', 'humble'), ('_', '/usr/bin/colcon'), ('ROS_VERSION', '2'), ('TERM', 'xterm'), ('ROS_LOCALHOST_ONLY', '0'), ('QT_X11_NO_MITSHM', '1'), ('PATH', '/opt/ros/humble/bin:/usr/local/sbin:/usr/local/bin:/usr/sbin:/usr/bin:/sbin:/bin'), ('DISPLAY', ':0'), ('LANG', 'C.UTF-8'), ('LS_COLORS', 'rs=0:di=01;34:ln=01;36:mh=00:pi=40;33:so=01;35:do=01;35:bd=40;33;01:cd=40;33;01:or=40;31;01:mi=00:su=37;41:sg=30;43:ca=30;41:tw=30;42:ow=34;42:st=37;44:ex=01;32:*.tar=01;31:*.tgz=01;31:*.arc=01;31:*.arj=01;31:*.taz=01;31:*.lha=01;31:*.lz4=01;31:*.lzh=01;31:*.lzma=01;31:*.tlz=01;31:*.txz=01;31:*.tzo=01;31:*.t7z=01;31:*.zip=01;31:*.z=01;31:*.dz=01;31:*.gz=01;31:*.lrz=01;31:*.lz=01;31:*.lzo=01;31:*.xz=01;31:*.zst=01;31:*.tzst=01;31:*.bz2=01;31:*.bz=01;31:*.tbz=01;31:*.tbz2=01;31:*.tz=01;31:*.deb=01;31:*.rpm=01;31:*.jar=01;31:*.war=01;31:*.ear=01;31:*.sar=01;31:*.rar=01;31:*.alz=01;31:*.ace=01;31:*.zoo=01;31:*.cpio=01;31:*.7z=01;31:*.rz=01;31:*.cab=01;31:*.wim=01;31:*.swm=01;31:*.dwm=01;31:*.esd=01;31:*.jpg=01;35:*.jpeg=01;35:*.mjpg=01;35:*.mjpeg=01;35:*.gif=01;35:*.bmp=01;35:*.pbm=01;35:*.pgm=01;35:*.ppm=01;35:*.tga=01;35:*.xbm=01;35:*.xpm=01;35:*.tif=01;35:*.tiff=01;35:*.png=01;35:*.svg=01;35:*.svgz=01;35:*.mng=01;35:*.pcx=01;35:*.mov=01;35:*.mpg=01;35:*.mpeg=01;35:*.m2v=01;35:*.mkv=01;35:*.webm=01;35:*.webp=01;35:*.ogm=01;35:*.mp4=01;35:*.m4v=01;35:*.mp4v=01;35:*.vob=01;35:*.qt=01;35:*.nuv=01;35:*.wmv=01;35:*.asf=01;35:*.rm=01;35:*.rmvb=01;35:*.flc=01;35:*.avi=01;35:*.fli=01;35:*.flv=01;35:*.gl=01;35:*.dl=01;35:*.xcf=01;35:*.xwd=01;35:*.yuv=01;35:*.cgm=01;35:*.emf=01;35:*.ogv=01;35:*.ogx=01;35:*.aac=00;36:*.au=00;36:*.flac=00;36:*.m4a=00;36:*.mid=00;36:*.midi=00;36:*.mka=00;36:*.mp3=00;36:*.mpc=00;36:*.ogg=00;36:*.ra=00;36:*.wav=00;36:*.oga=00;36:*.opus=00;36:*.spx=00;36:*.xspf=00;36:'), ('AMENT_PREFIX_PATH', '/opt/ros/humble'), ('PWD', '/root/yahboomcar_ws/build/yahboom_web_savmap_interfaces'), ('LC_ALL', 'C.UTF-8'), ('PYTHONPATH', '/opt/ros/humble/lib/python3.10/site-packages:/opt/ros/humble/local/lib/python3.10/dist-packages'), ('COLCON', '1'), ('CMAKE_PREFIX_PATH', '/opt/ros/humble')]), 'shell': False}
[1.105034] (-) TimerEvent: {}
[1.174411] (yahboom_web_savmap_interfaces) StdoutLine: {'line': b'[  3%] \x1b[34m\x1b[1mGenerating C code for ROS interfaces\x1b[0m\n'}
[1.205248] (-) TimerEvent: {}
[1.236195] (yahboom_web_savmap_interfaces) StdoutLine: {'line': b'[  6%] \x1b[34m\x1b[1mGenerating C++ code for ROS interfaces\x1b[0m\n'}
[1.305437] (-) TimerEvent: {}
[1.321583] (yahboom_web_savmap_interfaces) StdoutLine: {'line': b'[  6%] Built target ament_cmake_python_copy_yahboom_web_savmap_interfaces\n'}
[1.405574] (-) TimerEvent: {}
[1.506207] (-) TimerEvent: {}
[1.606724] (-) TimerEvent: {}
[1.707238] (-) TimerEvent: {}
[1.807845] (-) TimerEvent: {}
[1.829389] (laserscan_to_point_publisher) Command: {'cmd': ['/usr/bin/python3', 'setup.py', 'egg_info', '--egg-base', '../../build/laserscan_to_point_publisher', 'build', '--build-base', '/root/yahboomcar_ws/build/laserscan_to_point_publisher/build', 'install', '--record', '/root/yahboomcar_ws/build/laserscan_to_point_publisher/install.log', '--single-version-externally-managed'], 'cwd': '/root/yahboomcar_ws/src/laserscan_to_point_publisher', 'env': {'HOSTNAME': 'pi-desktop', 'SHLVL': '1', 'LD_LIBRARY_PATH': '/opt/ros/humble/opt/rviz_ogre_vendor/lib:/opt/ros/humble/lib/aarch64-linux-gnu:/opt/ros/humble/lib', 'HOME': '/root', 'OLDPWD': '/root/yahboomcar_ws/src', 'ROS_PYTHON_VERSION': '3', 'ROS_DISTRO': 'humble', '_': '/usr/bin/colcon', 'ROS_VERSION': '2', 'TERM': 'xterm', 'ROS_LOCALHOST_ONLY': '0', 'QT_X11_NO_MITSHM': '1', 'PATH': '/opt/ros/humble/bin:/usr/local/sbin:/usr/local/bin:/usr/sbin:/usr/bin:/sbin:/bin', 'DISPLAY': ':0', 'LANG': 'C.UTF-8', 'LS_COLORS': 'rs=0:di=01;34:ln=01;36:mh=00:pi=40;33:so=01;35:do=01;35:bd=40;33;01:cd=40;33;01:or=40;31;01:mi=00:su=37;41:sg=30;43:ca=30;41:tw=30;42:ow=34;42:st=37;44:ex=01;32:*.tar=01;31:*.tgz=01;31:*.arc=01;31:*.arj=01;31:*.taz=01;31:*.lha=01;31:*.lz4=01;31:*.lzh=01;31:*.lzma=01;31:*.tlz=01;31:*.txz=01;31:*.tzo=01;31:*.t7z=01;31:*.zip=01;31:*.z=01;31:*.dz=01;31:*.gz=01;31:*.lrz=01;31:*.lz=01;31:*.lzo=01;31:*.xz=01;31:*.zst=01;31:*.tzst=01;31:*.bz2=01;31:*.bz=01;31:*.tbz=01;31:*.tbz2=01;31:*.tz=01;31:*.deb=01;31:*.rpm=01;31:*.jar=01;31:*.war=01;31:*.ear=01;31:*.sar=01;31:*.rar=01;31:*.alz=01;31:*.ace=01;31:*.zoo=01;31:*.cpio=01;31:*.7z=01;31:*.rz=01;31:*.cab=01;31:*.wim=01;31:*.swm=01;31:*.dwm=01;31:*.esd=01;31:*.jpg=01;35:*.jpeg=01;35:*.mjpg=01;35:*.mjpeg=01;35:*.gif=01;35:*.bmp=01;35:*.pbm=01;35:*.pgm=01;35:*.ppm=01;35:*.tga=01;35:*.xbm=01;35:*.xpm=01;35:*.tif=01;35:*.tiff=01;35:*.png=01;35:*.svg=01;35:*.svgz=01;35:*.mng=01;35:*.pcx=01;35:*.mov=01;35:*.mpg=01;35:*.mpeg=01;35:*.m2v=01;35:*.mkv=01;35:*.webm=01;35:*.webp=01;35:*.ogm=01;35:*.mp4=01;35:*.m4v=01;35:*.mp4v=01;35:*.vob=01;35:*.qt=01;35:*.nuv=01;35:*.wmv=01;35:*.asf=01;35:*.rm=01;35:*.rmvb=01;35:*.flc=01;35:*.avi=01;35:*.fli=01;35:*.flv=01;35:*.gl=01;35:*.dl=01;35:*.xcf=01;35:*.xwd=01;35:*.yuv=01;35:*.cgm=01;35:*.emf=01;35:*.ogv=01;35:*.ogx=01;35:*.aac=00;36:*.au=00;36:*.flac=00;36:*.m4a=00;36:*.mid=00;36:*.midi=00;36:*.mka=00;36:*.mp3=00;36:*.mpc=00;36:*.ogg=00;36:*.ra=00;36:*.wav=00;36:*.oga=00;36:*.opus=00;36:*.spx=00;36:*.xspf=00;36:', 'AMENT_PREFIX_PATH': '/opt/ros/humble', 'PWD': '/root/yahboomcar_ws/build/laserscan_to_point_publisher', 'LC_ALL': 'C.UTF-8', 'PYTHONPATH': '/root/yahboomcar_ws/build/laserscan_to_point_publisher/prefix_override:/root/yahboomcar_ws/install/laserscan_to_point_publisher/lib/python3.10/site-packages:/opt/ros/humble/lib/python3.10/site-packages:/opt/ros/humble/local/lib/python3.10/dist-packages', 'COLCON': '1'}, 'shell': False}
[1.889270] (yahboom_app_save_map) Command: {'cmd': ['/usr/bin/python3', 'setup.py', 'egg_info', '--egg-base', '../../build/yahboom_app_save_map', 'build', '--build-base', '/root/yahboomcar_ws/build/yahboom_app_save_map/build', 'install', '--record', '/root/yahboomcar_ws/build/yahboom_app_save_map/install.log', '--single-version-externally-managed'], 'cwd': '/root/yahboomcar_ws/src/yahboom_app_save_map', 'env': {'HOSTNAME': 'pi-desktop', 'SHLVL': '1', 'LD_LIBRARY_PATH': '/opt/ros/humble/opt/rviz_ogre_vendor/lib:/opt/ros/humble/lib/aarch64-linux-gnu:/opt/ros/humble/lib', 'HOME': '/root', 'OLDPWD': '/root/yahboomcar_ws/src', 'ROS_PYTHON_VERSION': '3', 'ROS_DISTRO': 'humble', '_': '/usr/bin/colcon', 'ROS_VERSION': '2', 'TERM': 'xterm', 'ROS_LOCALHOST_ONLY': '0', 'QT_X11_NO_MITSHM': '1', 'PATH': '/opt/ros/humble/bin:/usr/local/sbin:/usr/local/bin:/usr/sbin:/usr/bin:/sbin:/bin', 'DISPLAY': ':0', 'LANG': 'C.UTF-8', 'LS_COLORS': 'rs=0:di=01;34:ln=01;36:mh=00:pi=40;33:so=01;35:do=01;35:bd=40;33;01:cd=40;33;01:or=40;31;01:mi=00:su=37;41:sg=30;43:ca=30;41:tw=30;42:ow=34;42:st=37;44:ex=01;32:*.tar=01;31:*.tgz=01;31:*.arc=01;31:*.arj=01;31:*.taz=01;31:*.lha=01;31:*.lz4=01;31:*.lzh=01;31:*.lzma=01;31:*.tlz=01;31:*.txz=01;31:*.tzo=01;31:*.t7z=01;31:*.zip=01;31:*.z=01;31:*.dz=01;31:*.gz=01;31:*.lrz=01;31:*.lz=01;31:*.lzo=01;31:*.xz=01;31:*.zst=01;31:*.tzst=01;31:*.bz2=01;31:*.bz=01;31:*.tbz=01;31:*.tbz2=01;31:*.tz=01;31:*.deb=01;31:*.rpm=01;31:*.jar=01;31:*.war=01;31:*.ear=01;31:*.sar=01;31:*.rar=01;31:*.alz=01;31:*.ace=01;31:*.zoo=01;31:*.cpio=01;31:*.7z=01;31:*.rz=01;31:*.cab=01;31:*.wim=01;31:*.swm=01;31:*.dwm=01;31:*.esd=01;31:*.jpg=01;35:*.jpeg=01;35:*.mjpg=01;35:*.mjpeg=01;35:*.gif=01;35:*.bmp=01;35:*.pbm=01;35:*.pgm=01;35:*.ppm=01;35:*.tga=01;35:*.xbm=01;35:*.xpm=01;35:*.tif=01;35:*.tiff=01;35:*.png=01;35:*.svg=01;35:*.svgz=01;35:*.mng=01;35:*.pcx=01;35:*.mov=01;35:*.mpg=01;35:*.mpeg=01;35:*.m2v=01;35:*.mkv=01;35:*.webm=01;35:*.webp=01;35:*.ogm=01;35:*.mp4=01;35:*.m4v=01;35:*.mp4v=01;35:*.vob=01;35:*.qt=01;35:*.nuv=01;35:*.wmv=01;35:*.asf=01;35:*.rm=01;35:*.rmvb=01;35:*.flc=01;35:*.avi=01;35:*.fli=01;35:*.flv=01;35:*.gl=01;35:*.dl=01;35:*.xcf=01;35:*.xwd=01;35:*.yuv=01;35:*.cgm=01;35:*.emf=01;35:*.ogv=01;35:*.ogx=01;35:*.aac=00;36:*.au=00;36:*.flac=00;36:*.m4a=00;36:*.mid=00;36:*.midi=00;36:*.mka=00;36:*.mp3=00;36:*.mpc=00;36:*.ogg=00;36:*.ra=00;36:*.wav=00;36:*.oga=00;36:*.opus=00;36:*.spx=00;36:*.xspf=00;36:', 'AMENT_PREFIX_PATH': '/opt/ros/humble', 'PWD': '/root/yahboomcar_ws/build/yahboom_app_save_map', 'LC_ALL': 'C.UTF-8', 'PYTHONPATH': '/root/yahboomcar_ws/build/yahboom_app_save_map/prefix_override:/root/yahboomcar_ws/install/yahboom_app_save_map/lib/python3.10/site-packages:/opt/ros/humble/lib/python3.10/site-packages:/opt/ros/humble/local/lib/python3.10/dist-packages', 'COLCON': '1'}, 'shell': False}
[1.907975] (-) TimerEvent: {}
[2.009472] (-) TimerEvent: {}
[2.109992] (-) TimerEvent: {}
[2.174252] (yahboom_web_savmap_interfaces) StdoutLine: {'line': b'running egg_info\n'}
[2.176299] (yahboom_web_savmap_interfaces) StdoutLine: {'line': b'creating yahboom_web_savmap_interfaces.egg-info\n'}
[2.177291] (yahboom_web_savmap_interfaces) StdoutLine: {'line': b'writing yahboom_web_savmap_interfaces.egg-info/PKG-INFO\n'}
[2.178202] (yahboom_web_savmap_interfaces) StdoutLine: {'line': b'writing dependency_links to yahboom_web_savmap_interfaces.egg-info/dependency_links.txt\n'}
[2.179011] (yahboom_web_savmap_interfaces) StdoutLine: {'line': b'writing top-level names to yahboom_web_savmap_interfaces.egg-info/top_level.txt\n'}
[2.180000] (yahboom_web_savmap_interfaces) StdoutLine: {'line': b"writing manifest file 'yahboom_web_savmap_interfaces.egg-info/SOURCES.txt'\n"}
[2.184721] (yahboom_web_savmap_interfaces) StdoutLine: {'line': b"reading manifest file 'yahboom_web_savmap_interfaces.egg-info/SOURCES.txt'\n"}
[2.186523] (yahboom_web_savmap_interfaces) StdoutLine: {'line': b"writing manifest file 'yahboom_web_savmap_interfaces.egg-info/SOURCES.txt'\n"}
[2.210167] (-) TimerEvent: {}
[2.292497] (yahboom_web_savmap_interfaces) StdoutLine: {'line': b'[  6%] Built target ament_cmake_python_build_yahboom_web_savmap_interfaces_egg\n'}
[2.310302] (-) TimerEvent: {}
[2.410919] (-) TimerEvent: {}
[2.480223] (yahboom_web_savmap_interfaces) StdoutLine: {'line': b'[  6%] Built target yahboom_web_savmap_interfaces__cpp\n'}
[2.511066] (-) TimerEvent: {}
[2.520022] (yahboom_app_save_map) StdoutLine: {'line': b'running egg_info\n'}
[2.523525] (yahboom_app_save_map) StdoutLine: {'line': b'writing ../../build/yahboom_app_save_map/yahboom_app_save_map.egg-info/PKG-INFO\n'}
[2.524955] (yahboom_app_save_map) StdoutLine: {'line': b'writing dependency_links to ../../build/yahboom_app_save_map/yahboom_app_save_map.egg-info/dependency_links.txt\n'}
[2.526125] (yahboom_app_save_map) StdoutLine: {'line': b'writing entry points to ../../build/yahboom_app_save_map/yahboom_app_save_map.egg-info/entry_points.txt\n'}
[2.527097] (yahboom_app_save_map) StdoutLine: {'line': b'writing requirements to ../../build/yahboom_app_save_map/yahboom_app_save_map.egg-info/requires.txt\n'}
[2.527967] (yahboom_app_save_map) StdoutLine: {'line': b'writing top-level names to ../../build/yahboom_app_save_map/yahboom_app_save_map.egg-info/top_level.txt\n'}
[2.530246] (yahboom_web_savmap_interfaces) StdoutLine: {'line': b'[  9%] \x1b[34m\x1b[1mGenerating C++ type support dispatch for ROS interfaces\x1b[0m\n'}
[2.534391] (yahboom_app_save_map) StdoutLine: {'line': b"reading manifest file '../../build/yahboom_app_save_map/yahboom_app_save_map.egg-info/SOURCES.txt'\n"}
[2.537030] (yahboom_app_save_map) StdoutLine: {'line': b"writing manifest file '../../build/yahboom_app_save_map/yahboom_app_save_map.egg-info/SOURCES.txt'\n"}
[2.546338] (yahboom_web_savmap_interfaces) StdoutLine: {'line': b'[ 12%] \x1b[34m\x1b[1mGenerating C++ type support for eProsima Fast-RTPS\x1b[0m\n'}
[2.546717] (yahboom_app_save_map) StdoutLine: {'line': b'running build\n'}
[2.547001] (yahboom_app_save_map) StdoutLine: {'line': b'running build_py\n'}
[2.547135] (yahboom_app_save_map) StdoutLine: {'line': b'running install\n'}
[2.547244] (yahboom_app_save_map) StderrLine: {'line': b'/usr/lib/python3/dist-packages/setuptools/command/install.py:34: SetuptoolsDeprecationWarning: setup.py install is deprecated. Use build and pip and other standards-based tools.\n'}
[2.547452] (yahboom_app_save_map) StderrLine: {'line': b'  warnings.warn(\n'}
[2.547798] (yahboom_app_save_map) StdoutLine: {'line': b'running install_lib\n'}
[2.551097] (yahboom_app_save_map) StdoutLine: {'line': b'running install_data\n'}
[2.551497] (yahboom_web_savmap_interfaces) StdoutLine: {'line': b'[ 16%] \x1b[34m\x1b[1mGenerating C++ introspection for ROS interfaces\x1b[0m\n'}
[2.552400] (yahboom_app_save_map) StdoutLine: {'line': b'running install_egg_info\n'}
[2.556370] (yahboom_app_save_map) StdoutLine: {'line': b"removing '/root/yahboomcar_ws/install/yahboom_app_save_map/lib/python3.10/site-packages/yahboom_app_save_map-0.0.0-py3.10.egg-info' (and everything under it)\n"}
[2.557473] (yahboom_app_save_map) StdoutLine: {'line': b'Copying ../../build/yahboom_app_save_map/yahboom_app_save_map.egg-info to /root/yahboomcar_ws/install/yahboom_app_save_map/lib/python3.10/site-packages/yahboom_app_save_map-0.0.0-py3.10.egg-info\n'}
[2.560748] (yahboom_app_save_map) StdoutLine: {'line': b'running install_scripts\n'}
[2.573532] (yahboom_web_savmap_interfaces) StdoutLine: {'line': b'[ 19%] \x1b[32mBuilding C object CMakeFiles/yahboom_web_savmap_interfaces__rosidl_generator_c.dir/rosidl_generator_c/yahboom_web_savmap_interfaces/srv/detail/web_save_map__functions.c.o\x1b[0m\n'}
[2.610001] (yahboom_app_save_map) StdoutLine: {'line': b'Installing client script to /root/yahboomcar_ws/install/yahboom_app_save_map/lib/yahboom_app_save_map\n'}
[2.610516] (yahboom_app_save_map) StdoutLine: {'line': b'Installing server script to /root/yahboomcar_ws/install/yahboom_app_save_map/lib/yahboom_app_save_map\n'}
[2.611154] (-) TimerEvent: {}
[2.611728] (yahboom_app_save_map) StdoutLine: {'line': b"writing list of installed files to '/root/yahboomcar_ws/build/yahboom_app_save_map/install.log'\n"}
[2.711398] (-) TimerEvent: {}
[2.788824] (yahboom_app_save_map) CommandEnded: {'returncode': 0}
[2.811897] (-) TimerEvent: {}
[2.819283] (laserscan_to_point_publisher) StdoutLine: {'line': b'running egg_info\n'}
[2.824509] (laserscan_to_point_publisher) StdoutLine: {'line': b'writing ../../build/laserscan_to_point_publisher/laserscan_to_point_publisher.egg-info/PKG-INFO\n'}
[2.826499] (laserscan_to_point_publisher) StdoutLine: {'line': b'writing dependency_links to ../../build/laserscan_to_point_publisher/laserscan_to_point_publisher.egg-info/dependency_links.txt\n'}
[2.826881] (laserscan_to_point_publisher) StdoutLine: {'line': b'writing entry points to ../../build/laserscan_to_point_publisher/laserscan_to_point_publisher.egg-info/entry_points.txt\n'}
[2.827146] (laserscan_to_point_publisher) StdoutLine: {'line': b'writing requirements to ../../build/laserscan_to_point_publisher/laserscan_to_point_publisher.egg-info/requires.txt\n'}
[2.827349] (laserscan_to_point_publisher) StdoutLine: {'line': b'writing top-level names to ../../build/laserscan_to_point_publisher/laserscan_to_point_publisher.egg-info/top_level.txt\n'}
[2.845196] (laserscan_to_point_publisher) StdoutLine: {'line': b"reading manifest file '../../build/laserscan_to_point_publisher/laserscan_to_point_publisher.egg-info/SOURCES.txt'\n"}
[2.846977] (laserscan_to_point_publisher) StdoutLine: {'line': b"writing manifest file '../../build/laserscan_to_point_publisher/laserscan_to_point_publisher.egg-info/SOURCES.txt'\n"}
[2.847213] (laserscan_to_point_publisher) StdoutLine: {'line': b'running build\n'}
[2.847381] (laserscan_to_point_publisher) StdoutLine: {'line': b'running build_py\n'}
[2.847725] (laserscan_to_point_publisher) StdoutLine: {'line': b'running install\n'}
[2.848298] (laserscan_to_point_publisher) StderrLine: {'line': b'/usr/lib/python3/dist-packages/setuptools/command/install.py:34: SetuptoolsDeprecationWarning: setup.py install is deprecated. Use build and pip and other standards-based tools.\n'}
[2.848520] (laserscan_to_point_publisher) StderrLine: {'line': b'  warnings.warn(\n'}
[2.848996] (laserscan_to_point_publisher) StdoutLine: {'line': b'running install_lib\n'}
[2.851683] (laserscan_to_point_publisher) StdoutLine: {'line': b'running install_data\n'}
[2.858129] (laserscan_to_point_publisher) StdoutLine: {'line': b'running install_egg_info\n'}
[2.878110] (laserscan_to_point_publisher) StdoutLine: {'line': b"removing '/root/yahboomcar_ws/install/laserscan_to_point_publisher/lib/python3.10/site-packages/laserscan_to_point_publisher-0.0.0-py3.10.egg-info' (and everything under it)\n"}
[2.878502] (laserscan_to_point_publisher) StdoutLine: {'line': b'Copying ../../build/laserscan_to_point_publisher/laserscan_to_point_publisher.egg-info to /root/yahboomcar_ws/install/laserscan_to_point_publisher/lib/python3.10/site-packages/laserscan_to_point_publisher-0.0.0-py3.10.egg-info\n'}
[2.878635] (laserscan_to_point_publisher) StdoutLine: {'line': b'running install_scripts\n'}
[2.917150] (-) TimerEvent: {}
[2.919805] (yahboom_web_savmap_interfaces) StdoutLine: {'line': b'[ 22%] \x1b[32m\x1b[1mLinking C shared library libyahboom_web_savmap_interfaces__rosidl_generator_c.so\x1b[0m\n'}
[2.942201] (laserscan_to_point_publisher) StdoutLine: {'line': b'Installing laserscan_to_point_publisher script to /root/yahboomcar_ws/install/laserscan_to_point_publisher/lib/laserscan_to_point_publisher\n'}
[2.948769] (laserscan_to_point_publisher) StdoutLine: {'line': b"writing list of installed files to '/root/yahboomcar_ws/build/laserscan_to_point_publisher/install.log'\n"}
[2.976782] (yahboom_app_save_map) JobEnded: {'identifier': 'yahboom_app_save_map', 'rc': 0}
[2.984746] (yahboomcar_base_node) JobStarted: {'identifier': 'yahboomcar_base_node'}
[3.018746] (-) TimerEvent: {}
[3.081836] (yahboomcar_base_node) JobProgress: {'identifier': 'yahboomcar_base_node', 'progress': 'cmake'}
[3.084048] (yahboomcar_base_node) JobProgress: {'identifier': 'yahboomcar_base_node', 'progress': 'build'}
[3.084194] (yahboomcar_base_node) Command: {'cmd': ['/usr/bin/cmake', '--build', '/root/yahboomcar_ws/build/yahboomcar_base_node', '--', '-j4', '-l4'], 'cwd': '/root/yahboomcar_ws/build/yahboomcar_base_node', 'env': OrderedDict([('HOSTNAME', 'pi-desktop'), ('SHLVL', '1'), ('LD_LIBRARY_PATH', '/opt/ros/humble/opt/rviz_ogre_vendor/lib:/opt/ros/humble/lib/aarch64-linux-gnu:/opt/ros/humble/lib'), ('HOME', '/root'), ('OLDPWD', '/root/yahboomcar_ws/src'), ('ROS_PYTHON_VERSION', '3'), ('ROS_DISTRO', 'humble'), ('_', '/usr/bin/colcon'), ('ROS_VERSION', '2'), ('TERM', 'xterm'), ('ROS_LOCALHOST_ONLY', '0'), ('QT_X11_NO_MITSHM', '1'), ('PATH', '/opt/ros/humble/bin:/usr/local/sbin:/usr/local/bin:/usr/sbin:/usr/bin:/sbin:/bin'), ('DISPLAY', ':0'), ('LANG', 'C.UTF-8'), ('LS_COLORS', 'rs=0:di=01;34:ln=01;36:mh=00:pi=40;33:so=01;35:do=01;35:bd=40;33;01:cd=40;33;01:or=40;31;01:mi=00:su=37;41:sg=30;43:ca=30;41:tw=30;42:ow=34;42:st=37;44:ex=01;32:*.tar=01;31:*.tgz=01;31:*.arc=01;31:*.arj=01;31:*.taz=01;31:*.lha=01;31:*.lz4=01;31:*.lzh=01;31:*.lzma=01;31:*.tlz=01;31:*.txz=01;31:*.tzo=01;31:*.t7z=01;31:*.zip=01;31:*.z=01;31:*.dz=01;31:*.gz=01;31:*.lrz=01;31:*.lz=01;31:*.lzo=01;31:*.xz=01;31:*.zst=01;31:*.tzst=01;31:*.bz2=01;31:*.bz=01;31:*.tbz=01;31:*.tbz2=01;31:*.tz=01;31:*.deb=01;31:*.rpm=01;31:*.jar=01;31:*.war=01;31:*.ear=01;31:*.sar=01;31:*.rar=01;31:*.alz=01;31:*.ace=01;31:*.zoo=01;31:*.cpio=01;31:*.7z=01;31:*.rz=01;31:*.cab=01;31:*.wim=01;31:*.swm=01;31:*.dwm=01;31:*.esd=01;31:*.jpg=01;35:*.jpeg=01;35:*.mjpg=01;35:*.mjpeg=01;35:*.gif=01;35:*.bmp=01;35:*.pbm=01;35:*.pgm=01;35:*.ppm=01;35:*.tga=01;35:*.xbm=01;35:*.xpm=01;35:*.tif=01;35:*.tiff=01;35:*.png=01;35:*.svg=01;35:*.svgz=01;35:*.mng=01;35:*.pcx=01;35:*.mov=01;35:*.mpg=01;35:*.mpeg=01;35:*.m2v=01;35:*.mkv=01;35:*.webm=01;35:*.webp=01;35:*.ogm=01;35:*.mp4=01;35:*.m4v=01;35:*.mp4v=01;35:*.vob=01;35:*.qt=01;35:*.nuv=01;35:*.wmv=01;35:*.asf=01;35:*.rm=01;35:*.rmvb=01;35:*.flc=01;35:*.avi=01;35:*.fli=01;35:*.flv=01;35:*.gl=01;35:*.dl=01;35:*.xcf=01;35:*.xwd=01;35:*.yuv=01;35:*.cgm=01;35:*.emf=01;35:*.ogv=01;35:*.ogx=01;35:*.aac=00;36:*.au=00;36:*.flac=00;36:*.m4a=00;36:*.mid=00;36:*.midi=00;36:*.mka=00;36:*.mp3=00;36:*.mpc=00;36:*.ogg=00;36:*.ra=00;36:*.wav=00;36:*.oga=00;36:*.opus=00;36:*.spx=00;36:*.xspf=00;36:'), ('AMENT_PREFIX_PATH', '/opt/ros/humble'), ('PWD', '/root/yahboomcar_ws/build/yahboomcar_base_node'), ('LC_ALL', 'C.UTF-8'), ('PYTHONPATH', '/opt/ros/humble/lib/python3.10/site-packages:/opt/ros/humble/local/lib/python3.10/dist-packages'), ('COLCON', '1'), ('CMAKE_PREFIX_PATH', '/opt/ros/humble')]), 'shell': False}
[3.118961] (-) TimerEvent: {}
[3.143820] (laserscan_to_point_publisher) CommandEnded: {'returncode': 0}
[3.183935] (yahboom_web_savmap_interfaces) StdoutLine: {'line': b'[ 22%] Built target yahboom_web_savmap_interfaces__rosidl_generator_c\n'}
[3.204575] (yahboom_web_savmap_interfaces) StdoutLine: {'line': b'[ 25%] \x1b[34m\x1b[1mGenerating C type support for eProsima Fast-RTPS\x1b[0m\n'}
[3.219071] (-) TimerEvent: {}
[3.281210] (laserscan_to_point_publisher) JobEnded: {'identifier': 'laserscan_to_point_publisher', 'rc': 0}
[3.285771] (yahboomcar_bringup) JobStarted: {'identifier': 'yahboomcar_bringup'}
[3.305841] (yahboom_web_savmap_interfaces) StdoutLine: {'line': b'[ 29%] \x1b[32mBuilding CXX object CMakeFiles/yahboom_web_savmap_interfaces__rosidl_typesupport_introspection_cpp.dir/rosidl_typesupport_introspection_cpp/yahboom_web_savmap_interfaces/srv/detail/web_save_map__type_support.cpp.o\x1b[0m\n'}
[3.307788] (yahboomcar_base_node) StdoutLine: {'line': b'[ 50%] \x1b[32mBuilding CXX object CMakeFiles/base_node_X3.dir/src/base_node_X3.cpp.o\x1b[0m\n'}
[3.321007] (-) TimerEvent: {}
[3.453816] (-) TimerEvent: {}
[3.554375] (-) TimerEvent: {}
[3.588895] (yahboom_web_savmap_interfaces) StdoutLine: {'line': b'[ 32%] \x1b[32mBuilding CXX object CMakeFiles/yahboom_web_savmap_interfaces__rosidl_typesupport_cpp.dir/rosidl_typesupport_cpp/yahboom_web_savmap_interfaces/srv/web_save_map__type_support.cpp.o\x1b[0m\n'}
[3.654512] (-) TimerEvent: {}
[3.694473] (yahboom_web_savmap_interfaces) StdoutLine: {'line': b'[ 35%] \x1b[32mBuilding CXX object CMakeFiles/yahboom_web_savmap_interfaces__rosidl_typesupport_fastrtps_cpp.dir/rosidl_typesupport_fastrtps_cpp/yahboom_web_savmap_interfaces/srv/detail/dds_fastrtps/web_save_map__type_support.cpp.o\x1b[0m\n'}
[3.754677] (-) TimerEvent: {}
[3.855528] (-) TimerEvent: {}
[3.956779] (-) TimerEvent: {}
[4.057541] (-) TimerEvent: {}
[4.158302] (-) TimerEvent: {}
[4.259068] (-) TimerEvent: {}
[4.359857] (-) TimerEvent: {}
[4.433120] (yahboom_web_savmap_interfaces) StdoutLine: {'line': b'[ 38%] \x1b[32mBuilding CXX object CMakeFiles/yahboom_web_savmap_interfaces__rosidl_typesupport_fastrtps_c.dir/rosidl_typesupport_fastrtps_c/yahboom_web_savmap_interfaces/srv/detail/web_save_map__type_support_c.cpp.o\x1b[0m\n'}
[4.460016] (-) TimerEvent: {}
[4.560595] (-) TimerEvent: {}
[4.604644] (yahboom_web_savmap_interfaces) StdoutLine: {'line': b'[ 41%] \x1b[32m\x1b[1mLinking CXX shared library libyahboom_web_savmap_interfaces__rosidl_typesupport_cpp.so\x1b[0m\n'}
[4.660784] (-) TimerEvent: {}
[4.761477] (-) TimerEvent: {}
[4.847600] (yahboom_web_savmap_interfaces) StdoutLine: {'line': b'[ 41%] Built target yahboom_web_savmap_interfaces__rosidl_typesupport_cpp\n'}
[4.861646] (-) TimerEvent: {}
[4.887847] (yahboom_web_savmap_interfaces) StdoutLine: {'line': b'[ 45%] \x1b[34m\x1b[1mGenerating C introspection for ROS interfaces\x1b[0m\n'}
[4.961847] (-) TimerEvent: {}
[5.062644] (-) TimerEvent: {}
[5.163429] (-) TimerEvent: {}
[5.241955] (yahboom_web_savmap_interfaces) StdoutLine: {'line': b'[ 48%] \x1b[32m\x1b[1mLinking CXX shared library libyahboom_web_savmap_interfaces__rosidl_typesupport_introspection_cpp.so\x1b[0m\n'}
[5.263649] (-) TimerEvent: {}
[5.364319] (-) TimerEvent: {}
[5.365021] (yahboom_web_savmap_interfaces) StdoutLine: {'line': b'[ 51%] \x1b[32m\x1b[1mLinking CXX shared library libyahboom_web_savmap_interfaces__rosidl_typesupport_fastrtps_c.so\x1b[0m\n'}
[5.464438] (-) TimerEvent: {}
[5.507647] (yahboom_web_savmap_interfaces) StdoutLine: {'line': b'[ 51%] Built target yahboom_web_savmap_interfaces__rosidl_typesupport_introspection_cpp\n'}
[5.564620] (-) TimerEvent: {}
[5.582873] (yahboom_web_savmap_interfaces) StdoutLine: {'line': b'[ 54%] \x1b[34m\x1b[1mGenerating C type support dispatch for ROS interfaces\x1b[0m\n'}
[5.664766] (-) TimerEvent: {}
[5.665622] (yahboom_web_savmap_interfaces) StdoutLine: {'line': b'[ 54%] Built target yahboom_web_savmap_interfaces__rosidl_typesupport_fastrtps_c\n'}
[5.698996] (yahboom_web_savmap_interfaces) StdoutLine: {'line': b'[ 58%] \x1b[32m\x1b[1mLinking CXX shared library libyahboom_web_savmap_interfaces__rosidl_typesupport_fastrtps_cpp.so\x1b[0m\n'}
[5.764914] (-) TimerEvent: {}
[5.865700] (-) TimerEvent: {}
[5.925776] (yahboom_web_savmap_interfaces) StdoutLine: {'line': b'[ 61%] \x1b[32mBuilding C object CMakeFiles/yahboom_web_savmap_interfaces__rosidl_typesupport_introspection_c.dir/rosidl_typesupport_introspection_c/yahboom_web_savmap_interfaces/srv/detail/web_save_map__type_support.c.o\x1b[0m\n'}
[5.965904] (-) TimerEvent: {}
[6.066453] (-) TimerEvent: {}
[6.137041] (yahboom_web_savmap_interfaces) StdoutLine: {'line': b'[ 61%] Built target yahboom_web_savmap_interfaces__rosidl_typesupport_fastrtps_cpp\n'}
[6.153301] (yahboom_web_savmap_interfaces) StdoutLine: {'line': b'[ 64%] \x1b[32m\x1b[1mLinking C shared library libyahboom_web_savmap_interfaces__rosidl_typesupport_introspection_c.so\x1b[0m\n'}
[6.166622] (-) TimerEvent: {}
[6.267601] (-) TimerEvent: {}
[6.272683] (yahboom_web_savmap_interfaces) StdoutLine: {'line': b'[ 64%] Built target yahboom_web_savmap_interfaces__rosidl_typesupport_introspection_c\n'}
[6.275999] (yahboom_web_savmap_interfaces) StdoutLine: {'line': b'[ 67%] \x1b[32mBuilding CXX object CMakeFiles/yahboom_web_savmap_interfaces__rosidl_typesupport_c.dir/rosidl_typesupport_c/yahboom_web_savmap_interfaces/srv/web_save_map__type_support.cpp.o\x1b[0m\n'}
[6.326838] (yahboomcar_bringup) Command: {'cmd': ['/usr/bin/python3', 'setup.py', 'egg_info', '--egg-base', '../../build/yahboomcar_bringup', 'build', '--build-base', '/root/yahboomcar_ws/build/yahboomcar_bringup/build', 'install', '--record', '/root/yahboomcar_ws/build/yahboomcar_bringup/install.log', '--single-version-externally-managed'], 'cwd': '/root/yahboomcar_ws/src/yahboomcar_bringup', 'env': {'HOSTNAME': 'pi-desktop', 'SHLVL': '1', 'LD_LIBRARY_PATH': '/opt/ros/humble/opt/rviz_ogre_vendor/lib:/opt/ros/humble/lib/aarch64-linux-gnu:/opt/ros/humble/lib', 'HOME': '/root', 'OLDPWD': '/root/yahboomcar_ws/src', 'ROS_PYTHON_VERSION': '3', 'ROS_DISTRO': 'humble', '_': '/usr/bin/colcon', 'ROS_VERSION': '2', 'TERM': 'xterm', 'ROS_LOCALHOST_ONLY': '0', 'QT_X11_NO_MITSHM': '1', 'PATH': '/opt/ros/humble/bin:/usr/local/sbin:/usr/local/bin:/usr/sbin:/usr/bin:/sbin:/bin', 'DISPLAY': ':0', 'LANG': 'C.UTF-8', 'LS_COLORS': 'rs=0:di=01;34:ln=01;36:mh=00:pi=40;33:so=01;35:do=01;35:bd=40;33;01:cd=40;33;01:or=40;31;01:mi=00:su=37;41:sg=30;43:ca=30;41:tw=30;42:ow=34;42:st=37;44:ex=01;32:*.tar=01;31:*.tgz=01;31:*.arc=01;31:*.arj=01;31:*.taz=01;31:*.lha=01;31:*.lz4=01;31:*.lzh=01;31:*.lzma=01;31:*.tlz=01;31:*.txz=01;31:*.tzo=01;31:*.t7z=01;31:*.zip=01;31:*.z=01;31:*.dz=01;31:*.gz=01;31:*.lrz=01;31:*.lz=01;31:*.lzo=01;31:*.xz=01;31:*.zst=01;31:*.tzst=01;31:*.bz2=01;31:*.bz=01;31:*.tbz=01;31:*.tbz2=01;31:*.tz=01;31:*.deb=01;31:*.rpm=01;31:*.jar=01;31:*.war=01;31:*.ear=01;31:*.sar=01;31:*.rar=01;31:*.alz=01;31:*.ace=01;31:*.zoo=01;31:*.cpio=01;31:*.7z=01;31:*.rz=01;31:*.cab=01;31:*.wim=01;31:*.swm=01;31:*.dwm=01;31:*.esd=01;31:*.jpg=01;35:*.jpeg=01;35:*.mjpg=01;35:*.mjpeg=01;35:*.gif=01;35:*.bmp=01;35:*.pbm=01;35:*.pgm=01;35:*.ppm=01;35:*.tga=01;35:*.xbm=01;35:*.xpm=01;35:*.tif=01;35:*.tiff=01;35:*.png=01;35:*.svg=01;35:*.svgz=01;35:*.mng=01;35:*.pcx=01;35:*.mov=01;35:*.mpg=01;35:*.mpeg=01;35:*.m2v=01;35:*.mkv=01;35:*.webm=01;35:*.webp=01;35:*.ogm=01;35:*.mp4=01;35:*.m4v=01;35:*.mp4v=01;35:*.vob=01;35:*.qt=01;35:*.nuv=01;35:*.wmv=01;35:*.asf=01;35:*.rm=01;35:*.rmvb=01;35:*.flc=01;35:*.avi=01;35:*.fli=01;35:*.flv=01;35:*.gl=01;35:*.dl=01;35:*.xcf=01;35:*.xwd=01;35:*.yuv=01;35:*.cgm=01;35:*.emf=01;35:*.ogv=01;35:*.ogx=01;35:*.aac=00;36:*.au=00;36:*.flac=00;36:*.m4a=00;36:*.mid=00;36:*.midi=00;36:*.mka=00;36:*.mp3=00;36:*.mpc=00;36:*.ogg=00;36:*.ra=00;36:*.wav=00;36:*.oga=00;36:*.opus=00;36:*.spx=00;36:*.xspf=00;36:', 'AMENT_PREFIX_PATH': '/opt/ros/humble', 'PWD': '/root/yahboomcar_ws/build/yahboomcar_bringup', 'LC_ALL': 'C.UTF-8', 'PYTHONPATH': '/root/yahboomcar_ws/build/yahboomcar_bringup/prefix_override:/root/yahboomcar_ws/install/yahboomcar_bringup/lib/python3.10/site-packages:/opt/ros/humble/lib/python3.10/site-packages:/opt/ros/humble/local/lib/python3.10/dist-packages', 'COLCON': '1'}, 'shell': False}
[6.365397] (yahboom_web_savmap_interfaces) StdoutLine: {'line': b'[ 70%] \x1b[32m\x1b[1mLinking CXX shared library libyahboom_web_savmap_interfaces__rosidl_typesupport_c.so\x1b[0m\n'}
[6.367714] (-) TimerEvent: {}
[6.457957] (yahboom_web_savmap_interfaces) StdoutLine: {'line': b'[ 70%] Built target yahboom_web_savmap_interfaces__rosidl_typesupport_c\n'}
[6.467846] (-) TimerEvent: {}
[6.511712] (yahboom_web_savmap_interfaces) StdoutLine: {'line': b'[ 70%] Built target yahboom_web_savmap_interfaces\n'}
[6.562786] (yahboom_web_savmap_interfaces) StdoutLine: {'line': b'[ 74%] \x1b[34m\x1b[1mGenerating Python code for ROS interfaces\x1b[0m\n'}
[6.567981] (-) TimerEvent: {}
[6.668611] (-) TimerEvent: {}
[6.769192] (-) TimerEvent: {}
[6.824639] (yahboomcar_bringup) StdoutLine: {'line': b'running egg_info\n'}
[6.826845] (yahboomcar_bringup) StdoutLine: {'line': b'creating ../../build/yahboomcar_bringup/yahboomcar_bringup.egg-info\n'}
[6.827886] (yahboomcar_bringup) StdoutLine: {'line': b'writing ../../build/yahboomcar_bringup/yahboomcar_bringup.egg-info/PKG-INFO\n'}
[6.829062] (yahboomcar_bringup) StdoutLine: {'line': b'writing dependency_links to ../../build/yahboomcar_bringup/yahboomcar_bringup.egg-info/dependency_links.txt\n'}
[6.830009] (yahboomcar_bringup) StdoutLine: {'line': b'writing entry points to ../../build/yahboomcar_bringup/yahboomcar_bringup.egg-info/entry_points.txt\n'}
[6.830816] (yahboomcar_bringup) StdoutLine: {'line': b'writing requirements to ../../build/yahboomcar_bringup/yahboomcar_bringup.egg-info/requires.txt\n'}
[6.831486] (yahboomcar_bringup) StdoutLine: {'line': b'writing top-level names to ../../build/yahboomcar_bringup/yahboomcar_bringup.egg-info/top_level.txt\n'}
[6.832552] (yahboomcar_bringup) StdoutLine: {'line': b"writing manifest file '../../build/yahboomcar_bringup/yahboomcar_bringup.egg-info/SOURCES.txt'\n"}
[6.837380] (yahboomcar_bringup) StdoutLine: {'line': b"reading manifest file '../../build/yahboomcar_bringup/yahboomcar_bringup.egg-info/SOURCES.txt'\n"}
[6.839621] (yahboomcar_bringup) StdoutLine: {'line': b"writing manifest file '../../build/yahboomcar_bringup/yahboomcar_bringup.egg-info/SOURCES.txt'\n"}
[6.840410] (yahboomcar_bringup) StdoutLine: {'line': b'running build\n'}
[6.840838] (yahboomcar_bringup) StdoutLine: {'line': b'running build_py\n'}
[6.841779] (yahboomcar_bringup) StdoutLine: {'line': b'creating /root/yahboomcar_ws/build/yahboomcar_bringup/build\n'}
[6.842359] (yahboomcar_bringup) StdoutLine: {'line': b'creating /root/yahboomcar_ws/build/yahboomcar_bringup/build/lib\n'}
[6.842914] (yahboomcar_bringup) StdoutLine: {'line': b'creating /root/yahboomcar_ws/build/yahboomcar_bringup/build/lib/yahboomcar_bringup\n'}
[6.843437] (yahboomcar_bringup) StdoutLine: {'line': b'copying yahboomcar_bringup/calibrate_angular.py -> /root/yahboomcar_ws/build/yahboomcar_bringup/build/lib/yahboomcar_bringup\n'}
[6.844311] (yahboomcar_bringup) StdoutLine: {'line': b'copying yahboomcar_bringup/Mcnamu_driver_x1.py -> /root/yahboomcar_ws/build/yahboomcar_bringup/build/lib/yahboomcar_bringup\n'}
[6.845128] (yahboomcar_bringup) StdoutLine: {'line': b'copying yahboomcar_bringup/patrol_a1_R2.py -> /root/yahboomcar_ws/build/yahboomcar_bringup/build/lib/yahboomcar_bringup\n'}
[6.845999] (yahboomcar_bringup) StdoutLine: {'line': b'copying yahboomcar_bringup/patrol_4ROS_R2.py -> /root/yahboomcar_ws/build/yahboomcar_bringup/build/lib/yahboomcar_bringup\n'}
[6.846824] (yahboomcar_bringup) StdoutLine: {'line': b'copying yahboomcar_bringup/patrol_4ROS.py -> /root/yahboomcar_ws/build/yahboomcar_bringup/build/lib/yahboomcar_bringup\n'}
[6.847676] (yahboomcar_bringup) StdoutLine: {'line': b'copying yahboomcar_bringup/Ackman_driver_R2.py -> /root/yahboomcar_ws/build/yahboomcar_bringup/build/lib/yahboomcar_bringup\n'}
[6.848484] (yahboomcar_bringup) StdoutLine: {'line': b'copying yahboomcar_bringup/patrol.py -> /root/yahboomcar_ws/build/yahboomcar_bringup/build/lib/yahboomcar_bringup\n'}
[6.849367] (yahboomcar_bringup) StdoutLine: {'line': b'copying yahboomcar_bringup/Mcnamu_driver_X3.py -> /root/yahboomcar_ws/build/yahboomcar_bringup/build/lib/yahboomcar_bringup\n'}
[6.850196] (yahboomcar_bringup) StdoutLine: {'line': b'copying yahboomcar_bringup/calibrate_linear.py -> /root/yahboomcar_ws/build/yahboomcar_bringup/build/lib/yahboomcar_bringup\n'}
[6.851014] (yahboomcar_bringup) StdoutLine: {'line': b'copying yahboomcar_bringup/__init__.py -> /root/yahboomcar_ws/build/yahboomcar_bringup/build/lib/yahboomcar_bringup\n'}
[6.851893] (yahboomcar_bringup) StdoutLine: {'line': b'copying yahboomcar_bringup/transform_utils.py -> /root/yahboomcar_ws/build/yahboomcar_bringup/build/lib/yahboomcar_bringup\n'}
[6.852671] (yahboomcar_bringup) StdoutLine: {'line': b'copying yahboomcar_bringup/calibrate_angular_R2.py -> /root/yahboomcar_ws/build/yahboomcar_bringup/build/lib/yahboomcar_bringup\n'}
[6.853429] (yahboomcar_bringup) StdoutLine: {'line': b'copying yahboomcar_bringup/untitled.py -> /root/yahboomcar_ws/build/yahboomcar_bringup/build/lib/yahboomcar_bringup\n'}
[6.854137] (yahboomcar_bringup) StdoutLine: {'line': b'copying yahboomcar_bringup/calibrate_linear_R2.py -> /root/yahboomcar_ws/build/yahboomcar_bringup/build/lib/yahboomcar_bringup\n'}
[6.854873] (yahboomcar_bringup) StdoutLine: {'line': b'copying yahboomcar_bringup/test.py -> /root/yahboomcar_ws/build/yahboomcar_bringup/build/lib/yahboomcar_bringup\n'}
[6.856046] (yahboomcar_bringup) StdoutLine: {'line': b'running install\n'}
[6.856863] (yahboomcar_bringup) StderrLine: {'line': b'/usr/lib/python3/dist-packages/setuptools/command/install.py:34: SetuptoolsDeprecationWarning: setup.py install is deprecated. Use build and pip and other standards-based tools.\n'}
[6.857239] (yahboomcar_bringup) StderrLine: {'line': b'  warnings.warn(\n'}
[6.858394] (yahboomcar_bringup) StdoutLine: {'line': b'running install_lib\n'}
[6.861070] (yahboomcar_bringup) StdoutLine: {'line': b'creating /root/yahboomcar_ws/install/yahboomcar_bringup/lib/python3.10/site-packages/yahboomcar_bringup\n'}
[6.861864] (yahboomcar_bringup) StdoutLine: {'line': b'copying /root/yahboomcar_ws/build/yahboomcar_bringup/build/lib/yahboomcar_bringup/calibrate_angular.py -> /root/yahboomcar_ws/install/yahboomcar_bringup/lib/python3.10/site-packages/yahboomcar_bringup\n'}
[6.862679] (yahboomcar_bringup) StdoutLine: {'line': b'copying /root/yahboomcar_ws/build/yahboomcar_bringup/build/lib/yahboomcar_bringup/Mcnamu_driver_x1.py -> /root/yahboomcar_ws/install/yahboomcar_bringup/lib/python3.10/site-packages/yahboomcar_bringup\n'}
[6.863434] (yahboomcar_bringup) StdoutLine: {'line': b'copying /root/yahboomcar_ws/build/yahboomcar_bringup/build/lib/yahboomcar_bringup/patrol_a1_R2.py -> /root/yahboomcar_ws/install/yahboomcar_bringup/lib/python3.10/site-packages/yahboomcar_bringup\n'}
[6.864422] (yahboomcar_bringup) StdoutLine: {'line': b'copying /root/yahboomcar_ws/build/yahboomcar_bringup/build/lib/yahboomcar_bringup/patrol_4ROS_R2.py -> /root/yahboomcar_ws/install/yahboomcar_bringup/lib/python3.10/site-packages/yahboomcar_bringup\n'}
[6.865203] (yahboomcar_bringup) StdoutLine: {'line': b'copying /root/yahboomcar_ws/build/yahboomcar_bringup/build/lib/yahboomcar_bringup/patrol_4ROS.py -> /root/yahboomcar_ws/install/yahboomcar_bringup/lib/python3.10/site-packages/yahboomcar_bringup\n'}
[6.866184] (yahboomcar_bringup) StdoutLine: {'line': b'copying /root/yahboomcar_ws/build/yahboomcar_bringup/build/lib/yahboomcar_bringup/Ackman_driver_R2.py -> /root/yahboomcar_ws/install/yahboomcar_bringup/lib/python3.10/site-packages/yahboomcar_bringup\n'}
[6.867198] (yahboomcar_bringup) StdoutLine: {'line': b'copying /root/yahboomcar_ws/build/yahboomcar_bringup/build/lib/yahboomcar_bringup/patrol.py -> /root/yahboomcar_ws/install/yahboomcar_bringup/lib/python3.10/site-packages/yahboomcar_bringup\n'}
[6.868174] (yahboomcar_bringup) StdoutLine: {'line': b'copying /root/yahboomcar_ws/build/yahboomcar_bringup/build/lib/yahboomcar_bringup/Mcnamu_driver_X3.py -> /root/yahboomcar_ws/install/yahboomcar_bringup/lib/python3.10/site-packages/yahboomcar_bringup\n'}
[6.869062] (yahboomcar_bringup) StdoutLine: {'line': b'copying /root/yahboomcar_ws/build/yahboomcar_bringup/build/lib/yahboomcar_bringup/calibrate_linear.py -> /root/yahboomcar_ws/install/yahboomcar_bringup/lib/python3.10/site-packages/yahboomcar_bringup\n'}
[6.869296] (-) TimerEvent: {}
[6.870479] (yahboomcar_bringup) StdoutLine: {'line': b'copying /root/yahboomcar_ws/build/yahboomcar_bringup/build/lib/yahboomcar_bringup/__init__.py -> /root/yahboomcar_ws/install/yahboomcar_bringup/lib/python3.10/site-packages/yahboomcar_bringup\n'}
[6.871235] (yahboomcar_bringup) StdoutLine: {'line': b'copying /root/yahboomcar_ws/build/yahboomcar_bringup/build/lib/yahboomcar_bringup/transform_utils.py -> /root/yahboomcar_ws/install/yahboomcar_bringup/lib/python3.10/site-packages/yahboomcar_bringup\n'}
[6.872079] (yahboomcar_bringup) StdoutLine: {'line': b'copying /root/yahboomcar_ws/build/yahboomcar_bringup/build/lib/yahboomcar_bringup/calibrate_angular_R2.py -> /root/yahboomcar_ws/install/yahboomcar_bringup/lib/python3.10/site-packages/yahboomcar_bringup\n'}
[6.872820] (yahboomcar_bringup) StdoutLine: {'line': b'copying /root/yahboomcar_ws/build/yahboomcar_bringup/build/lib/yahboomcar_bringup/untitled.py -> /root/yahboomcar_ws/install/yahboomcar_bringup/lib/python3.10/site-packages/yahboomcar_bringup\n'}
[6.873471] (yahboomcar_bringup) StdoutLine: {'line': b'copying /root/yahboomcar_ws/build/yahboomcar_bringup/build/lib/yahboomcar_bringup/calibrate_linear_R2.py -> /root/yahboomcar_ws/install/yahboomcar_bringup/lib/python3.10/site-packages/yahboomcar_bringup\n'}
[6.874188] (yahboomcar_bringup) StdoutLine: {'line': b'copying /root/yahboomcar_ws/build/yahboomcar_bringup/build/lib/yahboomcar_bringup/test.py -> /root/yahboomcar_ws/install/yahboomcar_bringup/lib/python3.10/site-packages/yahboomcar_bringup\n'}
[6.875980] (yahboomcar_bringup) StdoutLine: {'line': b'byte-compiling /root/yahboomcar_ws/install/yahboomcar_bringup/lib/python3.10/site-packages/yahboomcar_bringup/calibrate_angular.py to calibrate_angular.cpython-310.pyc\n'}
[6.879033] (yahboomcar_bringup) StdoutLine: {'line': b'byte-compiling /root/yahboomcar_ws/install/yahboomcar_bringup/lib/python3.10/site-packages/yahboomcar_bringup/Mcnamu_driver_x1.py to Mcnamu_driver_x1.cpython-310.pyc\n'}
[6.882156] (yahboomcar_bringup) StdoutLine: {'line': b'byte-compiling /root/yahboomcar_ws/install/yahboomcar_bringup/lib/python3.10/site-packages/yahboomcar_bringup/patrol_a1_R2.py to patrol_a1_R2.cpython-310.pyc\n'}
[6.887137] (yahboomcar_bringup) StdoutLine: {'line': b'byte-compiling /root/yahboomcar_ws/install/yahboomcar_bringup/lib/python3.10/site-packages/yahboomcar_bringup/patrol_4ROS_R2.py to patrol_4ROS_R2.cpython-310.pyc\n'}
[6.892154] (yahboomcar_bringup) StdoutLine: {'line': b'byte-compiling /root/yahboomcar_ws/install/yahboomcar_bringup/lib/python3.10/site-packages/yahboomcar_bringup/patrol_4ROS.py to patrol_4ROS.cpython-310.pyc\n'}
[6.898589] (yahboomcar_bringup) StdoutLine: {'line': b'byte-compiling /root/yahboomcar_ws/install/yahboomcar_bringup/lib/python3.10/site-packages/yahboomcar_bringup/Ackman_driver_R2.py to Ackman_driver_R2.cpython-310.pyc\n'}
[6.902280] (yahboomcar_bringup) StdoutLine: {'line': b'byte-compiling /root/yahboomcar_ws/install/yahboomcar_bringup/lib/python3.10/site-packages/yahboomcar_bringup/patrol.py to patrol.cpython-310.pyc\n'}
[6.908502] (yahboomcar_bringup) StdoutLine: {'line': b'byte-compiling /root/yahboomcar_ws/install/yahboomcar_bringup/lib/python3.10/site-packages/yahboomcar_bringup/Mcnamu_driver_X3.py to Mcnamu_driver_X3.cpython-310.pyc\n'}
[6.911288] (yahboomcar_bringup) StdoutLine: {'line': b'byte-compiling /root/yahboomcar_ws/install/yahboomcar_bringup/lib/python3.10/site-packages/yahboomcar_bringup/calibrate_linear.py to calibrate_linear.cpython-310.pyc\n'}
[6.913987] (yahboomcar_bringup) StdoutLine: {'line': b'byte-compiling /root/yahboomcar_ws/install/yahboomcar_bringup/lib/python3.10/site-packages/yahboomcar_bringup/__init__.py to __init__.cpython-310.pyc\n'}
[6.915118] (yahboomcar_bringup) StdoutLine: {'line': b'byte-compiling /root/yahboomcar_ws/install/yahboomcar_bringup/lib/python3.10/site-packages/yahboomcar_bringup/transform_utils.py to transform_utils.cpython-310.pyc\n'}
[6.916427] (yahboomcar_bringup) StdoutLine: {'line': b'byte-compiling /root/yahboomcar_ws/install/yahboomcar_bringup/lib/python3.10/site-packages/yahboomcar_bringup/calibrate_angular_R2.py to calibrate_angular_R2.cpython-310.pyc\n'}
[6.918906] (yahboomcar_bringup) StdoutLine: {'line': b'byte-compiling /root/yahboomcar_ws/install/yahboomcar_bringup/lib/python3.10/site-packages/yahboomcar_bringup/untitled.py to untitled.cpython-310.pyc\n'}
[6.920092] (yahboomcar_bringup) StdoutLine: {'line': b'byte-compiling /root/yahboomcar_ws/install/yahboomcar_bringup/lib/python3.10/site-packages/yahboomcar_bringup/calibrate_linear_R2.py to calibrate_linear_R2.cpython-310.pyc\n'}
[6.922735] (yahboomcar_bringup) StdoutLine: {'line': b'byte-compiling /root/yahboomcar_ws/install/yahboomcar_bringup/lib/python3.10/site-packages/yahboomcar_bringup/test.py to test.cpython-310.pyc\n'}
[6.924037] (yahboomcar_bringup) StdoutLine: {'line': b'running install_data\n'}
[6.925275] (yahboomcar_bringup) StdoutLine: {'line': b'creating /root/yahboomcar_ws/install/yahboomcar_bringup/share/ament_index\n'}
[6.925965] (yahboomcar_bringup) StdoutLine: {'line': b'creating /root/yahboomcar_ws/install/yahboomcar_bringup/share/ament_index/resource_index\n'}
[6.926288] (yahboomcar_bringup) StdoutLine: {'line': b'creating /root/yahboomcar_ws/install/yahboomcar_bringup/share/ament_index/resource_index/packages\n'}
[6.926623] (yahboomcar_bringup) StdoutLine: {'line': b'copying resource/yahboomcar_bringup -> /root/yahboomcar_ws/install/yahboomcar_bringup/share/ament_index/resource_index/packages\n'}
[6.927281] (yahboomcar_bringup) StdoutLine: {'line': b'copying package.xml -> /root/yahboomcar_ws/install/yahboomcar_bringup/share/yahboomcar_bringup\n'}
[6.927917] (yahboomcar_bringup) StdoutLine: {'line': b'creating /root/yahboomcar_ws/install/yahboomcar_bringup/share/yahboomcar_bringup/launch\n'}
[6.928520] (yahboomcar_bringup) StdoutLine: {'line': b'copying launch/yahboomcar_bringup_launch.py -> /root/yahboomcar_ws/install/yahboomcar_bringup/share/yahboomcar_bringup/launch\n'}
[6.929162] (yahboomcar_bringup) StdoutLine: {'line': b'copying launch/yahboomcar_bringup_X1_launch.py -> /root/yahboomcar_ws/install/yahboomcar_bringup/share/yahboomcar_bringup/launch\n'}
[6.929823] (yahboomcar_bringup) StdoutLine: {'line': b'copying launch/yahboomcar_bringup_R2_launch.py -> /root/yahboomcar_ws/install/yahboomcar_bringup/share/yahboomcar_bringup/launch\n'}
[6.930613] (yahboomcar_bringup) StdoutLine: {'line': b'creating /root/yahboomcar_ws/install/yahboomcar_bringup/share/yahboomcar_description\n'}
[6.931171] (yahboomcar_bringup) StdoutLine: {'line': b'creating /root/yahboomcar_ws/install/yahboomcar_bringup/share/yahboomcar_description/rviz\n'}
[6.931827] (yahboomcar_bringup) StdoutLine: {'line': b'copying rviz/yahboomcar.rviz -> /root/yahboomcar_ws/install/yahboomcar_bringup/share/yahboomcar_description/rviz\n'}
[6.932599] (yahboomcar_bringup) StdoutLine: {'line': b'creating /root/yahboomcar_ws/install/yahboomcar_bringup/share/yahboomcar_bringup/param\n'}
[6.933227] (yahboomcar_bringup) StdoutLine: {'line': b'copying param/imu_filter_param.yaml -> /root/yahboomcar_ws/install/yahboomcar_bringup/share/yahboomcar_bringup/param\n'}
[6.933844] (yahboomcar_bringup) StdoutLine: {'line': b'running install_egg_info\n'}
[6.938166] (yahboomcar_bringup) StdoutLine: {'line': b'Copying ../../build/yahboomcar_bringup/yahboomcar_bringup.egg-info to /root/yahboomcar_ws/install/yahboomcar_bringup/lib/python3.10/site-packages/yahboomcar_bringup-0.0.0-py3.10.egg-info\n'}
[6.941003] (yahboomcar_bringup) StdoutLine: {'line': b'running install_scripts\n'}
[6.969478] (-) TimerEvent: {}
[6.984826] (yahboomcar_bringup) StdoutLine: {'line': b'Installing Ackman_driver_R2 script to /root/yahboomcar_ws/install/yahboomcar_bringup/lib/yahboomcar_bringup\n'}
[6.985874] (yahboomcar_bringup) StdoutLine: {'line': b'Installing Mcnamu_driver_X3 script to /root/yahboomcar_ws/install/yahboomcar_bringup/lib/yahboomcar_bringup\n'}
[6.986658] (yahboomcar_bringup) StdoutLine: {'line': b'Installing Mcnamu_driver_x1 script to /root/yahboomcar_ws/install/yahboomcar_bringup/lib/yahboomcar_bringup\n'}
[6.987329] (yahboomcar_bringup) StdoutLine: {'line': b'Installing calibrate_angular script to /root/yahboomcar_ws/install/yahboomcar_bringup/lib/yahboomcar_bringup\n'}
[6.988123] (yahboomcar_bringup) StdoutLine: {'line': b'Installing calibrate_angular_R2 script to /root/yahboomcar_ws/install/yahboomcar_bringup/lib/yahboomcar_bringup\n'}
[6.988716] (yahboomcar_bringup) StdoutLine: {'line': b'Installing calibrate_linear script to /root/yahboomcar_ws/install/yahboomcar_bringup/lib/yahboomcar_bringup\n'}
[6.989294] (yahboomcar_bringup) StdoutLine: {'line': b'Installing calibrate_linear_R2 script to /root/yahboomcar_ws/install/yahboomcar_bringup/lib/yahboomcar_bringup\n'}
[6.989860] (yahboomcar_bringup) StdoutLine: {'line': b'Installing patrol script to /root/yahboomcar_ws/install/yahboomcar_bringup/lib/yahboomcar_bringup\n'}
[6.990454] (yahboomcar_bringup) StdoutLine: {'line': b'Installing patrol_4ROS script to /root/yahboomcar_ws/install/yahboomcar_bringup/lib/yahboomcar_bringup\n'}
[6.991062] (yahboomcar_bringup) StdoutLine: {'line': b'Installing patrol_4ROS_R2 script to /root/yahboomcar_ws/install/yahboomcar_bringup/lib/yahboomcar_bringup\n'}
[6.991689] (yahboomcar_bringup) StdoutLine: {'line': b'Installing patrol_a1_R2 script to /root/yahboomcar_ws/install/yahboomcar_bringup/lib/yahboomcar_bringup\n'}
[6.993080] (yahboomcar_bringup) StdoutLine: {'line': b"writing list of installed files to '/root/yahboomcar_ws/build/yahboomcar_bringup/install.log'\n"}
[7.069662] (-) TimerEvent: {}
[7.091758] (yahboomcar_bringup) CommandEnded: {'returncode': 0}
[7.169805] (-) TimerEvent: {}
[7.174329] (yahboomcar_bringup) JobEnded: {'identifier': 'yahboomcar_bringup', 'rc': 0}
[7.176826] (yahboomcar_ctrl) JobStarted: {'identifier': 'yahboomcar_ctrl'}
[7.270046] (-) TimerEvent: {}
[7.334077] (yahboom_web_savmap_interfaces) StdoutLine: {'line': b'[ 74%] Built target yahboom_web_savmap_interfaces__py\n'}
[7.370272] (-) TimerEvent: {}
[7.388782] (yahboom_web_savmap_interfaces) StdoutLine: {'line': b'[ 77%] \x1b[32mBuilding C object CMakeFiles/yahboom_web_savmap_interfaces__rosidl_generator_py.dir/rosidl_generator_py/yahboom_web_savmap_interfaces/srv/_web_save_map_s.c.o\x1b[0m\n'}
[7.470434] (-) TimerEvent: {}
[7.572024] (-) TimerEvent: {}
[7.673572] (-) TimerEvent: {}
[7.696185] (yahboom_web_savmap_interfaces) StdoutLine: {'line': b'[ 80%] \x1b[32m\x1b[1mLinking C shared library rosidl_generator_py/yahboom_web_savmap_interfaces/libyahboom_web_savmap_interfaces__rosidl_generator_py.so\x1b[0m\n'}
[7.773766] (-) TimerEvent: {}
[7.817818] (yahboom_web_savmap_interfaces) StdoutLine: {'line': b'[ 80%] Built target yahboom_web_savmap_interfaces__rosidl_generator_py\n'}
[7.874030] (-) TimerEvent: {}
[7.905508] (yahboom_web_savmap_interfaces) StdoutLine: {'line': b'[ 83%] \x1b[32mBuilding C object CMakeFiles/yahboom_web_savmap_interfaces__rosidl_typesupport_fastrtps_c__pyext.dir/rosidl_generator_py/yahboom_web_savmap_interfaces/_yahboom_web_savmap_interfaces_s.ep.rosidl_typesupport_fastrtps_c.c.o\x1b[0m\n'}
[7.947134] (yahboom_web_savmap_interfaces) StdoutLine: {'line': b'[ 87%] \x1b[32mBuilding C object CMakeFiles/yahboom_web_savmap_interfaces__rosidl_typesupport_introspection_c__pyext.dir/rosidl_generator_py/yahboom_web_savmap_interfaces/_yahboom_web_savmap_interfaces_s.ep.rosidl_typesupport_introspection_c.c.o\x1b[0m\n'}
[7.971775] (yahboom_web_savmap_interfaces) StdoutLine: {'line': b'[ 90%] \x1b[32mBuilding C object CMakeFiles/yahboom_web_savmap_interfaces__rosidl_typesupport_c__pyext.dir/rosidl_generator_py/yahboom_web_savmap_interfaces/_yahboom_web_savmap_interfaces_s.ep.rosidl_typesupport_c.c.o\x1b[0m\n'}
[7.974230] (-) TimerEvent: {}
[8.078897] (-) TimerEvent: {}
[8.179638] (-) TimerEvent: {}
[8.212921] (yahboom_web_savmap_interfaces) StdoutLine: {'line': b'[ 93%] \x1b[32m\x1b[1mLinking C shared library rosidl_generator_py/yahboom_web_savmap_interfaces/yahboom_web_savmap_interfaces_s__rosidl_typesupport_fastrtps_c.cpython-310-aarch64-linux-gnu.so\x1b[0m\n'}
[8.257780] (yahboom_web_savmap_interfaces) StdoutLine: {'line': b'[ 96%] \x1b[32m\x1b[1mLinking C shared library rosidl_generator_py/yahboom_web_savmap_interfaces/yahboom_web_savmap_interfaces_s__rosidl_typesupport_introspection_c.cpython-310-aarch64-linux-gnu.so\x1b[0m\n'}
[8.260125] (yahboom_web_savmap_interfaces) StdoutLine: {'line': b'[100%] \x1b[32m\x1b[1mLinking C shared library rosidl_generator_py/yahboom_web_savmap_interfaces/yahboom_web_savmap_interfaces_s__rosidl_typesupport_c.cpython-310-aarch64-linux-gnu.so\x1b[0m\n'}
[8.279760] (-) TimerEvent: {}
[8.380306] (-) TimerEvent: {}
[8.416005] (yahboom_web_savmap_interfaces) StdoutLine: {'line': b'[100%] Built target yahboom_web_savmap_interfaces__rosidl_typesupport_fastrtps_c__pyext\n'}
[8.440414] (yahboom_web_savmap_interfaces) StdoutLine: {'line': b'[100%] Built target yahboom_web_savmap_interfaces__rosidl_typesupport_introspection_c__pyext\n'}
[8.460343] (yahboom_web_savmap_interfaces) StdoutLine: {'line': b'[100%] Built target yahboom_web_savmap_interfaces__rosidl_typesupport_c__pyext\n'}
[8.480441] (-) TimerEvent: {}
[8.489336] (yahboom_web_savmap_interfaces) CommandEnded: {'returncode': 0}
[8.580572] (-) TimerEvent: {}
[8.651310] (yahboom_web_savmap_interfaces) JobProgress: {'identifier': 'yahboom_web_savmap_interfaces', 'progress': 'install'}
[8.674658] (yahboom_web_savmap_interfaces) Command: {'cmd': ['/usr/bin/cmake', '--install', '/root/yahboomcar_ws/build/yahboom_web_savmap_interfaces'], 'cwd': '/root/yahboomcar_ws/build/yahboom_web_savmap_interfaces', 'env': OrderedDict([('HOSTNAME', 'pi-desktop'), ('SHLVL', '1'), ('LD_LIBRARY_PATH', '/opt/ros/humble/opt/rviz_ogre_vendor/lib:/opt/ros/humble/lib/aarch64-linux-gnu:/opt/ros/humble/lib'), ('HOME', '/root'), ('OLDPWD', '/root/yahboomcar_ws/src'), ('ROS_PYTHON_VERSION', '3'), ('ROS_DISTRO', 'humble'), ('_', '/usr/bin/colcon'), ('ROS_VERSION', '2'), ('TERM', 'xterm'), ('ROS_LOCALHOST_ONLY', '0'), ('QT_X11_NO_MITSHM', '1'), ('PATH', '/opt/ros/humble/bin:/usr/local/sbin:/usr/local/bin:/usr/sbin:/usr/bin:/sbin:/bin'), ('DISPLAY', ':0'), ('LANG', 'C.UTF-8'), ('LS_COLORS', 'rs=0:di=01;34:ln=01;36:mh=00:pi=40;33:so=01;35:do=01;35:bd=40;33;01:cd=40;33;01:or=40;31;01:mi=00:su=37;41:sg=30;43:ca=30;41:tw=30;42:ow=34;42:st=37;44:ex=01;32:*.tar=01;31:*.tgz=01;31:*.arc=01;31:*.arj=01;31:*.taz=01;31:*.lha=01;31:*.lz4=01;31:*.lzh=01;31:*.lzma=01;31:*.tlz=01;31:*.txz=01;31:*.tzo=01;31:*.t7z=01;31:*.zip=01;31:*.z=01;31:*.dz=01;31:*.gz=01;31:*.lrz=01;31:*.lz=01;31:*.lzo=01;31:*.xz=01;31:*.zst=01;31:*.tzst=01;31:*.bz2=01;31:*.bz=01;31:*.tbz=01;31:*.tbz2=01;31:*.tz=01;31:*.deb=01;31:*.rpm=01;31:*.jar=01;31:*.war=01;31:*.ear=01;31:*.sar=01;31:*.rar=01;31:*.alz=01;31:*.ace=01;31:*.zoo=01;31:*.cpio=01;31:*.7z=01;31:*.rz=01;31:*.cab=01;31:*.wim=01;31:*.swm=01;31:*.dwm=01;31:*.esd=01;31:*.jpg=01;35:*.jpeg=01;35:*.mjpg=01;35:*.mjpeg=01;35:*.gif=01;35:*.bmp=01;35:*.pbm=01;35:*.pgm=01;35:*.ppm=01;35:*.tga=01;35:*.xbm=01;35:*.xpm=01;35:*.tif=01;35:*.tiff=01;35:*.png=01;35:*.svg=01;35:*.svgz=01;35:*.mng=01;35:*.pcx=01;35:*.mov=01;35:*.mpg=01;35:*.mpeg=01;35:*.m2v=01;35:*.mkv=01;35:*.webm=01;35:*.webp=01;35:*.ogm=01;35:*.mp4=01;35:*.m4v=01;35:*.mp4v=01;35:*.vob=01;35:*.qt=01;35:*.nuv=01;35:*.wmv=01;35:*.asf=01;35:*.rm=01;35:*.rmvb=01;35:*.flc=01;35:*.avi=01;35:*.fli=01;35:*.flv=01;35:*.gl=01;35:*.dl=01;35:*.xcf=01;35:*.xwd=01;35:*.yuv=01;35:*.cgm=01;35:*.emf=01;35:*.ogv=01;35:*.ogx=01;35:*.aac=00;36:*.au=00;36:*.flac=00;36:*.m4a=00;36:*.mid=00;36:*.midi=00;36:*.mka=00;36:*.mp3=00;36:*.mpc=00;36:*.ogg=00;36:*.ra=00;36:*.wav=00;36:*.oga=00;36:*.opus=00;36:*.spx=00;36:*.xspf=00;36:'), ('AMENT_PREFIX_PATH', '/opt/ros/humble'), ('PWD', '/root/yahboomcar_ws/build/yahboom_web_savmap_interfaces'), ('LC_ALL', 'C.UTF-8'), ('PYTHONPATH', '/opt/ros/humble/lib/python3.10/site-packages:/opt/ros/humble/local/lib/python3.10/dist-packages'), ('COLCON', '1'), ('CMAKE_PREFIX_PATH', '/opt/ros/humble')]), 'shell': False}
[8.680726] (-) TimerEvent: {}
[8.695296] (yahboom_web_savmap_interfaces) StdoutLine: {'line': b'-- Install configuration: ""\n'}
[8.695855] (yahboom_web_savmap_interfaces) StdoutLine: {'line': b'-- Installing: /root/yahboomcar_ws/install/yahboom_web_savmap_interfaces/share/ament_index/resource_index/rosidl_interfaces/yahboom_web_savmap_interfaces\n'}
[8.696369] (yahboom_web_savmap_interfaces) StdoutLine: {'line': b'-- Installing: /root/yahboomcar_ws/install/yahboom_web_savmap_interfaces/include/yahboom_web_savmap_interfaces/yahboom_web_savmap_interfaces\n'}
[8.696675] (yahboom_web_savmap_interfaces) StdoutLine: {'line': b'-- Installing: /root/yahboomcar_ws/install/yahboom_web_savmap_interfaces/include/yahboom_web_savmap_interfaces/yahboom_web_savmap_interfaces/srv\n'}
[8.696936] (yahboom_web_savmap_interfaces) StdoutLine: {'line': b'-- Installing: /root/yahboomcar_ws/install/yahboom_web_savmap_interfaces/include/yahboom_web_savmap_interfaces/yahboom_web_savmap_interfaces/srv/detail\n'}
[8.697167] (yahboom_web_savmap_interfaces) StdoutLine: {'line': b'-- Installing: /root/yahboomcar_ws/install/yahboom_web_savmap_interfaces/include/yahboom_web_savmap_interfaces/yahboom_web_savmap_interfaces/srv/detail/web_save_map__functions.h\n'}
[8.697392] (yahboom_web_savmap_interfaces) StdoutLine: {'line': b'-- Installing: /root/yahboomcar_ws/install/yahboom_web_savmap_interfaces/include/yahboom_web_savmap_interfaces/yahboom_web_savmap_interfaces/srv/detail/web_save_map__functions.c\n'}
[8.697740] (yahboom_web_savmap_interfaces) StdoutLine: {'line': b'-- Installing: /root/yahboomcar_ws/install/yahboom_web_savmap_interfaces/include/yahboom_web_savmap_interfaces/yahboom_web_savmap_interfaces/srv/detail/web_save_map__struct.h\n'}
[8.698033] (yahboom_web_savmap_interfaces) StdoutLine: {'line': b'-- Installing: /root/yahboomcar_ws/install/yahboom_web_savmap_interfaces/include/yahboom_web_savmap_interfaces/yahboom_web_savmap_interfaces/srv/detail/web_save_map__type_support.h\n'}
[8.698357] (yahboom_web_savmap_interfaces) StdoutLine: {'line': b'-- Installing: /root/yahboomcar_ws/install/yahboom_web_savmap_interfaces/include/yahboom_web_savmap_interfaces/yahboom_web_savmap_interfaces/srv/web_save_map.h\n'}
[8.698633] (yahboom_web_savmap_interfaces) StdoutLine: {'line': b'-- Installing: /root/yahboomcar_ws/install/yahboom_web_savmap_interfaces/include/yahboom_web_savmap_interfaces/yahboom_web_savmap_interfaces/msg\n'}
[8.698887] (yahboom_web_savmap_interfaces) StdoutLine: {'line': b'-- Installing: /root/yahboomcar_ws/install/yahboom_web_savmap_interfaces/include/yahboom_web_savmap_interfaces/yahboom_web_savmap_interfaces/msg/rosidl_generator_c__visibility_control.h\n'}
[8.699415] (yahboom_web_savmap_interfaces) StdoutLine: {'line': b'-- Installing: /root/yahboomcar_ws/install/yahboom_web_savmap_interfaces/share/yahboom_web_savmap_interfaces/environment/library_path.sh\n'}
[8.699821] (yahboom_web_savmap_interfaces) StdoutLine: {'line': b'-- Installing: /root/yahboomcar_ws/install/yahboom_web_savmap_interfaces/share/yahboom_web_savmap_interfaces/environment/library_path.dsv\n'}
[8.700351] (yahboom_web_savmap_interfaces) StdoutLine: {'line': b'-- Installing: /root/yahboomcar_ws/install/yahboom_web_savmap_interfaces/lib/libyahboom_web_savmap_interfaces__rosidl_generator_c.so\n'}
[8.701124] (yahboom_web_savmap_interfaces) StdoutLine: {'line': b'-- Set runtime path of "/root/yahboomcar_ws/install/yahboom_web_savmap_interfaces/lib/libyahboom_web_savmap_interfaces__rosidl_generator_c.so" to ""\n'}
[8.701407] (yahboom_web_savmap_interfaces) StdoutLine: {'line': b'-- Up-to-date: /root/yahboomcar_ws/install/yahboom_web_savmap_interfaces/include/yahboom_web_savmap_interfaces/yahboom_web_savmap_interfaces\n'}
[8.701695] (yahboom_web_savmap_interfaces) StdoutLine: {'line': b'-- Up-to-date: /root/yahboomcar_ws/install/yahboom_web_savmap_interfaces/include/yahboom_web_savmap_interfaces/yahboom_web_savmap_interfaces/srv\n'}
[8.702029] (yahboom_web_savmap_interfaces) StdoutLine: {'line': b'-- Up-to-date: /root/yahboomcar_ws/install/yahboom_web_savmap_interfaces/include/yahboom_web_savmap_interfaces/yahboom_web_savmap_interfaces/srv/detail\n'}
[8.702208] (yahboom_web_savmap_interfaces) StdoutLine: {'line': b'-- Installing: /root/yahboomcar_ws/install/yahboom_web_savmap_interfaces/include/yahboom_web_savmap_interfaces/yahboom_web_savmap_interfaces/srv/detail/web_save_map__rosidl_typesupport_fastrtps_c.h\n'}
[8.702335] (yahboom_web_savmap_interfaces) StdoutLine: {'line': b'-- Up-to-date: /root/yahboomcar_ws/install/yahboom_web_savmap_interfaces/include/yahboom_web_savmap_interfaces/yahboom_web_savmap_interfaces/msg\n'}
[8.702600] (yahboom_web_savmap_interfaces) StdoutLine: {'line': b'-- Installing: /root/yahboomcar_ws/install/yahboom_web_savmap_interfaces/include/yahboom_web_savmap_interfaces/yahboom_web_savmap_interfaces/msg/rosidl_typesupport_fastrtps_c__visibility_control.h\n'}
[8.702775] (yahboom_web_savmap_interfaces) StdoutLine: {'line': b'-- Installing: /root/yahboomcar_ws/install/yahboom_web_savmap_interfaces/lib/libyahboom_web_savmap_interfaces__rosidl_typesupport_fastrtps_c.so\n'}
[8.703270] (yahboom_web_savmap_interfaces) StdoutLine: {'line': b'-- Set runtime path of "/root/yahboomcar_ws/install/yahboom_web_savmap_interfaces/lib/libyahboom_web_savmap_interfaces__rosidl_typesupport_fastrtps_c.so" to ""\n'}
[8.703702] (yahboom_web_savmap_interfaces) StdoutLine: {'line': b'-- Up-to-date: /root/yahboomcar_ws/install/yahboom_web_savmap_interfaces/include/yahboom_web_savmap_interfaces/yahboom_web_savmap_interfaces\n'}
[8.703859] (yahboom_web_savmap_interfaces) StdoutLine: {'line': b'-- Up-to-date: /root/yahboomcar_ws/install/yahboom_web_savmap_interfaces/include/yahboom_web_savmap_interfaces/yahboom_web_savmap_interfaces/srv\n'}
[8.704152] (yahboom_web_savmap_interfaces) StdoutLine: {'line': b'-- Installing: /root/yahboomcar_ws/install/yahboom_web_savmap_interfaces/include/yahboom_web_savmap_interfaces/yahboom_web_savmap_interfaces/srv/web_save_map.hpp\n'}
[8.704308] (yahboom_web_savmap_interfaces) StdoutLine: {'line': b'-- Up-to-date: /root/yahboomcar_ws/install/yahboom_web_savmap_interfaces/include/yahboom_web_savmap_interfaces/yahboom_web_savmap_interfaces/srv/detail\n'}
[8.704593] (yahboom_web_savmap_interfaces) StdoutLine: {'line': b'-- Installing: /root/yahboomcar_ws/install/yahboom_web_savmap_interfaces/include/yahboom_web_savmap_interfaces/yahboom_web_savmap_interfaces/srv/detail/web_save_map__builder.hpp\n'}
[8.704754] (yahboom_web_savmap_interfaces) StdoutLine: {'line': b'-- Installing: /root/yahboomcar_ws/install/yahboom_web_savmap_interfaces/include/yahboom_web_savmap_interfaces/yahboom_web_savmap_interfaces/srv/detail/web_save_map__traits.hpp\n'}
[8.705014] (yahboom_web_savmap_interfaces) StdoutLine: {'line': b'-- Installing: /root/yahboomcar_ws/install/yahboom_web_savmap_interfaces/include/yahboom_web_savmap_interfaces/yahboom_web_savmap_interfaces/srv/detail/web_save_map__struct.hpp\n'}
[8.705296] (yahboom_web_savmap_interfaces) StdoutLine: {'line': b'-- Up-to-date: /root/yahboomcar_ws/install/yahboom_web_savmap_interfaces/include/yahboom_web_savmap_interfaces/yahboom_web_savmap_interfaces\n'}
[8.705620] (yahboom_web_savmap_interfaces) StdoutLine: {'line': b'-- Up-to-date: /root/yahboomcar_ws/install/yahboom_web_savmap_interfaces/include/yahboom_web_savmap_interfaces/yahboom_web_savmap_interfaces/srv\n'}
[8.705845] (yahboom_web_savmap_interfaces) StdoutLine: {'line': b'-- Up-to-date: /root/yahboomcar_ws/install/yahboom_web_savmap_interfaces/include/yahboom_web_savmap_interfaces/yahboom_web_savmap_interfaces/srv/detail\n'}
[8.706015] (yahboom_web_savmap_interfaces) StdoutLine: {'line': b'-- Installing: /root/yahboomcar_ws/install/yahboom_web_savmap_interfaces/include/yahboom_web_savmap_interfaces/yahboom_web_savmap_interfaces/srv/detail/dds_fastrtps\n'}
[8.706218] (yahboom_web_savmap_interfaces) StdoutLine: {'line': b'-- Installing: /root/yahboomcar_ws/install/yahboom_web_savmap_interfaces/include/yahboom_web_savmap_interfaces/yahboom_web_savmap_interfaces/srv/detail/web_save_map__rosidl_typesupport_fastrtps_cpp.hpp\n'}
[8.706450] (yahboom_web_savmap_interfaces) StdoutLine: {'line': b'-- Up-to-date: /root/yahboomcar_ws/install/yahboom_web_savmap_interfaces/include/yahboom_web_savmap_interfaces/yahboom_web_savmap_interfaces/msg\n'}
[8.706604] (yahboom_web_savmap_interfaces) StdoutLine: {'line': b'-- Installing: /root/yahboomcar_ws/install/yahboom_web_savmap_interfaces/include/yahboom_web_savmap_interfaces/yahboom_web_savmap_interfaces/msg/rosidl_typesupport_fastrtps_cpp__visibility_control.h\n'}
[8.712080] (yahboom_web_savmap_interfaces) StdoutLine: {'line': b'-- Installing: /root/yahboomcar_ws/install/yahboom_web_savmap_interfaces/lib/libyahboom_web_savmap_interfaces__rosidl_typesupport_fastrtps_cpp.so\n'}
[8.712330] (yahboom_web_savmap_interfaces) StdoutLine: {'line': b'-- Set runtime path of "/root/yahboomcar_ws/install/yahboom_web_savmap_interfaces/lib/libyahboom_web_savmap_interfaces__rosidl_typesupport_fastrtps_cpp.so" to ""\n'}
[8.712496] (yahboom_web_savmap_interfaces) StdoutLine: {'line': b'-- Up-to-date: /root/yahboomcar_ws/install/yahboom_web_savmap_interfaces/include/yahboom_web_savmap_interfaces/yahboom_web_savmap_interfaces\n'}
[8.712601] (yahboom_web_savmap_interfaces) StdoutLine: {'line': b'-- Up-to-date: /root/yahboomcar_ws/install/yahboom_web_savmap_interfaces/include/yahboom_web_savmap_interfaces/yahboom_web_savmap_interfaces/srv\n'}
[8.712708] (yahboom_web_savmap_interfaces) StdoutLine: {'line': b'-- Up-to-date: /root/yahboomcar_ws/install/yahboom_web_savmap_interfaces/include/yahboom_web_savmap_interfaces/yahboom_web_savmap_interfaces/srv/detail\n'}
[8.724072] (yahboom_web_savmap_interfaces) StdoutLine: {'line': b'-- Installing: /root/yahboomcar_ws/install/yahboom_web_savmap_interfaces/include/yahboom_web_savmap_interfaces/yahboom_web_savmap_interfaces/srv/detail/web_save_map__rosidl_typesupport_introspection_c.h\n'}
[8.724450] (yahboom_web_savmap_interfaces) StdoutLine: {'line': b'-- Installing: /root/yahboomcar_ws/install/yahboom_web_savmap_interfaces/include/yahboom_web_savmap_interfaces/yahboom_web_savmap_interfaces/srv/detail/web_save_map__type_support.c\n'}
[8.724617] (yahboom_web_savmap_interfaces) StdoutLine: {'line': b'-- Up-to-date: /root/yahboomcar_ws/install/yahboom_web_savmap_interfaces/include/yahboom_web_savmap_interfaces/yahboom_web_savmap_interfaces/msg\n'}
[8.724753] (yahboom_web_savmap_interfaces) StdoutLine: {'line': b'-- Installing: /root/yahboomcar_ws/install/yahboom_web_savmap_interfaces/include/yahboom_web_savmap_interfaces/yahboom_web_savmap_interfaces/msg/rosidl_typesupport_introspection_c__visibility_control.h\n'}
[8.724901] (yahboom_web_savmap_interfaces) StdoutLine: {'line': b'-- Installing: /root/yahboomcar_ws/install/yahboom_web_savmap_interfaces/lib/libyahboom_web_savmap_interfaces__rosidl_typesupport_introspection_c.so\n'}
[8.725006] (yahboom_web_savmap_interfaces) StdoutLine: {'line': b'-- Set runtime path of "/root/yahboomcar_ws/install/yahboom_web_savmap_interfaces/lib/libyahboom_web_savmap_interfaces__rosidl_typesupport_introspection_c.so" to ""\n'}
[8.725105] (yahboom_web_savmap_interfaces) StdoutLine: {'line': b'-- Installing: /root/yahboomcar_ws/install/yahboom_web_savmap_interfaces/lib/libyahboom_web_savmap_interfaces__rosidl_typesupport_c.so\n'}
[8.725200] (yahboom_web_savmap_interfaces) StdoutLine: {'line': b'-- Set runtime path of "/root/yahboomcar_ws/install/yahboom_web_savmap_interfaces/lib/libyahboom_web_savmap_interfaces__rosidl_typesupport_c.so" to ""\n'}
[8.725291] (yahboom_web_savmap_interfaces) StdoutLine: {'line': b'-- Up-to-date: /root/yahboomcar_ws/install/yahboom_web_savmap_interfaces/include/yahboom_web_savmap_interfaces/yahboom_web_savmap_interfaces\n'}
[8.725384] (yahboom_web_savmap_interfaces) StdoutLine: {'line': b'-- Up-to-date: /root/yahboomcar_ws/install/yahboom_web_savmap_interfaces/include/yahboom_web_savmap_interfaces/yahboom_web_savmap_interfaces/srv\n'}
[8.725473] (yahboom_web_savmap_interfaces) StdoutLine: {'line': b'-- Up-to-date: /root/yahboomcar_ws/install/yahboom_web_savmap_interfaces/include/yahboom_web_savmap_interfaces/yahboom_web_savmap_interfaces/srv/detail\n'}
[8.725558] (yahboom_web_savmap_interfaces) StdoutLine: {'line': b'-- Installing: /root/yahboomcar_ws/install/yahboom_web_savmap_interfaces/include/yahboom_web_savmap_interfaces/yahboom_web_savmap_interfaces/srv/detail/web_save_map__rosidl_typesupport_introspection_cpp.hpp\n'}
[8.725659] (yahboom_web_savmap_interfaces) StdoutLine: {'line': b'-- Installing: /root/yahboomcar_ws/install/yahboom_web_savmap_interfaces/include/yahboom_web_savmap_interfaces/yahboom_web_savmap_interfaces/srv/detail/web_save_map__type_support.cpp\n'}
[8.725778] (yahboom_web_savmap_interfaces) StdoutLine: {'line': b'-- Installing: /root/yahboomcar_ws/install/yahboom_web_savmap_interfaces/lib/libyahboom_web_savmap_interfaces__rosidl_typesupport_introspection_cpp.so\n'}
[8.725895] (yahboom_web_savmap_interfaces) StdoutLine: {'line': b'-- Set runtime path of "/root/yahboomcar_ws/install/yahboom_web_savmap_interfaces/lib/libyahboom_web_savmap_interfaces__rosidl_typesupport_introspection_cpp.so" to ""\n'}
[8.726007] (yahboom_web_savmap_interfaces) StdoutLine: {'line': b'-- Installing: /root/yahboomcar_ws/install/yahboom_web_savmap_interfaces/lib/libyahboom_web_savmap_interfaces__rosidl_typesupport_cpp.so\n'}
[8.726107] (yahboom_web_savmap_interfaces) StdoutLine: {'line': b'-- Set runtime path of "/root/yahboomcar_ws/install/yahboom_web_savmap_interfaces/lib/libyahboom_web_savmap_interfaces__rosidl_typesupport_cpp.so" to ""\n'}
[8.726211] (yahboom_web_savmap_interfaces) StdoutLine: {'line': b'-- Installing: /root/yahboomcar_ws/install/yahboom_web_savmap_interfaces/share/yahboom_web_savmap_interfaces/environment/pythonpath.sh\n'}
[8.726315] (yahboom_web_savmap_interfaces) StdoutLine: {'line': b'-- Installing: /root/yahboomcar_ws/install/yahboom_web_savmap_interfaces/share/yahboom_web_savmap_interfaces/environment/pythonpath.dsv\n'}
[8.726417] (yahboom_web_savmap_interfaces) StdoutLine: {'line': b'-- Installing: /root/yahboomcar_ws/install/yahboom_web_savmap_interfaces/local/lib/python3.10/dist-packages/yahboom_web_savmap_interfaces-0.0.0-py3.10.egg-info\n'}
[8.726511] (yahboom_web_savmap_interfaces) StdoutLine: {'line': b'-- Installing: /root/yahboomcar_ws/install/yahboom_web_savmap_interfaces/local/lib/python3.10/dist-packages/yahboom_web_savmap_interfaces-0.0.0-py3.10.egg-info/SOURCES.txt\n'}
[8.726603] (yahboom_web_savmap_interfaces) StdoutLine: {'line': b'-- Installing: /root/yahboomcar_ws/install/yahboom_web_savmap_interfaces/local/lib/python3.10/dist-packages/yahboom_web_savmap_interfaces-0.0.0-py3.10.egg-info/PKG-INFO\n'}
[8.726746] (yahboom_web_savmap_interfaces) StdoutLine: {'line': b'-- Installing: /root/yahboomcar_ws/install/yahboom_web_savmap_interfaces/local/lib/python3.10/dist-packages/yahboom_web_savmap_interfaces-0.0.0-py3.10.egg-info/dependency_links.txt\n'}
[8.726857] (yahboom_web_savmap_interfaces) StdoutLine: {'line': b'-- Installing: /root/yahboomcar_ws/install/yahboom_web_savmap_interfaces/local/lib/python3.10/dist-packages/yahboom_web_savmap_interfaces-0.0.0-py3.10.egg-info/top_level.txt\n'}
[8.726987] (yahboom_web_savmap_interfaces) StdoutLine: {'line': b'-- Installing: /root/yahboomcar_ws/install/yahboom_web_savmap_interfaces/local/lib/python3.10/dist-packages/yahboom_web_savmap_interfaces\n'}
[8.727101] (yahboom_web_savmap_interfaces) StdoutLine: {'line': b'-- Installing: /root/yahboomcar_ws/install/yahboom_web_savmap_interfaces/local/lib/python3.10/dist-packages/yahboom_web_savmap_interfaces/_yahboom_web_savmap_interfaces_s.ep.rosidl_typesupport_c.c\n'}
[8.727215] (yahboom_web_savmap_interfaces) StdoutLine: {'line': b'-- Installing: /root/yahboomcar_ws/install/yahboom_web_savmap_interfaces/local/lib/python3.10/dist-packages/yahboom_web_savmap_interfaces/libyahboom_web_savmap_interfaces__rosidl_generator_py.so\n'}
[8.727316] (yahboom_web_savmap_interfaces) StdoutLine: {'line': b'-- Installing: /root/yahboomcar_ws/install/yahboom_web_savmap_interfaces/local/lib/python3.10/dist-packages/yahboom_web_savmap_interfaces/_yahboom_web_savmap_interfaces_s.ep.rosidl_typesupport_fastrtps_c.c\n'}
[8.727421] (yahboom_web_savmap_interfaces) StdoutLine: {'line': b'-- Installing: /root/yahboomcar_ws/install/yahboom_web_savmap_interfaces/local/lib/python3.10/dist-packages/yahboom_web_savmap_interfaces/yahboom_web_savmap_interfaces_s__rosidl_typesupport_c.cpython-310-aarch64-linux-gnu.so\n'}
[8.727524] (yahboom_web_savmap_interfaces) StdoutLine: {'line': b'-- Installing: /root/yahboomcar_ws/install/yahboom_web_savmap_interfaces/local/lib/python3.10/dist-packages/yahboom_web_savmap_interfaces/srv\n'}
[8.727680] (yahboom_web_savmap_interfaces) StdoutLine: {'line': b'-- Installing: /root/yahboomcar_ws/install/yahboom_web_savmap_interfaces/local/lib/python3.10/dist-packages/yahboom_web_savmap_interfaces/srv/_web_save_map_s.c\n'}
[8.727788] (yahboom_web_savmap_interfaces) StdoutLine: {'line': b'-- Installing: /root/yahboomcar_ws/install/yahboom_web_savmap_interfaces/local/lib/python3.10/dist-packages/yahboom_web_savmap_interfaces/srv/__init__.py\n'}
[8.727898] (yahboom_web_savmap_interfaces) StdoutLine: {'line': b'-- Installing: /root/yahboomcar_ws/install/yahboom_web_savmap_interfaces/local/lib/python3.10/dist-packages/yahboom_web_savmap_interfaces/srv/_web_save_map.py\n'}
[8.728020] (yahboom_web_savmap_interfaces) StdoutLine: {'line': b'-- Installing: /root/yahboomcar_ws/install/yahboom_web_savmap_interfaces/local/lib/python3.10/dist-packages/yahboom_web_savmap_interfaces/yahboom_web_savmap_interfaces_s__rosidl_typesupport_introspection_c.cpython-310-aarch64-linux-gnu.so\n'}
[8.728137] (yahboom_web_savmap_interfaces) StdoutLine: {'line': b'-- Installing: /root/yahboomcar_ws/install/yahboom_web_savmap_interfaces/local/lib/python3.10/dist-packages/yahboom_web_savmap_interfaces/__init__.py\n'}
[8.728260] (yahboom_web_savmap_interfaces) StdoutLine: {'line': b'-- Installing: /root/yahboomcar_ws/install/yahboom_web_savmap_interfaces/local/lib/python3.10/dist-packages/yahboom_web_savmap_interfaces/_yahboom_web_savmap_interfaces_s.ep.rosidl_typesupport_introspection_c.c\n'}
[8.728376] (yahboom_web_savmap_interfaces) StdoutLine: {'line': b'-- Installing: /root/yahboomcar_ws/install/yahboom_web_savmap_interfaces/local/lib/python3.10/dist-packages/yahboom_web_savmap_interfaces/yahboom_web_savmap_interfaces_s__rosidl_typesupport_fastrtps_c.cpython-310-aarch64-linux-gnu.so\n'}
[8.780878] (-) TimerEvent: {}
[8.807456] (yahboom_web_savmap_interfaces) StdoutLine: {'line': b"Listing '/root/yahboomcar_ws/install/yahboom_web_savmap_interfaces/local/lib/python3.10/dist-packages/yahboom_web_savmap_interfaces'...\n"}
[8.808048] (yahboom_web_savmap_interfaces) StdoutLine: {'line': b"Compiling '/root/yahboomcar_ws/install/yahboom_web_savmap_interfaces/local/lib/python3.10/dist-packages/yahboom_web_savmap_interfaces/__init__.py'...\n"}
[8.809089] (yahboom_web_savmap_interfaces) StdoutLine: {'line': b"Listing '/root/yahboomcar_ws/install/yahboom_web_savmap_interfaces/local/lib/python3.10/dist-packages/yahboom_web_savmap_interfaces/srv'...\n"}
[8.809670] (yahboom_web_savmap_interfaces) StdoutLine: {'line': b"Compiling '/root/yahboomcar_ws/install/yahboom_web_savmap_interfaces/local/lib/python3.10/dist-packages/yahboom_web_savmap_interfaces/srv/__init__.py'...\n"}
[8.810026] (yahboom_web_savmap_interfaces) StdoutLine: {'line': b"Compiling '/root/yahboomcar_ws/install/yahboom_web_savmap_interfaces/local/lib/python3.10/dist-packages/yahboom_web_savmap_interfaces/srv/_web_save_map.py'...\n"}
[8.834485] (yahboom_web_savmap_interfaces) StdoutLine: {'line': b'-- Installing: /root/yahboomcar_ws/install/yahboom_web_savmap_interfaces/local/lib/python3.10/dist-packages/yahboom_web_savmap_interfaces/yahboom_web_savmap_interfaces_s__rosidl_typesupport_fastrtps_c.cpython-310-aarch64-linux-gnu.so\n'}
[8.834825] (yahboom_web_savmap_interfaces) StdoutLine: {'line': b'-- Set runtime path of "/root/yahboomcar_ws/install/yahboom_web_savmap_interfaces/local/lib/python3.10/dist-packages/yahboom_web_savmap_interfaces/yahboom_web_savmap_interfaces_s__rosidl_typesupport_fastrtps_c.cpython-310-aarch64-linux-gnu.so" to ""\n'}
[8.834968] (yahboom_web_savmap_interfaces) StdoutLine: {'line': b'-- Installing: /root/yahboomcar_ws/install/yahboom_web_savmap_interfaces/local/lib/python3.10/dist-packages/yahboom_web_savmap_interfaces/yahboom_web_savmap_interfaces_s__rosidl_typesupport_introspection_c.cpython-310-aarch64-linux-gnu.so\n'}
[8.835158] (yahboom_web_savmap_interfaces) StdoutLine: {'line': b'-- Set runtime path of "/root/yahboomcar_ws/install/yahboom_web_savmap_interfaces/local/lib/python3.10/dist-packages/yahboom_web_savmap_interfaces/yahboom_web_savmap_interfaces_s__rosidl_typesupport_introspection_c.cpython-310-aarch64-linux-gnu.so" to ""\n'}
[8.835312] (yahboom_web_savmap_interfaces) StdoutLine: {'line': b'-- Installing: /root/yahboomcar_ws/install/yahboom_web_savmap_interfaces/local/lib/python3.10/dist-packages/yahboom_web_savmap_interfaces/yahboom_web_savmap_interfaces_s__rosidl_typesupport_c.cpython-310-aarch64-linux-gnu.so\n'}
[8.835446] (yahboom_web_savmap_interfaces) StdoutLine: {'line': b'-- Set runtime path of "/root/yahboomcar_ws/install/yahboom_web_savmap_interfaces/local/lib/python3.10/dist-packages/yahboom_web_savmap_interfaces/yahboom_web_savmap_interfaces_s__rosidl_typesupport_c.cpython-310-aarch64-linux-gnu.so" to ""\n'}
[8.835595] (yahboom_web_savmap_interfaces) StdoutLine: {'line': b'-- Installing: /root/yahboomcar_ws/install/yahboom_web_savmap_interfaces/lib/libyahboom_web_savmap_interfaces__rosidl_generator_py.so\n'}
[8.835928] (yahboom_web_savmap_interfaces) StdoutLine: {'line': b'-- Set runtime path of "/root/yahboomcar_ws/install/yahboom_web_savmap_interfaces/lib/libyahboom_web_savmap_interfaces__rosidl_generator_py.so" to ""\n'}
[8.836702] (yahboom_web_savmap_interfaces) StdoutLine: {'line': b'-- Installing: /root/yahboomcar_ws/install/yahboom_web_savmap_interfaces/share/yahboom_web_savmap_interfaces/srv/WebSaveMap.idl\n'}
[8.837658] (yahboom_web_savmap_interfaces) StdoutLine: {'line': b'-- Installing: /root/yahboomcar_ws/install/yahboom_web_savmap_interfaces/share/yahboom_web_savmap_interfaces/srv/WebSaveMap.srv\n'}
[8.838609] (yahboom_web_savmap_interfaces) StdoutLine: {'line': b'-- Installing: /root/yahboomcar_ws/install/yahboom_web_savmap_interfaces/share/yahboom_web_savmap_interfaces/srv/WebSaveMap_Request.msg\n'}
[8.839531] (yahboom_web_savmap_interfaces) StdoutLine: {'line': b'-- Installing: /root/yahboomcar_ws/install/yahboom_web_savmap_interfaces/share/yahboom_web_savmap_interfaces/srv/WebSaveMap_Response.msg\n'}
[8.840705] (yahboom_web_savmap_interfaces) StdoutLine: {'line': b'-- Installing: /root/yahboomcar_ws/install/yahboom_web_savmap_interfaces/share/ament_index/resource_index/package_run_dependencies/yahboom_web_savmap_interfaces\n'}
[8.841947] (yahboom_web_savmap_interfaces) StdoutLine: {'line': b'-- Installing: /root/yahboomcar_ws/install/yahboom_web_savmap_interfaces/share/ament_index/resource_index/parent_prefix_path/yahboom_web_savmap_interfaces\n'}
[8.842952] (yahboom_web_savmap_interfaces) StdoutLine: {'line': b'-- Installing: /root/yahboomcar_ws/install/yahboom_web_savmap_interfaces/share/yahboom_web_savmap_interfaces/environment/ament_prefix_path.sh\n'}
[8.843879] (yahboom_web_savmap_interfaces) StdoutLine: {'line': b'-- Installing: /root/yahboomcar_ws/install/yahboom_web_savmap_interfaces/share/yahboom_web_savmap_interfaces/environment/ament_prefix_path.dsv\n'}
[8.844812] (yahboom_web_savmap_interfaces) StdoutLine: {'line': b'-- Installing: /root/yahboomcar_ws/install/yahboom_web_savmap_interfaces/share/yahboom_web_savmap_interfaces/environment/path.sh\n'}
[8.845762] (yahboom_web_savmap_interfaces) StdoutLine: {'line': b'-- Installing: /root/yahboomcar_ws/install/yahboom_web_savmap_interfaces/share/yahboom_web_savmap_interfaces/environment/path.dsv\n'}
[8.846795] (yahboom_web_savmap_interfaces) StdoutLine: {'line': b'-- Installing: /root/yahboomcar_ws/install/yahboom_web_savmap_interfaces/share/yahboom_web_savmap_interfaces/local_setup.bash\n'}
[8.847751] (yahboom_web_savmap_interfaces) StdoutLine: {'line': b'-- Installing: /root/yahboomcar_ws/install/yahboom_web_savmap_interfaces/share/yahboom_web_savmap_interfaces/local_setup.sh\n'}
[8.848700] (yahboom_web_savmap_interfaces) StdoutLine: {'line': b'-- Installing: /root/yahboomcar_ws/install/yahboom_web_savmap_interfaces/share/yahboom_web_savmap_interfaces/local_setup.zsh\n'}
[8.849610] (yahboom_web_savmap_interfaces) StdoutLine: {'line': b'-- Installing: /root/yahboomcar_ws/install/yahboom_web_savmap_interfaces/share/yahboom_web_savmap_interfaces/local_setup.dsv\n'}
[8.850561] (yahboom_web_savmap_interfaces) StdoutLine: {'line': b'-- Installing: /root/yahboomcar_ws/install/yahboom_web_savmap_interfaces/share/yahboom_web_savmap_interfaces/package.dsv\n'}
[8.851669] (yahboom_web_savmap_interfaces) StdoutLine: {'line': b'-- Installing: /root/yahboomcar_ws/install/yahboom_web_savmap_interfaces/share/ament_index/resource_index/packages/yahboom_web_savmap_interfaces\n'}
[8.852794] (yahboom_web_savmap_interfaces) StdoutLine: {'line': b'-- Installing: /root/yahboomcar_ws/install/yahboom_web_savmap_interfaces/share/yahboom_web_savmap_interfaces/cmake/export_yahboom_web_savmap_interfaces__rosidl_generator_cExport.cmake\n'}
[8.853884] (yahboom_web_savmap_interfaces) StdoutLine: {'line': b'-- Installing: /root/yahboomcar_ws/install/yahboom_web_savmap_interfaces/share/yahboom_web_savmap_interfaces/cmake/export_yahboom_web_savmap_interfaces__rosidl_generator_cExport-noconfig.cmake\n'}
[8.854978] (yahboom_web_savmap_interfaces) StdoutLine: {'line': b'-- Installing: /root/yahboomcar_ws/install/yahboom_web_savmap_interfaces/share/yahboom_web_savmap_interfaces/cmake/export_yahboom_web_savmap_interfaces__rosidl_typesupport_fastrtps_cExport.cmake\n'}
[8.855991] (yahboom_web_savmap_interfaces) StdoutLine: {'line': b'-- Installing: /root/yahboomcar_ws/install/yahboom_web_savmap_interfaces/share/yahboom_web_savmap_interfaces/cmake/export_yahboom_web_savmap_interfaces__rosidl_typesupport_fastrtps_cExport-noconfig.cmake\n'}
[8.856972] (yahboom_web_savmap_interfaces) StdoutLine: {'line': b'-- Installing: /root/yahboomcar_ws/install/yahboom_web_savmap_interfaces/share/yahboom_web_savmap_interfaces/cmake/export_yahboom_web_savmap_interfaces__rosidl_generator_cppExport.cmake\n'}
[8.857995] (yahboom_web_savmap_interfaces) StdoutLine: {'line': b'-- Installing: /root/yahboomcar_ws/install/yahboom_web_savmap_interfaces/share/yahboom_web_savmap_interfaces/cmake/export_yahboom_web_savmap_interfaces__rosidl_typesupport_fastrtps_cppExport.cmake\n'}
[8.859022] (yahboom_web_savmap_interfaces) StdoutLine: {'line': b'-- Installing: /root/yahboomcar_ws/install/yahboom_web_savmap_interfaces/share/yahboom_web_savmap_interfaces/cmake/export_yahboom_web_savmap_interfaces__rosidl_typesupport_fastrtps_cppExport-noconfig.cmake\n'}
[8.860246] (yahboom_web_savmap_interfaces) StdoutLine: {'line': b'-- Installing: /root/yahboomcar_ws/install/yahboom_web_savmap_interfaces/share/yahboom_web_savmap_interfaces/cmake/yahboom_web_savmap_interfaces__rosidl_typesupport_introspection_cExport.cmake\n'}
[8.861678] (yahboom_web_savmap_interfaces) StdoutLine: {'line': b'-- Installing: /root/yahboomcar_ws/install/yahboom_web_savmap_interfaces/share/yahboom_web_savmap_interfaces/cmake/yahboom_web_savmap_interfaces__rosidl_typesupport_introspection_cExport-noconfig.cmake\n'}
[8.862923] (yahboom_web_savmap_interfaces) StdoutLine: {'line': b'-- Installing: /root/yahboomcar_ws/install/yahboom_web_savmap_interfaces/share/yahboom_web_savmap_interfaces/cmake/yahboom_web_savmap_interfaces__rosidl_typesupport_cExport.cmake\n'}
[8.864369] (yahboom_web_savmap_interfaces) StdoutLine: {'line': b'-- Installing: /root/yahboomcar_ws/install/yahboom_web_savmap_interfaces/share/yahboom_web_savmap_interfaces/cmake/yahboom_web_savmap_interfaces__rosidl_typesupport_cExport-noconfig.cmake\n'}
[8.865432] (yahboom_web_savmap_interfaces) StdoutLine: {'line': b'-- Installing: /root/yahboomcar_ws/install/yahboom_web_savmap_interfaces/share/yahboom_web_savmap_interfaces/cmake/yahboom_web_savmap_interfaces__rosidl_typesupport_introspection_cppExport.cmake\n'}
[8.866391] (yahboom_web_savmap_interfaces) StdoutLine: {'line': b'-- Installing: /root/yahboomcar_ws/install/yahboom_web_savmap_interfaces/share/yahboom_web_savmap_interfaces/cmake/yahboom_web_savmap_interfaces__rosidl_typesupport_introspection_cppExport-noconfig.cmake\n'}
[8.867382] (yahboom_web_savmap_interfaces) StdoutLine: {'line': b'-- Installing: /root/yahboomcar_ws/install/yahboom_web_savmap_interfaces/share/yahboom_web_savmap_interfaces/cmake/yahboom_web_savmap_interfaces__rosidl_typesupport_cppExport.cmake\n'}
[8.868394] (yahboom_web_savmap_interfaces) StdoutLine: {'line': b'-- Installing: /root/yahboomcar_ws/install/yahboom_web_savmap_interfaces/share/yahboom_web_savmap_interfaces/cmake/yahboom_web_savmap_interfaces__rosidl_typesupport_cppExport-noconfig.cmake\n'}
[8.869427] (yahboom_web_savmap_interfaces) StdoutLine: {'line': b'-- Installing: /root/yahboomcar_ws/install/yahboom_web_savmap_interfaces/share/yahboom_web_savmap_interfaces/cmake/export_yahboom_web_savmap_interfaces__rosidl_generator_pyExport.cmake\n'}
[8.870432] (yahboom_web_savmap_interfaces) StdoutLine: {'line': b'-- Installing: /root/yahboomcar_ws/install/yahboom_web_savmap_interfaces/share/yahboom_web_savmap_interfaces/cmake/export_yahboom_web_savmap_interfaces__rosidl_generator_pyExport-noconfig.cmake\n'}
[8.871593] (yahboom_web_savmap_interfaces) StdoutLine: {'line': b'-- Installing: /root/yahboomcar_ws/install/yahboom_web_savmap_interfaces/share/yahboom_web_savmap_interfaces/cmake/rosidl_cmake-extras.cmake\n'}
[8.872671] (yahboom_web_savmap_interfaces) StdoutLine: {'line': b'-- Installing: /root/yahboomcar_ws/install/yahboom_web_savmap_interfaces/share/yahboom_web_savmap_interfaces/cmake/ament_cmake_export_include_directories-extras.cmake\n'}
[8.874101] (yahboom_web_savmap_interfaces) StdoutLine: {'line': b'-- Installing: /root/yahboomcar_ws/install/yahboom_web_savmap_interfaces/share/yahboom_web_savmap_interfaces/cmake/ament_cmake_export_libraries-extras.cmake\n'}
[8.875258] (yahboom_web_savmap_interfaces) StdoutLine: {'line': b'-- Installing: /root/yahboomcar_ws/install/yahboom_web_savmap_interfaces/share/yahboom_web_savmap_interfaces/cmake/ament_cmake_export_targets-extras.cmake\n'}
[8.876641] (yahboom_web_savmap_interfaces) StdoutLine: {'line': b'-- Installing: /root/yahboomcar_ws/install/yahboom_web_savmap_interfaces/share/yahboom_web_savmap_interfaces/cmake/rosidl_cmake_export_typesupport_targets-extras.cmake\n'}
[8.877588] (yahboom_web_savmap_interfaces) StdoutLine: {'line': b'-- Installing: /root/yahboomcar_ws/install/yahboom_web_savmap_interfaces/share/yahboom_web_savmap_interfaces/cmake/ament_cmake_export_dependencies-extras.cmake\n'}
[8.878554] (yahboom_web_savmap_interfaces) StdoutLine: {'line': b'-- Installing: /root/yahboomcar_ws/install/yahboom_web_savmap_interfaces/share/yahboom_web_savmap_interfaces/cmake/rosidl_cmake_export_typesupport_libraries-extras.cmake\n'}
[8.879496] (yahboom_web_savmap_interfaces) StdoutLine: {'line': b'-- Installing: /root/yahboomcar_ws/install/yahboom_web_savmap_interfaces/share/yahboom_web_savmap_interfaces/cmake/yahboom_web_savmap_interfacesConfig.cmake\n'}
[8.880309] (yahboom_web_savmap_interfaces) StdoutLine: {'line': b'-- Installing: /root/yahboomcar_ws/install/yahboom_web_savmap_interfaces/share/yahboom_web_savmap_interfaces/cmake/yahboom_web_savmap_interfacesConfig-version.cmake\n'}
[8.880965] (-) TimerEvent: {}
[8.882001] (yahboom_web_savmap_interfaces) StdoutLine: {'line': b'-- Installing: /root/yahboomcar_ws/install/yahboom_web_savmap_interfaces/share/yahboom_web_savmap_interfaces/package.xml\n'}
[8.891604] (yahboom_web_savmap_interfaces) CommandEnded: {'returncode': 0}
[8.981189] (-) TimerEvent: {}
[9.043810] (yahboomcar_ctrl) Command: {'cmd': ['/usr/bin/python3', 'setup.py', 'egg_info', '--egg-base', '../../build/yahboomcar_ctrl', 'build', '--build-base', '/root/yahboomcar_ws/build/yahboomcar_ctrl/build', 'install', '--record', '/root/yahboomcar_ws/build/yahboomcar_ctrl/install.log', '--single-version-externally-managed'], 'cwd': '/root/yahboomcar_ws/src/yahboomcar_ctrl', 'env': {'HOSTNAME': 'pi-desktop', 'SHLVL': '1', 'LD_LIBRARY_PATH': '/opt/ros/humble/opt/rviz_ogre_vendor/lib:/opt/ros/humble/lib/aarch64-linux-gnu:/opt/ros/humble/lib', 'HOME': '/root', 'OLDPWD': '/root/yahboomcar_ws/src', 'ROS_PYTHON_VERSION': '3', 'ROS_DISTRO': 'humble', '_': '/usr/bin/colcon', 'ROS_VERSION': '2', 'TERM': 'xterm', 'ROS_LOCALHOST_ONLY': '0', 'QT_X11_NO_MITSHM': '1', 'PATH': '/opt/ros/humble/bin:/usr/local/sbin:/usr/local/bin:/usr/sbin:/usr/bin:/sbin:/bin', 'DISPLAY': ':0', 'LANG': 'C.UTF-8', 'LS_COLORS': 'rs=0:di=01;34:ln=01;36:mh=00:pi=40;33:so=01;35:do=01;35:bd=40;33;01:cd=40;33;01:or=40;31;01:mi=00:su=37;41:sg=30;43:ca=30;41:tw=30;42:ow=34;42:st=37;44:ex=01;32:*.tar=01;31:*.tgz=01;31:*.arc=01;31:*.arj=01;31:*.taz=01;31:*.lha=01;31:*.lz4=01;31:*.lzh=01;31:*.lzma=01;31:*.tlz=01;31:*.txz=01;31:*.tzo=01;31:*.t7z=01;31:*.zip=01;31:*.z=01;31:*.dz=01;31:*.gz=01;31:*.lrz=01;31:*.lz=01;31:*.lzo=01;31:*.xz=01;31:*.zst=01;31:*.tzst=01;31:*.bz2=01;31:*.bz=01;31:*.tbz=01;31:*.tbz2=01;31:*.tz=01;31:*.deb=01;31:*.rpm=01;31:*.jar=01;31:*.war=01;31:*.ear=01;31:*.sar=01;31:*.rar=01;31:*.alz=01;31:*.ace=01;31:*.zoo=01;31:*.cpio=01;31:*.7z=01;31:*.rz=01;31:*.cab=01;31:*.wim=01;31:*.swm=01;31:*.dwm=01;31:*.esd=01;31:*.jpg=01;35:*.jpeg=01;35:*.mjpg=01;35:*.mjpeg=01;35:*.gif=01;35:*.bmp=01;35:*.pbm=01;35:*.pgm=01;35:*.ppm=01;35:*.tga=01;35:*.xbm=01;35:*.xpm=01;35:*.tif=01;35:*.tiff=01;35:*.png=01;35:*.svg=01;35:*.svgz=01;35:*.mng=01;35:*.pcx=01;35:*.mov=01;35:*.mpg=01;35:*.mpeg=01;35:*.m2v=01;35:*.mkv=01;35:*.webm=01;35:*.webp=01;35:*.ogm=01;35:*.mp4=01;35:*.m4v=01;35:*.mp4v=01;35:*.vob=01;35:*.qt=01;35:*.nuv=01;35:*.wmv=01;35:*.asf=01;35:*.rm=01;35:*.rmvb=01;35:*.flc=01;35:*.avi=01;35:*.fli=01;35:*.flv=01;35:*.gl=01;35:*.dl=01;35:*.xcf=01;35:*.xwd=01;35:*.yuv=01;35:*.cgm=01;35:*.emf=01;35:*.ogv=01;35:*.ogx=01;35:*.aac=00;36:*.au=00;36:*.flac=00;36:*.m4a=00;36:*.mid=00;36:*.midi=00;36:*.mka=00;36:*.mp3=00;36:*.mpc=00;36:*.ogg=00;36:*.ra=00;36:*.wav=00;36:*.oga=00;36:*.opus=00;36:*.spx=00;36:*.xspf=00;36:', 'AMENT_PREFIX_PATH': '/opt/ros/humble', 'PWD': '/root/yahboomcar_ws/build/yahboomcar_ctrl', 'LC_ALL': 'C.UTF-8', 'PYTHONPATH': '/root/yahboomcar_ws/build/yahboomcar_ctrl/prefix_override:/root/yahboomcar_ws/install/yahboomcar_ctrl/lib/python3.10/site-packages:/opt/ros/humble/lib/python3.10/site-packages:/opt/ros/humble/local/lib/python3.10/dist-packages', 'COLCON': '1'}, 'shell': False}
[9.081365] (-) TimerEvent: {}
[9.182835] (-) TimerEvent: {}
[9.284872] (-) TimerEvent: {}
[9.359472] (yahboom_web_savmap_interfaces) JobEnded: {'identifier': 'yahboom_web_savmap_interfaces', 'rc': 0}
[9.360942] (yahboomcar_description) JobStarted: {'identifier': 'yahboomcar_description'}
[9.385212] (-) TimerEvent: {}
[9.485736] (-) TimerEvent: {}
[9.526232] (yahboomcar_ctrl) StdoutLine: {'line': b'running egg_info\n'}
[9.527434] (yahboomcar_ctrl) StdoutLine: {'line': b'creating ../../build/yahboomcar_ctrl/yahboomcar_ctrl.egg-info\n'}
[9.527970] (yahboomcar_ctrl) StdoutLine: {'line': b'writing ../../build/yahboomcar_ctrl/yahboomcar_ctrl.egg-info/PKG-INFO\n'}
[9.528635] (yahboomcar_ctrl) StdoutLine: {'line': b'writing dependency_links to ../../build/yahboomcar_ctrl/yahboomcar_ctrl.egg-info/dependency_links.txt\n'}
[9.529038] (yahboomcar_ctrl) StdoutLine: {'line': b'writing entry points to ../../build/yahboomcar_ctrl/yahboomcar_ctrl.egg-info/entry_points.txt\n'}
[9.529309] (yahboomcar_ctrl) StdoutLine: {'line': b'writing requirements to ../../build/yahboomcar_ctrl/yahboomcar_ctrl.egg-info/requires.txt\n'}
[9.529531] (yahboomcar_ctrl) StdoutLine: {'line': b'writing top-level names to ../../build/yahboomcar_ctrl/yahboomcar_ctrl.egg-info/top_level.txt\n'}
[9.529996] (yahboomcar_ctrl) StdoutLine: {'line': b"writing manifest file '../../build/yahboomcar_ctrl/yahboomcar_ctrl.egg-info/SOURCES.txt'\n"}
[9.534258] (yahboomcar_ctrl) StdoutLine: {'line': b"reading manifest file '../../build/yahboomcar_ctrl/yahboomcar_ctrl.egg-info/SOURCES.txt'\n"}
[9.535919] (yahboomcar_ctrl) StdoutLine: {'line': b"writing manifest file '../../build/yahboomcar_ctrl/yahboomcar_ctrl.egg-info/SOURCES.txt'\n"}
[9.536364] (yahboomcar_ctrl) StdoutLine: {'line': b'running build\n'}
[9.536539] (yahboomcar_ctrl) StdoutLine: {'line': b'running build_py\n'}
[9.536779] (yahboomcar_ctrl) StdoutLine: {'line': b'creating /root/yahboomcar_ws/build/yahboomcar_ctrl/build\n'}
[9.537096] (yahboomcar_ctrl) StdoutLine: {'line': b'creating /root/yahboomcar_ws/build/yahboomcar_ctrl/build/lib\n'}
[9.537364] (yahboomcar_ctrl) StdoutLine: {'line': b'creating /root/yahboomcar_ws/build/yahboomcar_ctrl/build/lib/yahboomcar_ctrl\n'}
[9.537526] (yahboomcar_ctrl) StdoutLine: {'line': b'copying yahboomcar_ctrl/yahboom_joy.py -> /root/yahboomcar_ws/build/yahboomcar_ctrl/build/lib/yahboomcar_ctrl\n'}
[9.537767] (yahboomcar_ctrl) StdoutLine: {'line': b'copying yahboomcar_ctrl/__init__.py -> /root/yahboomcar_ws/build/yahboomcar_ctrl/build/lib/yahboomcar_ctrl\n'}
[9.537985] (yahboomcar_ctrl) StdoutLine: {'line': b'copying yahboomcar_ctrl/yahboom_keyboard.py -> /root/yahboomcar_ws/build/yahboomcar_ctrl/build/lib/yahboomcar_ctrl\n'}
[9.538312] (yahboomcar_ctrl) StdoutLine: {'line': b'copying yahboomcar_ctrl/yahboom_joy_R2.py -> /root/yahboomcar_ws/build/yahboomcar_ctrl/build/lib/yahboomcar_ctrl\n'}
[9.539032] (yahboomcar_ctrl) StdoutLine: {'line': b'running install\n'}
[9.539364] (yahboomcar_ctrl) StderrLine: {'line': b'/usr/lib/python3/dist-packages/setuptools/command/install.py:34: SetuptoolsDeprecationWarning: setup.py install is deprecated. Use build and pip and other standards-based tools.\n'}
[9.539696] (yahboomcar_ctrl) StderrLine: {'line': b'  warnings.warn(\n'}
[9.540284] (yahboomcar_ctrl) StdoutLine: {'line': b'running install_lib\n'}
[9.542223] (yahboomcar_ctrl) StdoutLine: {'line': b'creating /root/yahboomcar_ws/install/yahboomcar_ctrl/lib/python3.10/site-packages/yahboomcar_ctrl\n'}
[9.542667] (yahboomcar_ctrl) StdoutLine: {'line': b'copying /root/yahboomcar_ws/build/yahboomcar_ctrl/build/lib/yahboomcar_ctrl/yahboom_joy.py -> /root/yahboomcar_ws/install/yahboomcar_ctrl/lib/python3.10/site-packages/yahboomcar_ctrl\n'}
[9.542938] (yahboomcar_ctrl) StdoutLine: {'line': b'copying /root/yahboomcar_ws/build/yahboomcar_ctrl/build/lib/yahboomcar_ctrl/__init__.py -> /root/yahboomcar_ws/install/yahboomcar_ctrl/lib/python3.10/site-packages/yahboomcar_ctrl\n'}
[9.543200] (yahboomcar_ctrl) StdoutLine: {'line': b'copying /root/yahboomcar_ws/build/yahboomcar_ctrl/build/lib/yahboomcar_ctrl/yahboom_keyboard.py -> /root/yahboomcar_ws/install/yahboomcar_ctrl/lib/python3.10/site-packages/yahboomcar_ctrl\n'}
[9.543455] (yahboomcar_ctrl) StdoutLine: {'line': b'copying /root/yahboomcar_ws/build/yahboomcar_ctrl/build/lib/yahboomcar_ctrl/yahboom_joy_R2.py -> /root/yahboomcar_ws/install/yahboomcar_ctrl/lib/python3.10/site-packages/yahboomcar_ctrl\n'}
[9.545416] (yahboomcar_ctrl) StdoutLine: {'line': b'byte-compiling /root/yahboomcar_ws/install/yahboomcar_ctrl/lib/python3.10/site-packages/yahboomcar_ctrl/yahboom_joy.py to yahboom_joy.cpython-310.pyc\n'}
[9.548204] (yahboomcar_ctrl) StdoutLine: {'line': b'byte-compiling /root/yahboomcar_ws/install/yahboomcar_ctrl/lib/python3.10/site-packages/yahboomcar_ctrl/__init__.py to __init__.cpython-310.pyc\n'}
[9.548724] (yahboomcar_ctrl) StdoutLine: {'line': b'byte-compiling /root/yahboomcar_ws/install/yahboomcar_ctrl/lib/python3.10/site-packages/yahboomcar_ctrl/yahboom_keyboard.py to yahboom_keyboard.cpython-310.pyc\n'}
[9.550929] (yahboomcar_ctrl) StdoutLine: {'line': b'byte-compiling /root/yahboomcar_ws/install/yahboomcar_ctrl/lib/python3.10/site-packages/yahboomcar_ctrl/yahboom_joy_R2.py to yahboom_joy_R2.cpython-310.pyc\n'}
[9.553425] (yahboomcar_ctrl) StdoutLine: {'line': b'running install_data\n'}
[9.554675] (yahboomcar_ctrl) StdoutLine: {'line': b'creating /root/yahboomcar_ws/install/yahboomcar_ctrl/share/ament_index\n'}
[9.555102] (yahboomcar_ctrl) StdoutLine: {'line': b'creating /root/yahboomcar_ws/install/yahboomcar_ctrl/share/ament_index/resource_index\n'}
[9.555407] (yahboomcar_ctrl) StdoutLine: {'line': b'creating /root/yahboomcar_ws/install/yahboomcar_ctrl/share/ament_index/resource_index/packages\n'}
[9.555670] (yahboomcar_ctrl) StdoutLine: {'line': b'copying resource/yahboomcar_ctrl -> /root/yahboomcar_ws/install/yahboomcar_ctrl/share/ament_index/resource_index/packages\n'}
[9.555839] (yahboomcar_ctrl) StdoutLine: {'line': b'copying package.xml -> /root/yahboomcar_ws/install/yahboomcar_ctrl/share/yahboomcar_ctrl\n'}
[9.556124] (yahboomcar_ctrl) StdoutLine: {'line': b'creating /root/yahboomcar_ws/install/yahboomcar_ctrl/share/yahboomcar_ctrl/launch\n'}
[9.556390] (yahboomcar_ctrl) StdoutLine: {'line': b'copying launch/yahboomcar_joy_launch.py -> /root/yahboomcar_ws/install/yahboomcar_ctrl/share/yahboomcar_ctrl/launch\n'}
[9.556562] (yahboomcar_ctrl) StdoutLine: {'line': b'running install_egg_info\n'}
[9.560689] (yahboomcar_ctrl) StdoutLine: {'line': b'Copying ../../build/yahboomcar_ctrl/yahboomcar_ctrl.egg-info to /root/yahboomcar_ws/install/yahboomcar_ctrl/lib/python3.10/site-packages/yahboomcar_ctrl-0.0.0-py3.10.egg-info\n'}
[9.563135] (yahboomcar_ctrl) StdoutLine: {'line': b'running install_scripts\n'}
[9.585893] (-) TimerEvent: {}
[9.609923] (yahboomcar_ctrl) StdoutLine: {'line': b'Installing yahboom_joy script to /root/yahboomcar_ws/install/yahboomcar_ctrl/lib/yahboomcar_ctrl\n'}
[9.610423] (yahboomcar_ctrl) StdoutLine: {'line': b'Installing yahboom_joy_R2 script to /root/yahboomcar_ws/install/yahboomcar_ctrl/lib/yahboomcar_ctrl\n'}
[9.610694] (yahboomcar_ctrl) StdoutLine: {'line': b'Installing yahboom_keyboard script to /root/yahboomcar_ws/install/yahboomcar_ctrl/lib/yahboomcar_ctrl\n'}
[9.611523] (yahboomcar_ctrl) StdoutLine: {'line': b"writing list of installed files to '/root/yahboomcar_ws/build/yahboomcar_ctrl/install.log'\n"}
[9.686103] (-) TimerEvent: {}
[9.786760] (-) TimerEvent: {}
[9.887256] (-) TimerEvent: {}
[9.987781] (-) TimerEvent: {}
[10.064916] (yahboomcar_ctrl) CommandEnded: {'returncode': 0}
[10.087908] (-) TimerEvent: {}
[10.138352] (yahboomcar_ctrl) JobEnded: {'identifier': 'yahboomcar_ctrl', 'rc': 0}
[10.139889] (yahboomcar_laser) JobStarted: {'identifier': 'yahboomcar_laser'}
[10.188026] (-) TimerEvent: {}
[10.288505] (-) TimerEvent: {}
[10.389521] (-) TimerEvent: {}
[10.490520] (-) TimerEvent: {}
[10.591471] (-) TimerEvent: {}
[10.692234] (-) TimerEvent: {}
[10.792830] (-) TimerEvent: {}
[10.894260] (-) TimerEvent: {}
[10.995210] (-) TimerEvent: {}
[11.003796] (yahboomcar_description) Command: {'cmd': ['/usr/bin/python3', 'setup.py', 'egg_info', '--egg-base', '../../build/yahboomcar_description', 'build', '--build-base', '/root/yahboomcar_ws/build/yahboomcar_description/build', 'install', '--record', '/root/yahboomcar_ws/build/yahboomcar_description/install.log', '--single-version-externally-managed'], 'cwd': '/root/yahboomcar_ws/src/yahboomcar_description', 'env': {'HOSTNAME': 'pi-desktop', 'SHLVL': '1', 'LD_LIBRARY_PATH': '/opt/ros/humble/opt/rviz_ogre_vendor/lib:/opt/ros/humble/lib/aarch64-linux-gnu:/opt/ros/humble/lib', 'HOME': '/root', 'OLDPWD': '/root/yahboomcar_ws/src', 'ROS_PYTHON_VERSION': '3', 'ROS_DISTRO': 'humble', '_': '/usr/bin/colcon', 'ROS_VERSION': '2', 'TERM': 'xterm', 'ROS_LOCALHOST_ONLY': '0', 'QT_X11_NO_MITSHM': '1', 'PATH': '/opt/ros/humble/bin:/usr/local/sbin:/usr/local/bin:/usr/sbin:/usr/bin:/sbin:/bin', 'DISPLAY': ':0', 'LANG': 'C.UTF-8', 'LS_COLORS': 'rs=0:di=01;34:ln=01;36:mh=00:pi=40;33:so=01;35:do=01;35:bd=40;33;01:cd=40;33;01:or=40;31;01:mi=00:su=37;41:sg=30;43:ca=30;41:tw=30;42:ow=34;42:st=37;44:ex=01;32:*.tar=01;31:*.tgz=01;31:*.arc=01;31:*.arj=01;31:*.taz=01;31:*.lha=01;31:*.lz4=01;31:*.lzh=01;31:*.lzma=01;31:*.tlz=01;31:*.txz=01;31:*.tzo=01;31:*.t7z=01;31:*.zip=01;31:*.z=01;31:*.dz=01;31:*.gz=01;31:*.lrz=01;31:*.lz=01;31:*.lzo=01;31:*.xz=01;31:*.zst=01;31:*.tzst=01;31:*.bz2=01;31:*.bz=01;31:*.tbz=01;31:*.tbz2=01;31:*.tz=01;31:*.deb=01;31:*.rpm=01;31:*.jar=01;31:*.war=01;31:*.ear=01;31:*.sar=01;31:*.rar=01;31:*.alz=01;31:*.ace=01;31:*.zoo=01;31:*.cpio=01;31:*.7z=01;31:*.rz=01;31:*.cab=01;31:*.wim=01;31:*.swm=01;31:*.dwm=01;31:*.esd=01;31:*.jpg=01;35:*.jpeg=01;35:*.mjpg=01;35:*.mjpeg=01;35:*.gif=01;35:*.bmp=01;35:*.pbm=01;35:*.pgm=01;35:*.ppm=01;35:*.tga=01;35:*.xbm=01;35:*.xpm=01;35:*.tif=01;35:*.tiff=01;35:*.png=01;35:*.svg=01;35:*.svgz=01;35:*.mng=01;35:*.pcx=01;35:*.mov=01;35:*.mpg=01;35:*.mpeg=01;35:*.m2v=01;35:*.mkv=01;35:*.webm=01;35:*.webp=01;35:*.ogm=01;35:*.mp4=01;35:*.m4v=01;35:*.mp4v=01;35:*.vob=01;35:*.qt=01;35:*.nuv=01;35:*.wmv=01;35:*.asf=01;35:*.rm=01;35:*.rmvb=01;35:*.flc=01;35:*.avi=01;35:*.fli=01;35:*.flv=01;35:*.gl=01;35:*.dl=01;35:*.xcf=01;35:*.xwd=01;35:*.yuv=01;35:*.cgm=01;35:*.emf=01;35:*.ogv=01;35:*.ogx=01;35:*.aac=00;36:*.au=00;36:*.flac=00;36:*.m4a=00;36:*.mid=00;36:*.midi=00;36:*.mka=00;36:*.mp3=00;36:*.mpc=00;36:*.ogg=00;36:*.ra=00;36:*.wav=00;36:*.oga=00;36:*.opus=00;36:*.spx=00;36:*.xspf=00;36:', 'AMENT_PREFIX_PATH': '/opt/ros/humble', 'PWD': '/root/yahboomcar_ws/build/yahboomcar_description', 'LC_ALL': 'C.UTF-8', 'PYTHONPATH': '/root/yahboomcar_ws/build/yahboomcar_description/prefix_override:/root/yahboomcar_ws/install/yahboomcar_description/lib/python3.10/site-packages:/opt/ros/humble/lib/python3.10/site-packages:/opt/ros/humble/local/lib/python3.10/dist-packages', 'COLCON': '1'}, 'shell': False}
[11.095396] (-) TimerEvent: {}
[11.195995] (-) TimerEvent: {}
[11.296519] (-) TimerEvent: {}
[11.397092] (-) TimerEvent: {}
[11.470235] (yahboomcar_description) StdoutLine: {'line': b'running egg_info\n'}
[11.472463] (yahboomcar_description) StdoutLine: {'line': b'creating ../../build/yahboomcar_description/yahboomcar_description.egg-info\n'}
[11.473576] (yahboomcar_description) StdoutLine: {'line': b'writing ../../build/yahboomcar_description/yahboomcar_description.egg-info/PKG-INFO\n'}
[11.475333] (yahboomcar_description) StdoutLine: {'line': b'writing dependency_links to ../../build/yahboomcar_description/yahboomcar_description.egg-info/dependency_links.txt\n'}
[11.476510] (yahboomcar_description) StdoutLine: {'line': b'writing entry points to ../../build/yahboomcar_description/yahboomcar_description.egg-info/entry_points.txt\n'}
[11.477270] (yahboomcar_description) StdoutLine: {'line': b'writing requirements to ../../build/yahboomcar_description/yahboomcar_description.egg-info/requires.txt\n'}
[11.477836] (yahboomcar_description) StdoutLine: {'line': b'writing top-level names to ../../build/yahboomcar_description/yahboomcar_description.egg-info/top_level.txt\n'}
[11.478713] (yahboomcar_description) StdoutLine: {'line': b"writing manifest file '../../build/yahboomcar_description/yahboomcar_description.egg-info/SOURCES.txt'\n"}
[11.483179] (yahboomcar_description) StdoutLine: {'line': b"reading manifest file '../../build/yahboomcar_description/yahboomcar_description.egg-info/SOURCES.txt'\n"}
[11.485248] (yahboomcar_description) StdoutLine: {'line': b"writing manifest file '../../build/yahboomcar_description/yahboomcar_description.egg-info/SOURCES.txt'\n"}
[11.486021] (yahboomcar_description) StdoutLine: {'line': b'running build\n'}
[11.486314] (yahboomcar_description) StdoutLine: {'line': b'running build_py\n'}
[11.487039] (yahboomcar_description) StdoutLine: {'line': b'creating /root/yahboomcar_ws/build/yahboomcar_description/build\n'}
[11.487672] (yahboomcar_description) StdoutLine: {'line': b'creating /root/yahboomcar_ws/build/yahboomcar_description/build/lib\n'}
[11.488042] (yahboomcar_description) StdoutLine: {'line': b'creating /root/yahboomcar_ws/build/yahboomcar_description/build/lib/yahboomcar_description\n'}
[11.488191] (yahboomcar_description) StdoutLine: {'line': b'copying yahboomcar_description/__init__.py -> /root/yahboomcar_ws/build/yahboomcar_description/build/lib/yahboomcar_description\n'}
[11.488689] (yahboomcar_description) StdoutLine: {'line': b'running install\n'}
[11.489065] (yahboomcar_description) StderrLine: {'line': b'/usr/lib/python3/dist-packages/setuptools/command/install.py:34: SetuptoolsDeprecationWarning: setup.py install is deprecated. Use build and pip and other standards-based tools.\n'}
[11.489328] (yahboomcar_description) StderrLine: {'line': b'  warnings.warn(\n'}
[11.489848] (yahboomcar_description) StdoutLine: {'line': b'running install_lib\n'}
[11.492629] (yahboomcar_description) StdoutLine: {'line': b'creating /root/yahboomcar_ws/install/yahboomcar_description/lib/python3.10/site-packages/yahboomcar_description\n'}
[11.493357] (yahboomcar_description) StdoutLine: {'line': b'copying /root/yahboomcar_ws/build/yahboomcar_description/build/lib/yahboomcar_description/__init__.py -> /root/yahboomcar_ws/install/yahboomcar_description/lib/python3.10/site-packages/yahboomcar_description\n'}
[11.495600] (yahboomcar_description) StdoutLine: {'line': b'byte-compiling /root/yahboomcar_ws/install/yahboomcar_description/lib/python3.10/site-packages/yahboomcar_description/__init__.py to __init__.cpython-310.pyc\n'}
[11.496317] (yahboomcar_description) StdoutLine: {'line': b'running install_data\n'}
[11.497234] (-) TimerEvent: {}
[11.498263] (yahboomcar_description) StdoutLine: {'line': b'creating /root/yahboomcar_ws/install/yahboomcar_description/share/ament_index\n'}
[11.498855] (yahboomcar_description) StdoutLine: {'line': b'creating /root/yahboomcar_ws/install/yahboomcar_description/share/ament_index/resource_index\n'}
[11.499149] (yahboomcar_description) StdoutLine: {'line': b'creating /root/yahboomcar_ws/install/yahboomcar_description/share/ament_index/resource_index/packages\n'}
[11.499564] (yahboomcar_description) StdoutLine: {'line': b'copying resource/yahboomcar_description -> /root/yahboomcar_ws/install/yahboomcar_description/share/ament_index/resource_index/packages\n'}
[11.499900] (yahboomcar_description) StdoutLine: {'line': b'copying package.xml -> /root/yahboomcar_ws/install/yahboomcar_description/share/yahboomcar_description\n'}
[11.500230] (yahboomcar_description) StdoutLine: {'line': b'creating /root/yahboomcar_ws/install/yahboomcar_description/share/yahboomcar_description/launch\n'}
[11.500556] (yahboomcar_description) StdoutLine: {'line': b'copying launch/description_multi_robot2.launch.py -> /root/yahboomcar_ws/install/yahboomcar_description/share/yahboomcar_description/launch\n'}
[11.501102] (yahboomcar_description) StdoutLine: {'line': b'copying launch/description_launch.py -> /root/yahboomcar_ws/install/yahboomcar_description/share/yahboomcar_description/launch\n'}
[11.501525] (yahboomcar_description) StdoutLine: {'line': b'copying launch/description_multi_robot1.launch.py -> /root/yahboomcar_ws/install/yahboomcar_description/share/yahboomcar_description/launch\n'}
[11.502018] (yahboomcar_description) StdoutLine: {'line': b'creating /root/yahboomcar_ws/install/yahboomcar_description/share/yahboomcar_description/urdf\n'}
[11.502505] (yahboomcar_description) StdoutLine: {'line': b'copying urdf/MicroROS.urdf -> /root/yahboomcar_ws/install/yahboomcar_description/share/yahboomcar_description/urdf\n'}
[11.502975] (yahboomcar_description) StdoutLine: {'line': b'creating /root/yahboomcar_ws/install/yahboomcar_description/share/yahboomcar_description/meshes\n'}
[11.503427] (yahboomcar_description) StdoutLine: {'line': b'copying meshes/zh_Link.STL -> /root/yahboomcar_ws/install/yahboomcar_description/share/yahboomcar_description/meshes\n'}
[11.505373] (yahboomcar_description) StdoutLine: {'line': b'copying meshes/yq_Link.STL -> /root/yahboomcar_ws/install/yahboomcar_description/share/yahboomcar_description/meshes\n'}
[11.507223] (yahboomcar_description) StdoutLine: {'line': b'copying meshes/yh_Link.STL -> /root/yahboomcar_ws/install/yahboomcar_description/share/yahboomcar_description/meshes\n'}
[11.508973] (yahboomcar_description) StdoutLine: {'line': b'copying meshes/base_link.STL -> /root/yahboomcar_ws/install/yahboomcar_description/share/yahboomcar_description/meshes\n'}
[11.516525] (yahboomcar_description) StdoutLine: {'line': b'copying meshes/jq2_Link.STL -> /root/yahboomcar_ws/install/yahboomcar_description/share/yahboomcar_description/meshes\n'}
[11.518644] (yahboomcar_description) StdoutLine: {'line': b'copying meshes/imu_Link.STL -> /root/yahboomcar_ws/install/yahboomcar_description/share/yahboomcar_description/meshes\n'}
[11.556033] (yahboomcar_description) StdoutLine: {'line': b'copying meshes/jq1_Link.STL -> /root/yahboomcar_ws/install/yahboomcar_description/share/yahboomcar_description/meshes\n'}
[11.558229] (yahboomcar_description) StdoutLine: {'line': b'copying meshes/radar_Link.STL -> /root/yahboomcar_ws/install/yahboomcar_description/share/yahboomcar_description/meshes\n'}
[11.561816] (yahboomcar_description) StdoutLine: {'line': b'copying meshes/zq_Link.STL -> /root/yahboomcar_ws/install/yahboomcar_description/share/yahboomcar_description/meshes\n'}
[11.562861] (yahboomcar_description) StdoutLine: {'line': b'running install_egg_info\n'}
[11.567867] (yahboomcar_description) StdoutLine: {'line': b'Copying ../../build/yahboomcar_description/yahboomcar_description.egg-info to /root/yahboomcar_ws/install/yahboomcar_description/lib/python3.10/site-packages/yahboomcar_description-0.0.0-py3.10.egg-info\n'}
[11.570963] (yahboomcar_description) StdoutLine: {'line': b'running install_scripts\n'}
[11.597418] (-) TimerEvent: {}
[11.640275] (yahboomcar_laser) Command: {'cmd': ['/usr/bin/python3', 'setup.py', 'egg_info', '--egg-base', '../../build/yahboomcar_laser', 'build', '--build-base', '/root/yahboomcar_ws/build/yahboomcar_laser/build', 'install', '--record', '/root/yahboomcar_ws/build/yahboomcar_laser/install.log', '--single-version-externally-managed'], 'cwd': '/root/yahboomcar_ws/src/yahboomcar_laser', 'env': {'HOSTNAME': 'pi-desktop', 'SHLVL': '1', 'LD_LIBRARY_PATH': '/opt/ros/humble/opt/rviz_ogre_vendor/lib:/opt/ros/humble/lib/aarch64-linux-gnu:/opt/ros/humble/lib', 'HOME': '/root', 'OLDPWD': '/root/yahboomcar_ws/src', 'ROS_PYTHON_VERSION': '3', 'ROS_DISTRO': 'humble', '_': '/usr/bin/colcon', 'ROS_VERSION': '2', 'TERM': 'xterm', 'ROS_LOCALHOST_ONLY': '0', 'QT_X11_NO_MITSHM': '1', 'PATH': '/opt/ros/humble/bin:/usr/local/sbin:/usr/local/bin:/usr/sbin:/usr/bin:/sbin:/bin', 'DISPLAY': ':0', 'LANG': 'C.UTF-8', 'LS_COLORS': 'rs=0:di=01;34:ln=01;36:mh=00:pi=40;33:so=01;35:do=01;35:bd=40;33;01:cd=40;33;01:or=40;31;01:mi=00:su=37;41:sg=30;43:ca=30;41:tw=30;42:ow=34;42:st=37;44:ex=01;32:*.tar=01;31:*.tgz=01;31:*.arc=01;31:*.arj=01;31:*.taz=01;31:*.lha=01;31:*.lz4=01;31:*.lzh=01;31:*.lzma=01;31:*.tlz=01;31:*.txz=01;31:*.tzo=01;31:*.t7z=01;31:*.zip=01;31:*.z=01;31:*.dz=01;31:*.gz=01;31:*.lrz=01;31:*.lz=01;31:*.lzo=01;31:*.xz=01;31:*.zst=01;31:*.tzst=01;31:*.bz2=01;31:*.bz=01;31:*.tbz=01;31:*.tbz2=01;31:*.tz=01;31:*.deb=01;31:*.rpm=01;31:*.jar=01;31:*.war=01;31:*.ear=01;31:*.sar=01;31:*.rar=01;31:*.alz=01;31:*.ace=01;31:*.zoo=01;31:*.cpio=01;31:*.7z=01;31:*.rz=01;31:*.cab=01;31:*.wim=01;31:*.swm=01;31:*.dwm=01;31:*.esd=01;31:*.jpg=01;35:*.jpeg=01;35:*.mjpg=01;35:*.mjpeg=01;35:*.gif=01;35:*.bmp=01;35:*.pbm=01;35:*.pgm=01;35:*.ppm=01;35:*.tga=01;35:*.xbm=01;35:*.xpm=01;35:*.tif=01;35:*.tiff=01;35:*.png=01;35:*.svg=01;35:*.svgz=01;35:*.mng=01;35:*.pcx=01;35:*.mov=01;35:*.mpg=01;35:*.mpeg=01;35:*.m2v=01;35:*.mkv=01;35:*.webm=01;35:*.webp=01;35:*.ogm=01;35:*.mp4=01;35:*.m4v=01;35:*.mp4v=01;35:*.vob=01;35:*.qt=01;35:*.nuv=01;35:*.wmv=01;35:*.asf=01;35:*.rm=01;35:*.rmvb=01;35:*.flc=01;35:*.avi=01;35:*.fli=01;35:*.flv=01;35:*.gl=01;35:*.dl=01;35:*.xcf=01;35:*.xwd=01;35:*.yuv=01;35:*.cgm=01;35:*.emf=01;35:*.ogv=01;35:*.ogx=01;35:*.aac=00;36:*.au=00;36:*.flac=00;36:*.m4a=00;36:*.mid=00;36:*.midi=00;36:*.mka=00;36:*.mp3=00;36:*.mpc=00;36:*.ogg=00;36:*.ra=00;36:*.wav=00;36:*.oga=00;36:*.opus=00;36:*.spx=00;36:*.xspf=00;36:', 'AMENT_PREFIX_PATH': '/opt/ros/humble', 'PWD': '/root/yahboomcar_ws/build/yahboomcar_laser', 'LC_ALL': 'C.UTF-8', 'PYTHONPATH': '/root/yahboomcar_ws/build/yahboomcar_laser/prefix_override:/root/yahboomcar_ws/install/yahboomcar_laser/lib/python3.10/site-packages:/opt/ros/humble/lib/python3.10/site-packages:/opt/ros/humble/local/lib/python3.10/dist-packages', 'COLCON': '1'}, 'shell': False}
[11.642559] (yahboomcar_description) StdoutLine: {'line': b"writing list of installed files to '/root/yahboomcar_ws/build/yahboomcar_description/install.log'\n"}
[11.697597] (-) TimerEvent: {}
[11.755898] (yahboomcar_description) CommandEnded: {'returncode': 0}
[11.797796] (-) TimerEvent: {}
[11.852588] (yahboomcar_description) JobEnded: {'identifier': 'yahboomcar_description', 'rc': 0}
[11.855750] (yahboomcar_nav) JobStarted: {'identifier': 'yahboomcar_nav'}
[11.897998] (-) TimerEvent: {}
[11.998980] (-) TimerEvent: {}
[12.099892] (-) TimerEvent: {}
[12.173732] (yahboomcar_laser) StdoutLine: {'line': b'running egg_info\n'}
[12.175386] (yahboomcar_laser) StdoutLine: {'line': b'creating ../../build/yahboomcar_laser/yahboomcar_laser.egg-info\n'}
[12.175935] (yahboomcar_laser) StdoutLine: {'line': b'writing ../../build/yahboomcar_laser/yahboomcar_laser.egg-info/PKG-INFO\n'}
[12.176824] (yahboomcar_laser) StdoutLine: {'line': b'writing dependency_links to ../../build/yahboomcar_laser/yahboomcar_laser.egg-info/dependency_links.txt\n'}
[12.177214] (yahboomcar_laser) StdoutLine: {'line': b'writing entry points to ../../build/yahboomcar_laser/yahboomcar_laser.egg-info/entry_points.txt\n'}
[12.177540] (yahboomcar_laser) StdoutLine: {'line': b'writing requirements to ../../build/yahboomcar_laser/yahboomcar_laser.egg-info/requires.txt\n'}
[12.177808] (yahboomcar_laser) StdoutLine: {'line': b'writing top-level names to ../../build/yahboomcar_laser/yahboomcar_laser.egg-info/top_level.txt\n'}
[12.178319] (yahboomcar_laser) StdoutLine: {'line': b"writing manifest file '../../build/yahboomcar_laser/yahboomcar_laser.egg-info/SOURCES.txt'\n"}
[12.183109] (yahboomcar_laser) StdoutLine: {'line': b"reading manifest file '../../build/yahboomcar_laser/yahboomcar_laser.egg-info/SOURCES.txt'\n"}
[12.184956] (yahboomcar_laser) StdoutLine: {'line': b"writing manifest file '../../build/yahboomcar_laser/yahboomcar_laser.egg-info/SOURCES.txt'\n"}
[12.185494] (yahboomcar_laser) StdoutLine: {'line': b'running build\n'}
[12.185713] (yahboomcar_laser) StdoutLine: {'line': b'running build_py\n'}
[12.186020] (yahboomcar_laser) StdoutLine: {'line': b'creating /root/yahboomcar_ws/build/yahboomcar_laser/build\n'}
[12.186340] (yahboomcar_laser) StdoutLine: {'line': b'creating /root/yahboomcar_ws/build/yahboomcar_laser/build/lib\n'}
[12.186599] (yahboomcar_laser) StdoutLine: {'line': b'creating /root/yahboomcar_ws/build/yahboomcar_laser/build/lib/yahboomcar_laser\n'}
[12.186879] (yahboomcar_laser) StdoutLine: {'line': b'copying yahboomcar_laser/laser_Avoidance_a1_X3.py -> /root/yahboomcar_ws/build/yahboomcar_laser/build/lib/yahboomcar_laser\n'}
[12.187157] (yahboomcar_laser) StdoutLine: {'line': b'copying yahboomcar_laser/common.py -> /root/yahboomcar_ws/build/yahboomcar_laser/build/lib/yahboomcar_laser\n'}
[12.187561] (yahboomcar_laser) StdoutLine: {'line': b'copying yahboomcar_laser/laser_Avoidance_4ROS.py -> /root/yahboomcar_ws/build/yahboomcar_laser/build/lib/yahboomcar_laser\n'}
[12.187990] (yahboomcar_laser) StdoutLine: {'line': b'copying yahboomcar_laser/laser_Warning.py -> /root/yahboomcar_ws/build/yahboomcar_laser/build/lib/yahboomcar_laser\n'}
[12.188367] (yahboomcar_laser) StdoutLine: {'line': b'copying yahboomcar_laser/laser_Avoidance.py -> /root/yahboomcar_ws/build/yahboomcar_laser/build/lib/yahboomcar_laser\n'}
[12.188777] (yahboomcar_laser) StdoutLine: {'line': b'copying yahboomcar_laser/laser_Tracker.py -> /root/yahboomcar_ws/build/yahboomcar_laser/build/lib/yahboomcar_laser\n'}
[12.189166] (yahboomcar_laser) StdoutLine: {'line': b'copying yahboomcar_laser/laser_Tracker_a1_R2.py -> /root/yahboomcar_ws/build/yahboomcar_laser/build/lib/yahboomcar_laser\n'}
[12.189550] (yahboomcar_laser) StdoutLine: {'line': b'copying yahboomcar_laser/laser_Warning_a1_X3.py -> /root/yahboomcar_ws/build/yahboomcar_laser/build/lib/yahboomcar_laser\n'}
[12.189944] (yahboomcar_laser) StdoutLine: {'line': b'copying yahboomcar_laser/__init__.py -> /root/yahboomcar_ws/build/yahboomcar_laser/build/lib/yahboomcar_laser\n'}
[12.190235] (yahboomcar_laser) StdoutLine: {'line': b'copying yahboomcar_laser/laser_Tracker_4ROS_R2.py -> /root/yahboomcar_ws/build/yahboomcar_laser/build/lib/yahboomcar_laser\n'}
[12.190612] (yahboomcar_laser) StdoutLine: {'line': b'copying yahboomcar_laser/laser_Avoidance_4ROS_R2.py -> /root/yahboomcar_ws/build/yahboomcar_laser/build/lib/yahboomcar_laser\n'}
[12.190958] (yahboomcar_laser) StdoutLine: {'line': b'copying yahboomcar_laser/laser_Avoidance_a1_R2-Copy1.py -> /root/yahboomcar_ws/build/yahboomcar_laser/build/lib/yahboomcar_laser\n'}
[12.191301] (yahboomcar_laser) StdoutLine: {'line': b'copying yahboomcar_laser/laser_Tracker_a1_X3.py -> /root/yahboomcar_ws/build/yahboomcar_laser/build/lib/yahboomcar_laser\n'}
[12.192180] (yahboomcar_laser) StdoutLine: {'line': b'running install\n'}
[12.192582] (yahboomcar_laser) StderrLine: {'line': b'/usr/lib/python3/dist-packages/setuptools/command/install.py:34: SetuptoolsDeprecationWarning: setup.py install is deprecated. Use build and pip and other standards-based tools.\n'}
[12.192837] (yahboomcar_laser) StderrLine: {'line': b'  warnings.warn(\n'}
[12.193302] (yahboomcar_laser) StdoutLine: {'line': b'running install_lib\n'}
[12.195694] (yahboomcar_laser) StdoutLine: {'line': b'creating /root/yahboomcar_ws/install/yahboomcar_laser/lib/python3.10/site-packages/yahboomcar_laser\n'}
[12.196191] (yahboomcar_laser) StdoutLine: {'line': b'copying /root/yahboomcar_ws/build/yahboomcar_laser/build/lib/yahboomcar_laser/laser_Avoidance_a1_X3.py -> /root/yahboomcar_ws/install/yahboomcar_laser/lib/python3.10/site-packages/yahboomcar_laser\n'}
[12.196471] (yahboomcar_laser) StdoutLine: {'line': b'copying /root/yahboomcar_ws/build/yahboomcar_laser/build/lib/yahboomcar_laser/common.py -> /root/yahboomcar_ws/install/yahboomcar_laser/lib/python3.10/site-packages/yahboomcar_laser\n'}
[12.196763] (yahboomcar_laser) StdoutLine: {'line': b'copying /root/yahboomcar_ws/build/yahboomcar_laser/build/lib/yahboomcar_laser/laser_Avoidance_4ROS.py -> /root/yahboomcar_ws/install/yahboomcar_laser/lib/python3.10/site-packages/yahboomcar_laser\n'}
[12.197051] (yahboomcar_laser) StdoutLine: {'line': b'copying /root/yahboomcar_ws/build/yahboomcar_laser/build/lib/yahboomcar_laser/laser_Warning.py -> /root/yahboomcar_ws/install/yahboomcar_laser/lib/python3.10/site-packages/yahboomcar_laser\n'}
[12.197322] (yahboomcar_laser) StdoutLine: {'line': b'copying /root/yahboomcar_ws/build/yahboomcar_laser/build/lib/yahboomcar_laser/laser_Avoidance.py -> /root/yahboomcar_ws/install/yahboomcar_laser/lib/python3.10/site-packages/yahboomcar_laser\n'}
[12.197590] (yahboomcar_laser) StdoutLine: {'line': b'copying /root/yahboomcar_ws/build/yahboomcar_laser/build/lib/yahboomcar_laser/laser_Tracker.py -> /root/yahboomcar_ws/install/yahboomcar_laser/lib/python3.10/site-packages/yahboomcar_laser\n'}
[12.197854] (yahboomcar_laser) StdoutLine: {'line': b'copying /root/yahboomcar_ws/build/yahboomcar_laser/build/lib/yahboomcar_laser/laser_Tracker_a1_R2.py -> /root/yahboomcar_ws/install/yahboomcar_laser/lib/python3.10/site-packages/yahboomcar_laser\n'}
[12.198138] (yahboomcar_laser) StdoutLine: {'line': b'copying /root/yahboomcar_ws/build/yahboomcar_laser/build/lib/yahboomcar_laser/laser_Warning_a1_X3.py -> /root/yahboomcar_ws/install/yahboomcar_laser/lib/python3.10/site-packages/yahboomcar_laser\n'}
[12.198407] (yahboomcar_laser) StdoutLine: {'line': b'copying /root/yahboomcar_ws/build/yahboomcar_laser/build/lib/yahboomcar_laser/__init__.py -> /root/yahboomcar_ws/install/yahboomcar_laser/lib/python3.10/site-packages/yahboomcar_laser\n'}
[12.198722] (yahboomcar_laser) StdoutLine: {'line': b'copying /root/yahboomcar_ws/build/yahboomcar_laser/build/lib/yahboomcar_laser/laser_Tracker_4ROS_R2.py -> /root/yahboomcar_ws/install/yahboomcar_laser/lib/python3.10/site-packages/yahboomcar_laser\n'}
[12.199026] (yahboomcar_laser) StdoutLine: {'line': b'copying /root/yahboomcar_ws/build/yahboomcar_laser/build/lib/yahboomcar_laser/laser_Avoidance_4ROS_R2.py -> /root/yahboomcar_ws/install/yahboomcar_laser/lib/python3.10/site-packages/yahboomcar_laser\n'}
[12.199304] (yahboomcar_laser) StdoutLine: {'line': b'copying /root/yahboomcar_ws/build/yahboomcar_laser/build/lib/yahboomcar_laser/laser_Avoidance_a1_R2-Copy1.py -> /root/yahboomcar_ws/install/yahboomcar_laser/lib/python3.10/site-packages/yahboomcar_laser\n'}
[12.199623] (yahboomcar_laser) StdoutLine: {'line': b'copying /root/yahboomcar_ws/build/yahboomcar_laser/build/lib/yahboomcar_laser/laser_Tracker_a1_X3.py -> /root/yahboomcar_ws/install/yahboomcar_laser/lib/python3.10/site-packages/yahboomcar_laser\n'}
[12.199974] (-) TimerEvent: {}
[12.201090] (yahboomcar_laser) StdoutLine: {'line': b'byte-compiling /root/yahboomcar_ws/install/yahboomcar_laser/lib/python3.10/site-packages/yahboomcar_laser/laser_Avoidance_a1_X3.py to laser_Avoidance_a1_X3.cpython-310.pyc\n'}
[12.203331] (yahboomcar_laser) StdoutLine: {'line': b'byte-compiling /root/yahboomcar_ws/install/yahboomcar_laser/lib/python3.10/site-packages/yahboomcar_laser/common.py to common.cpython-310.pyc\n'}
[12.204372] (yahboomcar_laser) StdoutLine: {'line': b'byte-compiling /root/yahboomcar_ws/install/yahboomcar_laser/lib/python3.10/site-packages/yahboomcar_laser/laser_Avoidance_4ROS.py to laser_Avoidance_4ROS.cpython-310.pyc\n'}
[12.206874] (yahboomcar_laser) StdoutLine: {'line': b'byte-compiling /root/yahboomcar_ws/install/yahboomcar_laser/lib/python3.10/site-packages/yahboomcar_laser/laser_Warning.py to laser_Warning.cpython-310.pyc\n'}
[12.209157] (yahboomcar_laser) StdoutLine: {'line': b'byte-compiling /root/yahboomcar_ws/install/yahboomcar_laser/lib/python3.10/site-packages/yahboomcar_laser/laser_Avoidance.py to laser_Avoidance.cpython-310.pyc\n'}
[12.212174] (yahboomcar_laser) StdoutLine: {'line': b'byte-compiling /root/yahboomcar_ws/install/yahboomcar_laser/lib/python3.10/site-packages/yahboomcar_laser/laser_Tracker.py to laser_Tracker.cpython-310.pyc\n'}
[12.214178] (yahboomcar_laser) StdoutLine: {'line': b'byte-compiling /root/yahboomcar_ws/install/yahboomcar_laser/lib/python3.10/site-packages/yahboomcar_laser/laser_Tracker_a1_R2.py to laser_Tracker_a1_R2.cpython-310.pyc\n'}
[12.216590] (yahboomcar_laser) StdoutLine: {'line': b'byte-compiling /root/yahboomcar_ws/install/yahboomcar_laser/lib/python3.10/site-packages/yahboomcar_laser/laser_Warning_a1_X3.py to laser_Warning_a1_X3.cpython-310.pyc\n'}
[12.218644] (yahboomcar_laser) StdoutLine: {'line': b'byte-compiling /root/yahboomcar_ws/install/yahboomcar_laser/lib/python3.10/site-packages/yahboomcar_laser/__init__.py to __init__.cpython-310.pyc\n'}
[12.219211] (yahboomcar_laser) StdoutLine: {'line': b'byte-compiling /root/yahboomcar_ws/install/yahboomcar_laser/lib/python3.10/site-packages/yahboomcar_laser/laser_Tracker_4ROS_R2.py to laser_Tracker_4ROS_R2.cpython-310.pyc\n'}
[12.221408] (yahboomcar_laser) StdoutLine: {'line': b'byte-compiling /root/yahboomcar_ws/install/yahboomcar_laser/lib/python3.10/site-packages/yahboomcar_laser/laser_Avoidance_4ROS_R2.py to laser_Avoidance_4ROS_R2.cpython-310.pyc\n'}
[12.224000] (yahboomcar_laser) StdoutLine: {'line': b'byte-compiling /root/yahboomcar_ws/install/yahboomcar_laser/lib/python3.10/site-packages/yahboomcar_laser/laser_Avoidance_a1_R2-Copy1.py to laser_Avoidance_a1_R2-Copy1.cpython-310.pyc\n'}
[12.226314] (yahboomcar_laser) StdoutLine: {'line': b'byte-compiling /root/yahboomcar_ws/install/yahboomcar_laser/lib/python3.10/site-packages/yahboomcar_laser/laser_Tracker_a1_X3.py to laser_Tracker_a1_X3.cpython-310.pyc\n'}
[12.229572] (yahboomcar_laser) StdoutLine: {'line': b'running install_data\n'}
[12.231367] (yahboomcar_laser) StdoutLine: {'line': b'creating /root/yahboomcar_ws/install/yahboomcar_laser/share/ament_index\n'}
[12.231826] (yahboomcar_laser) StdoutLine: {'line': b'creating /root/yahboomcar_ws/install/yahboomcar_laser/share/ament_index/resource_index\n'}
[12.232116] (yahboomcar_laser) StdoutLine: {'line': b'creating /root/yahboomcar_ws/install/yahboomcar_laser/share/ament_index/resource_index/packages\n'}
[12.232256] (yahboomcar_laser) StdoutLine: {'line': b'copying resource/yahboomcar_laser -> /root/yahboomcar_ws/install/yahboomcar_laser/share/ament_index/resource_index/packages\n'}
[12.232589] (yahboomcar_laser) StdoutLine: {'line': b'copying package.xml -> /root/yahboomcar_ws/install/yahboomcar_laser/share/yahboomcar_laser\n'}
[12.232915] (yahboomcar_laser) StdoutLine: {'line': b'running install_egg_info\n'}
[12.237972] (yahboomcar_laser) StdoutLine: {'line': b'Copying ../../build/yahboomcar_laser/yahboomcar_laser.egg-info to /root/yahboomcar_ws/install/yahboomcar_laser/lib/python3.10/site-packages/yahboomcar_laser-0.0.0-py3.10.egg-info\n'}
[12.240591] (yahboomcar_laser) StdoutLine: {'line': b'running install_scripts\n'}
[12.288065] (yahboomcar_laser) StdoutLine: {'line': b'Installing laser_Avoidance script to /root/yahboomcar_ws/install/yahboomcar_laser/lib/yahboomcar_laser\n'}
[12.288595] (yahboomcar_laser) StdoutLine: {'line': b'Installing laser_Tracker script to /root/yahboomcar_ws/install/yahboomcar_laser/lib/yahboomcar_laser\n'}
[12.288918] (yahboomcar_laser) StdoutLine: {'line': b'Installing laser_Warning script to /root/yahboomcar_ws/install/yahboomcar_laser/lib/yahboomcar_laser\n'}
[12.289949] (yahboomcar_laser) StdoutLine: {'line': b"writing list of installed files to '/root/yahboomcar_ws/build/yahboomcar_laser/install.log'\n"}
[12.300155] (-) TimerEvent: {}
[12.401012] (-) TimerEvent: {}
[12.501538] (-) TimerEvent: {}
[12.602099] (-) TimerEvent: {}
[12.670971] (yahboomcar_laser) CommandEnded: {'returncode': 0}
[12.702309] (-) TimerEvent: {}
[12.749057] (yahboomcar_laser) JobEnded: {'identifier': 'yahboomcar_laser', 'rc': 0}
[12.802481] (-) TimerEvent: {}
[12.903249] (-) TimerEvent: {}
[13.004508] (-) TimerEvent: {}
[13.105141] (-) TimerEvent: {}
[13.205695] (-) TimerEvent: {}
[13.306281] (-) TimerEvent: {}
[13.405440] (yahboomcar_nav) Command: {'cmd': ['/usr/bin/python3', 'setup.py', 'egg_info', '--egg-base', '../../build/yahboomcar_nav', 'build', '--build-base', '/root/yahboomcar_ws/build/yahboomcar_nav/build', 'install', '--record', '/root/yahboomcar_ws/build/yahboomcar_nav/install.log', '--single-version-externally-managed'], 'cwd': '/root/yahboomcar_ws/src/yahboomcar_nav', 'env': {'HOSTNAME': 'pi-desktop', 'SHLVL': '1', 'LD_LIBRARY_PATH': '/opt/ros/humble/opt/rviz_ogre_vendor/lib:/opt/ros/humble/lib/aarch64-linux-gnu:/opt/ros/humble/lib', 'HOME': '/root', 'OLDPWD': '/root/yahboomcar_ws/src', 'ROS_PYTHON_VERSION': '3', 'ROS_DISTRO': 'humble', '_': '/usr/bin/colcon', 'ROS_VERSION': '2', 'TERM': 'xterm', 'ROS_LOCALHOST_ONLY': '0', 'QT_X11_NO_MITSHM': '1', 'PATH': '/opt/ros/humble/bin:/usr/local/sbin:/usr/local/bin:/usr/sbin:/usr/bin:/sbin:/bin', 'DISPLAY': ':0', 'LANG': 'C.UTF-8', 'LS_COLORS': 'rs=0:di=01;34:ln=01;36:mh=00:pi=40;33:so=01;35:do=01;35:bd=40;33;01:cd=40;33;01:or=40;31;01:mi=00:su=37;41:sg=30;43:ca=30;41:tw=30;42:ow=34;42:st=37;44:ex=01;32:*.tar=01;31:*.tgz=01;31:*.arc=01;31:*.arj=01;31:*.taz=01;31:*.lha=01;31:*.lz4=01;31:*.lzh=01;31:*.lzma=01;31:*.tlz=01;31:*.txz=01;31:*.tzo=01;31:*.t7z=01;31:*.zip=01;31:*.z=01;31:*.dz=01;31:*.gz=01;31:*.lrz=01;31:*.lz=01;31:*.lzo=01;31:*.xz=01;31:*.zst=01;31:*.tzst=01;31:*.bz2=01;31:*.bz=01;31:*.tbz=01;31:*.tbz2=01;31:*.tz=01;31:*.deb=01;31:*.rpm=01;31:*.jar=01;31:*.war=01;31:*.ear=01;31:*.sar=01;31:*.rar=01;31:*.alz=01;31:*.ace=01;31:*.zoo=01;31:*.cpio=01;31:*.7z=01;31:*.rz=01;31:*.cab=01;31:*.wim=01;31:*.swm=01;31:*.dwm=01;31:*.esd=01;31:*.jpg=01;35:*.jpeg=01;35:*.mjpg=01;35:*.mjpeg=01;35:*.gif=01;35:*.bmp=01;35:*.pbm=01;35:*.pgm=01;35:*.ppm=01;35:*.tga=01;35:*.xbm=01;35:*.xpm=01;35:*.tif=01;35:*.tiff=01;35:*.png=01;35:*.svg=01;35:*.svgz=01;35:*.mng=01;35:*.pcx=01;35:*.mov=01;35:*.mpg=01;35:*.mpeg=01;35:*.m2v=01;35:*.mkv=01;35:*.webm=01;35:*.webp=01;35:*.ogm=01;35:*.mp4=01;35:*.m4v=01;35:*.mp4v=01;35:*.vob=01;35:*.qt=01;35:*.nuv=01;35:*.wmv=01;35:*.asf=01;35:*.rm=01;35:*.rmvb=01;35:*.flc=01;35:*.avi=01;35:*.fli=01;35:*.flv=01;35:*.gl=01;35:*.dl=01;35:*.xcf=01;35:*.xwd=01;35:*.yuv=01;35:*.cgm=01;35:*.emf=01;35:*.ogv=01;35:*.ogx=01;35:*.aac=00;36:*.au=00;36:*.flac=00;36:*.m4a=00;36:*.mid=00;36:*.midi=00;36:*.mka=00;36:*.mp3=00;36:*.mpc=00;36:*.ogg=00;36:*.ra=00;36:*.wav=00;36:*.oga=00;36:*.opus=00;36:*.spx=00;36:*.xspf=00;36:', 'AMENT_PREFIX_PATH': '/opt/ros/humble', 'PWD': '/root/yahboomcar_ws/build/yahboomcar_nav', 'LC_ALL': 'C.UTF-8', 'PYTHONPATH': '/root/yahboomcar_ws/build/yahboomcar_nav/prefix_override:/root/yahboomcar_ws/install/yahboomcar_nav/lib/python3.10/site-packages:/opt/ros/humble/lib/python3.10/site-packages:/opt/ros/humble/local/lib/python3.10/dist-packages', 'COLCON': '1'}, 'shell': False}
[13.406738] (-) TimerEvent: {}
[13.508097] (-) TimerEvent: {}
[13.609692] (-) TimerEvent: {}
[13.711046] (-) TimerEvent: {}
[13.811580] (-) TimerEvent: {}
[13.817198] (yahboomcar_nav) StdoutLine: {'line': b'running egg_info\n'}
[13.818542] (yahboomcar_nav) StdoutLine: {'line': b'creating ../../build/yahboomcar_nav/yahboomcar_nav.egg-info\n'}
[13.818999] (yahboomcar_nav) StdoutLine: {'line': b'writing ../../build/yahboomcar_nav/yahboomcar_nav.egg-info/PKG-INFO\n'}
[13.819677] (yahboomcar_nav) StdoutLine: {'line': b'writing dependency_links to ../../build/yahboomcar_nav/yahboomcar_nav.egg-info/dependency_links.txt\n'}
[13.819978] (yahboomcar_nav) StdoutLine: {'line': b'writing entry points to ../../build/yahboomcar_nav/yahboomcar_nav.egg-info/entry_points.txt\n'}
[13.820232] (yahboomcar_nav) StdoutLine: {'line': b'writing requirements to ../../build/yahboomcar_nav/yahboomcar_nav.egg-info/requires.txt\n'}
[13.820473] (yahboomcar_nav) StdoutLine: {'line': b'writing top-level names to ../../build/yahboomcar_nav/yahboomcar_nav.egg-info/top_level.txt\n'}
[13.820841] (yahboomcar_nav) StdoutLine: {'line': b"writing manifest file '../../build/yahboomcar_nav/yahboomcar_nav.egg-info/SOURCES.txt'\n"}
[13.824846] (yahboomcar_nav) StdoutLine: {'line': b"reading manifest file '../../build/yahboomcar_nav/yahboomcar_nav.egg-info/SOURCES.txt'\n"}
[13.826408] (yahboomcar_nav) StdoutLine: {'line': b"writing manifest file '../../build/yahboomcar_nav/yahboomcar_nav.egg-info/SOURCES.txt'\n"}
[13.826787] (yahboomcar_nav) StdoutLine: {'line': b'running build\n'}
[13.826925] (yahboomcar_nav) StdoutLine: {'line': b'running build_py\n'}
[13.827144] (yahboomcar_nav) StdoutLine: {'line': b'creating /root/yahboomcar_ws/build/yahboomcar_nav/build\n'}
[13.827436] (yahboomcar_nav) StdoutLine: {'line': b'creating /root/yahboomcar_ws/build/yahboomcar_nav/build/lib\n'}
[13.827713] (yahboomcar_nav) StdoutLine: {'line': b'creating /root/yahboomcar_ws/build/yahboomcar_nav/build/lib/yahboomcar_nav\n'}
[13.827866] (yahboomcar_nav) StdoutLine: {'line': b'copying yahboomcar_nav/cartographer_launch.py -> /root/yahboomcar_ws/build/yahboomcar_nav/build/lib/yahboomcar_nav\n'}
[13.828047] (yahboomcar_nav) StdoutLine: {'line': b'copying yahboomcar_nav/map_cartographer_launch.py -> /root/yahboomcar_ws/build/yahboomcar_nav/build/lib/yahboomcar_nav\n'}
[13.828343] (yahboomcar_nav) StdoutLine: {'line': b'copying yahboomcar_nav/__init__.py -> /root/yahboomcar_ws/build/yahboomcar_nav/build/lib/yahboomcar_nav\n'}
[13.828575] (yahboomcar_nav) StdoutLine: {'line': b'copying yahboomcar_nav/scan_reverse.py -> /root/yahboomcar_ws/build/yahboomcar_nav/build/lib/yahboomcar_nav\n'}
[13.829137] (yahboomcar_nav) StdoutLine: {'line': b'running install\n'}
[13.829437] (yahboomcar_nav) StderrLine: {'line': b'/usr/lib/python3/dist-packages/setuptools/command/install.py:34: SetuptoolsDeprecationWarning: setup.py install is deprecated. Use build and pip and other standards-based tools.\n'}
[13.829664] (yahboomcar_nav) StderrLine: {'line': b'  warnings.warn(\n'}
[13.830138] (yahboomcar_nav) StdoutLine: {'line': b'running install_lib\n'}
[13.832124] (yahboomcar_nav) StdoutLine: {'line': b'creating /root/yahboomcar_ws/install/yahboomcar_nav/lib/python3.10/site-packages/yahboomcar_nav\n'}
[13.832503] (yahboomcar_nav) StdoutLine: {'line': b'copying /root/yahboomcar_ws/build/yahboomcar_nav/build/lib/yahboomcar_nav/cartographer_launch.py -> /root/yahboomcar_ws/install/yahboomcar_nav/lib/python3.10/site-packages/yahboomcar_nav\n'}
[13.832748] (yahboomcar_nav) StdoutLine: {'line': b'copying /root/yahboomcar_ws/build/yahboomcar_nav/build/lib/yahboomcar_nav/map_cartographer_launch.py -> /root/yahboomcar_ws/install/yahboomcar_nav/lib/python3.10/site-packages/yahboomcar_nav\n'}
[13.832970] (yahboomcar_nav) StdoutLine: {'line': b'copying /root/yahboomcar_ws/build/yahboomcar_nav/build/lib/yahboomcar_nav/__init__.py -> /root/yahboomcar_ws/install/yahboomcar_nav/lib/python3.10/site-packages/yahboomcar_nav\n'}
[13.833183] (yahboomcar_nav) StdoutLine: {'line': b'copying /root/yahboomcar_ws/build/yahboomcar_nav/build/lib/yahboomcar_nav/scan_reverse.py -> /root/yahboomcar_ws/install/yahboomcar_nav/lib/python3.10/site-packages/yahboomcar_nav\n'}
[13.834325] (yahboomcar_nav) StdoutLine: {'line': b'byte-compiling /root/yahboomcar_ws/install/yahboomcar_nav/lib/python3.10/site-packages/yahboomcar_nav/cartographer_launch.py to cartographer_launch.cpython-310.pyc\n'}
[13.835518] (yahboomcar_nav) StdoutLine: {'line': b'byte-compiling /root/yahboomcar_ws/install/yahboomcar_nav/lib/python3.10/site-packages/yahboomcar_nav/map_cartographer_launch.py to map_cartographer_launch.cpython-310.pyc\n'}
[13.836234] (yahboomcar_nav) StdoutLine: {'line': b'byte-compiling /root/yahboomcar_ws/install/yahboomcar_nav/lib/python3.10/site-packages/yahboomcar_nav/__init__.py to __init__.cpython-310.pyc\n'}
[13.836647] (yahboomcar_nav) StdoutLine: {'line': b'byte-compiling /root/yahboomcar_ws/install/yahboomcar_nav/lib/python3.10/site-packages/yahboomcar_nav/scan_reverse.py to scan_reverse.cpython-310.pyc\n'}
[13.837689] (yahboomcar_nav) StdoutLine: {'line': b'running install_data\n'}
[13.843608] (yahboomcar_nav) StdoutLine: {'line': b'creating /root/yahboomcar_ws/install/yahboomcar_nav/share/ament_index\n'}
[13.844039] (yahboomcar_nav) StdoutLine: {'line': b'creating /root/yahboomcar_ws/install/yahboomcar_nav/share/ament_index/resource_index\n'}
[13.844273] (yahboomcar_nav) StdoutLine: {'line': b'creating /root/yahboomcar_ws/install/yahboomcar_nav/share/ament_index/resource_index/packages\n'}
[13.844450] (yahboomcar_nav) StdoutLine: {'line': b'copying resource/yahboomcar_nav -> /root/yahboomcar_ws/install/yahboomcar_nav/share/ament_index/resource_index/packages\n'}
[13.844628] (yahboomcar_nav) StdoutLine: {'line': b'copying package.xml -> /root/yahboomcar_ws/install/yahboomcar_nav/share/yahboomcar_nav\n'}
[13.844821] (yahboomcar_nav) StdoutLine: {'line': b'creating /root/yahboomcar_ws/install/yahboomcar_nav/share/yahboomcar_nav/launch\n'}
[13.845107] (yahboomcar_nav) StdoutLine: {'line': b'copying launch/cartographer_launch.py -> /root/yahboomcar_ws/install/yahboomcar_nav/share/yahboomcar_nav/launch\n'}
[13.845348] (yahboomcar_nav) StdoutLine: {'line': b'copying launch/map_cartographer_launch.py -> /root/yahboomcar_ws/install/yahboomcar_nav/share/yahboomcar_nav/launch\n'}
[13.845603] (yahboomcar_nav) StdoutLine: {'line': b'copying launch/save_map_launch.py -> /root/yahboomcar_ws/install/yahboomcar_nav/share/yahboomcar_nav/launch\n'}
[13.845741] (yahboomcar_nav) StdoutLine: {'line': b'copying launch/map_gmapping_app_launch.xml -> /root/yahboomcar_ws/install/yahboomcar_nav/share/yahboomcar_nav/launch\n'}
[13.845955] (yahboomcar_nav) StdoutLine: {'line': b'copying launch/navigation_dwb_app_launch.xml -> /root/yahboomcar_ws/install/yahboomcar_nav/share/yahboomcar_nav/launch\n'}
[13.846162] (yahboomcar_nav) StdoutLine: {'line': b'copying launch/map_gmapping_launch.py -> /root/yahboomcar_ws/install/yahboomcar_nav/share/yahboomcar_nav/launch\n'}
[13.846396] (yahboomcar_nav) StdoutLine: {'line': b'copying launch/navigation_dwb_launch.py -> /root/yahboomcar_ws/install/yahboomcar_nav/share/yahboomcar_nav/launch\n'}
[13.846592] (yahboomcar_nav) StdoutLine: {'line': b'copying launch/map_cartographer_app_launch.xml -> /root/yahboomcar_ws/install/yahboomcar_nav/share/yahboomcar_nav/launch\n'}
[13.846731] (yahboomcar_nav) StdoutLine: {'line': b'copying launch/occupancy_grid_launch.py -> /root/yahboomcar_ws/install/yahboomcar_nav/share/yahboomcar_nav/launch\n'}
[13.846870] (yahboomcar_nav) StdoutLine: {'line': b'creating /root/yahboomcar_ws/install/yahboomcar_nav/share/yahboomcar_nav/params\n'}
[13.846994] (yahboomcar_nav) StdoutLine: {'line': b'copying params/teb_nav_params.yaml -> /root/yahboomcar_ws/install/yahboomcar_nav/share/yahboomcar_nav/params\n'}
[13.847226] (yahboomcar_nav) StdoutLine: {'line': b'copying params/dwb_nav_params.yaml -> /root/yahboomcar_ws/install/yahboomcar_nav/share/yahboomcar_nav/params\n'}
[13.847440] (yahboomcar_nav) StdoutLine: {'line': b'copying params/lds_2d.lua -> /root/yahboomcar_ws/install/yahboomcar_nav/share/yahboomcar_nav/params\n'}
[13.847604] (yahboomcar_nav) StdoutLine: {'line': b'creating /root/yahboomcar_ws/install/yahboomcar_nav/share/yahboomcar_nav/maps\n'}
[13.847807] (yahboomcar_nav) StdoutLine: {'line': b'copying maps/Sss.yaml -> /root/yahboomcar_ws/install/yahboomcar_nav/share/yahboomcar_nav/maps\n'}
[13.848002] (yahboomcar_nav) StdoutLine: {'line': b'copying maps/aa.pgm -> /root/yahboomcar_ws/install/yahboomcar_nav/share/yahboomcar_nav/maps\n'}
[13.848137] (yahboomcar_nav) StdoutLine: {'line': b'copying maps/yahboomcar.yaml -> /root/yahboomcar_ws/install/yahboomcar_nav/share/yahboomcar_nav/maps\n'}
[13.848349] (yahboomcar_nav) StdoutLine: {'line': b'copying maps/yahboom_map.pgm -> /root/yahboomcar_ws/install/yahboomcar_nav/share/yahboomcar_nav/maps\n'}
[13.848562] (yahboomcar_nav) StdoutLine: {'line': b'copying maps/Sss.pgm -> /root/yahboomcar_ws/install/yahboomcar_nav/share/yahboomcar_nav/maps\n'}
[13.848750] (yahboomcar_nav) StdoutLine: {'line': b'copying maps/yahboomcar.pgm -> /root/yahboomcar_ws/install/yahboomcar_nav/share/yahboomcar_nav/maps\n'}
[13.848855] (yahboomcar_nav) StdoutLine: {'line': b'copying maps/yahboom_map.yaml -> /root/yahboomcar_ws/install/yahboomcar_nav/share/yahboomcar_nav/maps\n'}
[13.848955] (yahboomcar_nav) StdoutLine: {'line': b'copying maps/aa.yaml -> /root/yahboomcar_ws/install/yahboomcar_nav/share/yahboomcar_nav/maps\n'}
[13.849067] (yahboomcar_nav) StdoutLine: {'line': b'running install_egg_info\n'}
[13.853350] (yahboomcar_nav) StdoutLine: {'line': b'Copying ../../build/yahboomcar_nav/yahboomcar_nav.egg-info to /root/yahboomcar_ws/install/yahboomcar_nav/lib/python3.10/site-packages/yahboomcar_nav-0.0.0-py3.10.egg-info\n'}
[13.855211] (yahboomcar_nav) StdoutLine: {'line': b'running install_scripts\n'}
[13.894514] (yahboomcar_nav) StdoutLine: {'line': b'Installing scan_reverse script to /root/yahboomcar_ws/install/yahboomcar_nav/lib/yahboomcar_nav\n'}
[13.895368] (yahboomcar_nav) StdoutLine: {'line': b"writing list of installed files to '/root/yahboomcar_ws/build/yahboomcar_nav/install.log'\n"}
[13.911649] (-) TimerEvent: {}
[13.991776] (yahboomcar_nav) CommandEnded: {'returncode': 0}
[14.011769] (-) TimerEvent: {}
[14.060916] (yahboomcar_nav) JobEnded: {'identifier': 'yahboomcar_nav', 'rc': 0}
[14.111918] (-) TimerEvent: {}
[14.212611] (-) TimerEvent: {}
[14.313098] (-) TimerEvent: {}
[14.413631] (-) TimerEvent: {}
[14.514145] (-) TimerEvent: {}
[14.614640] (-) TimerEvent: {}
[14.715257] (-) TimerEvent: {}
[14.815794] (-) TimerEvent: {}
[14.916560] (-) TimerEvent: {}
[15.017313] (-) TimerEvent: {}
[15.118124] (-) TimerEvent: {}
[15.218931] (-) TimerEvent: {}
[15.319876] (-) TimerEvent: {}
[15.355703] (robot_pose_publisher_ros2) StdoutLine: {'line': b'[100%] \x1b[32m\x1b[1mLinking CXX executable robot_pose_publisher\x1b[0m\n'}
[15.420065] (-) TimerEvent: {}
[15.520868] (-) TimerEvent: {}
[15.621956] (-) TimerEvent: {}
[15.723075] (-) TimerEvent: {}
[15.823616] (-) TimerEvent: {}
[15.924118] (-) TimerEvent: {}
[15.947460] (robot_pose_publisher_ros2) StdoutLine: {'line': b'[100%] Built target robot_pose_publisher\n'}
[15.973514] (robot_pose_publisher_ros2) CommandEnded: {'returncode': 0}
[16.020045] (robot_pose_publisher_ros2) JobProgress: {'identifier': 'robot_pose_publisher_ros2', 'progress': 'install'}
[16.020579] (robot_pose_publisher_ros2) Command: {'cmd': ['/usr/bin/cmake', '--install', '/root/yahboomcar_ws/build/robot_pose_publisher_ros2'], 'cwd': '/root/yahboomcar_ws/build/robot_pose_publisher_ros2', 'env': OrderedDict([('HOSTNAME', 'pi-desktop'), ('SHLVL', '1'), ('LD_LIBRARY_PATH', '/opt/ros/humble/opt/rviz_ogre_vendor/lib:/opt/ros/humble/lib/aarch64-linux-gnu:/opt/ros/humble/lib'), ('HOME', '/root'), ('OLDPWD', '/root/yahboomcar_ws/src'), ('ROS_PYTHON_VERSION', '3'), ('ROS_DISTRO', 'humble'), ('_', '/usr/bin/colcon'), ('ROS_VERSION', '2'), ('TERM', 'xterm'), ('ROS_LOCALHOST_ONLY', '0'), ('QT_X11_NO_MITSHM', '1'), ('PATH', '/opt/ros/humble/bin:/usr/local/sbin:/usr/local/bin:/usr/sbin:/usr/bin:/sbin:/bin'), ('DISPLAY', ':0'), ('LANG', 'C.UTF-8'), ('LS_COLORS', 'rs=0:di=01;34:ln=01;36:mh=00:pi=40;33:so=01;35:do=01;35:bd=40;33;01:cd=40;33;01:or=40;31;01:mi=00:su=37;41:sg=30;43:ca=30;41:tw=30;42:ow=34;42:st=37;44:ex=01;32:*.tar=01;31:*.tgz=01;31:*.arc=01;31:*.arj=01;31:*.taz=01;31:*.lha=01;31:*.lz4=01;31:*.lzh=01;31:*.lzma=01;31:*.tlz=01;31:*.txz=01;31:*.tzo=01;31:*.t7z=01;31:*.zip=01;31:*.z=01;31:*.dz=01;31:*.gz=01;31:*.lrz=01;31:*.lz=01;31:*.lzo=01;31:*.xz=01;31:*.zst=01;31:*.tzst=01;31:*.bz2=01;31:*.bz=01;31:*.tbz=01;31:*.tbz2=01;31:*.tz=01;31:*.deb=01;31:*.rpm=01;31:*.jar=01;31:*.war=01;31:*.ear=01;31:*.sar=01;31:*.rar=01;31:*.alz=01;31:*.ace=01;31:*.zoo=01;31:*.cpio=01;31:*.7z=01;31:*.rz=01;31:*.cab=01;31:*.wim=01;31:*.swm=01;31:*.dwm=01;31:*.esd=01;31:*.jpg=01;35:*.jpeg=01;35:*.mjpg=01;35:*.mjpeg=01;35:*.gif=01;35:*.bmp=01;35:*.pbm=01;35:*.pgm=01;35:*.ppm=01;35:*.tga=01;35:*.xbm=01;35:*.xpm=01;35:*.tif=01;35:*.tiff=01;35:*.png=01;35:*.svg=01;35:*.svgz=01;35:*.mng=01;35:*.pcx=01;35:*.mov=01;35:*.mpg=01;35:*.mpeg=01;35:*.m2v=01;35:*.mkv=01;35:*.webm=01;35:*.webp=01;35:*.ogm=01;35:*.mp4=01;35:*.m4v=01;35:*.mp4v=01;35:*.vob=01;35:*.qt=01;35:*.nuv=01;35:*.wmv=01;35:*.asf=01;35:*.rm=01;35:*.rmvb=01;35:*.flc=01;35:*.avi=01;35:*.fli=01;35:*.flv=01;35:*.gl=01;35:*.dl=01;35:*.xcf=01;35:*.xwd=01;35:*.yuv=01;35:*.cgm=01;35:*.emf=01;35:*.ogv=01;35:*.ogx=01;35:*.aac=00;36:*.au=00;36:*.flac=00;36:*.m4a=00;36:*.mid=00;36:*.midi=00;36:*.mka=00;36:*.mp3=00;36:*.mpc=00;36:*.ogg=00;36:*.ra=00;36:*.wav=00;36:*.oga=00;36:*.opus=00;36:*.spx=00;36:*.xspf=00;36:'), ('AMENT_PREFIX_PATH', '/opt/ros/humble'), ('PWD', '/root/yahboomcar_ws/build/robot_pose_publisher_ros2'), ('LC_ALL', 'C.UTF-8'), ('PYTHONPATH', '/opt/ros/humble/lib/python3.10/site-packages:/opt/ros/humble/local/lib/python3.10/dist-packages'), ('COLCON', '1'), ('CMAKE_PREFIX_PATH', '/opt/ros/humble')]), 'shell': False}
[16.024197] (-) TimerEvent: {}
[16.037270] (robot_pose_publisher_ros2) StdoutLine: {'line': b'-- Install configuration: ""\n'}
[16.037675] (robot_pose_publisher_ros2) StdoutLine: {'line': b'-- Installing: /root/yahboomcar_ws/install/robot_pose_publisher_ros2/lib/robot_pose_publisher_ros2/robot_pose_publisher\n'}
[16.042101] (robot_pose_publisher_ros2) StdoutLine: {'line': b'-- Set runtime path of "/root/yahboomcar_ws/install/robot_pose_publisher_ros2/lib/robot_pose_publisher_ros2/robot_pose_publisher" to ""\n'}
[16.042361] (robot_pose_publisher_ros2) StdoutLine: {'line': b'-- Installing: /root/yahboomcar_ws/install/robot_pose_publisher_ros2/share/robot_pose_publisher_ros2/launch\n'}
[16.042514] (robot_pose_publisher_ros2) StdoutLine: {'line': b'-- Installing: /root/yahboomcar_ws/install/robot_pose_publisher_ros2/share/robot_pose_publisher_ros2/launch/robot_pose_publisher_launch.py\n'}
[16.042962] (robot_pose_publisher_ros2) StdoutLine: {'line': b'-- Installing: /root/yahboomcar_ws/install/robot_pose_publisher_ros2/share/ament_index/resource_index/package_run_dependencies/robot_pose_publisher_ros2\n'}
[16.043319] (robot_pose_publisher_ros2) StdoutLine: {'line': b'-- Installing: /root/yahboomcar_ws/install/robot_pose_publisher_ros2/share/ament_index/resource_index/parent_prefix_path/robot_pose_publisher_ros2\n'}
[16.043687] (robot_pose_publisher_ros2) StdoutLine: {'line': b'-- Installing: /root/yahboomcar_ws/install/robot_pose_publisher_ros2/share/robot_pose_publisher_ros2/environment/ament_prefix_path.sh\n'}
[16.043964] (robot_pose_publisher_ros2) StdoutLine: {'line': b'-- Installing: /root/yahboomcar_ws/install/robot_pose_publisher_ros2/share/robot_pose_publisher_ros2/environment/ament_prefix_path.dsv\n'}
[16.044226] (robot_pose_publisher_ros2) StdoutLine: {'line': b'-- Installing: /root/yahboomcar_ws/install/robot_pose_publisher_ros2/share/robot_pose_publisher_ros2/environment/path.sh\n'}
[16.044486] (robot_pose_publisher_ros2) StdoutLine: {'line': b'-- Installing: /root/yahboomcar_ws/install/robot_pose_publisher_ros2/share/robot_pose_publisher_ros2/environment/path.dsv\n'}
[16.044752] (robot_pose_publisher_ros2) StdoutLine: {'line': b'-- Installing: /root/yahboomcar_ws/install/robot_pose_publisher_ros2/share/robot_pose_publisher_ros2/local_setup.bash\n'}
[16.045062] (robot_pose_publisher_ros2) StdoutLine: {'line': b'-- Installing: /root/yahboomcar_ws/install/robot_pose_publisher_ros2/share/robot_pose_publisher_ros2/local_setup.sh\n'}
[16.045299] (robot_pose_publisher_ros2) StdoutLine: {'line': b'-- Installing: /root/yahboomcar_ws/install/robot_pose_publisher_ros2/share/robot_pose_publisher_ros2/local_setup.zsh\n'}
[16.045546] (robot_pose_publisher_ros2) StdoutLine: {'line': b'-- Installing: /root/yahboomcar_ws/install/robot_pose_publisher_ros2/share/robot_pose_publisher_ros2/local_setup.dsv\n'}
[16.045775] (robot_pose_publisher_ros2) StdoutLine: {'line': b'-- Installing: /root/yahboomcar_ws/install/robot_pose_publisher_ros2/share/robot_pose_publisher_ros2/package.dsv\n'}
[16.046120] (robot_pose_publisher_ros2) StdoutLine: {'line': b'-- Installing: /root/yahboomcar_ws/install/robot_pose_publisher_ros2/share/ament_index/resource_index/packages/robot_pose_publisher_ros2\n'}
[16.046424] (robot_pose_publisher_ros2) StdoutLine: {'line': b'-- Installing: /root/yahboomcar_ws/install/robot_pose_publisher_ros2/share/robot_pose_publisher_ros2/cmake/robot_pose_publisher_ros2Config.cmake\n'}
[16.046640] (robot_pose_publisher_ros2) StdoutLine: {'line': b'-- Installing: /root/yahboomcar_ws/install/robot_pose_publisher_ros2/share/robot_pose_publisher_ros2/cmake/robot_pose_publisher_ros2Config-version.cmake\n'}
[16.046887] (robot_pose_publisher_ros2) StdoutLine: {'line': b'-- Installing: /root/yahboomcar_ws/install/robot_pose_publisher_ros2/share/robot_pose_publisher_ros2/package.xml\n'}
[16.050236] (robot_pose_publisher_ros2) CommandEnded: {'returncode': 0}
[16.124352] (-) TimerEvent: {}
[16.224947] (robot_pose_publisher_ros2) JobEnded: {'identifier': 'robot_pose_publisher_ros2', 'rc': 0}
[16.225721] (-) TimerEvent: {}
[16.326059] (-) TimerEvent: {}
[16.426545] (-) TimerEvent: {}
[16.527029] (-) TimerEvent: {}
[16.627488] (-) TimerEvent: {}
[16.727954] (-) TimerEvent: {}
[16.828502] (-) TimerEvent: {}
[16.928915] (-) TimerEvent: {}
[17.029332] (-) TimerEvent: {}
[17.129747] (-) TimerEvent: {}
[17.230167] (-) TimerEvent: {}
[17.330600] (-) TimerEvent: {}
[17.431053] (-) TimerEvent: {}
[17.531479] (-) TimerEvent: {}
[17.631922] (-) TimerEvent: {}
[17.732335] (-) TimerEvent: {}
[17.832771] (-) TimerEvent: {}
[17.933193] (-) TimerEvent: {}
[18.033602] (-) TimerEvent: {}
[18.134007] (-) TimerEvent: {}
[18.234422] (-) TimerEvent: {}
[18.334832] (-) TimerEvent: {}
[18.435254] (-) TimerEvent: {}
[18.535660] (-) TimerEvent: {}
[18.636071] (-) TimerEvent: {}
[18.736492] (-) TimerEvent: {}
[18.836907] (-) TimerEvent: {}
[18.937330] (-) TimerEvent: {}
[19.037768] (-) TimerEvent: {}
[19.138179] (-) TimerEvent: {}
[19.238596] (-) TimerEvent: {}
[19.339008] (-) TimerEvent: {}
[19.439425] (-) TimerEvent: {}
[19.539854] (-) TimerEvent: {}
[19.640314] (-) TimerEvent: {}
[19.740725] (-) TimerEvent: {}
[19.841138] (-) TimerEvent: {}
[19.941541] (-) TimerEvent: {}
[20.041948] (-) TimerEvent: {}
[20.142390] (-) TimerEvent: {}
[20.242799] (-) TimerEvent: {}
[20.343214] (-) TimerEvent: {}
[20.443710] (-) TimerEvent: {}
[20.544180] (-) TimerEvent: {}
[20.644673] (-) TimerEvent: {}
[20.745129] (-) TimerEvent: {}
[20.845613] (-) TimerEvent: {}
[20.946100] (-) TimerEvent: {}
[21.046716] (-) TimerEvent: {}
[21.147308] (-) TimerEvent: {}
[21.248164] (-) TimerEvent: {}
[21.348714] (-) TimerEvent: {}
[21.449290] (-) TimerEvent: {}
[21.532455] (yahboomcar_base_node) StdoutLine: {'line': b'[100%] \x1b[32m\x1b[1mLinking CXX executable base_node_X3\x1b[0m\n'}
[21.549408] (-) TimerEvent: {}
[21.649956] (-) TimerEvent: {}
[21.750615] (-) TimerEvent: {}
[21.851511] (-) TimerEvent: {}
[21.952549] (-) TimerEvent: {}
[22.053399] (-) TimerEvent: {}
[22.154041] (-) TimerEvent: {}
[22.254628] (-) TimerEvent: {}
[22.355055] (-) TimerEvent: {}
[22.455565] (-) TimerEvent: {}
[22.556095] (-) TimerEvent: {}
[22.656511] (-) TimerEvent: {}
[22.658792] (yahboomcar_base_node) StdoutLine: {'line': b'[100%] Built target base_node_X3\n'}
[22.680272] (yahboomcar_base_node) CommandEnded: {'returncode': 0}
[22.727073] (yahboomcar_base_node) JobProgress: {'identifier': 'yahboomcar_base_node', 'progress': 'install'}
[22.727721] (yahboomcar_base_node) Command: {'cmd': ['/usr/bin/cmake', '--install', '/root/yahboomcar_ws/build/yahboomcar_base_node'], 'cwd': '/root/yahboomcar_ws/build/yahboomcar_base_node', 'env': OrderedDict([('HOSTNAME', 'pi-desktop'), ('SHLVL', '1'), ('LD_LIBRARY_PATH', '/opt/ros/humble/opt/rviz_ogre_vendor/lib:/opt/ros/humble/lib/aarch64-linux-gnu:/opt/ros/humble/lib'), ('HOME', '/root'), ('OLDPWD', '/root/yahboomcar_ws/src'), ('ROS_PYTHON_VERSION', '3'), ('ROS_DISTRO', 'humble'), ('_', '/usr/bin/colcon'), ('ROS_VERSION', '2'), ('TERM', 'xterm'), ('ROS_LOCALHOST_ONLY', '0'), ('QT_X11_NO_MITSHM', '1'), ('PATH', '/opt/ros/humble/bin:/usr/local/sbin:/usr/local/bin:/usr/sbin:/usr/bin:/sbin:/bin'), ('DISPLAY', ':0'), ('LANG', 'C.UTF-8'), ('LS_COLORS', 'rs=0:di=01;34:ln=01;36:mh=00:pi=40;33:so=01;35:do=01;35:bd=40;33;01:cd=40;33;01:or=40;31;01:mi=00:su=37;41:sg=30;43:ca=30;41:tw=30;42:ow=34;42:st=37;44:ex=01;32:*.tar=01;31:*.tgz=01;31:*.arc=01;31:*.arj=01;31:*.taz=01;31:*.lha=01;31:*.lz4=01;31:*.lzh=01;31:*.lzma=01;31:*.tlz=01;31:*.txz=01;31:*.tzo=01;31:*.t7z=01;31:*.zip=01;31:*.z=01;31:*.dz=01;31:*.gz=01;31:*.lrz=01;31:*.lz=01;31:*.lzo=01;31:*.xz=01;31:*.zst=01;31:*.tzst=01;31:*.bz2=01;31:*.bz=01;31:*.tbz=01;31:*.tbz2=01;31:*.tz=01;31:*.deb=01;31:*.rpm=01;31:*.jar=01;31:*.war=01;31:*.ear=01;31:*.sar=01;31:*.rar=01;31:*.alz=01;31:*.ace=01;31:*.zoo=01;31:*.cpio=01;31:*.7z=01;31:*.rz=01;31:*.cab=01;31:*.wim=01;31:*.swm=01;31:*.dwm=01;31:*.esd=01;31:*.jpg=01;35:*.jpeg=01;35:*.mjpg=01;35:*.mjpeg=01;35:*.gif=01;35:*.bmp=01;35:*.pbm=01;35:*.pgm=01;35:*.ppm=01;35:*.tga=01;35:*.xbm=01;35:*.xpm=01;35:*.tif=01;35:*.tiff=01;35:*.png=01;35:*.svg=01;35:*.svgz=01;35:*.mng=01;35:*.pcx=01;35:*.mov=01;35:*.mpg=01;35:*.mpeg=01;35:*.m2v=01;35:*.mkv=01;35:*.webm=01;35:*.webp=01;35:*.ogm=01;35:*.mp4=01;35:*.m4v=01;35:*.mp4v=01;35:*.vob=01;35:*.qt=01;35:*.nuv=01;35:*.wmv=01;35:*.asf=01;35:*.rm=01;35:*.rmvb=01;35:*.flc=01;35:*.avi=01;35:*.fli=01;35:*.flv=01;35:*.gl=01;35:*.dl=01;35:*.xcf=01;35:*.xwd=01;35:*.yuv=01;35:*.cgm=01;35:*.emf=01;35:*.ogv=01;35:*.ogx=01;35:*.aac=00;36:*.au=00;36:*.flac=00;36:*.m4a=00;36:*.mid=00;36:*.midi=00;36:*.mka=00;36:*.mp3=00;36:*.mpc=00;36:*.ogg=00;36:*.ra=00;36:*.wav=00;36:*.oga=00;36:*.opus=00;36:*.spx=00;36:*.xspf=00;36:'), ('AMENT_PREFIX_PATH', '/opt/ros/humble'), ('PWD', '/root/yahboomcar_ws/build/yahboomcar_base_node'), ('LC_ALL', 'C.UTF-8'), ('PYTHONPATH', '/opt/ros/humble/lib/python3.10/site-packages:/opt/ros/humble/local/lib/python3.10/dist-packages'), ('COLCON', '1'), ('CMAKE_PREFIX_PATH', '/opt/ros/humble')]), 'shell': False}
[22.746793] (yahboomcar_base_node) StdoutLine: {'line': b'-- Install configuration: ""\n'}
[22.747137] (yahboomcar_base_node) StdoutLine: {'line': b'-- Installing: /root/yahboomcar_ws/install/yahboomcar_base_node/lib/yahboomcar_base_node/base_node_X3\n'}
[22.755738] (yahboomcar_base_node) StdoutLine: {'line': b'-- Set runtime path of "/root/yahboomcar_ws/install/yahboomcar_base_node/lib/yahboomcar_base_node/base_node_X3" to ""\n'}
[22.756053] (yahboomcar_base_node) StdoutLine: {'line': b'-- Installing: /root/yahboomcar_ws/install/yahboomcar_base_node/share/ament_index/resource_index/package_run_dependencies/yahboomcar_base_node\n'}
[22.756381] (yahboomcar_base_node) StdoutLine: {'line': b'-- Installing: /root/yahboomcar_ws/install/yahboomcar_base_node/share/ament_index/resource_index/parent_prefix_path/yahboomcar_base_node\n'}
[22.756550] (-) TimerEvent: {}
[22.756885] (yahboomcar_base_node) StdoutLine: {'line': b'-- Installing: /root/yahboomcar_ws/install/yahboomcar_base_node/share/yahboomcar_base_node/environment/ament_prefix_path.sh\n'}
[22.757227] (yahboomcar_base_node) StdoutLine: {'line': b'-- Installing: /root/yahboomcar_ws/install/yahboomcar_base_node/share/yahboomcar_base_node/environment/ament_prefix_path.dsv\n'}
[22.757379] (yahboomcar_base_node) StdoutLine: {'line': b'-- Installing: /root/yahboomcar_ws/install/yahboomcar_base_node/share/yahboomcar_base_node/environment/path.sh\n'}
[22.757586] (yahboomcar_base_node) StdoutLine: {'line': b'-- Installing: /root/yahboomcar_ws/install/yahboomcar_base_node/share/yahboomcar_base_node/environment/path.dsv\n'}
[22.757823] (yahboomcar_base_node) StdoutLine: {'line': b'-- Installing: /root/yahboomcar_ws/install/yahboomcar_base_node/share/yahboomcar_base_node/local_setup.bash\n'}
[22.758040] (yahboomcar_base_node) StdoutLine: {'line': b'-- Installing: /root/yahboomcar_ws/install/yahboomcar_base_node/share/yahboomcar_base_node/local_setup.sh\n'}
[22.758255] (yahboomcar_base_node) StdoutLine: {'line': b'-- Installing: /root/yahboomcar_ws/install/yahboomcar_base_node/share/yahboomcar_base_node/local_setup.zsh\n'}
[22.758469] (yahboomcar_base_node) StdoutLine: {'line': b'-- Installing: /root/yahboomcar_ws/install/yahboomcar_base_node/share/yahboomcar_base_node/local_setup.dsv\n'}
[22.758678] (yahboomcar_base_node) StdoutLine: {'line': b'-- Installing: /root/yahboomcar_ws/install/yahboomcar_base_node/share/yahboomcar_base_node/package.dsv\n'}
[22.758975] (yahboomcar_base_node) StdoutLine: {'line': b'-- Installing: /root/yahboomcar_ws/install/yahboomcar_base_node/share/ament_index/resource_index/packages/yahboomcar_base_node\n'}
[22.759257] (yahboomcar_base_node) StdoutLine: {'line': b'-- Installing: /root/yahboomcar_ws/install/yahboomcar_base_node/share/yahboomcar_base_node/cmake/yahboomcar_base_nodeConfig.cmake\n'}
[22.759442] (yahboomcar_base_node) StdoutLine: {'line': b'-- Installing: /root/yahboomcar_ws/install/yahboomcar_base_node/share/yahboomcar_base_node/cmake/yahboomcar_base_nodeConfig-version.cmake\n'}
[22.760208] (yahboomcar_base_node) StdoutLine: {'line': b'-- Installing: /root/yahboomcar_ws/install/yahboomcar_base_node/share/yahboomcar_base_node/package.xml\n'}
[22.763104] (yahboomcar_base_node) CommandEnded: {'returncode': 0}
[22.856669] (-) TimerEvent: {}
[22.930729] (yahboomcar_base_node) JobEnded: {'identifier': 'yahboomcar_base_node', 'rc': 0}
[22.932185] (-) EventReactorShutdown: {}
