[1.545s] DEBUG:colcon:Command line arguments: ['/usr/bin/colcon', 'build']
[1.545s] DEBUG:colcon:Parsed command line arguments: Namespace(log_base=None, log_level=None, verb_name='build', build_base='build', install_base='install', merge_install=False, symlink_install=False, test_result_base=None, continue_on_error=False, executor='parallel', parallel_workers=4, event_handlers=None, ignore_user_meta=False, metas=['./colcon.meta'], base_paths=['.'], packages_ignore=None, packages_ignore_regex=None, paths=None, packages_up_to=None, packages_up_to_regex=None, packages_above=None, packages_above_and_dependencies=None, packages_above_depth=None, packages_select_by_dep=None, packages_skip_by_dep=None, packages_skip_up_to=None, packages_select_build_failed=False, packages_skip_build_finished=False, packages_select_test_failures=False, packages_skip_test_passed=False, packages_select=None, packages_skip=None, packages_select_regex=None, packages_skip_regex=None, packages_start=None, packages_end=None, cmake_args=None, cmake_target=None, cmake_target_skip_unavailable=False, cmake_clean_cache=False, cmake_clean_first=False, cmake_force_configure=False, ament_cmake_args=None, catkin_cmake_args=None, catkin_skip_building_tests=False, mixin_files=None, mixin=None, verb_parser=<colcon_mixin.mixin.mixin_argument.MixinArgumentDecorator object at 0x7fffa5e4dfc0>, verb_extension=<colcon_core.verb.build.BuildVerb object at 0x7fffa5ddc2e0>, main=<bound method BuildVerb.main of <colcon_core.verb.build.BuildVerb object at 0x7fffa5ddc2e0>>, mixin_verb=('build',))
[1.601s] Level 1:colcon.colcon_core.package_discovery:discover_packages(colcon_meta) check parameters
[1.602s] INFO:colcon.colcon_metadata.package_discovery.colcon_meta:Using configuration from '/root/.colcon/metadata/default/Gazebo.meta'
[1.603s] INFO:colcon.colcon_metadata.package_discovery.colcon_meta:Using configuration from '/root/.colcon/metadata/default/fastrtps.meta'
[1.603s] Level 1:colcon.colcon_core.package_discovery:discover_packages(recursive) check parameters
[1.603s] Level 1:colcon.colcon_core.package_discovery:discover_packages(ignore) check parameters
[1.603s] Level 1:colcon.colcon_core.package_discovery:discover_packages(path) check parameters
[1.603s] Level 1:colcon.colcon_core.package_discovery:discover_packages(colcon_meta) discover
[1.603s] Level 1:colcon.colcon_core.package_discovery:discover_packages(recursive) discover
[1.603s] INFO:colcon.colcon_core.package_discovery:Crawling recursively for packages in '/root/yahboomcar_ws'
[1.603s] Level 1:colcon.colcon_core.package_identification:_identify(.) by extensions ['ignore', 'ignore_ament_install']
[1.603s] Level 1:colcon.colcon_core.package_identification:_identify(.) by extension 'ignore'
[1.603s] Level 1:colcon.colcon_core.package_identification:_identify(.) by extension 'ignore_ament_install'
[1.604s] Level 1:colcon.colcon_core.package_identification:_identify(.) by extensions ['colcon_pkg']
[1.604s] Level 1:colcon.colcon_core.package_identification:_identify(.) by extension 'colcon_pkg'
[1.604s] Level 1:colcon.colcon_core.package_identification:_identify(.) by extensions ['colcon_meta']
[1.604s] Level 1:colcon.colcon_core.package_identification:_identify(.) by extension 'colcon_meta'
[1.604s] Level 1:colcon.colcon_core.package_identification:_identify(.) by extensions ['ros']
[1.604s] Level 1:colcon.colcon_core.package_identification:_identify(.) by extension 'ros'
[1.641s] Level 1:colcon.colcon_core.package_identification:_identify(.) by extensions ['cmake', 'python']
[1.641s] Level 1:colcon.colcon_core.package_identification:_identify(.) by extension 'cmake'
[1.641s] Level 1:colcon.colcon_core.package_identification:_identify(.) by extension 'python'
[1.641s] Level 1:colcon.colcon_core.package_identification:_identify(.) by extensions ['python_setup_py']
[1.641s] Level 1:colcon.colcon_core.package_identification:_identify(.) by extension 'python_setup_py'
[1.641s] Level 1:colcon.colcon_core.package_identification:_identify(build) by extensions ['ignore', 'ignore_ament_install']
[1.641s] Level 1:colcon.colcon_core.package_identification:_identify(build) by extension 'ignore'
[1.641s] Level 1:colcon.colcon_core.package_identification:_identify(build) ignored
[1.642s] Level 1:colcon.colcon_core.package_identification:_identify(install) by extensions ['ignore', 'ignore_ament_install']
[1.642s] Level 1:colcon.colcon_core.package_identification:_identify(install) by extension 'ignore'
[1.642s] Level 1:colcon.colcon_core.package_identification:_identify(install) ignored
[1.642s] Level 1:colcon.colcon_core.package_identification:_identify(log) by extensions ['ignore', 'ignore_ament_install']
[1.642s] Level 1:colcon.colcon_core.package_identification:_identify(log) by extension 'ignore'
[1.643s] Level 1:colcon.colcon_core.package_identification:_identify(log) ignored
[1.643s] Level 1:colcon.colcon_core.package_identification:_identify(src) by extensions ['ignore', 'ignore_ament_install']
[1.643s] Level 1:colcon.colcon_core.package_identification:_identify(src) by extension 'ignore'
[1.643s] Level 1:colcon.colcon_core.package_identification:_identify(src) by extension 'ignore_ament_install'
[1.643s] Level 1:colcon.colcon_core.package_identification:_identify(src) by extensions ['colcon_pkg']
[1.643s] Level 1:colcon.colcon_core.package_identification:_identify(src) by extension 'colcon_pkg'
[1.643s] Level 1:colcon.colcon_core.package_identification:_identify(src) by extensions ['colcon_meta']
[1.643s] Level 1:colcon.colcon_core.package_identification:_identify(src) by extension 'colcon_meta'
[1.643s] Level 1:colcon.colcon_core.package_identification:_identify(src) by extensions ['ros']
[1.643s] Level 1:colcon.colcon_core.package_identification:_identify(src) by extension 'ros'
[1.643s] Level 1:colcon.colcon_core.package_identification:_identify(src) by extensions ['cmake', 'python']
[1.643s] Level 1:colcon.colcon_core.package_identification:_identify(src) by extension 'cmake'
[1.643s] Level 1:colcon.colcon_core.package_identification:_identify(src) by extension 'python'
[1.643s] Level 1:colcon.colcon_core.package_identification:_identify(src) by extensions ['python_setup_py']
[1.643s] Level 1:colcon.colcon_core.package_identification:_identify(src) by extension 'python_setup_py'
[1.643s] Level 1:colcon.colcon_core.package_identification:_identify(src/laserscan_to_point_publisher) by extensions ['ignore', 'ignore_ament_install']
[1.643s] Level 1:colcon.colcon_core.package_identification:_identify(src/laserscan_to_point_publisher) by extension 'ignore'
[1.644s] Level 1:colcon.colcon_core.package_identification:_identify(src/laserscan_to_point_publisher) by extension 'ignore_ament_install'
[1.644s] Level 1:colcon.colcon_core.package_identification:_identify(src/laserscan_to_point_publisher) by extensions ['colcon_pkg']
[1.644s] Level 1:colcon.colcon_core.package_identification:_identify(src/laserscan_to_point_publisher) by extension 'colcon_pkg'
[1.644s] Level 1:colcon.colcon_core.package_identification:_identify(src/laserscan_to_point_publisher) by extensions ['colcon_meta']
[1.644s] Level 1:colcon.colcon_core.package_identification:_identify(src/laserscan_to_point_publisher) by extension 'colcon_meta'
[1.644s] Level 1:colcon.colcon_core.package_identification:_identify(src/laserscan_to_point_publisher) by extensions ['ros']
[1.644s] Level 1:colcon.colcon_core.package_identification:_identify(src/laserscan_to_point_publisher) by extension 'ros'
[1.647s] DEBUG:colcon.colcon_core.package_identification:Package 'src/laserscan_to_point_publisher' with type 'ros.ament_python' and name 'laserscan_to_point_publisher'
[1.647s] Level 1:colcon.colcon_core.package_identification:_identify(src/robot_localization) by extensions ['ignore', 'ignore_ament_install']
[1.647s] Level 1:colcon.colcon_core.package_identification:_identify(src/robot_localization) by extension 'ignore'
[1.647s] Level 1:colcon.colcon_core.package_identification:_identify(src/robot_localization) by extension 'ignore_ament_install'
[1.647s] Level 1:colcon.colcon_core.package_identification:_identify(src/robot_localization) by extensions ['colcon_pkg']
[1.647s] Level 1:colcon.colcon_core.package_identification:_identify(src/robot_localization) by extension 'colcon_pkg'
[1.647s] Level 1:colcon.colcon_core.package_identification:_identify(src/robot_localization) by extensions ['colcon_meta']
[1.647s] Level 1:colcon.colcon_core.package_identification:_identify(src/robot_localization) by extension 'colcon_meta'
[1.647s] Level 1:colcon.colcon_core.package_identification:_identify(src/robot_localization) by extensions ['ros']
[1.647s] Level 1:colcon.colcon_core.package_identification:_identify(src/robot_localization) by extension 'ros'
[1.650s] DEBUG:colcon.colcon_core.package_identification:Package 'src/robot_localization' with type 'ros.ament_cmake' and name 'robot_localization'
[1.650s] Level 1:colcon.colcon_core.package_identification:_identify(src/robot_pose_publisher_ros2) by extensions ['ignore', 'ignore_ament_install']
[1.650s] Level 1:colcon.colcon_core.package_identification:_identify(src/robot_pose_publisher_ros2) by extension 'ignore'
[1.650s] Level 1:colcon.colcon_core.package_identification:_identify(src/robot_pose_publisher_ros2) by extension 'ignore_ament_install'
[1.650s] Level 1:colcon.colcon_core.package_identification:_identify(src/robot_pose_publisher_ros2) by extensions ['colcon_pkg']
[1.651s] Level 1:colcon.colcon_core.package_identification:_identify(src/robot_pose_publisher_ros2) by extension 'colcon_pkg'
[1.651s] Level 1:colcon.colcon_core.package_identification:_identify(src/robot_pose_publisher_ros2) by extensions ['colcon_meta']
[1.651s] Level 1:colcon.colcon_core.package_identification:_identify(src/robot_pose_publisher_ros2) by extension 'colcon_meta'
[1.651s] Level 1:colcon.colcon_core.package_identification:_identify(src/robot_pose_publisher_ros2) by extensions ['ros']
[1.651s] Level 1:colcon.colcon_core.package_identification:_identify(src/robot_pose_publisher_ros2) by extension 'ros'
[1.651s] DEBUG:colcon.colcon_core.package_identification:Package 'src/robot_pose_publisher_ros2' with type 'ros.ament_cmake' and name 'robot_pose_publisher_ros2'
[1.651s] Level 1:colcon.colcon_core.package_identification:_identify(src/yahboom_app_save_map) by extensions ['ignore', 'ignore_ament_install']
[1.652s] Level 1:colcon.colcon_core.package_identification:_identify(src/yahboom_app_save_map) by extension 'ignore'
[1.652s] Level 1:colcon.colcon_core.package_identification:_identify(src/yahboom_app_save_map) by extension 'ignore_ament_install'
[1.652s] Level 1:colcon.colcon_core.package_identification:_identify(src/yahboom_app_save_map) by extensions ['colcon_pkg']
[1.652s] Level 1:colcon.colcon_core.package_identification:_identify(src/yahboom_app_save_map) by extension 'colcon_pkg'
[1.652s] Level 1:colcon.colcon_core.package_identification:_identify(src/yahboom_app_save_map) by extensions ['colcon_meta']
[1.652s] Level 1:colcon.colcon_core.package_identification:_identify(src/yahboom_app_save_map) by extension 'colcon_meta'
[1.652s] Level 1:colcon.colcon_core.package_identification:_identify(src/yahboom_app_save_map) by extensions ['ros']
[1.652s] Level 1:colcon.colcon_core.package_identification:_identify(src/yahboom_app_save_map) by extension 'ros'
[1.652s] DEBUG:colcon.colcon_core.package_identification:Package 'src/yahboom_app_save_map' with type 'ros.ament_python' and name 'yahboom_app_save_map'
[1.652s] Level 1:colcon.colcon_core.package_identification:_identify(src/yahboom_web_savmap_interfaces) by extensions ['ignore', 'ignore_ament_install']
[1.653s] Level 1:colcon.colcon_core.package_identification:_identify(src/yahboom_web_savmap_interfaces) by extension 'ignore'
[1.653s] Level 1:colcon.colcon_core.package_identification:_identify(src/yahboom_web_savmap_interfaces) by extension 'ignore_ament_install'
[1.653s] Level 1:colcon.colcon_core.package_identification:_identify(src/yahboom_web_savmap_interfaces) by extensions ['colcon_pkg']
[1.653s] Level 1:colcon.colcon_core.package_identification:_identify(src/yahboom_web_savmap_interfaces) by extension 'colcon_pkg'
[1.653s] Level 1:colcon.colcon_core.package_identification:_identify(src/yahboom_web_savmap_interfaces) by extensions ['colcon_meta']
[1.653s] Level 1:colcon.colcon_core.package_identification:_identify(src/yahboom_web_savmap_interfaces) by extension 'colcon_meta'
[1.653s] Level 1:colcon.colcon_core.package_identification:_identify(src/yahboom_web_savmap_interfaces) by extensions ['ros']
[1.653s] Level 1:colcon.colcon_core.package_identification:_identify(src/yahboom_web_savmap_interfaces) by extension 'ros'
[1.653s] DEBUG:colcon.colcon_core.package_identification:Package 'src/yahboom_web_savmap_interfaces' with type 'ros.ament_cmake' and name 'yahboom_web_savmap_interfaces'
[1.654s] Level 1:colcon.colcon_core.package_identification:_identify(src/yahboomcar_astra) by extensions ['ignore', 'ignore_ament_install']
[1.654s] Level 1:colcon.colcon_core.package_identification:_identify(src/yahboomcar_astra) by extension 'ignore'
[1.654s] Level 1:colcon.colcon_core.package_identification:_identify(src/yahboomcar_astra) by extension 'ignore_ament_install'
[1.654s] Level 1:colcon.colcon_core.package_identification:_identify(src/yahboomcar_astra) by extensions ['colcon_pkg']
[1.654s] Level 1:colcon.colcon_core.package_identification:_identify(src/yahboomcar_astra) by extension 'colcon_pkg'
[1.654s] Level 1:colcon.colcon_core.package_identification:_identify(src/yahboomcar_astra) by extensions ['colcon_meta']
[1.654s] Level 1:colcon.colcon_core.package_identification:_identify(src/yahboomcar_astra) by extension 'colcon_meta'
[1.654s] Level 1:colcon.colcon_core.package_identification:_identify(src/yahboomcar_astra) by extensions ['ros']
[1.654s] Level 1:colcon.colcon_core.package_identification:_identify(src/yahboomcar_astra) by extension 'ros'
[1.654s] DEBUG:colcon.colcon_core.package_identification:Package 'src/yahboomcar_astra' with type 'ros.ament_python' and name 'yahboomcar_astra'
[1.655s] Level 1:colcon.colcon_core.package_identification:_identify(src/yahboomcar_base_node) by extensions ['ignore', 'ignore_ament_install']
[1.655s] Level 1:colcon.colcon_core.package_identification:_identify(src/yahboomcar_base_node) by extension 'ignore'
[1.655s] Level 1:colcon.colcon_core.package_identification:_identify(src/yahboomcar_base_node) by extension 'ignore_ament_install'
[1.655s] Level 1:colcon.colcon_core.package_identification:_identify(src/yahboomcar_base_node) by extensions ['colcon_pkg']
[1.655s] Level 1:colcon.colcon_core.package_identification:_identify(src/yahboomcar_base_node) by extension 'colcon_pkg'
[1.655s] Level 1:colcon.colcon_core.package_identification:_identify(src/yahboomcar_base_node) by extensions ['colcon_meta']
[1.655s] Level 1:colcon.colcon_core.package_identification:_identify(src/yahboomcar_base_node) by extension 'colcon_meta'
[1.655s] Level 1:colcon.colcon_core.package_identification:_identify(src/yahboomcar_base_node) by extensions ['ros']
[1.655s] Level 1:colcon.colcon_core.package_identification:_identify(src/yahboomcar_base_node) by extension 'ros'
[1.656s] DEBUG:colcon.colcon_core.package_identification:Package 'src/yahboomcar_base_node' with type 'ros.ament_cmake' and name 'yahboomcar_base_node'
[1.656s] Level 1:colcon.colcon_core.package_identification:_identify(src/yahboomcar_bringup) by extensions ['ignore', 'ignore_ament_install']
[1.656s] Level 1:colcon.colcon_core.package_identification:_identify(src/yahboomcar_bringup) by extension 'ignore'
[1.656s] Level 1:colcon.colcon_core.package_identification:_identify(src/yahboomcar_bringup) by extension 'ignore_ament_install'
[1.656s] Level 1:colcon.colcon_core.package_identification:_identify(src/yahboomcar_bringup) by extensions ['colcon_pkg']
[1.656s] Level 1:colcon.colcon_core.package_identification:_identify(src/yahboomcar_bringup) by extension 'colcon_pkg'
[1.656s] Level 1:colcon.colcon_core.package_identification:_identify(src/yahboomcar_bringup) by extensions ['colcon_meta']
[1.656s] Level 1:colcon.colcon_core.package_identification:_identify(src/yahboomcar_bringup) by extension 'colcon_meta'
[1.656s] Level 1:colcon.colcon_core.package_identification:_identify(src/yahboomcar_bringup) by extensions ['ros']
[1.656s] Level 1:colcon.colcon_core.package_identification:_identify(src/yahboomcar_bringup) by extension 'ros'
[1.657s] DEBUG:colcon.colcon_core.package_identification:Package 'src/yahboomcar_bringup' with type 'ros.ament_python' and name 'yahboomcar_bringup'
[1.657s] Level 1:colcon.colcon_core.package_identification:_identify(src/yahboomcar_ctrl) by extensions ['ignore', 'ignore_ament_install']
[1.657s] Level 1:colcon.colcon_core.package_identification:_identify(src/yahboomcar_ctrl) by extension 'ignore'
[1.657s] Level 1:colcon.colcon_core.package_identification:_identify(src/yahboomcar_ctrl) by extension 'ignore_ament_install'
[1.657s] Level 1:colcon.colcon_core.package_identification:_identify(src/yahboomcar_ctrl) by extensions ['colcon_pkg']
[1.657s] Level 1:colcon.colcon_core.package_identification:_identify(src/yahboomcar_ctrl) by extension 'colcon_pkg'
[1.657s] Level 1:colcon.colcon_core.package_identification:_identify(src/yahboomcar_ctrl) by extensions ['colcon_meta']
[1.657s] Level 1:colcon.colcon_core.package_identification:_identify(src/yahboomcar_ctrl) by extension 'colcon_meta'
[1.657s] Level 1:colcon.colcon_core.package_identification:_identify(src/yahboomcar_ctrl) by extensions ['ros']
[1.657s] Level 1:colcon.colcon_core.package_identification:_identify(src/yahboomcar_ctrl) by extension 'ros'
[1.658s] DEBUG:colcon.colcon_core.package_identification:Package 'src/yahboomcar_ctrl' with type 'ros.ament_python' and name 'yahboomcar_ctrl'
[1.658s] Level 1:colcon.colcon_core.package_identification:_identify(src/yahboomcar_description) by extensions ['ignore', 'ignore_ament_install']
[1.658s] Level 1:colcon.colcon_core.package_identification:_identify(src/yahboomcar_description) by extension 'ignore'
[1.658s] Level 1:colcon.colcon_core.package_identification:_identify(src/yahboomcar_description) by extension 'ignore_ament_install'
[1.658s] Level 1:colcon.colcon_core.package_identification:_identify(src/yahboomcar_description) by extensions ['colcon_pkg']
[1.658s] Level 1:colcon.colcon_core.package_identification:_identify(src/yahboomcar_description) by extension 'colcon_pkg'
[1.658s] Level 1:colcon.colcon_core.package_identification:_identify(src/yahboomcar_description) by extensions ['colcon_meta']
[1.658s] Level 1:colcon.colcon_core.package_identification:_identify(src/yahboomcar_description) by extension 'colcon_meta'
[1.658s] Level 1:colcon.colcon_core.package_identification:_identify(src/yahboomcar_description) by extensions ['ros']
[1.658s] Level 1:colcon.colcon_core.package_identification:_identify(src/yahboomcar_description) by extension 'ros'
[1.659s] DEBUG:colcon.colcon_core.package_identification:Package 'src/yahboomcar_description' with type 'ros.ament_python' and name 'yahboomcar_description'
[1.659s] Level 1:colcon.colcon_core.package_identification:_identify(src/yahboomcar_laser) by extensions ['ignore', 'ignore_ament_install']
[1.659s] Level 1:colcon.colcon_core.package_identification:_identify(src/yahboomcar_laser) by extension 'ignore'
[1.659s] Level 1:colcon.colcon_core.package_identification:_identify(src/yahboomcar_laser) by extension 'ignore_ament_install'
[1.659s] Level 1:colcon.colcon_core.package_identification:_identify(src/yahboomcar_laser) by extensions ['colcon_pkg']
[1.659s] Level 1:colcon.colcon_core.package_identification:_identify(src/yahboomcar_laser) by extension 'colcon_pkg'
[1.659s] Level 1:colcon.colcon_core.package_identification:_identify(src/yahboomcar_laser) by extensions ['colcon_meta']
[1.659s] Level 1:colcon.colcon_core.package_identification:_identify(src/yahboomcar_laser) by extension 'colcon_meta'
[1.659s] Level 1:colcon.colcon_core.package_identification:_identify(src/yahboomcar_laser) by extensions ['ros']
[1.659s] Level 1:colcon.colcon_core.package_identification:_identify(src/yahboomcar_laser) by extension 'ros'
[1.660s] DEBUG:colcon.colcon_core.package_identification:Package 'src/yahboomcar_laser' with type 'ros.ament_python' and name 'yahboomcar_laser'
[1.660s] Level 1:colcon.colcon_core.package_identification:_identify(src/yahboomcar_mediapipe) by extensions ['ignore', 'ignore_ament_install']
[1.660s] Level 1:colcon.colcon_core.package_identification:_identify(src/yahboomcar_mediapipe) by extension 'ignore'
[1.660s] Level 1:colcon.colcon_core.package_identification:_identify(src/yahboomcar_mediapipe) by extension 'ignore_ament_install'
[1.660s] Level 1:colcon.colcon_core.package_identification:_identify(src/yahboomcar_mediapipe) by extensions ['colcon_pkg']
[1.660s] Level 1:colcon.colcon_core.package_identification:_identify(src/yahboomcar_mediapipe) by extension 'colcon_pkg'
[1.660s] Level 1:colcon.colcon_core.package_identification:_identify(src/yahboomcar_mediapipe) by extensions ['colcon_meta']
[1.660s] Level 1:colcon.colcon_core.package_identification:_identify(src/yahboomcar_mediapipe) by extension 'colcon_meta'
[1.660s] Level 1:colcon.colcon_core.package_identification:_identify(src/yahboomcar_mediapipe) by extensions ['ros']
[1.660s] Level 1:colcon.colcon_core.package_identification:_identify(src/yahboomcar_mediapipe) by extension 'ros'
[1.661s] DEBUG:colcon.colcon_core.package_identification:Package 'src/yahboomcar_mediapipe' with type 'ros.ament_python' and name 'yahboomcar_mediapipe'
[1.661s] Level 1:colcon.colcon_core.package_identification:_identify(src/yahboomcar_msgs) by extensions ['ignore', 'ignore_ament_install']
[1.661s] Level 1:colcon.colcon_core.package_identification:_identify(src/yahboomcar_msgs) by extension 'ignore'
[1.661s] Level 1:colcon.colcon_core.package_identification:_identify(src/yahboomcar_msgs) by extension 'ignore_ament_install'
[1.661s] Level 1:colcon.colcon_core.package_identification:_identify(src/yahboomcar_msgs) by extensions ['colcon_pkg']
[1.661s] Level 1:colcon.colcon_core.package_identification:_identify(src/yahboomcar_msgs) by extension 'colcon_pkg'
[1.661s] Level 1:colcon.colcon_core.package_identification:_identify(src/yahboomcar_msgs) by extensions ['colcon_meta']
[1.661s] Level 1:colcon.colcon_core.package_identification:_identify(src/yahboomcar_msgs) by extension 'colcon_meta'
[1.661s] Level 1:colcon.colcon_core.package_identification:_identify(src/yahboomcar_msgs) by extensions ['ros']
[1.661s] Level 1:colcon.colcon_core.package_identification:_identify(src/yahboomcar_msgs) by extension 'ros'
[1.662s] DEBUG:colcon.colcon_core.package_identification:Package 'src/yahboomcar_msgs' with type 'ros.ament_cmake' and name 'yahboomcar_msgs'
[1.662s] Level 1:colcon.colcon_core.package_identification:_identify(src/yahboomcar_multi) by extensions ['ignore', 'ignore_ament_install']
[1.662s] Level 1:colcon.colcon_core.package_identification:_identify(src/yahboomcar_multi) by extension 'ignore'
[1.662s] Level 1:colcon.colcon_core.package_identification:_identify(src/yahboomcar_multi) by extension 'ignore_ament_install'
[1.662s] Level 1:colcon.colcon_core.package_identification:_identify(src/yahboomcar_multi) by extensions ['colcon_pkg']
[1.662s] Level 1:colcon.colcon_core.package_identification:_identify(src/yahboomcar_multi) by extension 'colcon_pkg'
[1.662s] Level 1:colcon.colcon_core.package_identification:_identify(src/yahboomcar_multi) by extensions ['colcon_meta']
[1.662s] Level 1:colcon.colcon_core.package_identification:_identify(src/yahboomcar_multi) by extension 'colcon_meta'
[1.662s] Level 1:colcon.colcon_core.package_identification:_identify(src/yahboomcar_multi) by extensions ['ros']
[1.662s] Level 1:colcon.colcon_core.package_identification:_identify(src/yahboomcar_multi) by extension 'ros'
[1.663s] DEBUG:colcon.colcon_core.package_identification:Package 'src/yahboomcar_multi' with type 'ros.ament_python' and name 'yahboomcar_multi'
[1.663s] Level 1:colcon.colcon_core.package_identification:_identify(src/yahboomcar_nav) by extensions ['ignore', 'ignore_ament_install']
[1.663s] Level 1:colcon.colcon_core.package_identification:_identify(src/yahboomcar_nav) by extension 'ignore'
[1.663s] Level 1:colcon.colcon_core.package_identification:_identify(src/yahboomcar_nav) by extension 'ignore_ament_install'
[1.663s] Level 1:colcon.colcon_core.package_identification:_identify(src/yahboomcar_nav) by extensions ['colcon_pkg']
[1.663s] Level 1:colcon.colcon_core.package_identification:_identify(src/yahboomcar_nav) by extension 'colcon_pkg'
[1.663s] Level 1:colcon.colcon_core.package_identification:_identify(src/yahboomcar_nav) by extensions ['colcon_meta']
[1.663s] Level 1:colcon.colcon_core.package_identification:_identify(src/yahboomcar_nav) by extension 'colcon_meta'
[1.663s] Level 1:colcon.colcon_core.package_identification:_identify(src/yahboomcar_nav) by extensions ['ros']
[1.663s] Level 1:colcon.colcon_core.package_identification:_identify(src/yahboomcar_nav) by extension 'ros'
[1.664s] DEBUG:colcon.colcon_core.package_identification:Package 'src/yahboomcar_nav' with type 'ros.ament_python' and name 'yahboomcar_nav'
[1.664s] Level 1:colcon.colcon_core.package_identification:_identify(src/yahboomcar_visual) by extensions ['ignore', 'ignore_ament_install']
[1.664s] Level 1:colcon.colcon_core.package_identification:_identify(src/yahboomcar_visual) by extension 'ignore'
[1.664s] Level 1:colcon.colcon_core.package_identification:_identify(src/yahboomcar_visual) by extension 'ignore_ament_install'
[1.664s] Level 1:colcon.colcon_core.package_identification:_identify(src/yahboomcar_visual) by extensions ['colcon_pkg']
[1.664s] Level 1:colcon.colcon_core.package_identification:_identify(src/yahboomcar_visual) by extension 'colcon_pkg'
[1.664s] Level 1:colcon.colcon_core.package_identification:_identify(src/yahboomcar_visual) by extensions ['colcon_meta']
[1.664s] Level 1:colcon.colcon_core.package_identification:_identify(src/yahboomcar_visual) by extension 'colcon_meta'
[1.664s] Level 1:colcon.colcon_core.package_identification:_identify(src/yahboomcar_visual) by extensions ['ros']
[1.664s] Level 1:colcon.colcon_core.package_identification:_identify(src/yahboomcar_visual) by extension 'ros'
[1.665s] DEBUG:colcon.colcon_core.package_identification:Package 'src/yahboomcar_visual' with type 'ros.ament_python' and name 'yahboomcar_visual'
[1.665s] Level 1:colcon.colcon_core.package_discovery:discover_packages(recursive) using defaults
[1.665s] Level 1:colcon.colcon_core.package_discovery:discover_packages(ignore) discover
[1.665s] Level 1:colcon.colcon_core.package_discovery:discover_packages(ignore) using defaults
[1.665s] Level 1:colcon.colcon_core.package_discovery:discover_packages(path) discover
[1.665s] Level 1:colcon.colcon_core.package_discovery:discover_packages(path) using defaults
[1.759s] Level 5:colcon.colcon_core.verb:set package 'laserscan_to_point_publisher' build argument 'cmake_args' from command line to 'None'
[1.759s] Level 5:colcon.colcon_core.verb:set package 'laserscan_to_point_publisher' build argument 'cmake_target' from command line to 'None'
[1.759s] Level 5:colcon.colcon_core.verb:set package 'laserscan_to_point_publisher' build argument 'cmake_target_skip_unavailable' from command line to 'False'
[1.759s] Level 5:colcon.colcon_core.verb:set package 'laserscan_to_point_publisher' build argument 'cmake_clean_cache' from command line to 'False'
[1.759s] Level 5:colcon.colcon_core.verb:set package 'laserscan_to_point_publisher' build argument 'cmake_clean_first' from command line to 'False'
[1.759s] Level 5:colcon.colcon_core.verb:set package 'laserscan_to_point_publisher' build argument 'cmake_force_configure' from command line to 'False'
[1.759s] Level 5:colcon.colcon_core.verb:set package 'laserscan_to_point_publisher' build argument 'ament_cmake_args' from command line to 'None'
[1.759s] Level 5:colcon.colcon_core.verb:set package 'laserscan_to_point_publisher' build argument 'catkin_cmake_args' from command line to 'None'
[1.759s] Level 5:colcon.colcon_core.verb:set package 'laserscan_to_point_publisher' build argument 'catkin_skip_building_tests' from command line to 'False'
[1.759s] DEBUG:colcon.colcon_core.verb:Building package 'laserscan_to_point_publisher' with the following arguments: {'ament_cmake_args': None, 'build_base': '/root/yahboomcar_ws/build/laserscan_to_point_publisher', 'catkin_cmake_args': None, 'catkin_skip_building_tests': False, 'cmake_args': None, 'cmake_clean_cache': False, 'cmake_clean_first': False, 'cmake_force_configure': False, 'cmake_target': None, 'cmake_target_skip_unavailable': False, 'install_base': '/root/yahboomcar_ws/install/laserscan_to_point_publisher', 'merge_install': False, 'path': '/root/yahboomcar_ws/src/laserscan_to_point_publisher', 'symlink_install': False, 'test_result_base': None}
[1.776s] Level 5:colcon.colcon_core.verb:set package 'robot_localization' build argument 'cmake_args' from command line to 'None'
[1.776s] Level 5:colcon.colcon_core.verb:set package 'robot_localization' build argument 'cmake_target' from command line to 'None'
[1.776s] Level 5:colcon.colcon_core.verb:set package 'robot_localization' build argument 'cmake_target_skip_unavailable' from command line to 'False'
[1.776s] Level 5:colcon.colcon_core.verb:set package 'robot_localization' build argument 'cmake_clean_cache' from command line to 'False'
[1.776s] Level 5:colcon.colcon_core.verb:set package 'robot_localization' build argument 'cmake_clean_first' from command line to 'False'
[1.776s] Level 5:colcon.colcon_core.verb:set package 'robot_localization' build argument 'cmake_force_configure' from command line to 'False'
[1.776s] Level 5:colcon.colcon_core.verb:set package 'robot_localization' build argument 'ament_cmake_args' from command line to 'None'
[1.776s] Level 5:colcon.colcon_core.verb:set package 'robot_localization' build argument 'catkin_cmake_args' from command line to 'None'
[1.776s] Level 5:colcon.colcon_core.verb:set package 'robot_localization' build argument 'catkin_skip_building_tests' from command line to 'False'
[1.776s] DEBUG:colcon.colcon_core.verb:Building package 'robot_localization' with the following arguments: {'ament_cmake_args': None, 'build_base': '/root/yahboomcar_ws/build/robot_localization', 'catkin_cmake_args': None, 'catkin_skip_building_tests': False, 'cmake_args': None, 'cmake_clean_cache': False, 'cmake_clean_first': False, 'cmake_force_configure': False, 'cmake_target': None, 'cmake_target_skip_unavailable': False, 'install_base': '/root/yahboomcar_ws/install/robot_localization', 'merge_install': False, 'path': '/root/yahboomcar_ws/src/robot_localization', 'symlink_install': False, 'test_result_base': None}
[1.792s] Level 5:colcon.colcon_core.verb:set package 'robot_pose_publisher_ros2' build argument 'cmake_args' from command line to 'None'
[1.792s] Level 5:colcon.colcon_core.verb:set package 'robot_pose_publisher_ros2' build argument 'cmake_target' from command line to 'None'
[1.792s] Level 5:colcon.colcon_core.verb:set package 'robot_pose_publisher_ros2' build argument 'cmake_target_skip_unavailable' from command line to 'False'
[1.792s] Level 5:colcon.colcon_core.verb:set package 'robot_pose_publisher_ros2' build argument 'cmake_clean_cache' from command line to 'False'
[1.792s] Level 5:colcon.colcon_core.verb:set package 'robot_pose_publisher_ros2' build argument 'cmake_clean_first' from command line to 'False'
[1.793s] Level 5:colcon.colcon_core.verb:set package 'robot_pose_publisher_ros2' build argument 'cmake_force_configure' from command line to 'False'
[1.793s] Level 5:colcon.colcon_core.verb:set package 'robot_pose_publisher_ros2' build argument 'ament_cmake_args' from command line to 'None'
[1.793s] Level 5:colcon.colcon_core.verb:set package 'robot_pose_publisher_ros2' build argument 'catkin_cmake_args' from command line to 'None'
[1.793s] Level 5:colcon.colcon_core.verb:set package 'robot_pose_publisher_ros2' build argument 'catkin_skip_building_tests' from command line to 'False'
[1.793s] DEBUG:colcon.colcon_core.verb:Building package 'robot_pose_publisher_ros2' with the following arguments: {'ament_cmake_args': None, 'build_base': '/root/yahboomcar_ws/build/robot_pose_publisher_ros2', 'catkin_cmake_args': None, 'catkin_skip_building_tests': False, 'cmake_args': None, 'cmake_clean_cache': False, 'cmake_clean_first': False, 'cmake_force_configure': False, 'cmake_target': None, 'cmake_target_skip_unavailable': False, 'install_base': '/root/yahboomcar_ws/install/robot_pose_publisher_ros2', 'merge_install': False, 'path': '/root/yahboomcar_ws/src/robot_pose_publisher_ros2', 'symlink_install': False, 'test_result_base': None}
[1.809s] Level 5:colcon.colcon_core.verb:set package 'yahboom_app_save_map' build argument 'cmake_args' from command line to 'None'
[1.809s] Level 5:colcon.colcon_core.verb:set package 'yahboom_app_save_map' build argument 'cmake_target' from command line to 'None'
[1.809s] Level 5:colcon.colcon_core.verb:set package 'yahboom_app_save_map' build argument 'cmake_target_skip_unavailable' from command line to 'False'
[1.809s] Level 5:colcon.colcon_core.verb:set package 'yahboom_app_save_map' build argument 'cmake_clean_cache' from command line to 'False'
[1.809s] Level 5:colcon.colcon_core.verb:set package 'yahboom_app_save_map' build argument 'cmake_clean_first' from command line to 'False'
[1.809s] Level 5:colcon.colcon_core.verb:set package 'yahboom_app_save_map' build argument 'cmake_force_configure' from command line to 'False'
[1.809s] Level 5:colcon.colcon_core.verb:set package 'yahboom_app_save_map' build argument 'ament_cmake_args' from command line to 'None'
[1.809s] Level 5:colcon.colcon_core.verb:set package 'yahboom_app_save_map' build argument 'catkin_cmake_args' from command line to 'None'
[1.809s] Level 5:colcon.colcon_core.verb:set package 'yahboom_app_save_map' build argument 'catkin_skip_building_tests' from command line to 'False'
[1.809s] DEBUG:colcon.colcon_core.verb:Building package 'yahboom_app_save_map' with the following arguments: {'ament_cmake_args': None, 'build_base': '/root/yahboomcar_ws/build/yahboom_app_save_map', 'catkin_cmake_args': None, 'catkin_skip_building_tests': False, 'cmake_args': None, 'cmake_clean_cache': False, 'cmake_clean_first': False, 'cmake_force_configure': False, 'cmake_target': None, 'cmake_target_skip_unavailable': False, 'install_base': '/root/yahboomcar_ws/install/yahboom_app_save_map', 'merge_install': False, 'path': '/root/yahboomcar_ws/src/yahboom_app_save_map', 'symlink_install': False, 'test_result_base': None}
[1.826s] Level 5:colcon.colcon_core.verb:set package 'yahboom_web_savmap_interfaces' build argument 'cmake_args' from command line to 'None'
[1.826s] Level 5:colcon.colcon_core.verb:set package 'yahboom_web_savmap_interfaces' build argument 'cmake_target' from command line to 'None'
[1.826s] Level 5:colcon.colcon_core.verb:set package 'yahboom_web_savmap_interfaces' build argument 'cmake_target_skip_unavailable' from command line to 'False'
[1.826s] Level 5:colcon.colcon_core.verb:set package 'yahboom_web_savmap_interfaces' build argument 'cmake_clean_cache' from command line to 'False'
[1.826s] Level 5:colcon.colcon_core.verb:set package 'yahboom_web_savmap_interfaces' build argument 'cmake_clean_first' from command line to 'False'
[1.826s] Level 5:colcon.colcon_core.verb:set package 'yahboom_web_savmap_interfaces' build argument 'cmake_force_configure' from command line to 'False'
[1.826s] Level 5:colcon.colcon_core.verb:set package 'yahboom_web_savmap_interfaces' build argument 'ament_cmake_args' from command line to 'None'
[1.826s] Level 5:colcon.colcon_core.verb:set package 'yahboom_web_savmap_interfaces' build argument 'catkin_cmake_args' from command line to 'None'
[1.826s] Level 5:colcon.colcon_core.verb:set package 'yahboom_web_savmap_interfaces' build argument 'catkin_skip_building_tests' from command line to 'False'
[1.826s] DEBUG:colcon.colcon_core.verb:Building package 'yahboom_web_savmap_interfaces' with the following arguments: {'ament_cmake_args': None, 'build_base': '/root/yahboomcar_ws/build/yahboom_web_savmap_interfaces', 'catkin_cmake_args': None, 'catkin_skip_building_tests': False, 'cmake_args': None, 'cmake_clean_cache': False, 'cmake_clean_first': False, 'cmake_force_configure': False, 'cmake_target': None, 'cmake_target_skip_unavailable': False, 'install_base': '/root/yahboomcar_ws/install/yahboom_web_savmap_interfaces', 'merge_install': False, 'path': '/root/yahboomcar_ws/src/yahboom_web_savmap_interfaces', 'symlink_install': False, 'test_result_base': None}
[1.842s] Level 5:colcon.colcon_core.verb:set package 'yahboomcar_astra' build argument 'cmake_args' from command line to 'None'
[1.842s] Level 5:colcon.colcon_core.verb:set package 'yahboomcar_astra' build argument 'cmake_target' from command line to 'None'
[1.842s] Level 5:colcon.colcon_core.verb:set package 'yahboomcar_astra' build argument 'cmake_target_skip_unavailable' from command line to 'False'
[1.842s] Level 5:colcon.colcon_core.verb:set package 'yahboomcar_astra' build argument 'cmake_clean_cache' from command line to 'False'
[1.842s] Level 5:colcon.colcon_core.verb:set package 'yahboomcar_astra' build argument 'cmake_clean_first' from command line to 'False'
[1.842s] Level 5:colcon.colcon_core.verb:set package 'yahboomcar_astra' build argument 'cmake_force_configure' from command line to 'False'
[1.842s] Level 5:colcon.colcon_core.verb:set package 'yahboomcar_astra' build argument 'ament_cmake_args' from command line to 'None'
[1.842s] Level 5:colcon.colcon_core.verb:set package 'yahboomcar_astra' build argument 'catkin_cmake_args' from command line to 'None'
[1.842s] Level 5:colcon.colcon_core.verb:set package 'yahboomcar_astra' build argument 'catkin_skip_building_tests' from command line to 'False'
[1.842s] DEBUG:colcon.colcon_core.verb:Building package 'yahboomcar_astra' with the following arguments: {'ament_cmake_args': None, 'build_base': '/root/yahboomcar_ws/build/yahboomcar_astra', 'catkin_cmake_args': None, 'catkin_skip_building_tests': False, 'cmake_args': None, 'cmake_clean_cache': False, 'cmake_clean_first': False, 'cmake_force_configure': False, 'cmake_target': None, 'cmake_target_skip_unavailable': False, 'install_base': '/root/yahboomcar_ws/install/yahboomcar_astra', 'merge_install': False, 'path': '/root/yahboomcar_ws/src/yahboomcar_astra', 'symlink_install': False, 'test_result_base': None}
[1.859s] Level 5:colcon.colcon_core.verb:set package 'yahboomcar_base_node' build argument 'cmake_args' from command line to 'None'
[1.859s] Level 5:colcon.colcon_core.verb:set package 'yahboomcar_base_node' build argument 'cmake_target' from command line to 'None'
[1.859s] Level 5:colcon.colcon_core.verb:set package 'yahboomcar_base_node' build argument 'cmake_target_skip_unavailable' from command line to 'False'
[1.859s] Level 5:colcon.colcon_core.verb:set package 'yahboomcar_base_node' build argument 'cmake_clean_cache' from command line to 'False'
[1.859s] Level 5:colcon.colcon_core.verb:set package 'yahboomcar_base_node' build argument 'cmake_clean_first' from command line to 'False'
[1.859s] Level 5:colcon.colcon_core.verb:set package 'yahboomcar_base_node' build argument 'cmake_force_configure' from command line to 'False'
[1.859s] Level 5:colcon.colcon_core.verb:set package 'yahboomcar_base_node' build argument 'ament_cmake_args' from command line to 'None'
[1.859s] Level 5:colcon.colcon_core.verb:set package 'yahboomcar_base_node' build argument 'catkin_cmake_args' from command line to 'None'
[1.859s] Level 5:colcon.colcon_core.verb:set package 'yahboomcar_base_node' build argument 'catkin_skip_building_tests' from command line to 'False'
[1.859s] DEBUG:colcon.colcon_core.verb:Building package 'yahboomcar_base_node' with the following arguments: {'ament_cmake_args': None, 'build_base': '/root/yahboomcar_ws/build/yahboomcar_base_node', 'catkin_cmake_args': None, 'catkin_skip_building_tests': False, 'cmake_args': None, 'cmake_clean_cache': False, 'cmake_clean_first': False, 'cmake_force_configure': False, 'cmake_target': None, 'cmake_target_skip_unavailable': False, 'install_base': '/root/yahboomcar_ws/install/yahboomcar_base_node', 'merge_install': False, 'path': '/root/yahboomcar_ws/src/yahboomcar_base_node', 'symlink_install': False, 'test_result_base': None}
[1.875s] Level 5:colcon.colcon_core.verb:set package 'yahboomcar_bringup' build argument 'cmake_args' from command line to 'None'
[1.875s] Level 5:colcon.colcon_core.verb:set package 'yahboomcar_bringup' build argument 'cmake_target' from command line to 'None'
[1.875s] Level 5:colcon.colcon_core.verb:set package 'yahboomcar_bringup' build argument 'cmake_target_skip_unavailable' from command line to 'False'
[1.875s] Level 5:colcon.colcon_core.verb:set package 'yahboomcar_bringup' build argument 'cmake_clean_cache' from command line to 'False'
[1.875s] Level 5:colcon.colcon_core.verb:set package 'yahboomcar_bringup' build argument 'cmake_clean_first' from command line to 'False'
[1.875s] Level 5:colcon.colcon_core.verb:set package 'yahboomcar_bringup' build argument 'cmake_force_configure' from command line to 'False'
[1.875s] Level 5:colcon.colcon_core.verb:set package 'yahboomcar_bringup' build argument 'ament_cmake_args' from command line to 'None'
[1.875s] Level 5:colcon.colcon_core.verb:set package 'yahboomcar_bringup' build argument 'catkin_cmake_args' from command line to 'None'
[1.875s] Level 5:colcon.colcon_core.verb:set package 'yahboomcar_bringup' build argument 'catkin_skip_building_tests' from command line to 'False'
[1.875s] DEBUG:colcon.colcon_core.verb:Building package 'yahboomcar_bringup' with the following arguments: {'ament_cmake_args': None, 'build_base': '/root/yahboomcar_ws/build/yahboomcar_bringup', 'catkin_cmake_args': None, 'catkin_skip_building_tests': False, 'cmake_args': None, 'cmake_clean_cache': False, 'cmake_clean_first': False, 'cmake_force_configure': False, 'cmake_target': None, 'cmake_target_skip_unavailable': False, 'install_base': '/root/yahboomcar_ws/install/yahboomcar_bringup', 'merge_install': False, 'path': '/root/yahboomcar_ws/src/yahboomcar_bringup', 'symlink_install': False, 'test_result_base': None}
[1.892s] Level 5:colcon.colcon_core.verb:set package 'yahboomcar_ctrl' build argument 'cmake_args' from command line to 'None'
[1.892s] Level 5:colcon.colcon_core.verb:set package 'yahboomcar_ctrl' build argument 'cmake_target' from command line to 'None'
[1.892s] Level 5:colcon.colcon_core.verb:set package 'yahboomcar_ctrl' build argument 'cmake_target_skip_unavailable' from command line to 'False'
[1.892s] Level 5:colcon.colcon_core.verb:set package 'yahboomcar_ctrl' build argument 'cmake_clean_cache' from command line to 'False'
[1.892s] Level 5:colcon.colcon_core.verb:set package 'yahboomcar_ctrl' build argument 'cmake_clean_first' from command line to 'False'
[1.892s] Level 5:colcon.colcon_core.verb:set package 'yahboomcar_ctrl' build argument 'cmake_force_configure' from command line to 'False'
[1.892s] Level 5:colcon.colcon_core.verb:set package 'yahboomcar_ctrl' build argument 'ament_cmake_args' from command line to 'None'
[1.892s] Level 5:colcon.colcon_core.verb:set package 'yahboomcar_ctrl' build argument 'catkin_cmake_args' from command line to 'None'
[1.892s] Level 5:colcon.colcon_core.verb:set package 'yahboomcar_ctrl' build argument 'catkin_skip_building_tests' from command line to 'False'
[1.892s] DEBUG:colcon.colcon_core.verb:Building package 'yahboomcar_ctrl' with the following arguments: {'ament_cmake_args': None, 'build_base': '/root/yahboomcar_ws/build/yahboomcar_ctrl', 'catkin_cmake_args': None, 'catkin_skip_building_tests': False, 'cmake_args': None, 'cmake_clean_cache': False, 'cmake_clean_first': False, 'cmake_force_configure': False, 'cmake_target': None, 'cmake_target_skip_unavailable': False, 'install_base': '/root/yahboomcar_ws/install/yahboomcar_ctrl', 'merge_install': False, 'path': '/root/yahboomcar_ws/src/yahboomcar_ctrl', 'symlink_install': False, 'test_result_base': None}
[1.908s] Level 5:colcon.colcon_core.verb:set package 'yahboomcar_description' build argument 'cmake_args' from command line to 'None'
[1.908s] Level 5:colcon.colcon_core.verb:set package 'yahboomcar_description' build argument 'cmake_target' from command line to 'None'
[1.908s] Level 5:colcon.colcon_core.verb:set package 'yahboomcar_description' build argument 'cmake_target_skip_unavailable' from command line to 'False'
[1.908s] Level 5:colcon.colcon_core.verb:set package 'yahboomcar_description' build argument 'cmake_clean_cache' from command line to 'False'
[1.908s] Level 5:colcon.colcon_core.verb:set package 'yahboomcar_description' build argument 'cmake_clean_first' from command line to 'False'
[1.908s] Level 5:colcon.colcon_core.verb:set package 'yahboomcar_description' build argument 'cmake_force_configure' from command line to 'False'
[1.908s] Level 5:colcon.colcon_core.verb:set package 'yahboomcar_description' build argument 'ament_cmake_args' from command line to 'None'
[1.908s] Level 5:colcon.colcon_core.verb:set package 'yahboomcar_description' build argument 'catkin_cmake_args' from command line to 'None'
[1.908s] Level 5:colcon.colcon_core.verb:set package 'yahboomcar_description' build argument 'catkin_skip_building_tests' from command line to 'False'
[1.908s] DEBUG:colcon.colcon_core.verb:Building package 'yahboomcar_description' with the following arguments: {'ament_cmake_args': None, 'build_base': '/root/yahboomcar_ws/build/yahboomcar_description', 'catkin_cmake_args': None, 'catkin_skip_building_tests': False, 'cmake_args': None, 'cmake_clean_cache': False, 'cmake_clean_first': False, 'cmake_force_configure': False, 'cmake_target': None, 'cmake_target_skip_unavailable': False, 'install_base': '/root/yahboomcar_ws/install/yahboomcar_description', 'merge_install': False, 'path': '/root/yahboomcar_ws/src/yahboomcar_description', 'symlink_install': False, 'test_result_base': None}
[1.925s] Level 5:colcon.colcon_core.verb:set package 'yahboomcar_laser' build argument 'cmake_args' from command line to 'None'
[1.925s] Level 5:colcon.colcon_core.verb:set package 'yahboomcar_laser' build argument 'cmake_target' from command line to 'None'
[1.925s] Level 5:colcon.colcon_core.verb:set package 'yahboomcar_laser' build argument 'cmake_target_skip_unavailable' from command line to 'False'
[1.925s] Level 5:colcon.colcon_core.verb:set package 'yahboomcar_laser' build argument 'cmake_clean_cache' from command line to 'False'
[1.925s] Level 5:colcon.colcon_core.verb:set package 'yahboomcar_laser' build argument 'cmake_clean_first' from command line to 'False'
[1.925s] Level 5:colcon.colcon_core.verb:set package 'yahboomcar_laser' build argument 'cmake_force_configure' from command line to 'False'
[1.925s] Level 5:colcon.colcon_core.verb:set package 'yahboomcar_laser' build argument 'ament_cmake_args' from command line to 'None'
[1.925s] Level 5:colcon.colcon_core.verb:set package 'yahboomcar_laser' build argument 'catkin_cmake_args' from command line to 'None'
[1.925s] Level 5:colcon.colcon_core.verb:set package 'yahboomcar_laser' build argument 'catkin_skip_building_tests' from command line to 'False'
[1.925s] DEBUG:colcon.colcon_core.verb:Building package 'yahboomcar_laser' with the following arguments: {'ament_cmake_args': None, 'build_base': '/root/yahboomcar_ws/build/yahboomcar_laser', 'catkin_cmake_args': None, 'catkin_skip_building_tests': False, 'cmake_args': None, 'cmake_clean_cache': False, 'cmake_clean_first': False, 'cmake_force_configure': False, 'cmake_target': None, 'cmake_target_skip_unavailable': False, 'install_base': '/root/yahboomcar_ws/install/yahboomcar_laser', 'merge_install': False, 'path': '/root/yahboomcar_ws/src/yahboomcar_laser', 'symlink_install': False, 'test_result_base': None}
[1.941s] Level 5:colcon.colcon_core.verb:set package 'yahboomcar_mediapipe' build argument 'cmake_args' from command line to 'None'
[1.941s] Level 5:colcon.colcon_core.verb:set package 'yahboomcar_mediapipe' build argument 'cmake_target' from command line to 'None'
[1.941s] Level 5:colcon.colcon_core.verb:set package 'yahboomcar_mediapipe' build argument 'cmake_target_skip_unavailable' from command line to 'False'
[1.941s] Level 5:colcon.colcon_core.verb:set package 'yahboomcar_mediapipe' build argument 'cmake_clean_cache' from command line to 'False'
[1.941s] Level 5:colcon.colcon_core.verb:set package 'yahboomcar_mediapipe' build argument 'cmake_clean_first' from command line to 'False'
[1.941s] Level 5:colcon.colcon_core.verb:set package 'yahboomcar_mediapipe' build argument 'cmake_force_configure' from command line to 'False'
[1.941s] Level 5:colcon.colcon_core.verb:set package 'yahboomcar_mediapipe' build argument 'ament_cmake_args' from command line to 'None'
[1.941s] Level 5:colcon.colcon_core.verb:set package 'yahboomcar_mediapipe' build argument 'catkin_cmake_args' from command line to 'None'
[1.941s] Level 5:colcon.colcon_core.verb:set package 'yahboomcar_mediapipe' build argument 'catkin_skip_building_tests' from command line to 'False'
[1.941s] DEBUG:colcon.colcon_core.verb:Building package 'yahboomcar_mediapipe' with the following arguments: {'ament_cmake_args': None, 'build_base': '/root/yahboomcar_ws/build/yahboomcar_mediapipe', 'catkin_cmake_args': None, 'catkin_skip_building_tests': False, 'cmake_args': None, 'cmake_clean_cache': False, 'cmake_clean_first': False, 'cmake_force_configure': False, 'cmake_target': None, 'cmake_target_skip_unavailable': False, 'install_base': '/root/yahboomcar_ws/install/yahboomcar_mediapipe', 'merge_install': False, 'path': '/root/yahboomcar_ws/src/yahboomcar_mediapipe', 'symlink_install': False, 'test_result_base': None}
[1.958s] Level 5:colcon.colcon_core.verb:set package 'yahboomcar_msgs' build argument 'cmake_args' from command line to 'None'
[1.958s] Level 5:colcon.colcon_core.verb:set package 'yahboomcar_msgs' build argument 'cmake_target' from command line to 'None'
[1.958s] Level 5:colcon.colcon_core.verb:set package 'yahboomcar_msgs' build argument 'cmake_target_skip_unavailable' from command line to 'False'
[1.958s] Level 5:colcon.colcon_core.verb:set package 'yahboomcar_msgs' build argument 'cmake_clean_cache' from command line to 'False'
[1.958s] Level 5:colcon.colcon_core.verb:set package 'yahboomcar_msgs' build argument 'cmake_clean_first' from command line to 'False'
[1.958s] Level 5:colcon.colcon_core.verb:set package 'yahboomcar_msgs' build argument 'cmake_force_configure' from command line to 'False'
[1.958s] Level 5:colcon.colcon_core.verb:set package 'yahboomcar_msgs' build argument 'ament_cmake_args' from command line to 'None'
[1.958s] Level 5:colcon.colcon_core.verb:set package 'yahboomcar_msgs' build argument 'catkin_cmake_args' from command line to 'None'
[1.958s] Level 5:colcon.colcon_core.verb:set package 'yahboomcar_msgs' build argument 'catkin_skip_building_tests' from command line to 'False'
[1.958s] DEBUG:colcon.colcon_core.verb:Building package 'yahboomcar_msgs' with the following arguments: {'ament_cmake_args': None, 'build_base': '/root/yahboomcar_ws/build/yahboomcar_msgs', 'catkin_cmake_args': None, 'catkin_skip_building_tests': False, 'cmake_args': None, 'cmake_clean_cache': False, 'cmake_clean_first': False, 'cmake_force_configure': False, 'cmake_target': None, 'cmake_target_skip_unavailable': False, 'install_base': '/root/yahboomcar_ws/install/yahboomcar_msgs', 'merge_install': False, 'path': '/root/yahboomcar_ws/src/yahboomcar_msgs', 'symlink_install': False, 'test_result_base': None}
[1.974s] Level 5:colcon.colcon_core.verb:set package 'yahboomcar_multi' build argument 'cmake_args' from command line to 'None'
[1.974s] Level 5:colcon.colcon_core.verb:set package 'yahboomcar_multi' build argument 'cmake_target' from command line to 'None'
[1.974s] Level 5:colcon.colcon_core.verb:set package 'yahboomcar_multi' build argument 'cmake_target_skip_unavailable' from command line to 'False'
[1.974s] Level 5:colcon.colcon_core.verb:set package 'yahboomcar_multi' build argument 'cmake_clean_cache' from command line to 'False'
[1.974s] Level 5:colcon.colcon_core.verb:set package 'yahboomcar_multi' build argument 'cmake_clean_first' from command line to 'False'
[1.974s] Level 5:colcon.colcon_core.verb:set package 'yahboomcar_multi' build argument 'cmake_force_configure' from command line to 'False'
[1.974s] Level 5:colcon.colcon_core.verb:set package 'yahboomcar_multi' build argument 'ament_cmake_args' from command line to 'None'
[1.974s] Level 5:colcon.colcon_core.verb:set package 'yahboomcar_multi' build argument 'catkin_cmake_args' from command line to 'None'
[1.974s] Level 5:colcon.colcon_core.verb:set package 'yahboomcar_multi' build argument 'catkin_skip_building_tests' from command line to 'False'
[1.974s] DEBUG:colcon.colcon_core.verb:Building package 'yahboomcar_multi' with the following arguments: {'ament_cmake_args': None, 'build_base': '/root/yahboomcar_ws/build/yahboomcar_multi', 'catkin_cmake_args': None, 'catkin_skip_building_tests': False, 'cmake_args': None, 'cmake_clean_cache': False, 'cmake_clean_first': False, 'cmake_force_configure': False, 'cmake_target': None, 'cmake_target_skip_unavailable': False, 'install_base': '/root/yahboomcar_ws/install/yahboomcar_multi', 'merge_install': False, 'path': '/root/yahboomcar_ws/src/yahboomcar_multi', 'symlink_install': False, 'test_result_base': None}
[1.991s] Level 5:colcon.colcon_core.verb:set package 'yahboomcar_nav' build argument 'cmake_args' from command line to 'None'
[1.991s] Level 5:colcon.colcon_core.verb:set package 'yahboomcar_nav' build argument 'cmake_target' from command line to 'None'
[1.991s] Level 5:colcon.colcon_core.verb:set package 'yahboomcar_nav' build argument 'cmake_target_skip_unavailable' from command line to 'False'
[1.991s] Level 5:colcon.colcon_core.verb:set package 'yahboomcar_nav' build argument 'cmake_clean_cache' from command line to 'False'
[1.991s] Level 5:colcon.colcon_core.verb:set package 'yahboomcar_nav' build argument 'cmake_clean_first' from command line to 'False'
[1.991s] Level 5:colcon.colcon_core.verb:set package 'yahboomcar_nav' build argument 'cmake_force_configure' from command line to 'False'
[1.991s] Level 5:colcon.colcon_core.verb:set package 'yahboomcar_nav' build argument 'ament_cmake_args' from command line to 'None'
[1.991s] Level 5:colcon.colcon_core.verb:set package 'yahboomcar_nav' build argument 'catkin_cmake_args' from command line to 'None'
[1.991s] Level 5:colcon.colcon_core.verb:set package 'yahboomcar_nav' build argument 'catkin_skip_building_tests' from command line to 'False'
[1.991s] DEBUG:colcon.colcon_core.verb:Building package 'yahboomcar_nav' with the following arguments: {'ament_cmake_args': None, 'build_base': '/root/yahboomcar_ws/build/yahboomcar_nav', 'catkin_cmake_args': None, 'catkin_skip_building_tests': False, 'cmake_args': None, 'cmake_clean_cache': False, 'cmake_clean_first': False, 'cmake_force_configure': False, 'cmake_target': None, 'cmake_target_skip_unavailable': False, 'install_base': '/root/yahboomcar_ws/install/yahboomcar_nav', 'merge_install': False, 'path': '/root/yahboomcar_ws/src/yahboomcar_nav', 'symlink_install': False, 'test_result_base': None}
[2.007s] Level 5:colcon.colcon_core.verb:set package 'yahboomcar_visual' build argument 'cmake_args' from command line to 'None'
[2.007s] Level 5:colcon.colcon_core.verb:set package 'yahboomcar_visual' build argument 'cmake_target' from command line to 'None'
[2.007s] Level 5:colcon.colcon_core.verb:set package 'yahboomcar_visual' build argument 'cmake_target_skip_unavailable' from command line to 'False'
[2.007s] Level 5:colcon.colcon_core.verb:set package 'yahboomcar_visual' build argument 'cmake_clean_cache' from command line to 'False'
[2.007s] Level 5:colcon.colcon_core.verb:set package 'yahboomcar_visual' build argument 'cmake_clean_first' from command line to 'False'
[2.007s] Level 5:colcon.colcon_core.verb:set package 'yahboomcar_visual' build argument 'cmake_force_configure' from command line to 'False'
[2.008s] Level 5:colcon.colcon_core.verb:set package 'yahboomcar_visual' build argument 'ament_cmake_args' from command line to 'None'
[2.008s] Level 5:colcon.colcon_core.verb:set package 'yahboomcar_visual' build argument 'catkin_cmake_args' from command line to 'None'
[2.008s] Level 5:colcon.colcon_core.verb:set package 'yahboomcar_visual' build argument 'catkin_skip_building_tests' from command line to 'False'
[2.008s] DEBUG:colcon.colcon_core.verb:Building package 'yahboomcar_visual' with the following arguments: {'ament_cmake_args': None, 'build_base': '/root/yahboomcar_ws/build/yahboomcar_visual', 'catkin_cmake_args': None, 'catkin_skip_building_tests': False, 'cmake_args': None, 'cmake_clean_cache': False, 'cmake_clean_first': False, 'cmake_force_configure': False, 'cmake_target': None, 'cmake_target_skip_unavailable': False, 'install_base': '/root/yahboomcar_ws/install/yahboomcar_visual', 'merge_install': False, 'path': '/root/yahboomcar_ws/src/yahboomcar_visual', 'symlink_install': False, 'test_result_base': None}
[2.023s] INFO:colcon.colcon_core.executor:Executing jobs using 'parallel' executor
[2.041s] DEBUG:colcon.colcon_parallel_executor.executor.parallel:run_until_complete
[2.042s] INFO:colcon.colcon_ros.task.ament_python.build:Building ROS package in '/root/yahboomcar_ws/src/laserscan_to_point_publisher' with build type 'ament_python'
[2.042s] Level 1:colcon.colcon_core.shell:create_environment_hook('laserscan_to_point_publisher', 'ament_prefix_path')
[2.062s] INFO:colcon.colcon_core.plugin_system:Skipping extension 'colcon_core.shell.bat': Not used on non-Windows systems
[2.062s] INFO:colcon.colcon_core.shell:Creating environment hook '/root/yahboomcar_ws/install/laserscan_to_point_publisher/share/laserscan_to_point_publisher/hook/ament_prefix_path.ps1'
[2.063s] INFO:colcon.colcon_core.shell:Creating environment descriptor '/root/yahboomcar_ws/install/laserscan_to_point_publisher/share/laserscan_to_point_publisher/hook/ament_prefix_path.dsv'
[2.064s] INFO:colcon.colcon_core.shell:Creating environment hook '/root/yahboomcar_ws/install/laserscan_to_point_publisher/share/laserscan_to_point_publisher/hook/ament_prefix_path.sh'
[2.084s] INFO:colcon.colcon_core.shell:Skip shell extension 'powershell' for command environment: Not usable outside of PowerShell
[2.084s] DEBUG:colcon.colcon_core.shell:Skip shell extension 'dsv' for command environment
[2.181s] INFO:colcon.colcon_ros.task.ament_cmake.build:Building ROS package in '/root/yahboomcar_ws/src/robot_localization' with build type 'ament_cmake'
[2.181s] INFO:colcon.colcon_cmake.task.cmake.build:Building CMake package in '/root/yahboomcar_ws/src/robot_localization'
[2.200s] INFO:colcon.colcon_core.shell:Skip shell extension 'powershell' for command environment: Not usable outside of PowerShell
[2.200s] DEBUG:colcon.colcon_core.shell:Skip shell extension 'dsv' for command environment
[2.297s] INFO:colcon.colcon_ros.task.ament_cmake.build:Building ROS package in '/root/yahboomcar_ws/src/robot_pose_publisher_ros2' with build type 'ament_cmake'
[2.298s] INFO:colcon.colcon_cmake.task.cmake.build:Building CMake package in '/root/yahboomcar_ws/src/robot_pose_publisher_ros2'
[2.316s] INFO:colcon.colcon_core.shell:Skip shell extension 'powershell' for command environment: Not usable outside of PowerShell
[2.316s] DEBUG:colcon.colcon_core.shell:Skip shell extension 'dsv' for command environment
[2.413s] INFO:colcon.colcon_ros.task.ament_python.build:Building ROS package in '/root/yahboomcar_ws/src/yahboom_app_save_map' with build type 'ament_python'
[2.413s] Level 1:colcon.colcon_core.shell:create_environment_hook('yahboom_app_save_map', 'ament_prefix_path')
[2.431s] INFO:colcon.colcon_core.shell:Creating environment hook '/root/yahboomcar_ws/install/yahboom_app_save_map/share/yahboom_app_save_map/hook/ament_prefix_path.ps1'
[2.432s] INFO:colcon.colcon_core.shell:Creating environment descriptor '/root/yahboomcar_ws/install/yahboom_app_save_map/share/yahboom_app_save_map/hook/ament_prefix_path.dsv'
[2.432s] INFO:colcon.colcon_core.shell:Creating environment hook '/root/yahboomcar_ws/install/yahboom_app_save_map/share/yahboom_app_save_map/hook/ament_prefix_path.sh'
[2.453s] INFO:colcon.colcon_core.shell:Skip shell extension 'powershell' for command environment: Not usable outside of PowerShell
[2.453s] DEBUG:colcon.colcon_core.shell:Skip shell extension 'dsv' for command environment
[2.930s] INFO:colcon.colcon_core.task.python.build:Building Python package in '/root/yahboomcar_ws/src/laserscan_to_point_publisher'
[2.948s] INFO:colcon.colcon_core.shell:Skip shell extension 'powershell' for command environment: Not usable outside of PowerShell
[2.948s] DEBUG:colcon.colcon_core.shell:Skip shell extension 'dsv' for command environment
[3.043s] DEBUG:colcon.colcon_core.event_handler.log_command:Invoking command in '/root/yahboomcar_ws/build/robot_localization': CMAKE_PREFIX_PATH=${CMAKE_PREFIX_PATH}:/root/yahboomcar_ws/install/yahboomcar_visual:/root/yahboomcar_ws/install/yahboomcar_nav:/root/yahboomcar_ws/install/yahboomcar_multi:/root/yahboomcar_ws/install/yahboomcar_mediapipe:/root/yahboomcar_ws/install/yahboomcar_laser:/root/yahboomcar_ws/install/yahboomcar_description:/root/yahboomcar_ws/install/yahboomcar_ctrl:/root/yahboomcar_ws/install/yahboomcar_bringup:/root/yahboomcar_ws/install/yahboomcar_astra:/root/yahboomcar_ws/install/yahboom_app_save_map:/root/yahboomcar_ws/install/laserscan_to_point_publisher:/opt/ros/humble /usr/bin/cmake --build /root/yahboomcar_ws/build/robot_localization -- -j4 -l4
[3.051s] DEBUG:colcon.colcon_core.event_handler.log_command:Invoking command in '/root/yahboomcar_ws/build/robot_pose_publisher_ros2': CMAKE_PREFIX_PATH=${CMAKE_PREFIX_PATH}:/root/yahboomcar_ws/install/yahboomcar_visual:/root/yahboomcar_ws/install/yahboomcar_nav:/root/yahboomcar_ws/install/yahboomcar_multi:/root/yahboomcar_ws/install/yahboomcar_mediapipe:/root/yahboomcar_ws/install/yahboomcar_laser:/root/yahboomcar_ws/install/yahboomcar_description:/root/yahboomcar_ws/install/yahboomcar_ctrl:/root/yahboomcar_ws/install/yahboomcar_bringup:/root/yahboomcar_ws/install/yahboomcar_astra:/root/yahboomcar_ws/install/yahboom_app_save_map:/root/yahboomcar_ws/install/laserscan_to_point_publisher:/opt/ros/humble /usr/bin/cmake --build /root/yahboomcar_ws/build/robot_pose_publisher_ros2 -- -j4 -l4
[3.868s] INFO:colcon.colcon_core.task.python.build:Building Python package in '/root/yahboomcar_ws/src/yahboom_app_save_map'
[3.899s] INFO:colcon.colcon_core.shell:Skip shell extension 'powershell' for command environment: Not usable outside of PowerShell
[3.900s] DEBUG:colcon.colcon_core.shell:Skip shell extension 'dsv' for command environment
[4.063s] DEBUG:colcon.colcon_core.event_handler.log_command:Invoked command in '/root/yahboomcar_ws/build/robot_localization' returned '0': CMAKE_PREFIX_PATH=${CMAKE_PREFIX_PATH}:/root/yahboomcar_ws/install/yahboomcar_visual:/root/yahboomcar_ws/install/yahboomcar_nav:/root/yahboomcar_ws/install/yahboomcar_multi:/root/yahboomcar_ws/install/yahboomcar_mediapipe:/root/yahboomcar_ws/install/yahboomcar_laser:/root/yahboomcar_ws/install/yahboomcar_description:/root/yahboomcar_ws/install/yahboomcar_ctrl:/root/yahboomcar_ws/install/yahboomcar_bringup:/root/yahboomcar_ws/install/yahboomcar_astra:/root/yahboomcar_ws/install/yahboom_app_save_map:/root/yahboomcar_ws/install/laserscan_to_point_publisher:/opt/ros/humble /usr/bin/cmake --build /root/yahboomcar_ws/build/robot_localization -- -j4 -l4
[4.064s] DEBUG:colcon.colcon_core.event_handler.log_command:Invoked command in '/root/yahboomcar_ws/build/robot_pose_publisher_ros2' returned '0': CMAKE_PREFIX_PATH=${CMAKE_PREFIX_PATH}:/root/yahboomcar_ws/install/yahboomcar_visual:/root/yahboomcar_ws/install/yahboomcar_nav:/root/yahboomcar_ws/install/yahboomcar_multi:/root/yahboomcar_ws/install/yahboomcar_mediapipe:/root/yahboomcar_ws/install/yahboomcar_laser:/root/yahboomcar_ws/install/yahboomcar_description:/root/yahboomcar_ws/install/yahboomcar_ctrl:/root/yahboomcar_ws/install/yahboomcar_bringup:/root/yahboomcar_ws/install/yahboomcar_astra:/root/yahboomcar_ws/install/yahboom_app_save_map:/root/yahboomcar_ws/install/laserscan_to_point_publisher:/opt/ros/humble /usr/bin/cmake --build /root/yahboomcar_ws/build/robot_pose_publisher_ros2 -- -j4 -l4
[4.148s] DEBUG:colcon.colcon_core.event_handler.log_command:Invoking command in '/root/yahboomcar_ws/build/robot_pose_publisher_ros2': CMAKE_PREFIX_PATH=${CMAKE_PREFIX_PATH}:/root/yahboomcar_ws/install/yahboomcar_visual:/root/yahboomcar_ws/install/yahboomcar_nav:/root/yahboomcar_ws/install/yahboomcar_multi:/root/yahboomcar_ws/install/yahboomcar_mediapipe:/root/yahboomcar_ws/install/yahboomcar_laser:/root/yahboomcar_ws/install/yahboomcar_description:/root/yahboomcar_ws/install/yahboomcar_ctrl:/root/yahboomcar_ws/install/yahboomcar_bringup:/root/yahboomcar_ws/install/yahboomcar_astra:/root/yahboomcar_ws/install/yahboom_app_save_map:/root/yahboomcar_ws/install/laserscan_to_point_publisher:/opt/ros/humble /usr/bin/cmake --install /root/yahboomcar_ws/build/robot_pose_publisher_ros2
[4.179s] Level 1:colcon.colcon_core.environment:create_environment_scripts_only(robot_pose_publisher_ros2)
[4.182s] DEBUG:colcon.colcon_core.event_handler.log_command:Invoked command in '/root/yahboomcar_ws/build/robot_pose_publisher_ros2' returned '0': CMAKE_PREFIX_PATH=${CMAKE_PREFIX_PATH}:/root/yahboomcar_ws/install/yahboomcar_visual:/root/yahboomcar_ws/install/yahboomcar_nav:/root/yahboomcar_ws/install/yahboomcar_multi:/root/yahboomcar_ws/install/yahboomcar_mediapipe:/root/yahboomcar_ws/install/yahboomcar_laser:/root/yahboomcar_ws/install/yahboomcar_description:/root/yahboomcar_ws/install/yahboomcar_ctrl:/root/yahboomcar_ws/install/yahboomcar_bringup:/root/yahboomcar_ws/install/yahboomcar_astra:/root/yahboomcar_ws/install/yahboom_app_save_map:/root/yahboomcar_ws/install/laserscan_to_point_publisher:/opt/ros/humble /usr/bin/cmake --install /root/yahboomcar_ws/build/robot_pose_publisher_ros2
[4.219s] Level 1:colcon.colcon_core.environment:checking '/root/yahboomcar_ws/install/robot_pose_publisher_ros2' for CMake module files
[4.220s] Level 1:colcon.colcon_core.environment:checking '/root/yahboomcar_ws/install/robot_pose_publisher_ros2' for CMake config files
[4.221s] Level 1:colcon.colcon_core.shell:create_environment_hook('robot_pose_publisher_ros2', 'cmake_prefix_path')
[4.254s] INFO:colcon.colcon_core.shell:Creating environment hook '/root/yahboomcar_ws/install/robot_pose_publisher_ros2/share/robot_pose_publisher_ros2/hook/cmake_prefix_path.ps1'
[4.256s] INFO:colcon.colcon_core.shell:Creating environment descriptor '/root/yahboomcar_ws/install/robot_pose_publisher_ros2/share/robot_pose_publisher_ros2/hook/cmake_prefix_path.dsv'
[4.256s] INFO:colcon.colcon_core.shell:Creating environment hook '/root/yahboomcar_ws/install/robot_pose_publisher_ros2/share/robot_pose_publisher_ros2/hook/cmake_prefix_path.sh'
[4.259s] Level 1:colcon.colcon_core.environment:checking '/root/yahboomcar_ws/install/robot_pose_publisher_ros2/lib'
[4.259s] Level 1:colcon.colcon_core.environment:checking '/root/yahboomcar_ws/install/robot_pose_publisher_ros2/bin'
[4.259s] Level 1:colcon.colcon_core.environment:checking '/root/yahboomcar_ws/install/robot_pose_publisher_ros2/lib/pkgconfig/robot_pose_publisher_ros2.pc'
[4.260s] Level 1:colcon.colcon_core.environment:checking '/root/yahboomcar_ws/install/robot_pose_publisher_ros2/lib/python3.10/site-packages'
[4.260s] Level 1:colcon.colcon_core.environment:checking '/root/yahboomcar_ws/install/robot_pose_publisher_ros2/bin'
[4.295s] INFO:colcon.colcon_core.shell:Creating package script '/root/yahboomcar_ws/install/robot_pose_publisher_ros2/share/robot_pose_publisher_ros2/package.ps1'
[4.297s] INFO:colcon.colcon_core.shell:Creating package descriptor '/root/yahboomcar_ws/install/robot_pose_publisher_ros2/share/robot_pose_publisher_ros2/package.dsv'
[4.298s] INFO:colcon.colcon_core.shell:Creating package script '/root/yahboomcar_ws/install/robot_pose_publisher_ros2/share/robot_pose_publisher_ros2/package.sh'
[4.299s] INFO:colcon.colcon_core.shell:Creating package script '/root/yahboomcar_ws/install/robot_pose_publisher_ros2/share/robot_pose_publisher_ros2/package.bash'
[4.301s] INFO:colcon.colcon_core.shell:Creating package script '/root/yahboomcar_ws/install/robot_pose_publisher_ros2/share/robot_pose_publisher_ros2/package.zsh'
[4.302s] Level 1:colcon.colcon_core.environment:create_file_with_runtime_dependencies(/root/yahboomcar_ws/install/robot_pose_publisher_ros2/share/colcon-core/packages/robot_pose_publisher_ros2)
[4.376s] Level 1:colcon.colcon_core.environment:create_environment_scripts_only(robot_pose_publisher_ros2)
[4.411s] Level 1:colcon.colcon_core.environment:checking '/root/yahboomcar_ws/install/robot_pose_publisher_ros2' for CMake module files
[4.412s] Level 1:colcon.colcon_core.environment:checking '/root/yahboomcar_ws/install/robot_pose_publisher_ros2' for CMake config files
[4.413s] Level 1:colcon.colcon_core.shell:create_environment_hook('robot_pose_publisher_ros2', 'cmake_prefix_path')
[4.445s] INFO:colcon.colcon_core.shell:Creating environment hook '/root/yahboomcar_ws/install/robot_pose_publisher_ros2/share/robot_pose_publisher_ros2/hook/cmake_prefix_path.ps1'
[4.446s] INFO:colcon.colcon_core.shell:Creating environment descriptor '/root/yahboomcar_ws/install/robot_pose_publisher_ros2/share/robot_pose_publisher_ros2/hook/cmake_prefix_path.dsv'
[4.447s] INFO:colcon.colcon_core.shell:Creating environment hook '/root/yahboomcar_ws/install/robot_pose_publisher_ros2/share/robot_pose_publisher_ros2/hook/cmake_prefix_path.sh'
[4.449s] Level 1:colcon.colcon_core.environment:checking '/root/yahboomcar_ws/install/robot_pose_publisher_ros2/lib'
[4.449s] Level 1:colcon.colcon_core.environment:checking '/root/yahboomcar_ws/install/robot_pose_publisher_ros2/bin'
[4.449s] Level 1:colcon.colcon_core.environment:checking '/root/yahboomcar_ws/install/robot_pose_publisher_ros2/lib/pkgconfig/robot_pose_publisher_ros2.pc'
[4.450s] Level 1:colcon.colcon_core.environment:checking '/root/yahboomcar_ws/install/robot_pose_publisher_ros2/lib/python3.10/site-packages'
[4.451s] Level 1:colcon.colcon_core.environment:checking '/root/yahboomcar_ws/install/robot_pose_publisher_ros2/bin'
[4.485s] INFO:colcon.colcon_core.shell:Creating package script '/root/yahboomcar_ws/install/robot_pose_publisher_ros2/share/robot_pose_publisher_ros2/package.ps1'
[4.486s] INFO:colcon.colcon_core.shell:Creating package descriptor '/root/yahboomcar_ws/install/robot_pose_publisher_ros2/share/robot_pose_publisher_ros2/package.dsv'
[4.488s] INFO:colcon.colcon_core.shell:Creating package script '/root/yahboomcar_ws/install/robot_pose_publisher_ros2/share/robot_pose_publisher_ros2/package.sh'
[4.489s] INFO:colcon.colcon_core.shell:Creating package script '/root/yahboomcar_ws/install/robot_pose_publisher_ros2/share/robot_pose_publisher_ros2/package.bash'
[4.491s] INFO:colcon.colcon_core.shell:Creating package script '/root/yahboomcar_ws/install/robot_pose_publisher_ros2/share/robot_pose_publisher_ros2/package.zsh'
[4.493s] Level 1:colcon.colcon_core.environment:create_file_with_runtime_dependencies(/root/yahboomcar_ws/install/robot_pose_publisher_ros2/share/colcon-core/packages/robot_pose_publisher_ros2)
[4.494s] INFO:colcon.colcon_ros.task.ament_cmake.build:Building ROS package in '/root/yahboomcar_ws/src/yahboom_web_savmap_interfaces' with build type 'ament_cmake'
[4.495s] INFO:colcon.colcon_cmake.task.cmake.build:Building CMake package in '/root/yahboomcar_ws/src/yahboom_web_savmap_interfaces'
[4.533s] INFO:colcon.colcon_core.shell:Skip shell extension 'powershell' for command environment: Not usable outside of PowerShell
[4.533s] DEBUG:colcon.colcon_core.shell:Skip shell extension 'dsv' for command environment
[4.684s] DEBUG:colcon.colcon_core.event_handler.log_command:Invoking command in '/root/yahboomcar_ws/build/robot_localization': CMAKE_PREFIX_PATH=${CMAKE_PREFIX_PATH}:/root/yahboomcar_ws/install/yahboomcar_visual:/root/yahboomcar_ws/install/yahboomcar_nav:/root/yahboomcar_ws/install/yahboomcar_multi:/root/yahboomcar_ws/install/yahboomcar_mediapipe:/root/yahboomcar_ws/install/yahboomcar_laser:/root/yahboomcar_ws/install/yahboomcar_description:/root/yahboomcar_ws/install/yahboomcar_ctrl:/root/yahboomcar_ws/install/yahboomcar_bringup:/root/yahboomcar_ws/install/yahboomcar_astra:/root/yahboomcar_ws/install/yahboom_app_save_map:/root/yahboomcar_ws/install/laserscan_to_point_publisher:/opt/ros/humble /usr/bin/cmake --install /root/yahboomcar_ws/build/robot_localization
[4.742s] DEBUG:colcon.colcon_core.event_handler.log_command:Invoking command in '/root/yahboomcar_ws/build/yahboom_web_savmap_interfaces': CMAKE_PREFIX_PATH=${CMAKE_PREFIX_PATH}:/root/yahboomcar_ws/install/yahboomcar_visual:/root/yahboomcar_ws/install/yahboomcar_nav:/root/yahboomcar_ws/install/yahboomcar_multi:/root/yahboomcar_ws/install/yahboomcar_mediapipe:/root/yahboomcar_ws/install/yahboomcar_laser:/root/yahboomcar_ws/install/yahboomcar_description:/root/yahboomcar_ws/install/yahboomcar_ctrl:/root/yahboomcar_ws/install/yahboomcar_bringup:/root/yahboomcar_ws/install/yahboomcar_astra:/root/yahboomcar_ws/install/yahboom_app_save_map:/root/yahboomcar_ws/install/laserscan_to_point_publisher:/opt/ros/humble /usr/bin/cmake --build /root/yahboomcar_ws/build/yahboom_web_savmap_interfaces -- -j4 -l4
[4.858s] DEBUG:colcon.colcon_core.event_handler.log_command:Invoking command in '/root/yahboomcar_ws/src/yahboom_app_save_map': PYTHONPATH=/root/yahboomcar_ws/build/yahboom_app_save_map/prefix_override:/root/yahboomcar_ws/install/yahboom_app_save_map/lib/python3.10/site-packages:${PYTHONPATH} /usr/bin/python3 setup.py egg_info --egg-base ../../build/yahboom_app_save_map build --build-base /root/yahboomcar_ws/build/yahboom_app_save_map/build install --record /root/yahboomcar_ws/build/yahboom_app_save_map/install.log --single-version-externally-managed
[4.935s] Level 1:colcon.colcon_core.environment:create_environment_scripts_only(robot_localization)
[4.962s] DEBUG:colcon.colcon_core.event_handler.log_command:Invoked command in '/root/yahboomcar_ws/build/robot_localization' returned '0': CMAKE_PREFIX_PATH=${CMAKE_PREFIX_PATH}:/root/yahboomcar_ws/install/yahboomcar_visual:/root/yahboomcar_ws/install/yahboomcar_nav:/root/yahboomcar_ws/install/yahboomcar_multi:/root/yahboomcar_ws/install/yahboomcar_mediapipe:/root/yahboomcar_ws/install/yahboomcar_laser:/root/yahboomcar_ws/install/yahboomcar_description:/root/yahboomcar_ws/install/yahboomcar_ctrl:/root/yahboomcar_ws/install/yahboomcar_bringup:/root/yahboomcar_ws/install/yahboomcar_astra:/root/yahboomcar_ws/install/yahboom_app_save_map:/root/yahboomcar_ws/install/laserscan_to_point_publisher:/opt/ros/humble /usr/bin/cmake --install /root/yahboomcar_ws/build/robot_localization
[5.027s] Level 1:colcon.colcon_core.environment:checking '/root/yahboomcar_ws/install/robot_localization' for CMake module files
[5.030s] Level 1:colcon.colcon_core.environment:checking '/root/yahboomcar_ws/install/robot_localization' for CMake config files
[5.034s] Level 1:colcon.colcon_core.shell:create_environment_hook('robot_localization', 'cmake_prefix_path')
[5.088s] INFO:colcon.colcon_core.shell:Creating environment hook '/root/yahboomcar_ws/install/robot_localization/share/robot_localization/hook/cmake_prefix_path.ps1'
[5.089s] INFO:colcon.colcon_core.shell:Creating environment descriptor '/root/yahboomcar_ws/install/robot_localization/share/robot_localization/hook/cmake_prefix_path.dsv'
[5.089s] INFO:colcon.colcon_core.shell:Creating environment hook '/root/yahboomcar_ws/install/robot_localization/share/robot_localization/hook/cmake_prefix_path.sh'
[5.090s] Level 1:colcon.colcon_core.environment:checking '/root/yahboomcar_ws/install/robot_localization/lib'
[5.091s] Level 1:colcon.colcon_core.shell:create_environment_hook('robot_localization', 'ld_library_path_lib')
[5.120s] INFO:colcon.colcon_core.shell:Creating environment hook '/root/yahboomcar_ws/install/robot_localization/share/robot_localization/hook/ld_library_path_lib.ps1'
[5.121s] INFO:colcon.colcon_core.shell:Creating environment descriptor '/root/yahboomcar_ws/install/robot_localization/share/robot_localization/hook/ld_library_path_lib.dsv'
[5.122s] INFO:colcon.colcon_core.shell:Creating environment hook '/root/yahboomcar_ws/install/robot_localization/share/robot_localization/hook/ld_library_path_lib.sh'
[5.123s] Level 1:colcon.colcon_core.environment:checking '/root/yahboomcar_ws/install/robot_localization/bin'
[5.123s] Level 1:colcon.colcon_core.environment:checking '/root/yahboomcar_ws/install/robot_localization/lib/pkgconfig/robot_localization.pc'
[5.124s] Level 1:colcon.colcon_core.environment:checking '/root/yahboomcar_ws/install/robot_localization/lib/python3.10/site-packages'
[5.124s] Level 1:colcon.colcon_core.environment:checking '/root/yahboomcar_ws/install/robot_localization/bin'
[5.156s] INFO:colcon.colcon_core.shell:Creating package script '/root/yahboomcar_ws/install/robot_localization/share/robot_localization/package.ps1'
[5.157s] INFO:colcon.colcon_core.shell:Creating package descriptor '/root/yahboomcar_ws/install/robot_localization/share/robot_localization/package.dsv'
[5.158s] INFO:colcon.colcon_core.shell:Creating package script '/root/yahboomcar_ws/install/robot_localization/share/robot_localization/package.sh'
[5.159s] INFO:colcon.colcon_core.shell:Creating package script '/root/yahboomcar_ws/install/robot_localization/share/robot_localization/package.bash'
[5.160s] INFO:colcon.colcon_core.shell:Creating package script '/root/yahboomcar_ws/install/robot_localization/share/robot_localization/package.zsh'
[5.161s] Level 1:colcon.colcon_core.environment:create_file_with_runtime_dependencies(/root/yahboomcar_ws/install/robot_localization/share/colcon-core/packages/robot_localization)
[5.182s] DEBUG:colcon.colcon_core.event_handler.log_command:Invoking command in '/root/yahboomcar_ws/src/laserscan_to_point_publisher': PYTHONPATH=/root/yahboomcar_ws/build/laserscan_to_point_publisher/prefix_override:/root/yahboomcar_ws/install/laserscan_to_point_publisher/lib/python3.10/site-packages:${PYTHONPATH} /usr/bin/python3 setup.py egg_info --egg-base ../../build/laserscan_to_point_publisher build --build-base /root/yahboomcar_ws/build/laserscan_to_point_publisher/build install --record /root/yahboomcar_ws/build/laserscan_to_point_publisher/install.log --single-version-externally-managed
[5.647s] DEBUG:colcon.colcon_core.event_handler.log_command:Invoked command in '/root/yahboomcar_ws/src/yahboom_app_save_map' returned '0': PYTHONPATH=/root/yahboomcar_ws/build/yahboom_app_save_map/prefix_override:/root/yahboomcar_ws/install/yahboom_app_save_map/lib/python3.10/site-packages:${PYTHONPATH} /usr/bin/python3 setup.py egg_info --egg-base ../../build/yahboom_app_save_map build --build-base /root/yahboomcar_ws/build/yahboom_app_save_map/build install --record /root/yahboomcar_ws/build/yahboom_app_save_map/install.log --single-version-externally-managed
[5.676s] Level 1:colcon.colcon_core.environment:checking '/root/yahboomcar_ws/install/yahboom_app_save_map' for CMake module files
[5.677s] Level 1:colcon.colcon_core.environment:checking '/root/yahboomcar_ws/install/yahboom_app_save_map' for CMake config files
[5.679s] Level 1:colcon.colcon_core.environment:checking '/root/yahboomcar_ws/install/yahboom_app_save_map/lib'
[5.680s] Level 1:colcon.colcon_core.environment:checking '/root/yahboomcar_ws/install/yahboom_app_save_map/bin'
[5.681s] Level 1:colcon.colcon_core.environment:checking '/root/yahboomcar_ws/install/yahboom_app_save_map/lib/pkgconfig/yahboom_app_save_map.pc'
[5.681s] Level 1:colcon.colcon_core.environment:checking '/root/yahboomcar_ws/install/yahboom_app_save_map/lib/python3.10/site-packages'
[5.682s] Level 1:colcon.colcon_core.shell:create_environment_hook('yahboom_app_save_map', 'pythonpath')
[5.728s] INFO:colcon.colcon_core.shell:Creating environment hook '/root/yahboomcar_ws/install/yahboom_app_save_map/share/yahboom_app_save_map/hook/pythonpath.ps1'
[5.729s] INFO:colcon.colcon_core.shell:Creating environment descriptor '/root/yahboomcar_ws/install/yahboom_app_save_map/share/yahboom_app_save_map/hook/pythonpath.dsv'
[5.730s] INFO:colcon.colcon_core.shell:Creating environment hook '/root/yahboomcar_ws/install/yahboom_app_save_map/share/yahboom_app_save_map/hook/pythonpath.sh'
[5.731s] Level 1:colcon.colcon_core.environment:checking '/root/yahboomcar_ws/install/yahboom_app_save_map/bin'
[5.732s] Level 1:colcon.colcon_core.environment:create_environment_scripts_only(yahboom_app_save_map)
[5.771s] INFO:colcon.colcon_core.shell:Creating package script '/root/yahboomcar_ws/install/yahboom_app_save_map/share/yahboom_app_save_map/package.ps1'
[5.773s] INFO:colcon.colcon_core.shell:Creating package descriptor '/root/yahboomcar_ws/install/yahboom_app_save_map/share/yahboom_app_save_map/package.dsv'
[5.774s] INFO:colcon.colcon_core.shell:Creating package script '/root/yahboomcar_ws/install/yahboom_app_save_map/share/yahboom_app_save_map/package.sh'
[5.776s] INFO:colcon.colcon_core.shell:Creating package script '/root/yahboomcar_ws/install/yahboom_app_save_map/share/yahboom_app_save_map/package.bash'
[5.777s] INFO:colcon.colcon_core.shell:Creating package script '/root/yahboomcar_ws/install/yahboom_app_save_map/share/yahboom_app_save_map/package.zsh'
[5.778s] Level 1:colcon.colcon_core.environment:create_file_with_runtime_dependencies(/root/yahboomcar_ws/install/yahboom_app_save_map/share/colcon-core/packages/yahboom_app_save_map)
[5.779s] INFO:colcon.colcon_ros.task.ament_python.build:Building ROS package in '/root/yahboomcar_ws/src/yahboomcar_astra' with build type 'ament_python'
[5.780s] Level 1:colcon.colcon_core.shell:create_environment_hook('yahboomcar_astra', 'ament_prefix_path')
[5.813s] INFO:colcon.colcon_core.shell:Creating environment hook '/root/yahboomcar_ws/install/yahboomcar_astra/share/yahboomcar_astra/hook/ament_prefix_path.ps1'
[5.816s] INFO:colcon.colcon_core.shell:Creating environment descriptor '/root/yahboomcar_ws/install/yahboomcar_astra/share/yahboomcar_astra/hook/ament_prefix_path.dsv'
[5.817s] INFO:colcon.colcon_core.shell:Creating environment hook '/root/yahboomcar_ws/install/yahboomcar_astra/share/yahboomcar_astra/hook/ament_prefix_path.sh'
[5.839s] INFO:colcon.colcon_core.shell:Skip shell extension 'powershell' for command environment: Not usable outside of PowerShell
[5.840s] DEBUG:colcon.colcon_core.shell:Skip shell extension 'dsv' for command environment
[5.979s] Level 1:colcon.colcon_core.environment:create_environment_scripts_only(robot_localization)
[5.996s] Level 1:colcon.colcon_core.environment:checking '/root/yahboomcar_ws/install/robot_localization' for CMake module files
[5.997s] Level 1:colcon.colcon_core.environment:checking '/root/yahboomcar_ws/install/robot_localization' for CMake config files
[6.000s] Level 1:colcon.colcon_core.shell:create_environment_hook('robot_localization', 'cmake_prefix_path')
[6.020s] INFO:colcon.colcon_core.shell:Creating environment hook '/root/yahboomcar_ws/install/robot_localization/share/robot_localization/hook/cmake_prefix_path.ps1'
[6.020s] INFO:colcon.colcon_core.shell:Creating environment descriptor '/root/yahboomcar_ws/install/robot_localization/share/robot_localization/hook/cmake_prefix_path.dsv'
[6.021s] INFO:colcon.colcon_core.shell:Creating environment hook '/root/yahboomcar_ws/install/robot_localization/share/robot_localization/hook/cmake_prefix_path.sh'
[6.022s] Level 1:colcon.colcon_core.environment:checking '/root/yahboomcar_ws/install/robot_localization/lib'
[6.022s] Level 1:colcon.colcon_core.shell:create_environment_hook('robot_localization', 'ld_library_path_lib')
[6.039s] INFO:colcon.colcon_core.shell:Creating environment hook '/root/yahboomcar_ws/install/robot_localization/share/robot_localization/hook/ld_library_path_lib.ps1'
[6.039s] INFO:colcon.colcon_core.shell:Creating environment descriptor '/root/yahboomcar_ws/install/robot_localization/share/robot_localization/hook/ld_library_path_lib.dsv'
[6.040s] INFO:colcon.colcon_core.shell:Creating environment hook '/root/yahboomcar_ws/install/robot_localization/share/robot_localization/hook/ld_library_path_lib.sh'
[6.040s] Level 1:colcon.colcon_core.environment:checking '/root/yahboomcar_ws/install/robot_localization/bin'
[6.040s] Level 1:colcon.colcon_core.environment:checking '/root/yahboomcar_ws/install/robot_localization/lib/pkgconfig/robot_localization.pc'
[6.041s] Level 1:colcon.colcon_core.environment:checking '/root/yahboomcar_ws/install/robot_localization/lib/python3.10/site-packages'
[6.041s] Level 1:colcon.colcon_core.environment:checking '/root/yahboomcar_ws/install/robot_localization/bin'
[6.058s] INFO:colcon.colcon_core.shell:Creating package script '/root/yahboomcar_ws/install/robot_localization/share/robot_localization/package.ps1'
[6.058s] INFO:colcon.colcon_core.shell:Creating package descriptor '/root/yahboomcar_ws/install/robot_localization/share/robot_localization/package.dsv'
[6.059s] INFO:colcon.colcon_core.shell:Creating package script '/root/yahboomcar_ws/install/robot_localization/share/robot_localization/package.sh'
[6.060s] INFO:colcon.colcon_core.shell:Creating package script '/root/yahboomcar_ws/install/robot_localization/share/robot_localization/package.bash'
[6.060s] INFO:colcon.colcon_core.shell:Creating package script '/root/yahboomcar_ws/install/robot_localization/share/robot_localization/package.zsh'
[6.060s] Level 1:colcon.colcon_core.environment:create_file_with_runtime_dependencies(/root/yahboomcar_ws/install/robot_localization/share/colcon-core/packages/robot_localization)
[6.061s] INFO:colcon.colcon_ros.task.ament_cmake.build:Building ROS package in '/root/yahboomcar_ws/src/yahboomcar_base_node' with build type 'ament_cmake'
[6.062s] INFO:colcon.colcon_cmake.task.cmake.build:Building CMake package in '/root/yahboomcar_ws/src/yahboomcar_base_node'
[6.084s] INFO:colcon.colcon_core.shell:Skip shell extension 'powershell' for command environment: Not usable outside of PowerShell
[6.084s] DEBUG:colcon.colcon_core.shell:Skip shell extension 'dsv' for command environment
[6.187s] DEBUG:colcon.colcon_core.event_handler.log_command:Invoked command in '/root/yahboomcar_ws/build/yahboom_web_savmap_interfaces' returned '0': CMAKE_PREFIX_PATH=${CMAKE_PREFIX_PATH}:/root/yahboomcar_ws/install/yahboomcar_visual:/root/yahboomcar_ws/install/yahboomcar_nav:/root/yahboomcar_ws/install/yahboomcar_multi:/root/yahboomcar_ws/install/yahboomcar_mediapipe:/root/yahboomcar_ws/install/yahboomcar_laser:/root/yahboomcar_ws/install/yahboomcar_description:/root/yahboomcar_ws/install/yahboomcar_ctrl:/root/yahboomcar_ws/install/yahboomcar_bringup:/root/yahboomcar_ws/install/yahboomcar_astra:/root/yahboomcar_ws/install/yahboom_app_save_map:/root/yahboomcar_ws/install/laserscan_to_point_publisher:/opt/ros/humble /usr/bin/cmake --build /root/yahboomcar_ws/build/yahboom_web_savmap_interfaces -- -j4 -l4
[6.604s] INFO:colcon.colcon_core.task.python.build:Building Python package in '/root/yahboomcar_ws/src/yahboomcar_astra'
[6.623s] INFO:colcon.colcon_core.shell:Skip shell extension 'powershell' for command environment: Not usable outside of PowerShell
[6.623s] DEBUG:colcon.colcon_core.shell:Skip shell extension 'dsv' for command environment
[6.717s] DEBUG:colcon.colcon_core.event_handler.log_command:Invoked command in '/root/yahboomcar_ws/src/laserscan_to_point_publisher' returned '0': PYTHONPATH=/root/yahboomcar_ws/build/laserscan_to_point_publisher/prefix_override:/root/yahboomcar_ws/install/laserscan_to_point_publisher/lib/python3.10/site-packages:${PYTHONPATH} /usr/bin/python3 setup.py egg_info --egg-base ../../build/laserscan_to_point_publisher build --build-base /root/yahboomcar_ws/build/laserscan_to_point_publisher/build install --record /root/yahboomcar_ws/build/laserscan_to_point_publisher/install.log --single-version-externally-managed
[6.737s] Level 1:colcon.colcon_core.environment:checking '/root/yahboomcar_ws/install/laserscan_to_point_publisher' for CMake module files
[6.738s] Level 1:colcon.colcon_core.environment:checking '/root/yahboomcar_ws/install/laserscan_to_point_publisher' for CMake config files
[6.739s] Level 1:colcon.colcon_core.environment:checking '/root/yahboomcar_ws/install/laserscan_to_point_publisher/lib'
[6.739s] Level 1:colcon.colcon_core.environment:checking '/root/yahboomcar_ws/install/laserscan_to_point_publisher/bin'
[6.739s] Level 1:colcon.colcon_core.environment:checking '/root/yahboomcar_ws/install/laserscan_to_point_publisher/lib/pkgconfig/laserscan_to_point_publisher.pc'
[6.739s] Level 1:colcon.colcon_core.environment:checking '/root/yahboomcar_ws/install/laserscan_to_point_publisher/lib/python3.10/site-packages'
[6.739s] Level 1:colcon.colcon_core.shell:create_environment_hook('laserscan_to_point_publisher', 'pythonpath')
[6.757s] INFO:colcon.colcon_core.shell:Creating environment hook '/root/yahboomcar_ws/install/laserscan_to_point_publisher/share/laserscan_to_point_publisher/hook/pythonpath.ps1'
[6.758s] INFO:colcon.colcon_core.shell:Creating environment descriptor '/root/yahboomcar_ws/install/laserscan_to_point_publisher/share/laserscan_to_point_publisher/hook/pythonpath.dsv'
[6.759s] INFO:colcon.colcon_core.shell:Creating environment hook '/root/yahboomcar_ws/install/laserscan_to_point_publisher/share/laserscan_to_point_publisher/hook/pythonpath.sh'
[6.759s] Level 1:colcon.colcon_core.environment:checking '/root/yahboomcar_ws/install/laserscan_to_point_publisher/bin'
[6.760s] Level 1:colcon.colcon_core.environment:create_environment_scripts_only(laserscan_to_point_publisher)
[6.777s] INFO:colcon.colcon_core.shell:Creating package script '/root/yahboomcar_ws/install/laserscan_to_point_publisher/share/laserscan_to_point_publisher/package.ps1'
[6.779s] INFO:colcon.colcon_core.shell:Creating package descriptor '/root/yahboomcar_ws/install/laserscan_to_point_publisher/share/laserscan_to_point_publisher/package.dsv'
[6.779s] INFO:colcon.colcon_core.shell:Creating package script '/root/yahboomcar_ws/install/laserscan_to_point_publisher/share/laserscan_to_point_publisher/package.sh'
[6.780s] INFO:colcon.colcon_core.shell:Creating package script '/root/yahboomcar_ws/install/laserscan_to_point_publisher/share/laserscan_to_point_publisher/package.bash'
[6.780s] INFO:colcon.colcon_core.shell:Creating package script '/root/yahboomcar_ws/install/laserscan_to_point_publisher/share/laserscan_to_point_publisher/package.zsh'
[6.781s] Level 1:colcon.colcon_core.environment:create_file_with_runtime_dependencies(/root/yahboomcar_ws/install/laserscan_to_point_publisher/share/colcon-core/packages/laserscan_to_point_publisher)
[6.783s] INFO:colcon.colcon_ros.task.ament_python.build:Building ROS package in '/root/yahboomcar_ws/src/yahboomcar_bringup' with build type 'ament_python'
[6.783s] Level 1:colcon.colcon_core.shell:create_environment_hook('yahboomcar_bringup', 'ament_prefix_path')
[6.804s] INFO:colcon.colcon_core.shell:Creating environment hook '/root/yahboomcar_ws/install/yahboomcar_bringup/share/yahboomcar_bringup/hook/ament_prefix_path.ps1'
[6.804s] INFO:colcon.colcon_core.shell:Creating environment descriptor '/root/yahboomcar_ws/install/yahboomcar_bringup/share/yahboomcar_bringup/hook/ament_prefix_path.dsv'
[6.805s] INFO:colcon.colcon_core.shell:Creating environment hook '/root/yahboomcar_ws/install/yahboomcar_bringup/share/yahboomcar_bringup/hook/ament_prefix_path.sh'
[6.826s] INFO:colcon.colcon_core.shell:Skip shell extension 'powershell' for command environment: Not usable outside of PowerShell
[6.826s] DEBUG:colcon.colcon_core.shell:Skip shell extension 'dsv' for command environment
[6.930s] DEBUG:colcon.colcon_core.event_handler.log_command:Invoking command in '/root/yahboomcar_ws/build/yahboomcar_base_node': CMAKE_PREFIX_PATH=${CMAKE_PREFIX_PATH}:/root/yahboomcar_ws/install/yahboomcar_visual:/root/yahboomcar_ws/install/yahboomcar_nav:/root/yahboomcar_ws/install/yahboomcar_multi:/root/yahboomcar_ws/install/yahboomcar_mediapipe:/root/yahboomcar_ws/install/yahboomcar_laser:/root/yahboomcar_ws/install/yahboomcar_description:/root/yahboomcar_ws/install/yahboomcar_ctrl:/root/yahboomcar_ws/install/yahboomcar_bringup:/root/yahboomcar_ws/install/yahboomcar_astra:/root/yahboomcar_ws/install/yahboom_app_save_map:/root/yahboomcar_ws/install/laserscan_to_point_publisher:/opt/ros/humble /usr/bin/cmake --build /root/yahboomcar_ws/build/yahboomcar_base_node -- -j4 -l4
[6.931s] DEBUG:colcon.colcon_core.event_handler.log_command:Invoking command in '/root/yahboomcar_ws/build/yahboom_web_savmap_interfaces': CMAKE_PREFIX_PATH=${CMAKE_PREFIX_PATH}:/root/yahboomcar_ws/install/yahboomcar_visual:/root/yahboomcar_ws/install/yahboomcar_nav:/root/yahboomcar_ws/install/yahboomcar_multi:/root/yahboomcar_ws/install/yahboomcar_mediapipe:/root/yahboomcar_ws/install/yahboomcar_laser:/root/yahboomcar_ws/install/yahboomcar_description:/root/yahboomcar_ws/install/yahboomcar_ctrl:/root/yahboomcar_ws/install/yahboomcar_bringup:/root/yahboomcar_ws/install/yahboomcar_astra:/root/yahboomcar_ws/install/yahboom_app_save_map:/root/yahboomcar_ws/install/laserscan_to_point_publisher:/opt/ros/humble /usr/bin/cmake --install /root/yahboomcar_ws/build/yahboom_web_savmap_interfaces
[7.400s] INFO:colcon.colcon_core.task.python.build:Building Python package in '/root/yahboomcar_ws/src/yahboomcar_bringup'
[7.424s] INFO:colcon.colcon_core.shell:Skip shell extension 'powershell' for command environment: Not usable outside of PowerShell
[7.424s] DEBUG:colcon.colcon_core.shell:Skip shell extension 'dsv' for command environment
[7.551s] Level 1:colcon.colcon_core.environment:create_environment_scripts_only(yahboom_web_savmap_interfaces)
[7.552s] DEBUG:colcon.colcon_core.event_handler.log_command:Invoked command in '/root/yahboomcar_ws/build/yahboom_web_savmap_interfaces' returned '0': CMAKE_PREFIX_PATH=${CMAKE_PREFIX_PATH}:/root/yahboomcar_ws/install/yahboomcar_visual:/root/yahboomcar_ws/install/yahboomcar_nav:/root/yahboomcar_ws/install/yahboomcar_multi:/root/yahboomcar_ws/install/yahboomcar_mediapipe:/root/yahboomcar_ws/install/yahboomcar_laser:/root/yahboomcar_ws/install/yahboomcar_description:/root/yahboomcar_ws/install/yahboomcar_ctrl:/root/yahboomcar_ws/install/yahboomcar_bringup:/root/yahboomcar_ws/install/yahboomcar_astra:/root/yahboomcar_ws/install/yahboom_app_save_map:/root/yahboomcar_ws/install/laserscan_to_point_publisher:/opt/ros/humble /usr/bin/cmake --install /root/yahboomcar_ws/build/yahboom_web_savmap_interfaces
[7.569s] Level 1:colcon.colcon_core.environment:checking '/root/yahboomcar_ws/install/yahboom_web_savmap_interfaces' for CMake module files
[7.570s] Level 1:colcon.colcon_core.environment:checking '/root/yahboomcar_ws/install/yahboom_web_savmap_interfaces' for CMake config files
[7.572s] Level 1:colcon.colcon_core.shell:create_environment_hook('yahboom_web_savmap_interfaces', 'cmake_prefix_path')
[7.590s] INFO:colcon.colcon_core.shell:Creating environment hook '/root/yahboomcar_ws/install/yahboom_web_savmap_interfaces/share/yahboom_web_savmap_interfaces/hook/cmake_prefix_path.ps1'
[7.591s] INFO:colcon.colcon_core.shell:Creating environment descriptor '/root/yahboomcar_ws/install/yahboom_web_savmap_interfaces/share/yahboom_web_savmap_interfaces/hook/cmake_prefix_path.dsv'
[7.591s] INFO:colcon.colcon_core.shell:Creating environment hook '/root/yahboomcar_ws/install/yahboom_web_savmap_interfaces/share/yahboom_web_savmap_interfaces/hook/cmake_prefix_path.sh'
[7.592s] Level 1:colcon.colcon_core.environment:checking '/root/yahboomcar_ws/install/yahboom_web_savmap_interfaces/lib'
[7.592s] Level 1:colcon.colcon_core.shell:create_environment_hook('yahboom_web_savmap_interfaces', 'ld_library_path_lib')
[7.611s] INFO:colcon.colcon_core.shell:Creating environment hook '/root/yahboomcar_ws/install/yahboom_web_savmap_interfaces/share/yahboom_web_savmap_interfaces/hook/ld_library_path_lib.ps1'
[7.612s] INFO:colcon.colcon_core.shell:Creating environment descriptor '/root/yahboomcar_ws/install/yahboom_web_savmap_interfaces/share/yahboom_web_savmap_interfaces/hook/ld_library_path_lib.dsv'
[7.613s] INFO:colcon.colcon_core.shell:Creating environment hook '/root/yahboomcar_ws/install/yahboom_web_savmap_interfaces/share/yahboom_web_savmap_interfaces/hook/ld_library_path_lib.sh'
[7.613s] Level 1:colcon.colcon_core.environment:checking '/root/yahboomcar_ws/install/yahboom_web_savmap_interfaces/bin'
[7.613s] Level 1:colcon.colcon_core.environment:checking '/root/yahboomcar_ws/install/yahboom_web_savmap_interfaces/lib/pkgconfig/yahboom_web_savmap_interfaces.pc'
[7.614s] Level 1:colcon.colcon_core.environment:checking '/root/yahboomcar_ws/install/yahboom_web_savmap_interfaces/lib/python3.10/site-packages'
[7.614s] Level 1:colcon.colcon_core.environment:checking '/root/yahboomcar_ws/install/yahboom_web_savmap_interfaces/bin'
[7.633s] INFO:colcon.colcon_core.shell:Creating package script '/root/yahboomcar_ws/install/yahboom_web_savmap_interfaces/share/yahboom_web_savmap_interfaces/package.ps1'
[7.634s] INFO:colcon.colcon_core.shell:Creating package descriptor '/root/yahboomcar_ws/install/yahboom_web_savmap_interfaces/share/yahboom_web_savmap_interfaces/package.dsv'
[7.634s] INFO:colcon.colcon_core.shell:Creating package script '/root/yahboomcar_ws/install/yahboom_web_savmap_interfaces/share/yahboom_web_savmap_interfaces/package.sh'
[7.635s] INFO:colcon.colcon_core.shell:Creating package script '/root/yahboomcar_ws/install/yahboom_web_savmap_interfaces/share/yahboom_web_savmap_interfaces/package.bash'
[7.635s] INFO:colcon.colcon_core.shell:Creating package script '/root/yahboomcar_ws/install/yahboom_web_savmap_interfaces/share/yahboom_web_savmap_interfaces/package.zsh'
[7.636s] Level 1:colcon.colcon_core.environment:create_file_with_runtime_dependencies(/root/yahboomcar_ws/install/yahboom_web_savmap_interfaces/share/colcon-core/packages/yahboom_web_savmap_interfaces)
[7.638s] DEBUG:colcon.colcon_core.event_handler.log_command:Invoked command in '/root/yahboomcar_ws/build/yahboomcar_base_node' returned '0': CMAKE_PREFIX_PATH=${CMAKE_PREFIX_PATH}:/root/yahboomcar_ws/install/yahboomcar_visual:/root/yahboomcar_ws/install/yahboomcar_nav:/root/yahboomcar_ws/install/yahboomcar_multi:/root/yahboomcar_ws/install/yahboomcar_mediapipe:/root/yahboomcar_ws/install/yahboomcar_laser:/root/yahboomcar_ws/install/yahboomcar_description:/root/yahboomcar_ws/install/yahboomcar_ctrl:/root/yahboomcar_ws/install/yahboomcar_bringup:/root/yahboomcar_ws/install/yahboomcar_astra:/root/yahboomcar_ws/install/yahboom_app_save_map:/root/yahboomcar_ws/install/laserscan_to_point_publisher:/opt/ros/humble /usr/bin/cmake --build /root/yahboomcar_ws/build/yahboomcar_base_node -- -j4 -l4
[7.642s] DEBUG:colcon.colcon_core.event_handler.log_command:Invoking command in '/root/yahboomcar_ws/src/yahboomcar_astra': PYTHONPATH=/root/yahboomcar_ws/build/yahboomcar_astra/prefix_override:/root/yahboomcar_ws/install/yahboomcar_astra/lib/python3.10/site-packages:${PYTHONPATH} /usr/bin/python3 setup.py egg_info --egg-base ../../build/yahboomcar_astra build --build-base /root/yahboomcar_ws/build/yahboomcar_astra/build install --record /root/yahboomcar_ws/build/yahboomcar_astra/install.log --install-scripts $base/lib/yahboomcar_astra --single-version-externally-managed
[7.687s] DEBUG:colcon.colcon_core.event_handler.log_command:Invoking command in '/root/yahboomcar_ws/build/yahboomcar_base_node': CMAKE_PREFIX_PATH=${CMAKE_PREFIX_PATH}:/root/yahboomcar_ws/install/yahboomcar_visual:/root/yahboomcar_ws/install/yahboomcar_nav:/root/yahboomcar_ws/install/yahboomcar_multi:/root/yahboomcar_ws/install/yahboomcar_mediapipe:/root/yahboomcar_ws/install/yahboomcar_laser:/root/yahboomcar_ws/install/yahboomcar_description:/root/yahboomcar_ws/install/yahboomcar_ctrl:/root/yahboomcar_ws/install/yahboomcar_bringup:/root/yahboomcar_ws/install/yahboomcar_astra:/root/yahboomcar_ws/install/yahboom_app_save_map:/root/yahboomcar_ws/install/laserscan_to_point_publisher:/opt/ros/humble /usr/bin/cmake --install /root/yahboomcar_ws/build/yahboomcar_base_node
[7.724s] Level 1:colcon.colcon_core.environment:create_environment_scripts_only(yahboomcar_base_node)
[7.730s] DEBUG:colcon.colcon_core.event_handler.log_command:Invoked command in '/root/yahboomcar_ws/build/yahboomcar_base_node' returned '0': CMAKE_PREFIX_PATH=${CMAKE_PREFIX_PATH}:/root/yahboomcar_ws/install/yahboomcar_visual:/root/yahboomcar_ws/install/yahboomcar_nav:/root/yahboomcar_ws/install/yahboomcar_multi:/root/yahboomcar_ws/install/yahboomcar_mediapipe:/root/yahboomcar_ws/install/yahboomcar_laser:/root/yahboomcar_ws/install/yahboomcar_description:/root/yahboomcar_ws/install/yahboomcar_ctrl:/root/yahboomcar_ws/install/yahboomcar_bringup:/root/yahboomcar_ws/install/yahboomcar_astra:/root/yahboomcar_ws/install/yahboom_app_save_map:/root/yahboomcar_ws/install/laserscan_to_point_publisher:/opt/ros/humble /usr/bin/cmake --install /root/yahboomcar_ws/build/yahboomcar_base_node
[7.793s] Level 1:colcon.colcon_core.environment:checking '/root/yahboomcar_ws/install/yahboomcar_base_node' for CMake module files
[7.794s] Level 1:colcon.colcon_core.environment:checking '/root/yahboomcar_ws/install/yahboomcar_base_node' for CMake config files
[7.794s] Level 1:colcon.colcon_core.shell:create_environment_hook('yahboomcar_base_node', 'cmake_prefix_path')
[7.825s] INFO:colcon.colcon_core.shell:Creating environment hook '/root/yahboomcar_ws/install/yahboomcar_base_node/share/yahboomcar_base_node/hook/cmake_prefix_path.ps1'
[7.826s] INFO:colcon.colcon_core.shell:Creating environment descriptor '/root/yahboomcar_ws/install/yahboomcar_base_node/share/yahboomcar_base_node/hook/cmake_prefix_path.dsv'
[7.827s] INFO:colcon.colcon_core.shell:Creating environment hook '/root/yahboomcar_ws/install/yahboomcar_base_node/share/yahboomcar_base_node/hook/cmake_prefix_path.sh'
[7.828s] Level 1:colcon.colcon_core.environment:checking '/root/yahboomcar_ws/install/yahboomcar_base_node/lib'
[7.828s] Level 1:colcon.colcon_core.environment:checking '/root/yahboomcar_ws/install/yahboomcar_base_node/bin'
[7.828s] Level 1:colcon.colcon_core.environment:checking '/root/yahboomcar_ws/install/yahboomcar_base_node/lib/pkgconfig/yahboomcar_base_node.pc'
[7.828s] Level 1:colcon.colcon_core.environment:checking '/root/yahboomcar_ws/install/yahboomcar_base_node/lib/python3.10/site-packages'
[7.829s] Level 1:colcon.colcon_core.environment:checking '/root/yahboomcar_ws/install/yahboomcar_base_node/bin'
[7.850s] INFO:colcon.colcon_core.shell:Creating package script '/root/yahboomcar_ws/install/yahboomcar_base_node/share/yahboomcar_base_node/package.ps1'
[7.851s] INFO:colcon.colcon_core.shell:Creating package descriptor '/root/yahboomcar_ws/install/yahboomcar_base_node/share/yahboomcar_base_node/package.dsv'
[7.852s] INFO:colcon.colcon_core.shell:Creating package script '/root/yahboomcar_ws/install/yahboomcar_base_node/share/yahboomcar_base_node/package.sh'
[7.853s] INFO:colcon.colcon_core.shell:Creating package script '/root/yahboomcar_ws/install/yahboomcar_base_node/share/yahboomcar_base_node/package.bash'
[7.853s] INFO:colcon.colcon_core.shell:Creating package script '/root/yahboomcar_ws/install/yahboomcar_base_node/share/yahboomcar_base_node/package.zsh'
[7.854s] Level 1:colcon.colcon_core.environment:create_file_with_runtime_dependencies(/root/yahboomcar_ws/install/yahboomcar_base_node/share/colcon-core/packages/yahboomcar_base_node)
[7.892s] Level 1:colcon.colcon_core.environment:create_environment_scripts_only(yahboom_web_savmap_interfaces)
[7.913s] Level 1:colcon.colcon_core.environment:checking '/root/yahboomcar_ws/install/yahboom_web_savmap_interfaces' for CMake module files
[7.915s] Level 1:colcon.colcon_core.environment:checking '/root/yahboomcar_ws/install/yahboom_web_savmap_interfaces' for CMake config files
[7.917s] Level 1:colcon.colcon_core.shell:create_environment_hook('yahboom_web_savmap_interfaces', 'cmake_prefix_path')
[7.940s] INFO:colcon.colcon_core.shell:Creating environment hook '/root/yahboomcar_ws/install/yahboom_web_savmap_interfaces/share/yahboom_web_savmap_interfaces/hook/cmake_prefix_path.ps1'
[7.941s] INFO:colcon.colcon_core.shell:Creating environment descriptor '/root/yahboomcar_ws/install/yahboom_web_savmap_interfaces/share/yahboom_web_savmap_interfaces/hook/cmake_prefix_path.dsv'
[7.941s] INFO:colcon.colcon_core.shell:Creating environment hook '/root/yahboomcar_ws/install/yahboom_web_savmap_interfaces/share/yahboom_web_savmap_interfaces/hook/cmake_prefix_path.sh'
[7.942s] Level 1:colcon.colcon_core.environment:checking '/root/yahboomcar_ws/install/yahboom_web_savmap_interfaces/lib'
[7.943s] Level 1:colcon.colcon_core.shell:create_environment_hook('yahboom_web_savmap_interfaces', 'ld_library_path_lib')
[7.961s] INFO:colcon.colcon_core.shell:Creating environment hook '/root/yahboomcar_ws/install/yahboom_web_savmap_interfaces/share/yahboom_web_savmap_interfaces/hook/ld_library_path_lib.ps1'
[7.962s] INFO:colcon.colcon_core.shell:Creating environment descriptor '/root/yahboomcar_ws/install/yahboom_web_savmap_interfaces/share/yahboom_web_savmap_interfaces/hook/ld_library_path_lib.dsv'
[7.962s] INFO:colcon.colcon_core.shell:Creating environment hook '/root/yahboomcar_ws/install/yahboom_web_savmap_interfaces/share/yahboom_web_savmap_interfaces/hook/ld_library_path_lib.sh'
[7.963s] Level 1:colcon.colcon_core.environment:checking '/root/yahboomcar_ws/install/yahboom_web_savmap_interfaces/bin'
[7.963s] Level 1:colcon.colcon_core.environment:checking '/root/yahboomcar_ws/install/yahboom_web_savmap_interfaces/lib/pkgconfig/yahboom_web_savmap_interfaces.pc'
[7.964s] Level 1:colcon.colcon_core.environment:checking '/root/yahboomcar_ws/install/yahboom_web_savmap_interfaces/lib/python3.10/site-packages'
[7.964s] Level 1:colcon.colcon_core.environment:checking '/root/yahboomcar_ws/install/yahboom_web_savmap_interfaces/bin'
[7.982s] INFO:colcon.colcon_core.shell:Creating package script '/root/yahboomcar_ws/install/yahboom_web_savmap_interfaces/share/yahboom_web_savmap_interfaces/package.ps1'
[7.983s] INFO:colcon.colcon_core.shell:Creating package descriptor '/root/yahboomcar_ws/install/yahboom_web_savmap_interfaces/share/yahboom_web_savmap_interfaces/package.dsv'
[7.985s] INFO:colcon.colcon_core.shell:Creating package script '/root/yahboomcar_ws/install/yahboom_web_savmap_interfaces/share/yahboom_web_savmap_interfaces/package.sh'
[7.985s] INFO:colcon.colcon_core.shell:Creating package script '/root/yahboomcar_ws/install/yahboom_web_savmap_interfaces/share/yahboom_web_savmap_interfaces/package.bash'
[7.986s] INFO:colcon.colcon_core.shell:Creating package script '/root/yahboomcar_ws/install/yahboom_web_savmap_interfaces/share/yahboom_web_savmap_interfaces/package.zsh'
[7.987s] Level 1:colcon.colcon_core.environment:create_file_with_runtime_dependencies(/root/yahboomcar_ws/install/yahboom_web_savmap_interfaces/share/colcon-core/packages/yahboom_web_savmap_interfaces)
[7.989s] INFO:colcon.colcon_ros.task.ament_python.build:Building ROS package in '/root/yahboomcar_ws/src/yahboomcar_ctrl' with build type 'ament_python'
[7.989s] Level 1:colcon.colcon_core.shell:create_environment_hook('yahboomcar_ctrl', 'ament_prefix_path')
[8.016s] INFO:colcon.colcon_core.shell:Creating environment hook '/root/yahboomcar_ws/install/yahboomcar_ctrl/share/yahboomcar_ctrl/hook/ament_prefix_path.ps1'
[8.017s] INFO:colcon.colcon_core.shell:Creating environment descriptor '/root/yahboomcar_ws/install/yahboomcar_ctrl/share/yahboomcar_ctrl/hook/ament_prefix_path.dsv'
[8.018s] INFO:colcon.colcon_core.shell:Creating environment hook '/root/yahboomcar_ws/install/yahboomcar_ctrl/share/yahboomcar_ctrl/hook/ament_prefix_path.sh'
[8.041s] INFO:colcon.colcon_core.shell:Skip shell extension 'powershell' for command environment: Not usable outside of PowerShell
[8.041s] DEBUG:colcon.colcon_core.shell:Skip shell extension 'dsv' for command environment
[8.210s] Level 1:colcon.colcon_core.environment:create_environment_scripts_only(yahboomcar_base_node)
[8.245s] Level 1:colcon.colcon_core.environment:checking '/root/yahboomcar_ws/install/yahboomcar_base_node' for CMake module files
[8.246s] Level 1:colcon.colcon_core.environment:checking '/root/yahboomcar_ws/install/yahboomcar_base_node' for CMake config files
[8.247s] Level 1:colcon.colcon_core.shell:create_environment_hook('yahboomcar_base_node', 'cmake_prefix_path')
[8.268s] INFO:colcon.colcon_core.shell:Creating environment hook '/root/yahboomcar_ws/install/yahboomcar_base_node/share/yahboomcar_base_node/hook/cmake_prefix_path.ps1'
[8.269s] INFO:colcon.colcon_core.shell:Creating environment descriptor '/root/yahboomcar_ws/install/yahboomcar_base_node/share/yahboomcar_base_node/hook/cmake_prefix_path.dsv'
[8.269s] INFO:colcon.colcon_core.shell:Creating environment hook '/root/yahboomcar_ws/install/yahboomcar_base_node/share/yahboomcar_base_node/hook/cmake_prefix_path.sh'
[8.271s] Level 1:colcon.colcon_core.environment:checking '/root/yahboomcar_ws/install/yahboomcar_base_node/lib'
[8.271s] Level 1:colcon.colcon_core.environment:checking '/root/yahboomcar_ws/install/yahboomcar_base_node/bin'
[8.271s] Level 1:colcon.colcon_core.environment:checking '/root/yahboomcar_ws/install/yahboomcar_base_node/lib/pkgconfig/yahboomcar_base_node.pc'
[8.272s] Level 1:colcon.colcon_core.environment:checking '/root/yahboomcar_ws/install/yahboomcar_base_node/lib/python3.10/site-packages'
[8.272s] Level 1:colcon.colcon_core.environment:checking '/root/yahboomcar_ws/install/yahboomcar_base_node/bin'
[8.292s] INFO:colcon.colcon_core.shell:Creating package script '/root/yahboomcar_ws/install/yahboomcar_base_node/share/yahboomcar_base_node/package.ps1'
[8.294s] INFO:colcon.colcon_core.shell:Creating package descriptor '/root/yahboomcar_ws/install/yahboomcar_base_node/share/yahboomcar_base_node/package.dsv'
[8.294s] INFO:colcon.colcon_core.shell:Creating package script '/root/yahboomcar_ws/install/yahboomcar_base_node/share/yahboomcar_base_node/package.sh'
[8.295s] INFO:colcon.colcon_core.shell:Creating package script '/root/yahboomcar_ws/install/yahboomcar_base_node/share/yahboomcar_base_node/package.bash'
[8.296s] INFO:colcon.colcon_core.shell:Creating package script '/root/yahboomcar_ws/install/yahboomcar_base_node/share/yahboomcar_base_node/package.zsh'
[8.296s] Level 1:colcon.colcon_core.environment:create_file_with_runtime_dependencies(/root/yahboomcar_ws/install/yahboomcar_base_node/share/colcon-core/packages/yahboomcar_base_node)
[8.299s] INFO:colcon.colcon_ros.task.ament_python.build:Building ROS package in '/root/yahboomcar_ws/src/yahboomcar_description' with build type 'ament_python'
[8.299s] Level 1:colcon.colcon_core.shell:create_environment_hook('yahboomcar_description', 'ament_prefix_path')
[8.323s] INFO:colcon.colcon_core.shell:Creating environment hook '/root/yahboomcar_ws/install/yahboomcar_description/share/yahboomcar_description/hook/ament_prefix_path.ps1'
[8.325s] INFO:colcon.colcon_core.shell:Creating environment descriptor '/root/yahboomcar_ws/install/yahboomcar_description/share/yahboomcar_description/hook/ament_prefix_path.dsv'
[8.325s] INFO:colcon.colcon_core.shell:Creating environment hook '/root/yahboomcar_ws/install/yahboomcar_description/share/yahboomcar_description/hook/ament_prefix_path.sh'
[8.352s] INFO:colcon.colcon_core.shell:Skip shell extension 'powershell' for command environment: Not usable outside of PowerShell
[8.352s] DEBUG:colcon.colcon_core.shell:Skip shell extension 'dsv' for command environment
[8.450s] DEBUG:colcon.colcon_core.event_handler.log_command:Invoked command in '/root/yahboomcar_ws/src/yahboomcar_astra' returned '0': PYTHONPATH=/root/yahboomcar_ws/build/yahboomcar_astra/prefix_override:/root/yahboomcar_ws/install/yahboomcar_astra/lib/python3.10/site-packages:${PYTHONPATH} /usr/bin/python3 setup.py egg_info --egg-base ../../build/yahboomcar_astra build --build-base /root/yahboomcar_ws/build/yahboomcar_astra/build install --record /root/yahboomcar_ws/build/yahboomcar_astra/install.log --install-scripts $base/lib/yahboomcar_astra --single-version-externally-managed
[8.468s] Level 1:colcon.colcon_core.environment:checking '/root/yahboomcar_ws/install/yahboomcar_astra' for CMake module files
[8.468s] Level 1:colcon.colcon_core.environment:checking '/root/yahboomcar_ws/install/yahboomcar_astra' for CMake config files
[8.469s] Level 1:colcon.colcon_core.environment:checking '/root/yahboomcar_ws/install/yahboomcar_astra/lib'
[8.469s] Level 1:colcon.colcon_core.environment:checking '/root/yahboomcar_ws/install/yahboomcar_astra/bin'
[8.470s] Level 1:colcon.colcon_core.environment:checking '/root/yahboomcar_ws/install/yahboomcar_astra/lib/pkgconfig/yahboomcar_astra.pc'
[8.470s] Level 1:colcon.colcon_core.environment:checking '/root/yahboomcar_ws/install/yahboomcar_astra/lib/python3.10/site-packages'
[8.470s] Level 1:colcon.colcon_core.shell:create_environment_hook('yahboomcar_astra', 'pythonpath')
[8.489s] INFO:colcon.colcon_core.shell:Creating environment hook '/root/yahboomcar_ws/install/yahboomcar_astra/share/yahboomcar_astra/hook/pythonpath.ps1'
[8.489s] INFO:colcon.colcon_core.shell:Creating environment descriptor '/root/yahboomcar_ws/install/yahboomcar_astra/share/yahboomcar_astra/hook/pythonpath.dsv'
[8.490s] INFO:colcon.colcon_core.shell:Creating environment hook '/root/yahboomcar_ws/install/yahboomcar_astra/share/yahboomcar_astra/hook/pythonpath.sh'
[8.491s] Level 1:colcon.colcon_core.environment:checking '/root/yahboomcar_ws/install/yahboomcar_astra/bin'
[8.491s] Level 1:colcon.colcon_core.environment:create_environment_scripts_only(yahboomcar_astra)
[8.509s] INFO:colcon.colcon_core.shell:Creating package script '/root/yahboomcar_ws/install/yahboomcar_astra/share/yahboomcar_astra/package.ps1'
[8.510s] INFO:colcon.colcon_core.shell:Creating package descriptor '/root/yahboomcar_ws/install/yahboomcar_astra/share/yahboomcar_astra/package.dsv'
[8.510s] INFO:colcon.colcon_core.shell:Creating package script '/root/yahboomcar_ws/install/yahboomcar_astra/share/yahboomcar_astra/package.sh'
[8.511s] INFO:colcon.colcon_core.shell:Creating package script '/root/yahboomcar_ws/install/yahboomcar_astra/share/yahboomcar_astra/package.bash'
[8.512s] INFO:colcon.colcon_core.shell:Creating package script '/root/yahboomcar_ws/install/yahboomcar_astra/share/yahboomcar_astra/package.zsh'
[8.513s] Level 1:colcon.colcon_core.environment:create_file_with_runtime_dependencies(/root/yahboomcar_ws/install/yahboomcar_astra/share/colcon-core/packages/yahboomcar_astra)
[8.913s] INFO:colcon.colcon_core.task.python.build:Building Python package in '/root/yahboomcar_ws/src/yahboomcar_ctrl'
[8.934s] INFO:colcon.colcon_core.shell:Skip shell extension 'powershell' for command environment: Not usable outside of PowerShell
[8.934s] DEBUG:colcon.colcon_core.shell:Skip shell extension 'dsv' for command environment
[9.031s] INFO:colcon.colcon_ros.task.ament_python.build:Building ROS package in '/root/yahboomcar_ws/src/yahboomcar_laser' with build type 'ament_python'
[9.031s] Level 1:colcon.colcon_core.shell:create_environment_hook('yahboomcar_laser', 'ament_prefix_path')
[9.053s] INFO:colcon.colcon_core.shell:Creating environment hook '/root/yahboomcar_ws/install/yahboomcar_laser/share/yahboomcar_laser/hook/ament_prefix_path.ps1'
[9.054s] INFO:colcon.colcon_core.shell:Creating environment descriptor '/root/yahboomcar_ws/install/yahboomcar_laser/share/yahboomcar_laser/hook/ament_prefix_path.dsv'
[9.054s] INFO:colcon.colcon_core.shell:Creating environment hook '/root/yahboomcar_ws/install/yahboomcar_laser/share/yahboomcar_laser/hook/ament_prefix_path.sh'
[9.075s] INFO:colcon.colcon_core.shell:Skip shell extension 'powershell' for command environment: Not usable outside of PowerShell
[9.075s] DEBUG:colcon.colcon_core.shell:Skip shell extension 'dsv' for command environment
[9.181s] DEBUG:colcon.colcon_core.event_handler.log_command:Invoking command in '/root/yahboomcar_ws/src/yahboomcar_bringup': PYTHONPATH=/root/yahboomcar_ws/build/yahboomcar_bringup/prefix_override:/root/yahboomcar_ws/install/yahboomcar_bringup/lib/python3.10/site-packages:${PYTHONPATH} /usr/bin/python3 setup.py egg_info --egg-base ../../build/yahboomcar_bringup build --build-base /root/yahboomcar_ws/build/yahboomcar_bringup/build install --record /root/yahboomcar_ws/build/yahboomcar_bringup/install.log --single-version-externally-managed
[9.622s] INFO:colcon.colcon_core.task.python.build:Building Python package in '/root/yahboomcar_ws/src/yahboomcar_description'
[9.646s] INFO:colcon.colcon_core.shell:Skip shell extension 'powershell' for command environment: Not usable outside of PowerShell
[9.646s] DEBUG:colcon.colcon_core.shell:Skip shell extension 'dsv' for command environment
[10.158s] INFO:colcon.colcon_core.task.python.build:Building Python package in '/root/yahboomcar_ws/src/yahboomcar_laser'
[10.176s] INFO:colcon.colcon_core.shell:Skip shell extension 'powershell' for command environment: Not usable outside of PowerShell
[10.177s] DEBUG:colcon.colcon_core.shell:Skip shell extension 'dsv' for command environment
[10.291s] DEBUG:colcon.colcon_core.event_handler.log_command:Invoked command in '/root/yahboomcar_ws/src/yahboomcar_bringup' returned '0': PYTHONPATH=/root/yahboomcar_ws/build/yahboomcar_bringup/prefix_override:/root/yahboomcar_ws/install/yahboomcar_bringup/lib/python3.10/site-packages:${PYTHONPATH} /usr/bin/python3 setup.py egg_info --egg-base ../../build/yahboomcar_bringup build --build-base /root/yahboomcar_ws/build/yahboomcar_bringup/build install --record /root/yahboomcar_ws/build/yahboomcar_bringup/install.log --single-version-externally-managed
[10.311s] Level 1:colcon.colcon_core.environment:checking '/root/yahboomcar_ws/install/yahboomcar_bringup' for CMake module files
[10.312s] Level 1:colcon.colcon_core.environment:checking '/root/yahboomcar_ws/install/yahboomcar_bringup' for CMake config files
[10.313s] Level 1:colcon.colcon_core.environment:checking '/root/yahboomcar_ws/install/yahboomcar_bringup/lib'
[10.313s] Level 1:colcon.colcon_core.environment:checking '/root/yahboomcar_ws/install/yahboomcar_bringup/bin'
[10.313s] Level 1:colcon.colcon_core.environment:checking '/root/yahboomcar_ws/install/yahboomcar_bringup/lib/pkgconfig/yahboomcar_bringup.pc'
[10.314s] Level 1:colcon.colcon_core.environment:checking '/root/yahboomcar_ws/install/yahboomcar_bringup/lib/python3.10/site-packages'
[10.314s] Level 1:colcon.colcon_core.shell:create_environment_hook('yahboomcar_bringup', 'pythonpath')
[10.333s] INFO:colcon.colcon_core.shell:Creating environment hook '/root/yahboomcar_ws/install/yahboomcar_bringup/share/yahboomcar_bringup/hook/pythonpath.ps1'
[10.334s] INFO:colcon.colcon_core.shell:Creating environment descriptor '/root/yahboomcar_ws/install/yahboomcar_bringup/share/yahboomcar_bringup/hook/pythonpath.dsv'
[10.334s] INFO:colcon.colcon_core.shell:Creating environment hook '/root/yahboomcar_ws/install/yahboomcar_bringup/share/yahboomcar_bringup/hook/pythonpath.sh'
[10.335s] Level 1:colcon.colcon_core.environment:checking '/root/yahboomcar_ws/install/yahboomcar_bringup/bin'
[10.335s] Level 1:colcon.colcon_core.environment:create_environment_scripts_only(yahboomcar_bringup)
[10.352s] INFO:colcon.colcon_core.shell:Creating package script '/root/yahboomcar_ws/install/yahboomcar_bringup/share/yahboomcar_bringup/package.ps1'
[10.353s] INFO:colcon.colcon_core.shell:Creating package descriptor '/root/yahboomcar_ws/install/yahboomcar_bringup/share/yahboomcar_bringup/package.dsv'
[10.354s] INFO:colcon.colcon_core.shell:Creating package script '/root/yahboomcar_ws/install/yahboomcar_bringup/share/yahboomcar_bringup/package.sh'
[10.354s] INFO:colcon.colcon_core.shell:Creating package script '/root/yahboomcar_ws/install/yahboomcar_bringup/share/yahboomcar_bringup/package.bash'
[10.354s] INFO:colcon.colcon_core.shell:Creating package script '/root/yahboomcar_ws/install/yahboomcar_bringup/share/yahboomcar_bringup/package.zsh'
[10.355s] Level 1:colcon.colcon_core.environment:create_file_with_runtime_dependencies(/root/yahboomcar_ws/install/yahboomcar_bringup/share/colcon-core/packages/yahboomcar_bringup)
[10.357s] INFO:colcon.colcon_ros.task.ament_python.build:Building ROS package in '/root/yahboomcar_ws/src/yahboomcar_mediapipe' with build type 'ament_python'
[10.357s] Level 1:colcon.colcon_core.shell:create_environment_hook('yahboomcar_mediapipe', 'ament_prefix_path')
[10.378s] INFO:colcon.colcon_core.shell:Creating environment hook '/root/yahboomcar_ws/install/yahboomcar_mediapipe/share/yahboomcar_mediapipe/hook/ament_prefix_path.ps1'
[10.379s] INFO:colcon.colcon_core.shell:Creating environment descriptor '/root/yahboomcar_ws/install/yahboomcar_mediapipe/share/yahboomcar_mediapipe/hook/ament_prefix_path.dsv'
[10.379s] INFO:colcon.colcon_core.shell:Creating environment hook '/root/yahboomcar_ws/install/yahboomcar_mediapipe/share/yahboomcar_mediapipe/hook/ament_prefix_path.sh'
[10.401s] INFO:colcon.colcon_core.shell:Skip shell extension 'powershell' for command environment: Not usable outside of PowerShell
[10.401s] DEBUG:colcon.colcon_core.shell:Skip shell extension 'dsv' for command environment
[10.503s] DEBUG:colcon.colcon_core.event_handler.log_command:Invoking command in '/root/yahboomcar_ws/src/yahboomcar_ctrl': PYTHONPATH=/root/yahboomcar_ws/build/yahboomcar_ctrl/prefix_override:/root/yahboomcar_ws/install/yahboomcar_ctrl/lib/python3.10/site-packages:${PYTHONPATH} /usr/bin/python3 setup.py egg_info --egg-base ../../build/yahboomcar_ctrl build --build-base /root/yahboomcar_ws/build/yahboomcar_ctrl/build install --record /root/yahboomcar_ws/build/yahboomcar_ctrl/install.log --single-version-externally-managed
[11.086s] INFO:colcon.colcon_core.task.python.build:Building Python package in '/root/yahboomcar_ws/src/yahboomcar_mediapipe'
[11.125s] INFO:colcon.colcon_core.shell:Skip shell extension 'powershell' for command environment: Not usable outside of PowerShell
[11.125s] DEBUG:colcon.colcon_core.shell:Skip shell extension 'dsv' for command environment
[11.365s] DEBUG:colcon.colcon_core.event_handler.log_command:Invoking command in '/root/yahboomcar_ws/src/yahboomcar_laser': PYTHONPATH=/root/yahboomcar_ws/build/yahboomcar_laser/prefix_override:/root/yahboomcar_ws/install/yahboomcar_laser/lib/python3.10/site-packages:${PYTHONPATH} /usr/bin/python3 setup.py egg_info --egg-base ../../build/yahboomcar_laser build --build-base /root/yahboomcar_ws/build/yahboomcar_laser/build install --record /root/yahboomcar_ws/build/yahboomcar_laser/install.log --single-version-externally-managed
[11.368s] DEBUG:colcon.colcon_core.event_handler.log_command:Invoking command in '/root/yahboomcar_ws/src/yahboomcar_description': PYTHONPATH=/root/yahboomcar_ws/build/yahboomcar_description/prefix_override:/root/yahboomcar_ws/install/yahboomcar_description/lib/python3.10/site-packages:${PYTHONPATH} /usr/bin/python3 setup.py egg_info --egg-base ../../build/yahboomcar_description build --build-base /root/yahboomcar_ws/build/yahboomcar_description/build install --record /root/yahboomcar_ws/build/yahboomcar_description/install.log --single-version-externally-managed
[11.369s] DEBUG:colcon.colcon_core.event_handler.log_command:Invoked command in '/root/yahboomcar_ws/src/yahboomcar_ctrl' returned '0': PYTHONPATH=/root/yahboomcar_ws/build/yahboomcar_ctrl/prefix_override:/root/yahboomcar_ws/install/yahboomcar_ctrl/lib/python3.10/site-packages:${PYTHONPATH} /usr/bin/python3 setup.py egg_info --egg-base ../../build/yahboomcar_ctrl build --build-base /root/yahboomcar_ws/build/yahboomcar_ctrl/build install --record /root/yahboomcar_ws/build/yahboomcar_ctrl/install.log --single-version-externally-managed
[11.389s] Level 1:colcon.colcon_core.environment:checking '/root/yahboomcar_ws/install/yahboomcar_ctrl' for CMake module files
[11.390s] Level 1:colcon.colcon_core.environment:checking '/root/yahboomcar_ws/install/yahboomcar_ctrl' for CMake config files
[11.391s] Level 1:colcon.colcon_core.environment:checking '/root/yahboomcar_ws/install/yahboomcar_ctrl/lib'
[11.392s] Level 1:colcon.colcon_core.environment:checking '/root/yahboomcar_ws/install/yahboomcar_ctrl/bin'
[11.392s] Level 1:colcon.colcon_core.environment:checking '/root/yahboomcar_ws/install/yahboomcar_ctrl/lib/pkgconfig/yahboomcar_ctrl.pc'
[11.392s] Level 1:colcon.colcon_core.environment:checking '/root/yahboomcar_ws/install/yahboomcar_ctrl/lib/python3.10/site-packages'
[11.393s] Level 1:colcon.colcon_core.shell:create_environment_hook('yahboomcar_ctrl', 'pythonpath')
[11.459s] INFO:colcon.colcon_core.shell:Creating environment hook '/root/yahboomcar_ws/install/yahboomcar_ctrl/share/yahboomcar_ctrl/hook/pythonpath.ps1'
[11.460s] INFO:colcon.colcon_core.shell:Creating environment descriptor '/root/yahboomcar_ws/install/yahboomcar_ctrl/share/yahboomcar_ctrl/hook/pythonpath.dsv'
[11.461s] INFO:colcon.colcon_core.shell:Creating environment hook '/root/yahboomcar_ws/install/yahboomcar_ctrl/share/yahboomcar_ctrl/hook/pythonpath.sh'
[11.462s] Level 1:colcon.colcon_core.environment:checking '/root/yahboomcar_ws/install/yahboomcar_ctrl/bin'
[11.462s] Level 1:colcon.colcon_core.environment:create_environment_scripts_only(yahboomcar_ctrl)
[11.485s] INFO:colcon.colcon_core.shell:Creating package script '/root/yahboomcar_ws/install/yahboomcar_ctrl/share/yahboomcar_ctrl/package.ps1'
[11.486s] INFO:colcon.colcon_core.shell:Creating package descriptor '/root/yahboomcar_ws/install/yahboomcar_ctrl/share/yahboomcar_ctrl/package.dsv'
[11.488s] INFO:colcon.colcon_core.shell:Creating package script '/root/yahboomcar_ws/install/yahboomcar_ctrl/share/yahboomcar_ctrl/package.sh'
[11.489s] INFO:colcon.colcon_core.shell:Creating package script '/root/yahboomcar_ws/install/yahboomcar_ctrl/share/yahboomcar_ctrl/package.bash'
[11.490s] INFO:colcon.colcon_core.shell:Creating package script '/root/yahboomcar_ws/install/yahboomcar_ctrl/share/yahboomcar_ctrl/package.zsh'
[11.491s] Level 1:colcon.colcon_core.environment:create_file_with_runtime_dependencies(/root/yahboomcar_ws/install/yahboomcar_ctrl/share/colcon-core/packages/yahboomcar_ctrl)
[11.492s] INFO:colcon.colcon_ros.task.ament_cmake.build:Building ROS package in '/root/yahboomcar_ws/src/yahboomcar_msgs' with build type 'ament_cmake'
[11.492s] INFO:colcon.colcon_cmake.task.cmake.build:Building CMake package in '/root/yahboomcar_ws/src/yahboomcar_msgs'
[11.521s] INFO:colcon.colcon_core.shell:Skip shell extension 'powershell' for command environment: Not usable outside of PowerShell
[11.521s] DEBUG:colcon.colcon_core.shell:Skip shell extension 'dsv' for command environment
[11.689s] DEBUG:colcon.colcon_core.event_handler.log_command:Invoking command in '/root/yahboomcar_ws/build/yahboomcar_msgs': CMAKE_PREFIX_PATH=${CMAKE_PREFIX_PATH}:/root/yahboomcar_ws/install/yahboomcar_visual:/root/yahboomcar_ws/install/yahboomcar_nav:/root/yahboomcar_ws/install/yahboomcar_multi:/root/yahboomcar_ws/install/yahboomcar_mediapipe:/root/yahboomcar_ws/install/yahboomcar_laser:/root/yahboomcar_ws/install/yahboomcar_description:/root/yahboomcar_ws/install/yahboomcar_ctrl:/root/yahboomcar_ws/install/yahboomcar_bringup:/root/yahboomcar_ws/install/yahboomcar_astra:/root/yahboomcar_ws/install/yahboom_app_save_map:/root/yahboomcar_ws/install/laserscan_to_point_publisher:/opt/ros/humble /usr/bin/cmake --build /root/yahboomcar_ws/build/yahboomcar_msgs -- -j4 -l4
[12.067s] DEBUG:colcon.colcon_core.event_handler.log_command:Invoked command in '/root/yahboomcar_ws/src/yahboomcar_description' returned '0': PYTHONPATH=/root/yahboomcar_ws/build/yahboomcar_description/prefix_override:/root/yahboomcar_ws/install/yahboomcar_description/lib/python3.10/site-packages:${PYTHONPATH} /usr/bin/python3 setup.py egg_info --egg-base ../../build/yahboomcar_description build --build-base /root/yahboomcar_ws/build/yahboomcar_description/build install --record /root/yahboomcar_ws/build/yahboomcar_description/install.log --single-version-externally-managed
[12.119s] Level 1:colcon.colcon_core.environment:checking '/root/yahboomcar_ws/install/yahboomcar_description' for CMake module files
[12.121s] Level 1:colcon.colcon_core.environment:checking '/root/yahboomcar_ws/install/yahboomcar_description' for CMake config files
[12.123s] Level 1:colcon.colcon_core.environment:checking '/root/yahboomcar_ws/install/yahboomcar_description/lib'
[12.123s] Level 1:colcon.colcon_core.environment:checking '/root/yahboomcar_ws/install/yahboomcar_description/bin'
[12.123s] Level 1:colcon.colcon_core.environment:checking '/root/yahboomcar_ws/install/yahboomcar_description/lib/pkgconfig/yahboomcar_description.pc'
[12.124s] Level 1:colcon.colcon_core.environment:checking '/root/yahboomcar_ws/install/yahboomcar_description/lib/python3.10/site-packages'
[12.124s] Level 1:colcon.colcon_core.shell:create_environment_hook('yahboomcar_description', 'pythonpath')
[12.162s] INFO:colcon.colcon_core.shell:Creating environment hook '/root/yahboomcar_ws/install/yahboomcar_description/share/yahboomcar_description/hook/pythonpath.ps1'
[12.163s] INFO:colcon.colcon_core.shell:Creating environment descriptor '/root/yahboomcar_ws/install/yahboomcar_description/share/yahboomcar_description/hook/pythonpath.dsv'
[12.164s] INFO:colcon.colcon_core.shell:Creating environment hook '/root/yahboomcar_ws/install/yahboomcar_description/share/yahboomcar_description/hook/pythonpath.sh'
[12.165s] Level 1:colcon.colcon_core.environment:checking '/root/yahboomcar_ws/install/yahboomcar_description/bin'
[12.166s] Level 1:colcon.colcon_core.environment:create_environment_scripts_only(yahboomcar_description)
[12.200s] INFO:colcon.colcon_core.shell:Creating package script '/root/yahboomcar_ws/install/yahboomcar_description/share/yahboomcar_description/package.ps1'
[12.202s] INFO:colcon.colcon_core.shell:Creating package descriptor '/root/yahboomcar_ws/install/yahboomcar_description/share/yahboomcar_description/package.dsv'
[12.203s] INFO:colcon.colcon_core.shell:Creating package script '/root/yahboomcar_ws/install/yahboomcar_description/share/yahboomcar_description/package.sh'
[12.204s] INFO:colcon.colcon_core.shell:Creating package script '/root/yahboomcar_ws/install/yahboomcar_description/share/yahboomcar_description/package.bash'
[12.205s] INFO:colcon.colcon_core.shell:Creating package script '/root/yahboomcar_ws/install/yahboomcar_description/share/yahboomcar_description/package.zsh'
[12.206s] Level 1:colcon.colcon_core.environment:create_file_with_runtime_dependencies(/root/yahboomcar_ws/install/yahboomcar_description/share/colcon-core/packages/yahboomcar_description)
[12.207s] INFO:colcon.colcon_ros.task.ament_python.build:Building ROS package in '/root/yahboomcar_ws/src/yahboomcar_multi' with build type 'ament_python'
[12.207s] Level 1:colcon.colcon_core.shell:create_environment_hook('yahboomcar_multi', 'ament_prefix_path')
[12.249s] INFO:colcon.colcon_core.shell:Creating environment hook '/root/yahboomcar_ws/install/yahboomcar_multi/share/yahboomcar_multi/hook/ament_prefix_path.ps1'
[12.251s] INFO:colcon.colcon_core.shell:Creating environment descriptor '/root/yahboomcar_ws/install/yahboomcar_multi/share/yahboomcar_multi/hook/ament_prefix_path.dsv'
[12.252s] INFO:colcon.colcon_core.shell:Creating environment hook '/root/yahboomcar_ws/install/yahboomcar_multi/share/yahboomcar_multi/hook/ament_prefix_path.sh'
[12.285s] INFO:colcon.colcon_core.shell:Skip shell extension 'powershell' for command environment: Not usable outside of PowerShell
[12.286s] DEBUG:colcon.colcon_core.shell:Skip shell extension 'dsv' for command environment
[12.446s] DEBUG:colcon.colcon_core.event_handler.log_command:Invoked command in '/root/yahboomcar_ws/src/yahboomcar_laser' returned '0': PYTHONPATH=/root/yahboomcar_ws/build/yahboomcar_laser/prefix_override:/root/yahboomcar_ws/install/yahboomcar_laser/lib/python3.10/site-packages:${PYTHONPATH} /usr/bin/python3 setup.py egg_info --egg-base ../../build/yahboomcar_laser build --build-base /root/yahboomcar_ws/build/yahboomcar_laser/build install --record /root/yahboomcar_ws/build/yahboomcar_laser/install.log --single-version-externally-managed
[12.467s] Level 1:colcon.colcon_core.environment:checking '/root/yahboomcar_ws/install/yahboomcar_laser' for CMake module files
[12.468s] Level 1:colcon.colcon_core.environment:checking '/root/yahboomcar_ws/install/yahboomcar_laser' for CMake config files
[12.469s] Level 1:colcon.colcon_core.environment:checking '/root/yahboomcar_ws/install/yahboomcar_laser/lib'
[12.469s] Level 1:colcon.colcon_core.environment:checking '/root/yahboomcar_ws/install/yahboomcar_laser/bin'
[12.469s] Level 1:colcon.colcon_core.environment:checking '/root/yahboomcar_ws/install/yahboomcar_laser/lib/pkgconfig/yahboomcar_laser.pc'
[12.470s] Level 1:colcon.colcon_core.environment:checking '/root/yahboomcar_ws/install/yahboomcar_laser/lib/python3.10/site-packages'
[12.470s] Level 1:colcon.colcon_core.shell:create_environment_hook('yahboomcar_laser', 'pythonpath')
[12.494s] INFO:colcon.colcon_core.shell:Creating environment hook '/root/yahboomcar_ws/install/yahboomcar_laser/share/yahboomcar_laser/hook/pythonpath.ps1'
[12.495s] INFO:colcon.colcon_core.shell:Creating environment descriptor '/root/yahboomcar_ws/install/yahboomcar_laser/share/yahboomcar_laser/hook/pythonpath.dsv'
[12.496s] INFO:colcon.colcon_core.shell:Creating environment hook '/root/yahboomcar_ws/install/yahboomcar_laser/share/yahboomcar_laser/hook/pythonpath.sh'
[12.498s] Level 1:colcon.colcon_core.environment:checking '/root/yahboomcar_ws/install/yahboomcar_laser/bin'
[12.498s] Level 1:colcon.colcon_core.environment:create_environment_scripts_only(yahboomcar_laser)
[12.522s] INFO:colcon.colcon_core.shell:Creating package script '/root/yahboomcar_ws/install/yahboomcar_laser/share/yahboomcar_laser/package.ps1'
[12.523s] INFO:colcon.colcon_core.shell:Creating package descriptor '/root/yahboomcar_ws/install/yahboomcar_laser/share/yahboomcar_laser/package.dsv'
[12.524s] INFO:colcon.colcon_core.shell:Creating package script '/root/yahboomcar_ws/install/yahboomcar_laser/share/yahboomcar_laser/package.sh'
[12.525s] INFO:colcon.colcon_core.shell:Creating package script '/root/yahboomcar_ws/install/yahboomcar_laser/share/yahboomcar_laser/package.bash'
[12.526s] INFO:colcon.colcon_core.shell:Creating package script '/root/yahboomcar_ws/install/yahboomcar_laser/share/yahboomcar_laser/package.zsh'
[12.527s] Level 1:colcon.colcon_core.environment:create_file_with_runtime_dependencies(/root/yahboomcar_ws/install/yahboomcar_laser/share/colcon-core/packages/yahboomcar_laser)
[12.530s] INFO:colcon.colcon_ros.task.ament_python.build:Building ROS package in '/root/yahboomcar_ws/src/yahboomcar_nav' with build type 'ament_python'
[12.531s] Level 1:colcon.colcon_core.shell:create_environment_hook('yahboomcar_nav', 'ament_prefix_path')
[12.570s] INFO:colcon.colcon_core.shell:Creating environment hook '/root/yahboomcar_ws/install/yahboomcar_nav/share/yahboomcar_nav/hook/ament_prefix_path.ps1'
[12.571s] INFO:colcon.colcon_core.shell:Creating environment descriptor '/root/yahboomcar_ws/install/yahboomcar_nav/share/yahboomcar_nav/hook/ament_prefix_path.dsv'
[12.572s] INFO:colcon.colcon_core.shell:Creating environment hook '/root/yahboomcar_ws/install/yahboomcar_nav/share/yahboomcar_nav/hook/ament_prefix_path.sh'
[12.596s] INFO:colcon.colcon_core.shell:Skip shell extension 'powershell' for command environment: Not usable outside of PowerShell
[12.597s] DEBUG:colcon.colcon_core.shell:Skip shell extension 'dsv' for command environment
[13.116s] INFO:colcon.colcon_core.task.python.build:Building Python package in '/root/yahboomcar_ws/src/yahboomcar_multi'
[13.136s] INFO:colcon.colcon_core.shell:Skip shell extension 'powershell' for command environment: Not usable outside of PowerShell
[13.136s] DEBUG:colcon.colcon_core.shell:Skip shell extension 'dsv' for command environment
[13.234s] DEBUG:colcon.colcon_core.event_handler.log_command:Invoked command in '/root/yahboomcar_ws/build/yahboomcar_msgs' returned '0': CMAKE_PREFIX_PATH=${CMAKE_PREFIX_PATH}:/root/yahboomcar_ws/install/yahboomcar_visual:/root/yahboomcar_ws/install/yahboomcar_nav:/root/yahboomcar_ws/install/yahboomcar_multi:/root/yahboomcar_ws/install/yahboomcar_mediapipe:/root/yahboomcar_ws/install/yahboomcar_laser:/root/yahboomcar_ws/install/yahboomcar_description:/root/yahboomcar_ws/install/yahboomcar_ctrl:/root/yahboomcar_ws/install/yahboomcar_bringup:/root/yahboomcar_ws/install/yahboomcar_astra:/root/yahboomcar_ws/install/yahboom_app_save_map:/root/yahboomcar_ws/install/laserscan_to_point_publisher:/opt/ros/humble /usr/bin/cmake --build /root/yahboomcar_ws/build/yahboomcar_msgs -- -j4 -l4
[13.240s] DEBUG:colcon.colcon_core.event_handler.log_command:Invoking command in '/root/yahboomcar_ws/src/yahboomcar_mediapipe': PYTHONPATH=/root/yahboomcar_ws/build/yahboomcar_mediapipe/prefix_override:/root/yahboomcar_ws/install/yahboomcar_mediapipe/lib/python3.10/site-packages:${PYTHONPATH} /usr/bin/python3 setup.py egg_info --egg-base ../../build/yahboomcar_mediapipe build --build-base /root/yahboomcar_ws/build/yahboomcar_mediapipe/build install --record /root/yahboomcar_ws/build/yahboomcar_mediapipe/install.log --install-scripts $base/lib/yahboomcar_mediapipe --single-version-externally-managed
[13.726s] INFO:colcon.colcon_core.task.python.build:Building Python package in '/root/yahboomcar_ws/src/yahboomcar_nav'
[13.757s] INFO:colcon.colcon_core.shell:Skip shell extension 'powershell' for command environment: Not usable outside of PowerShell
[13.757s] DEBUG:colcon.colcon_core.shell:Skip shell extension 'dsv' for command environment
[13.873s] DEBUG:colcon.colcon_core.event_handler.log_command:Invoked command in '/root/yahboomcar_ws/src/yahboomcar_mediapipe' returned '0': PYTHONPATH=/root/yahboomcar_ws/build/yahboomcar_mediapipe/prefix_override:/root/yahboomcar_ws/install/yahboomcar_mediapipe/lib/python3.10/site-packages:${PYTHONPATH} /usr/bin/python3 setup.py egg_info --egg-base ../../build/yahboomcar_mediapipe build --build-base /root/yahboomcar_ws/build/yahboomcar_mediapipe/build install --record /root/yahboomcar_ws/build/yahboomcar_mediapipe/install.log --install-scripts $base/lib/yahboomcar_mediapipe --single-version-externally-managed
[13.895s] Level 1:colcon.colcon_core.environment:checking '/root/yahboomcar_ws/install/yahboomcar_mediapipe' for CMake module files
[13.896s] Level 1:colcon.colcon_core.environment:checking '/root/yahboomcar_ws/install/yahboomcar_mediapipe' for CMake config files
[13.897s] Level 1:colcon.colcon_core.environment:checking '/root/yahboomcar_ws/install/yahboomcar_mediapipe/lib'
[13.897s] Level 1:colcon.colcon_core.environment:checking '/root/yahboomcar_ws/install/yahboomcar_mediapipe/bin'
[13.897s] Level 1:colcon.colcon_core.environment:checking '/root/yahboomcar_ws/install/yahboomcar_mediapipe/lib/pkgconfig/yahboomcar_mediapipe.pc'
[13.898s] Level 1:colcon.colcon_core.environment:checking '/root/yahboomcar_ws/install/yahboomcar_mediapipe/lib/python3.10/site-packages'
[13.898s] Level 1:colcon.colcon_core.shell:create_environment_hook('yahboomcar_mediapipe', 'pythonpath')
[13.920s] INFO:colcon.colcon_core.shell:Creating environment hook '/root/yahboomcar_ws/install/yahboomcar_mediapipe/share/yahboomcar_mediapipe/hook/pythonpath.ps1'
[13.921s] INFO:colcon.colcon_core.shell:Creating environment descriptor '/root/yahboomcar_ws/install/yahboomcar_mediapipe/share/yahboomcar_mediapipe/hook/pythonpath.dsv'
[13.922s] INFO:colcon.colcon_core.shell:Creating environment hook '/root/yahboomcar_ws/install/yahboomcar_mediapipe/share/yahboomcar_mediapipe/hook/pythonpath.sh'
[13.923s] Level 1:colcon.colcon_core.environment:checking '/root/yahboomcar_ws/install/yahboomcar_mediapipe/bin'
[13.923s] Level 1:colcon.colcon_core.environment:create_environment_scripts_only(yahboomcar_mediapipe)
[13.948s] INFO:colcon.colcon_core.shell:Creating package script '/root/yahboomcar_ws/install/yahboomcar_mediapipe/share/yahboomcar_mediapipe/package.ps1'
[13.949s] INFO:colcon.colcon_core.shell:Creating package descriptor '/root/yahboomcar_ws/install/yahboomcar_mediapipe/share/yahboomcar_mediapipe/package.dsv'
[13.950s] INFO:colcon.colcon_core.shell:Creating package script '/root/yahboomcar_ws/install/yahboomcar_mediapipe/share/yahboomcar_mediapipe/package.sh'
[13.951s] INFO:colcon.colcon_core.shell:Creating package script '/root/yahboomcar_ws/install/yahboomcar_mediapipe/share/yahboomcar_mediapipe/package.bash'
[13.951s] INFO:colcon.colcon_core.shell:Creating package script '/root/yahboomcar_ws/install/yahboomcar_mediapipe/share/yahboomcar_mediapipe/package.zsh'
[13.952s] Level 1:colcon.colcon_core.environment:create_file_with_runtime_dependencies(/root/yahboomcar_ws/install/yahboomcar_mediapipe/share/colcon-core/packages/yahboomcar_mediapipe)
[13.955s] INFO:colcon.colcon_ros.task.ament_python.build:Building ROS package in '/root/yahboomcar_ws/src/yahboomcar_visual' with build type 'ament_python'
[13.955s] Level 1:colcon.colcon_core.shell:create_environment_hook('yahboomcar_visual', 'ament_prefix_path')
[13.957s] DEBUG:colcon.colcon_core.event_handler.log_command:Invoking command in '/root/yahboomcar_ws/build/yahboomcar_msgs': CMAKE_PREFIX_PATH=${CMAKE_PREFIX_PATH}:/root/yahboomcar_ws/install/yahboomcar_visual:/root/yahboomcar_ws/install/yahboomcar_nav:/root/yahboomcar_ws/install/yahboomcar_multi:/root/yahboomcar_ws/install/yahboomcar_mediapipe:/root/yahboomcar_ws/install/yahboomcar_laser:/root/yahboomcar_ws/install/yahboomcar_description:/root/yahboomcar_ws/install/yahboomcar_ctrl:/root/yahboomcar_ws/install/yahboomcar_bringup:/root/yahboomcar_ws/install/yahboomcar_astra:/root/yahboomcar_ws/install/yahboom_app_save_map:/root/yahboomcar_ws/install/laserscan_to_point_publisher:/opt/ros/humble /usr/bin/cmake --install /root/yahboomcar_ws/build/yahboomcar_msgs
[13.991s] INFO:colcon.colcon_core.shell:Creating environment hook '/root/yahboomcar_ws/install/yahboomcar_visual/share/yahboomcar_visual/hook/ament_prefix_path.ps1'
[13.991s] INFO:colcon.colcon_core.shell:Creating environment descriptor '/root/yahboomcar_ws/install/yahboomcar_visual/share/yahboomcar_visual/hook/ament_prefix_path.dsv'
[13.992s] INFO:colcon.colcon_core.shell:Creating environment hook '/root/yahboomcar_ws/install/yahboomcar_visual/share/yahboomcar_visual/hook/ament_prefix_path.sh'
[14.013s] INFO:colcon.colcon_core.shell:Skip shell extension 'powershell' for command environment: Not usable outside of PowerShell
[14.014s] DEBUG:colcon.colcon_core.shell:Skip shell extension 'dsv' for command environment
[14.647s] INFO:colcon.colcon_core.task.python.build:Building Python package in '/root/yahboomcar_ws/src/yahboomcar_visual'
[14.671s] INFO:colcon.colcon_core.shell:Skip shell extension 'powershell' for command environment: Not usable outside of PowerShell
[14.671s] DEBUG:colcon.colcon_core.shell:Skip shell extension 'dsv' for command environment
[14.798s] Level 1:colcon.colcon_core.environment:create_environment_scripts_only(yahboomcar_msgs)
[14.798s] DEBUG:colcon.colcon_core.event_handler.log_command:Invoked command in '/root/yahboomcar_ws/build/yahboomcar_msgs' returned '0': CMAKE_PREFIX_PATH=${CMAKE_PREFIX_PATH}:/root/yahboomcar_ws/install/yahboomcar_visual:/root/yahboomcar_ws/install/yahboomcar_nav:/root/yahboomcar_ws/install/yahboomcar_multi:/root/yahboomcar_ws/install/yahboomcar_mediapipe:/root/yahboomcar_ws/install/yahboomcar_laser:/root/yahboomcar_ws/install/yahboomcar_description:/root/yahboomcar_ws/install/yahboomcar_ctrl:/root/yahboomcar_ws/install/yahboomcar_bringup:/root/yahboomcar_ws/install/yahboomcar_astra:/root/yahboomcar_ws/install/yahboom_app_save_map:/root/yahboomcar_ws/install/laserscan_to_point_publisher:/opt/ros/humble /usr/bin/cmake --install /root/yahboomcar_ws/build/yahboomcar_msgs
[14.818s] Level 1:colcon.colcon_core.environment:checking '/root/yahboomcar_ws/install/yahboomcar_msgs' for CMake module files
[14.819s] Level 1:colcon.colcon_core.environment:checking '/root/yahboomcar_ws/install/yahboomcar_msgs' for CMake config files
[14.821s] Level 1:colcon.colcon_core.shell:create_environment_hook('yahboomcar_msgs', 'cmake_prefix_path')
[14.842s] INFO:colcon.colcon_core.shell:Creating environment hook '/root/yahboomcar_ws/install/yahboomcar_msgs/share/yahboomcar_msgs/hook/cmake_prefix_path.ps1'
[14.843s] INFO:colcon.colcon_core.shell:Creating environment descriptor '/root/yahboomcar_ws/install/yahboomcar_msgs/share/yahboomcar_msgs/hook/cmake_prefix_path.dsv'
[14.843s] INFO:colcon.colcon_core.shell:Creating environment hook '/root/yahboomcar_ws/install/yahboomcar_msgs/share/yahboomcar_msgs/hook/cmake_prefix_path.sh'
[14.845s] Level 1:colcon.colcon_core.environment:checking '/root/yahboomcar_ws/install/yahboomcar_msgs/lib'
[14.845s] Level 1:colcon.colcon_core.shell:create_environment_hook('yahboomcar_msgs', 'ld_library_path_lib')
[14.865s] INFO:colcon.colcon_core.shell:Creating environment hook '/root/yahboomcar_ws/install/yahboomcar_msgs/share/yahboomcar_msgs/hook/ld_library_path_lib.ps1'
[14.865s] INFO:colcon.colcon_core.shell:Creating environment descriptor '/root/yahboomcar_ws/install/yahboomcar_msgs/share/yahboomcar_msgs/hook/ld_library_path_lib.dsv'
[14.866s] INFO:colcon.colcon_core.shell:Creating environment hook '/root/yahboomcar_ws/install/yahboomcar_msgs/share/yahboomcar_msgs/hook/ld_library_path_lib.sh'
[14.866s] Level 1:colcon.colcon_core.environment:checking '/root/yahboomcar_ws/install/yahboomcar_msgs/bin'
[14.867s] Level 1:colcon.colcon_core.environment:checking '/root/yahboomcar_ws/install/yahboomcar_msgs/lib/pkgconfig/yahboomcar_msgs.pc'
[14.867s] Level 1:colcon.colcon_core.environment:checking '/root/yahboomcar_ws/install/yahboomcar_msgs/lib/python3.10/site-packages'
[14.867s] Level 1:colcon.colcon_core.environment:checking '/root/yahboomcar_ws/install/yahboomcar_msgs/bin'
[14.885s] INFO:colcon.colcon_core.shell:Creating package script '/root/yahboomcar_ws/install/yahboomcar_msgs/share/yahboomcar_msgs/package.ps1'
[14.886s] INFO:colcon.colcon_core.shell:Creating package descriptor '/root/yahboomcar_ws/install/yahboomcar_msgs/share/yahboomcar_msgs/package.dsv'
[14.886s] INFO:colcon.colcon_core.shell:Creating package script '/root/yahboomcar_ws/install/yahboomcar_msgs/share/yahboomcar_msgs/package.sh'
[14.887s] INFO:colcon.colcon_core.shell:Creating package script '/root/yahboomcar_ws/install/yahboomcar_msgs/share/yahboomcar_msgs/package.bash'
[14.887s] INFO:colcon.colcon_core.shell:Creating package script '/root/yahboomcar_ws/install/yahboomcar_msgs/share/yahboomcar_msgs/package.zsh'
[14.888s] Level 1:colcon.colcon_core.environment:create_file_with_runtime_dependencies(/root/yahboomcar_ws/install/yahboomcar_msgs/share/colcon-core/packages/yahboomcar_msgs)
[14.891s] DEBUG:colcon.colcon_core.event_handler.log_command:Invoking command in '/root/yahboomcar_ws/src/yahboomcar_multi': PYTHONPATH=/root/yahboomcar_ws/build/yahboomcar_multi/prefix_override:/root/yahboomcar_ws/install/yahboomcar_multi/lib/python3.10/site-packages:${PYTHONPATH} /usr/bin/python3 setup.py egg_info --egg-base ../../build/yahboomcar_multi build --build-base /root/yahboomcar_ws/build/yahboomcar_multi/build install --record /root/yahboomcar_ws/build/yahboomcar_multi/install.log --install-scripts $base/lib/yahboomcar_multi --single-version-externally-managed
[14.895s] DEBUG:colcon.colcon_core.event_handler.log_command:Invoking command in '/root/yahboomcar_ws/src/yahboomcar_nav': PYTHONPATH=/root/yahboomcar_ws/build/yahboomcar_nav/prefix_override:/root/yahboomcar_ws/install/yahboomcar_nav/lib/python3.10/site-packages:${PYTHONPATH} /usr/bin/python3 setup.py egg_info --egg-base ../../build/yahboomcar_nav build --build-base /root/yahboomcar_ws/build/yahboomcar_nav/build install --record /root/yahboomcar_ws/build/yahboomcar_nav/install.log --single-version-externally-managed
[15.187s] Level 1:colcon.colcon_core.environment:create_environment_scripts_only(yahboomcar_msgs)
[15.208s] Level 1:colcon.colcon_core.environment:checking '/root/yahboomcar_ws/install/yahboomcar_msgs' for CMake module files
[15.209s] Level 1:colcon.colcon_core.environment:checking '/root/yahboomcar_ws/install/yahboomcar_msgs' for CMake config files
[15.212s] Level 1:colcon.colcon_core.shell:create_environment_hook('yahboomcar_msgs', 'cmake_prefix_path')
[15.233s] INFO:colcon.colcon_core.shell:Creating environment hook '/root/yahboomcar_ws/install/yahboomcar_msgs/share/yahboomcar_msgs/hook/cmake_prefix_path.ps1'
[15.234s] INFO:colcon.colcon_core.shell:Creating environment descriptor '/root/yahboomcar_ws/install/yahboomcar_msgs/share/yahboomcar_msgs/hook/cmake_prefix_path.dsv'
[15.235s] INFO:colcon.colcon_core.shell:Creating environment hook '/root/yahboomcar_ws/install/yahboomcar_msgs/share/yahboomcar_msgs/hook/cmake_prefix_path.sh'
[15.236s] Level 1:colcon.colcon_core.environment:checking '/root/yahboomcar_ws/install/yahboomcar_msgs/lib'
[15.236s] Level 1:colcon.colcon_core.shell:create_environment_hook('yahboomcar_msgs', 'ld_library_path_lib')
[15.263s] INFO:colcon.colcon_core.shell:Creating environment hook '/root/yahboomcar_ws/install/yahboomcar_msgs/share/yahboomcar_msgs/hook/ld_library_path_lib.ps1'
[15.264s] INFO:colcon.colcon_core.shell:Creating environment descriptor '/root/yahboomcar_ws/install/yahboomcar_msgs/share/yahboomcar_msgs/hook/ld_library_path_lib.dsv'
[15.265s] INFO:colcon.colcon_core.shell:Creating environment hook '/root/yahboomcar_ws/install/yahboomcar_msgs/share/yahboomcar_msgs/hook/ld_library_path_lib.sh'
[15.266s] Level 1:colcon.colcon_core.environment:checking '/root/yahboomcar_ws/install/yahboomcar_msgs/bin'
[15.266s] Level 1:colcon.colcon_core.environment:checking '/root/yahboomcar_ws/install/yahboomcar_msgs/lib/pkgconfig/yahboomcar_msgs.pc'
[15.266s] Level 1:colcon.colcon_core.environment:checking '/root/yahboomcar_ws/install/yahboomcar_msgs/lib/python3.10/site-packages'
[15.266s] Level 1:colcon.colcon_core.environment:checking '/root/yahboomcar_ws/install/yahboomcar_msgs/bin'
[15.287s] INFO:colcon.colcon_core.shell:Creating package script '/root/yahboomcar_ws/install/yahboomcar_msgs/share/yahboomcar_msgs/package.ps1'
[15.288s] INFO:colcon.colcon_core.shell:Creating package descriptor '/root/yahboomcar_ws/install/yahboomcar_msgs/share/yahboomcar_msgs/package.dsv'
[15.289s] INFO:colcon.colcon_core.shell:Creating package script '/root/yahboomcar_ws/install/yahboomcar_msgs/share/yahboomcar_msgs/package.sh'
[15.290s] INFO:colcon.colcon_core.shell:Creating package script '/root/yahboomcar_ws/install/yahboomcar_msgs/share/yahboomcar_msgs/package.bash'
[15.291s] INFO:colcon.colcon_core.shell:Creating package script '/root/yahboomcar_ws/install/yahboomcar_msgs/share/yahboomcar_msgs/package.zsh'
[15.291s] Level 1:colcon.colcon_core.environment:create_file_with_runtime_dependencies(/root/yahboomcar_ws/install/yahboomcar_msgs/share/colcon-core/packages/yahboomcar_msgs)
[15.524s] DEBUG:colcon.colcon_core.event_handler.log_command:Invoked command in '/root/yahboomcar_ws/src/yahboomcar_nav' returned '0': PYTHONPATH=/root/yahboomcar_ws/build/yahboomcar_nav/prefix_override:/root/yahboomcar_ws/install/yahboomcar_nav/lib/python3.10/site-packages:${PYTHONPATH} /usr/bin/python3 setup.py egg_info --egg-base ../../build/yahboomcar_nav build --build-base /root/yahboomcar_ws/build/yahboomcar_nav/build install --record /root/yahboomcar_ws/build/yahboomcar_nav/install.log --single-version-externally-managed
[15.567s] Level 1:colcon.colcon_core.environment:checking '/root/yahboomcar_ws/install/yahboomcar_nav' for CMake module files
[15.568s] Level 1:colcon.colcon_core.environment:checking '/root/yahboomcar_ws/install/yahboomcar_nav' for CMake config files
[15.570s] Level 1:colcon.colcon_core.environment:checking '/root/yahboomcar_ws/install/yahboomcar_nav/lib'
[15.570s] Level 1:colcon.colcon_core.environment:checking '/root/yahboomcar_ws/install/yahboomcar_nav/bin'
[15.570s] Level 1:colcon.colcon_core.environment:checking '/root/yahboomcar_ws/install/yahboomcar_nav/lib/pkgconfig/yahboomcar_nav.pc'
[15.570s] Level 1:colcon.colcon_core.environment:checking '/root/yahboomcar_ws/install/yahboomcar_nav/lib/python3.10/site-packages'
[15.571s] Level 1:colcon.colcon_core.shell:create_environment_hook('yahboomcar_nav', 'pythonpath')
[15.645s] INFO:colcon.colcon_core.shell:Creating environment hook '/root/yahboomcar_ws/install/yahboomcar_nav/share/yahboomcar_nav/hook/pythonpath.ps1'
[15.646s] INFO:colcon.colcon_core.shell:Creating environment descriptor '/root/yahboomcar_ws/install/yahboomcar_nav/share/yahboomcar_nav/hook/pythonpath.dsv'
[15.646s] INFO:colcon.colcon_core.shell:Creating environment hook '/root/yahboomcar_ws/install/yahboomcar_nav/share/yahboomcar_nav/hook/pythonpath.sh'
[15.647s] Level 1:colcon.colcon_core.environment:checking '/root/yahboomcar_ws/install/yahboomcar_nav/bin'
[15.648s] Level 1:colcon.colcon_core.environment:create_environment_scripts_only(yahboomcar_nav)
[15.681s] INFO:colcon.colcon_core.shell:Creating package script '/root/yahboomcar_ws/install/yahboomcar_nav/share/yahboomcar_nav/package.ps1'
[15.682s] INFO:colcon.colcon_core.shell:Creating package descriptor '/root/yahboomcar_ws/install/yahboomcar_nav/share/yahboomcar_nav/package.dsv'
[15.683s] INFO:colcon.colcon_core.shell:Creating package script '/root/yahboomcar_ws/install/yahboomcar_nav/share/yahboomcar_nav/package.sh'
[15.684s] INFO:colcon.colcon_core.shell:Creating package script '/root/yahboomcar_ws/install/yahboomcar_nav/share/yahboomcar_nav/package.bash'
[15.684s] INFO:colcon.colcon_core.shell:Creating package script '/root/yahboomcar_ws/install/yahboomcar_nav/share/yahboomcar_nav/package.zsh'
[15.684s] Level 1:colcon.colcon_core.environment:create_file_with_runtime_dependencies(/root/yahboomcar_ws/install/yahboomcar_nav/share/colcon-core/packages/yahboomcar_nav)
[15.691s] DEBUG:colcon.colcon_core.event_handler.log_command:Invoking command in '/root/yahboomcar_ws/src/yahboomcar_visual': PYTHONPATH=/root/yahboomcar_ws/build/yahboomcar_visual/prefix_override:/root/yahboomcar_ws/install/yahboomcar_visual/lib/python3.10/site-packages:${PYTHONPATH} /usr/bin/python3 setup.py egg_info --egg-base ../../build/yahboomcar_visual build --build-base /root/yahboomcar_ws/build/yahboomcar_visual/build install --record /root/yahboomcar_ws/build/yahboomcar_visual/install.log --install-scripts $base/lib/yahboomcar_visual --single-version-externally-managed
[15.692s] DEBUG:colcon.colcon_core.event_handler.log_command:Invoked command in '/root/yahboomcar_ws/src/yahboomcar_multi' returned '0': PYTHONPATH=/root/yahboomcar_ws/build/yahboomcar_multi/prefix_override:/root/yahboomcar_ws/install/yahboomcar_multi/lib/python3.10/site-packages:${PYTHONPATH} /usr/bin/python3 setup.py egg_info --egg-base ../../build/yahboomcar_multi build --build-base /root/yahboomcar_ws/build/yahboomcar_multi/build install --record /root/yahboomcar_ws/build/yahboomcar_multi/install.log --install-scripts $base/lib/yahboomcar_multi --single-version-externally-managed
[15.718s] Level 1:colcon.colcon_core.environment:checking '/root/yahboomcar_ws/install/yahboomcar_multi' for CMake module files
[15.719s] Level 1:colcon.colcon_core.environment:checking '/root/yahboomcar_ws/install/yahboomcar_multi' for CMake config files
[15.720s] Level 1:colcon.colcon_core.environment:checking '/root/yahboomcar_ws/install/yahboomcar_multi/lib'
[15.720s] Level 1:colcon.colcon_core.environment:checking '/root/yahboomcar_ws/install/yahboomcar_multi/bin'
[15.720s] Level 1:colcon.colcon_core.environment:checking '/root/yahboomcar_ws/install/yahboomcar_multi/lib/pkgconfig/yahboomcar_multi.pc'
[15.721s] Level 1:colcon.colcon_core.environment:checking '/root/yahboomcar_ws/install/yahboomcar_multi/lib/python3.10/site-packages'
[15.721s] Level 1:colcon.colcon_core.shell:create_environment_hook('yahboomcar_multi', 'pythonpath')
[15.744s] INFO:colcon.colcon_core.shell:Creating environment hook '/root/yahboomcar_ws/install/yahboomcar_multi/share/yahboomcar_multi/hook/pythonpath.ps1'
[15.745s] INFO:colcon.colcon_core.shell:Creating environment descriptor '/root/yahboomcar_ws/install/yahboomcar_multi/share/yahboomcar_multi/hook/pythonpath.dsv'
[15.745s] INFO:colcon.colcon_core.shell:Creating environment hook '/root/yahboomcar_ws/install/yahboomcar_multi/share/yahboomcar_multi/hook/pythonpath.sh'
[15.747s] Level 1:colcon.colcon_core.environment:checking '/root/yahboomcar_ws/install/yahboomcar_multi/bin'
[15.747s] Level 1:colcon.colcon_core.environment:create_environment_scripts_only(yahboomcar_multi)
[15.772s] INFO:colcon.colcon_core.shell:Creating package script '/root/yahboomcar_ws/install/yahboomcar_multi/share/yahboomcar_multi/package.ps1'
[15.773s] INFO:colcon.colcon_core.shell:Creating package descriptor '/root/yahboomcar_ws/install/yahboomcar_multi/share/yahboomcar_multi/package.dsv'
[15.774s] INFO:colcon.colcon_core.shell:Creating package script '/root/yahboomcar_ws/install/yahboomcar_multi/share/yahboomcar_multi/package.sh'
[15.775s] INFO:colcon.colcon_core.shell:Creating package script '/root/yahboomcar_ws/install/yahboomcar_multi/share/yahboomcar_multi/package.bash'
[15.775s] INFO:colcon.colcon_core.shell:Creating package script '/root/yahboomcar_ws/install/yahboomcar_multi/share/yahboomcar_multi/package.zsh'
[15.775s] Level 1:colcon.colcon_core.environment:create_file_with_runtime_dependencies(/root/yahboomcar_ws/install/yahboomcar_multi/share/colcon-core/packages/yahboomcar_multi)
[16.145s] DEBUG:colcon.colcon_core.event_handler.log_command:Invoked command in '/root/yahboomcar_ws/src/yahboomcar_visual' returned '0': PYTHONPATH=/root/yahboomcar_ws/build/yahboomcar_visual/prefix_override:/root/yahboomcar_ws/install/yahboomcar_visual/lib/python3.10/site-packages:${PYTHONPATH} /usr/bin/python3 setup.py egg_info --egg-base ../../build/yahboomcar_visual build --build-base /root/yahboomcar_ws/build/yahboomcar_visual/build install --record /root/yahboomcar_ws/build/yahboomcar_visual/install.log --install-scripts $base/lib/yahboomcar_visual --single-version-externally-managed
[16.165s] Level 1:colcon.colcon_core.environment:checking '/root/yahboomcar_ws/install/yahboomcar_visual' for CMake module files
[16.166s] Level 1:colcon.colcon_core.environment:checking '/root/yahboomcar_ws/install/yahboomcar_visual' for CMake config files
[16.169s] Level 1:colcon.colcon_core.environment:checking '/root/yahboomcar_ws/install/yahboomcar_visual/lib'
[16.169s] Level 1:colcon.colcon_core.environment:checking '/root/yahboomcar_ws/install/yahboomcar_visual/bin'
[16.169s] Level 1:colcon.colcon_core.environment:checking '/root/yahboomcar_ws/install/yahboomcar_visual/lib/pkgconfig/yahboomcar_visual.pc'
[16.170s] Level 1:colcon.colcon_core.environment:checking '/root/yahboomcar_ws/install/yahboomcar_visual/lib/python3.10/site-packages'
[16.170s] Level 1:colcon.colcon_core.shell:create_environment_hook('yahboomcar_visual', 'pythonpath')
[16.188s] INFO:colcon.colcon_core.shell:Creating environment hook '/root/yahboomcar_ws/install/yahboomcar_visual/share/yahboomcar_visual/hook/pythonpath.ps1'
[16.189s] INFO:colcon.colcon_core.shell:Creating environment descriptor '/root/yahboomcar_ws/install/yahboomcar_visual/share/yahboomcar_visual/hook/pythonpath.dsv'
[16.190s] INFO:colcon.colcon_core.shell:Creating environment hook '/root/yahboomcar_ws/install/yahboomcar_visual/share/yahboomcar_visual/hook/pythonpath.sh'
[16.190s] Level 1:colcon.colcon_core.environment:checking '/root/yahboomcar_ws/install/yahboomcar_visual/bin'
[16.191s] Level 1:colcon.colcon_core.environment:create_environment_scripts_only(yahboomcar_visual)
[16.209s] INFO:colcon.colcon_core.shell:Creating package script '/root/yahboomcar_ws/install/yahboomcar_visual/share/yahboomcar_visual/package.ps1'
[16.210s] INFO:colcon.colcon_core.shell:Creating package descriptor '/root/yahboomcar_ws/install/yahboomcar_visual/share/yahboomcar_visual/package.dsv'
[16.211s] INFO:colcon.colcon_core.shell:Creating package script '/root/yahboomcar_ws/install/yahboomcar_visual/share/yahboomcar_visual/package.sh'
[16.211s] INFO:colcon.colcon_core.shell:Creating package script '/root/yahboomcar_ws/install/yahboomcar_visual/share/yahboomcar_visual/package.bash'
[16.212s] INFO:colcon.colcon_core.shell:Creating package script '/root/yahboomcar_ws/install/yahboomcar_visual/share/yahboomcar_visual/package.zsh'
[16.212s] Level 1:colcon.colcon_core.environment:create_file_with_runtime_dependencies(/root/yahboomcar_ws/install/yahboomcar_visual/share/colcon-core/packages/yahboomcar_visual)
[16.212s] DEBUG:colcon.colcon_parallel_executor.executor.parallel:closing loop
[16.213s] DEBUG:colcon.colcon_parallel_executor.executor.parallel:loop closed
[16.213s] DEBUG:colcon.colcon_parallel_executor.executor.parallel:run_until_complete finished with '0'
[16.214s] DEBUG:colcon.colcon_core.event_reactor:joining thread
[16.245s] INFO:colcon.colcon_core.plugin_system:Skipping extension 'colcon_notification.desktop_notification.notify_send': Could not find 'notify-send'
[16.246s] INFO:colcon.colcon_core.plugin_system:Skipping extension 'colcon_notification.desktop_notification.terminal_notifier': Not used on non-Darwin systems
[16.246s] INFO:colcon.colcon_core.plugin_system:Skipping extension 'colcon_notification.desktop_notification.win32': Not used on non-Windows systems
[16.246s] INFO:colcon.colcon_notification.desktop_notification:Sending desktop notification using 'notify2'
[16.249s] DEBUG:colcon.colcon_notification.desktop_notification.notify2:Failed to initialize notify2: org.freedesktop.DBus.Error.Spawn.ExecFailed: /usr/bin/dbus-launch terminated abnormally without any error message
[16.249s] DEBUG:colcon.colcon_core.event_reactor:joined thread
[16.272s] INFO:colcon.colcon_core.shell:Creating prefix script '/root/yahboomcar_ws/install/local_setup.ps1'
[16.274s] INFO:colcon.colcon_core.shell:Creating prefix util module '/root/yahboomcar_ws/install/_local_setup_util_ps1.py'
[16.275s] INFO:colcon.colcon_core.shell:Creating prefix chain script '/root/yahboomcar_ws/install/setup.ps1'
[16.297s] INFO:colcon.colcon_core.shell:Creating prefix script '/root/yahboomcar_ws/install/local_setup.sh'
[16.298s] INFO:colcon.colcon_core.shell:Creating prefix util module '/root/yahboomcar_ws/install/_local_setup_util_sh.py'
[16.298s] INFO:colcon.colcon_core.shell:Creating prefix chain script '/root/yahboomcar_ws/install/setup.sh'
[16.318s] INFO:colcon.colcon_core.shell:Creating prefix script '/root/yahboomcar_ws/install/local_setup.bash'
[16.319s] INFO:colcon.colcon_core.shell:Creating prefix chain script '/root/yahboomcar_ws/install/setup.bash'
[16.338s] INFO:colcon.colcon_core.shell:Creating prefix script '/root/yahboomcar_ws/install/local_setup.zsh'
[16.339s] INFO:colcon.colcon_core.shell:Creating prefix chain script '/root/yahboomcar_ws/install/setup.zsh'
