[1.598s] DEBUG:colcon:Command line arguments: ['/usr/bin/colcon', 'build']
[1.598s] DEBUG:colcon:Parsed command line arguments: Namespace(log_base=None, log_level=None, verb_name='build', build_base='build', install_base='install', merge_install=False, symlink_install=False, test_result_base=None, continue_on_error=False, executor='parallel', parallel_workers=4, event_handlers=None, ignore_user_meta=False, metas=['./colcon.meta'], base_paths=['.'], packages_ignore=None, packages_ignore_regex=None, paths=None, packages_up_to=None, packages_up_to_regex=None, packages_above=None, packages_above_and_dependencies=None, packages_above_depth=None, packages_select_by_dep=None, packages_skip_by_dep=None, packages_skip_up_to=None, packages_select_build_failed=False, packages_skip_build_finished=False, packages_select_test_failures=False, packages_skip_test_passed=False, packages_select=None, packages_skip=None, packages_select_regex=None, packages_skip_regex=None, packages_start=None, packages_end=None, cmake_args=None, cmake_target=None, cmake_target_skip_unavailable=False, cmake_clean_cache=False, cmake_clean_first=False, cmake_force_configure=False, ament_cmake_args=None, catkin_cmake_args=None, catkin_skip_building_tests=False, mixin_files=None, mixin=None, verb_parser=<colcon_mixin.mixin.mixin_argument.MixinArgumentDecorator object at 0x7ffecf4ca2f0>, verb_extension=<colcon_core.verb.build.BuildVerb object at 0x7ffecf458be0>, main=<bound method BuildVerb.main of <colcon_core.verb.build.BuildVerb object at 0x7ffecf458be0>>, mixin_verb=('build',))
[1.700s] Level 1:colcon.colcon_core.package_discovery:discover_packages(colcon_meta) check parameters
[1.703s] INFO:colcon.colcon_metadata.package_discovery.colcon_meta:Using configuration from '/root/.colcon/metadata/default/Gazebo.meta'
[1.704s] INFO:colcon.colcon_metadata.package_discovery.colcon_meta:Using configuration from '/root/.colcon/metadata/default/fastrtps.meta'
[1.704s] Level 1:colcon.colcon_core.package_discovery:discover_packages(recursive) check parameters
[1.704s] Level 1:colcon.colcon_core.package_discovery:discover_packages(ignore) check parameters
[1.704s] Level 1:colcon.colcon_core.package_discovery:discover_packages(path) check parameters
[1.704s] Level 1:colcon.colcon_core.package_discovery:discover_packages(colcon_meta) discover
[1.704s] Level 1:colcon.colcon_core.package_discovery:discover_packages(recursive) discover
[1.704s] INFO:colcon.colcon_core.package_discovery:Crawling recursively for packages in '/root/yahboomcar_ws'
[1.704s] Level 1:colcon.colcon_core.package_identification:_identify(.) by extensions ['ignore', 'ignore_ament_install']
[1.704s] Level 1:colcon.colcon_core.package_identification:_identify(.) by extension 'ignore'
[1.704s] Level 1:colcon.colcon_core.package_identification:_identify(.) by extension 'ignore_ament_install'
[1.705s] Level 1:colcon.colcon_core.package_identification:_identify(.) by extensions ['colcon_pkg']
[1.705s] Level 1:colcon.colcon_core.package_identification:_identify(.) by extension 'colcon_pkg'
[1.705s] Level 1:colcon.colcon_core.package_identification:_identify(.) by extensions ['colcon_meta']
[1.705s] Level 1:colcon.colcon_core.package_identification:_identify(.) by extension 'colcon_meta'
[1.705s] Level 1:colcon.colcon_core.package_identification:_identify(.) by extensions ['ros']
[1.705s] Level 1:colcon.colcon_core.package_identification:_identify(.) by extension 'ros'
[1.754s] Level 1:colcon.colcon_core.package_identification:_identify(.) by extensions ['cmake', 'python']
[1.754s] Level 1:colcon.colcon_core.package_identification:_identify(.) by extension 'cmake'
[1.754s] Level 1:colcon.colcon_core.package_identification:_identify(.) by extension 'python'
[1.754s] Level 1:colcon.colcon_core.package_identification:_identify(.) by extensions ['python_setup_py']
[1.754s] Level 1:colcon.colcon_core.package_identification:_identify(.) by extension 'python_setup_py'
[1.754s] Level 1:colcon.colcon_core.package_identification:_identify(build) by extensions ['ignore', 'ignore_ament_install']
[1.754s] Level 1:colcon.colcon_core.package_identification:_identify(build) by extension 'ignore'
[1.754s] Level 1:colcon.colcon_core.package_identification:_identify(build) ignored
[1.755s] Level 1:colcon.colcon_core.package_identification:_identify(install) by extensions ['ignore', 'ignore_ament_install']
[1.755s] Level 1:colcon.colcon_core.package_identification:_identify(install) by extension 'ignore'
[1.755s] Level 1:colcon.colcon_core.package_identification:_identify(install) ignored
[1.756s] Level 1:colcon.colcon_core.package_identification:_identify(log) by extensions ['ignore', 'ignore_ament_install']
[1.756s] Level 1:colcon.colcon_core.package_identification:_identify(log) by extension 'ignore'
[1.756s] Level 1:colcon.colcon_core.package_identification:_identify(log) ignored
[1.756s] Level 1:colcon.colcon_core.package_identification:_identify(src) by extensions ['ignore', 'ignore_ament_install']
[1.756s] Level 1:colcon.colcon_core.package_identification:_identify(src) by extension 'ignore'
[1.756s] Level 1:colcon.colcon_core.package_identification:_identify(src) by extension 'ignore_ament_install'
[1.756s] Level 1:colcon.colcon_core.package_identification:_identify(src) by extensions ['colcon_pkg']
[1.756s] Level 1:colcon.colcon_core.package_identification:_identify(src) by extension 'colcon_pkg'
[1.757s] Level 1:colcon.colcon_core.package_identification:_identify(src) by extensions ['colcon_meta']
[1.757s] Level 1:colcon.colcon_core.package_identification:_identify(src) by extension 'colcon_meta'
[1.757s] Level 1:colcon.colcon_core.package_identification:_identify(src) by extensions ['ros']
[1.757s] Level 1:colcon.colcon_core.package_identification:_identify(src) by extension 'ros'
[1.757s] Level 1:colcon.colcon_core.package_identification:_identify(src) by extensions ['cmake', 'python']
[1.757s] Level 1:colcon.colcon_core.package_identification:_identify(src) by extension 'cmake'
[1.757s] Level 1:colcon.colcon_core.package_identification:_identify(src) by extension 'python'
[1.757s] Level 1:colcon.colcon_core.package_identification:_identify(src) by extensions ['python_setup_py']
[1.757s] Level 1:colcon.colcon_core.package_identification:_identify(src) by extension 'python_setup_py'
[1.758s] Level 1:colcon.colcon_core.package_identification:_identify(src/laserscan_to_point_publisher) by extensions ['ignore', 'ignore_ament_install']
[1.758s] Level 1:colcon.colcon_core.package_identification:_identify(src/laserscan_to_point_publisher) by extension 'ignore'
[1.758s] Level 1:colcon.colcon_core.package_identification:_identify(src/laserscan_to_point_publisher) by extension 'ignore_ament_install'
[1.758s] Level 1:colcon.colcon_core.package_identification:_identify(src/laserscan_to_point_publisher) by extensions ['colcon_pkg']
[1.758s] Level 1:colcon.colcon_core.package_identification:_identify(src/laserscan_to_point_publisher) by extension 'colcon_pkg'
[1.758s] Level 1:colcon.colcon_core.package_identification:_identify(src/laserscan_to_point_publisher) by extensions ['colcon_meta']
[1.758s] Level 1:colcon.colcon_core.package_identification:_identify(src/laserscan_to_point_publisher) by extension 'colcon_meta'
[1.758s] Level 1:colcon.colcon_core.package_identification:_identify(src/laserscan_to_point_publisher) by extensions ['ros']
[1.758s] Level 1:colcon.colcon_core.package_identification:_identify(src/laserscan_to_point_publisher) by extension 'ros'
[1.763s] DEBUG:colcon.colcon_core.package_identification:Package 'src/laserscan_to_point_publisher' with type 'ros.ament_python' and name 'laserscan_to_point_publisher'
[1.763s] Level 1:colcon.colcon_core.package_identification:_identify(src/robot_localization) by extensions ['ignore', 'ignore_ament_install']
[1.764s] Level 1:colcon.colcon_core.package_identification:_identify(src/robot_localization) by extension 'ignore'
[1.764s] Level 1:colcon.colcon_core.package_identification:_identify(src/robot_localization) by extension 'ignore_ament_install'
[1.764s] Level 1:colcon.colcon_core.package_identification:_identify(src/robot_localization) by extensions ['colcon_pkg']
[1.764s] Level 1:colcon.colcon_core.package_identification:_identify(src/robot_localization) by extension 'colcon_pkg'
[1.764s] Level 1:colcon.colcon_core.package_identification:_identify(src/robot_localization) by extensions ['colcon_meta']
[1.764s] Level 1:colcon.colcon_core.package_identification:_identify(src/robot_localization) by extension 'colcon_meta'
[1.764s] Level 1:colcon.colcon_core.package_identification:_identify(src/robot_localization) by extensions ['ros']
[1.764s] Level 1:colcon.colcon_core.package_identification:_identify(src/robot_localization) by extension 'ros'
[1.767s] DEBUG:colcon.colcon_core.package_identification:Package 'src/robot_localization' with type 'ros.ament_cmake' and name 'robot_localization'
[1.768s] Level 1:colcon.colcon_core.package_identification:_identify(src/robot_pose_publisher_ros2) by extensions ['ignore', 'ignore_ament_install']
[1.768s] Level 1:colcon.colcon_core.package_identification:_identify(src/robot_pose_publisher_ros2) by extension 'ignore'
[1.768s] Level 1:colcon.colcon_core.package_identification:_identify(src/robot_pose_publisher_ros2) by extension 'ignore_ament_install'
[1.768s] Level 1:colcon.colcon_core.package_identification:_identify(src/robot_pose_publisher_ros2) by extensions ['colcon_pkg']
[1.768s] Level 1:colcon.colcon_core.package_identification:_identify(src/robot_pose_publisher_ros2) by extension 'colcon_pkg'
[1.768s] Level 1:colcon.colcon_core.package_identification:_identify(src/robot_pose_publisher_ros2) by extensions ['colcon_meta']
[1.768s] Level 1:colcon.colcon_core.package_identification:_identify(src/robot_pose_publisher_ros2) by extension 'colcon_meta'
[1.768s] Level 1:colcon.colcon_core.package_identification:_identify(src/robot_pose_publisher_ros2) by extensions ['ros']
[1.768s] Level 1:colcon.colcon_core.package_identification:_identify(src/robot_pose_publisher_ros2) by extension 'ros'
[1.769s] DEBUG:colcon.colcon_core.package_identification:Package 'src/robot_pose_publisher_ros2' with type 'ros.ament_cmake' and name 'robot_pose_publisher_ros2'
[1.770s] Level 1:colcon.colcon_core.package_identification:_identify(src/yahboom_app_save_map) by extensions ['ignore', 'ignore_ament_install']
[1.770s] Level 1:colcon.colcon_core.package_identification:_identify(src/yahboom_app_save_map) by extension 'ignore'
[1.770s] Level 1:colcon.colcon_core.package_identification:_identify(src/yahboom_app_save_map) by extension 'ignore_ament_install'
[1.770s] Level 1:colcon.colcon_core.package_identification:_identify(src/yahboom_app_save_map) by extensions ['colcon_pkg']
[1.770s] Level 1:colcon.colcon_core.package_identification:_identify(src/yahboom_app_save_map) by extension 'colcon_pkg'
[1.770s] Level 1:colcon.colcon_core.package_identification:_identify(src/yahboom_app_save_map) by extensions ['colcon_meta']
[1.770s] Level 1:colcon.colcon_core.package_identification:_identify(src/yahboom_app_save_map) by extension 'colcon_meta'
[1.770s] Level 1:colcon.colcon_core.package_identification:_identify(src/yahboom_app_save_map) by extensions ['ros']
[1.770s] Level 1:colcon.colcon_core.package_identification:_identify(src/yahboom_app_save_map) by extension 'ros'
[1.771s] DEBUG:colcon.colcon_core.package_identification:Package 'src/yahboom_app_save_map' with type 'ros.ament_python' and name 'yahboom_app_save_map'
[1.771s] Level 1:colcon.colcon_core.package_identification:_identify(src/yahboom_web_savmap_interfaces) by extensions ['ignore', 'ignore_ament_install']
[1.771s] Level 1:colcon.colcon_core.package_identification:_identify(src/yahboom_web_savmap_interfaces) by extension 'ignore'
[1.771s] Level 1:colcon.colcon_core.package_identification:_identify(src/yahboom_web_savmap_interfaces) by extension 'ignore_ament_install'
[1.771s] Level 1:colcon.colcon_core.package_identification:_identify(src/yahboom_web_savmap_interfaces) by extensions ['colcon_pkg']
[1.772s] Level 1:colcon.colcon_core.package_identification:_identify(src/yahboom_web_savmap_interfaces) by extension 'colcon_pkg'
[1.772s] Level 1:colcon.colcon_core.package_identification:_identify(src/yahboom_web_savmap_interfaces) by extensions ['colcon_meta']
[1.772s] Level 1:colcon.colcon_core.package_identification:_identify(src/yahboom_web_savmap_interfaces) by extension 'colcon_meta'
[1.772s] Level 1:colcon.colcon_core.package_identification:_identify(src/yahboom_web_savmap_interfaces) by extensions ['ros']
[1.772s] Level 1:colcon.colcon_core.package_identification:_identify(src/yahboom_web_savmap_interfaces) by extension 'ros'
[1.773s] DEBUG:colcon.colcon_core.package_identification:Package 'src/yahboom_web_savmap_interfaces' with type 'ros.ament_cmake' and name 'yahboom_web_savmap_interfaces'
[1.776s] Level 1:colcon.colcon_core.package_identification:_identify(src/yahboomcar_astra) by extensions ['ignore', 'ignore_ament_install']
[1.776s] Level 1:colcon.colcon_core.package_identification:_identify(src/yahboomcar_astra) by extension 'ignore'
[1.776s] Level 1:colcon.colcon_core.package_identification:_identify(src/yahboomcar_astra) by extension 'ignore_ament_install'
[1.776s] Level 1:colcon.colcon_core.package_identification:_identify(src/yahboomcar_astra) by extensions ['colcon_pkg']
[1.776s] Level 1:colcon.colcon_core.package_identification:_identify(src/yahboomcar_astra) by extension 'colcon_pkg'
[1.776s] Level 1:colcon.colcon_core.package_identification:_identify(src/yahboomcar_astra) by extensions ['colcon_meta']
[1.776s] Level 1:colcon.colcon_core.package_identification:_identify(src/yahboomcar_astra) by extension 'colcon_meta'
[1.777s] Level 1:colcon.colcon_core.package_identification:_identify(src/yahboomcar_astra) by extensions ['ros']
[1.777s] Level 1:colcon.colcon_core.package_identification:_identify(src/yahboomcar_astra) by extension 'ros'
[1.777s] DEBUG:colcon.colcon_core.package_identification:Package 'src/yahboomcar_astra' with type 'ros.ament_python' and name 'yahboomcar_astra'
[1.778s] Level 1:colcon.colcon_core.package_identification:_identify(src/yahboomcar_base_node) by extensions ['ignore', 'ignore_ament_install']
[1.778s] Level 1:colcon.colcon_core.package_identification:_identify(src/yahboomcar_base_node) by extension 'ignore'
[1.778s] Level 1:colcon.colcon_core.package_identification:_identify(src/yahboomcar_base_node) by extension 'ignore_ament_install'
[1.778s] Level 1:colcon.colcon_core.package_identification:_identify(src/yahboomcar_base_node) by extensions ['colcon_pkg']
[1.778s] Level 1:colcon.colcon_core.package_identification:_identify(src/yahboomcar_base_node) by extension 'colcon_pkg'
[1.778s] Level 1:colcon.colcon_core.package_identification:_identify(src/yahboomcar_base_node) by extensions ['colcon_meta']
[1.778s] Level 1:colcon.colcon_core.package_identification:_identify(src/yahboomcar_base_node) by extension 'colcon_meta'
[1.778s] Level 1:colcon.colcon_core.package_identification:_identify(src/yahboomcar_base_node) by extensions ['ros']
[1.778s] Level 1:colcon.colcon_core.package_identification:_identify(src/yahboomcar_base_node) by extension 'ros'
[1.779s] DEBUG:colcon.colcon_core.package_identification:Package 'src/yahboomcar_base_node' with type 'ros.ament_cmake' and name 'yahboomcar_base_node'
[1.780s] Level 1:colcon.colcon_core.package_identification:_identify(src/yahboomcar_bringup) by extensions ['ignore', 'ignore_ament_install']
[1.780s] Level 1:colcon.colcon_core.package_identification:_identify(src/yahboomcar_bringup) by extension 'ignore'
[1.780s] Level 1:colcon.colcon_core.package_identification:_identify(src/yahboomcar_bringup) by extension 'ignore_ament_install'
[1.780s] Level 1:colcon.colcon_core.package_identification:_identify(src/yahboomcar_bringup) by extensions ['colcon_pkg']
[1.780s] Level 1:colcon.colcon_core.package_identification:_identify(src/yahboomcar_bringup) by extension 'colcon_pkg'
[1.780s] Level 1:colcon.colcon_core.package_identification:_identify(src/yahboomcar_bringup) by extensions ['colcon_meta']
[1.780s] Level 1:colcon.colcon_core.package_identification:_identify(src/yahboomcar_bringup) by extension 'colcon_meta'
[1.780s] Level 1:colcon.colcon_core.package_identification:_identify(src/yahboomcar_bringup) by extensions ['ros']
[1.780s] Level 1:colcon.colcon_core.package_identification:_identify(src/yahboomcar_bringup) by extension 'ros'
[1.781s] DEBUG:colcon.colcon_core.package_identification:Package 'src/yahboomcar_bringup' with type 'ros.ament_python' and name 'yahboomcar_bringup'
[1.782s] Level 1:colcon.colcon_core.package_identification:_identify(src/yahboomcar_ctrl) by extensions ['ignore', 'ignore_ament_install']
[1.782s] Level 1:colcon.colcon_core.package_identification:_identify(src/yahboomcar_ctrl) by extension 'ignore'
[1.782s] Level 1:colcon.colcon_core.package_identification:_identify(src/yahboomcar_ctrl) by extension 'ignore_ament_install'
[1.782s] Level 1:colcon.colcon_core.package_identification:_identify(src/yahboomcar_ctrl) by extensions ['colcon_pkg']
[1.782s] Level 1:colcon.colcon_core.package_identification:_identify(src/yahboomcar_ctrl) by extension 'colcon_pkg'
[1.782s] Level 1:colcon.colcon_core.package_identification:_identify(src/yahboomcar_ctrl) by extensions ['colcon_meta']
[1.782s] Level 1:colcon.colcon_core.package_identification:_identify(src/yahboomcar_ctrl) by extension 'colcon_meta'
[1.782s] Level 1:colcon.colcon_core.package_identification:_identify(src/yahboomcar_ctrl) by extensions ['ros']
[1.782s] Level 1:colcon.colcon_core.package_identification:_identify(src/yahboomcar_ctrl) by extension 'ros'
[1.783s] DEBUG:colcon.colcon_core.package_identification:Package 'src/yahboomcar_ctrl' with type 'ros.ament_python' and name 'yahboomcar_ctrl'
[1.784s] Level 1:colcon.colcon_core.package_identification:_identify(src/yahboomcar_description) by extensions ['ignore', 'ignore_ament_install']
[1.784s] Level 1:colcon.colcon_core.package_identification:_identify(src/yahboomcar_description) by extension 'ignore'
[1.784s] Level 1:colcon.colcon_core.package_identification:_identify(src/yahboomcar_description) by extension 'ignore_ament_install'
[1.784s] Level 1:colcon.colcon_core.package_identification:_identify(src/yahboomcar_description) by extensions ['colcon_pkg']
[1.784s] Level 1:colcon.colcon_core.package_identification:_identify(src/yahboomcar_description) by extension 'colcon_pkg'
[1.784s] Level 1:colcon.colcon_core.package_identification:_identify(src/yahboomcar_description) by extensions ['colcon_meta']
[1.784s] Level 1:colcon.colcon_core.package_identification:_identify(src/yahboomcar_description) by extension 'colcon_meta'
[1.784s] Level 1:colcon.colcon_core.package_identification:_identify(src/yahboomcar_description) by extensions ['ros']
[1.784s] Level 1:colcon.colcon_core.package_identification:_identify(src/yahboomcar_description) by extension 'ros'
[1.785s] DEBUG:colcon.colcon_core.package_identification:Package 'src/yahboomcar_description' with type 'ros.ament_python' and name 'yahboomcar_description'
[1.785s] Level 1:colcon.colcon_core.package_identification:_identify(src/yahboomcar_laser) by extensions ['ignore', 'ignore_ament_install']
[1.785s] Level 1:colcon.colcon_core.package_identification:_identify(src/yahboomcar_laser) by extension 'ignore'
[1.786s] Level 1:colcon.colcon_core.package_identification:_identify(src/yahboomcar_laser) by extension 'ignore_ament_install'
[1.786s] Level 1:colcon.colcon_core.package_identification:_identify(src/yahboomcar_laser) by extensions ['colcon_pkg']
[1.786s] Level 1:colcon.colcon_core.package_identification:_identify(src/yahboomcar_laser) by extension 'colcon_pkg'
[1.786s] Level 1:colcon.colcon_core.package_identification:_identify(src/yahboomcar_laser) by extensions ['colcon_meta']
[1.786s] Level 1:colcon.colcon_core.package_identification:_identify(src/yahboomcar_laser) by extension 'colcon_meta'
[1.786s] Level 1:colcon.colcon_core.package_identification:_identify(src/yahboomcar_laser) by extensions ['ros']
[1.786s] Level 1:colcon.colcon_core.package_identification:_identify(src/yahboomcar_laser) by extension 'ros'
[1.787s] DEBUG:colcon.colcon_core.package_identification:Package 'src/yahboomcar_laser' with type 'ros.ament_python' and name 'yahboomcar_laser'
[1.788s] Level 1:colcon.colcon_core.package_identification:_identify(src/yahboomcar_mediapipe) by extensions ['ignore', 'ignore_ament_install']
[1.788s] Level 1:colcon.colcon_core.package_identification:_identify(src/yahboomcar_mediapipe) by extension 'ignore'
[1.788s] Level 1:colcon.colcon_core.package_identification:_identify(src/yahboomcar_mediapipe) by extension 'ignore_ament_install'
[1.788s] Level 1:colcon.colcon_core.package_identification:_identify(src/yahboomcar_mediapipe) by extensions ['colcon_pkg']
[1.788s] Level 1:colcon.colcon_core.package_identification:_identify(src/yahboomcar_mediapipe) by extension 'colcon_pkg'
[1.788s] Level 1:colcon.colcon_core.package_identification:_identify(src/yahboomcar_mediapipe) by extensions ['colcon_meta']
[1.788s] Level 1:colcon.colcon_core.package_identification:_identify(src/yahboomcar_mediapipe) by extension 'colcon_meta'
[1.788s] Level 1:colcon.colcon_core.package_identification:_identify(src/yahboomcar_mediapipe) by extensions ['ros']
[1.788s] Level 1:colcon.colcon_core.package_identification:_identify(src/yahboomcar_mediapipe) by extension 'ros'
[1.789s] DEBUG:colcon.colcon_core.package_identification:Package 'src/yahboomcar_mediapipe' with type 'ros.ament_python' and name 'yahboomcar_mediapipe'
[1.793s] Level 1:colcon.colcon_core.package_identification:_identify(src/yahboomcar_msgs) by extensions ['ignore', 'ignore_ament_install']
[1.793s] Level 1:colcon.colcon_core.package_identification:_identify(src/yahboomcar_msgs) by extension 'ignore'
[1.793s] Level 1:colcon.colcon_core.package_identification:_identify(src/yahboomcar_msgs) by extension 'ignore_ament_install'
[1.793s] Level 1:colcon.colcon_core.package_identification:_identify(src/yahboomcar_msgs) by extensions ['colcon_pkg']
[1.793s] Level 1:colcon.colcon_core.package_identification:_identify(src/yahboomcar_msgs) by extension 'colcon_pkg'
[1.793s] Level 1:colcon.colcon_core.package_identification:_identify(src/yahboomcar_msgs) by extensions ['colcon_meta']
[1.793s] Level 1:colcon.colcon_core.package_identification:_identify(src/yahboomcar_msgs) by extension 'colcon_meta'
[1.793s] Level 1:colcon.colcon_core.package_identification:_identify(src/yahboomcar_msgs) by extensions ['ros']
[1.793s] Level 1:colcon.colcon_core.package_identification:_identify(src/yahboomcar_msgs) by extension 'ros'
[1.794s] DEBUG:colcon.colcon_core.package_identification:Package 'src/yahboomcar_msgs' with type 'ros.ament_cmake' and name 'yahboomcar_msgs'
[1.795s] Level 1:colcon.colcon_core.package_identification:_identify(src/yahboomcar_multi) by extensions ['ignore', 'ignore_ament_install']
[1.795s] Level 1:colcon.colcon_core.package_identification:_identify(src/yahboomcar_multi) by extension 'ignore'
[1.795s] Level 1:colcon.colcon_core.package_identification:_identify(src/yahboomcar_multi) by extension 'ignore_ament_install'
[1.795s] Level 1:colcon.colcon_core.package_identification:_identify(src/yahboomcar_multi) by extensions ['colcon_pkg']
[1.795s] Level 1:colcon.colcon_core.package_identification:_identify(src/yahboomcar_multi) by extension 'colcon_pkg'
[1.795s] Level 1:colcon.colcon_core.package_identification:_identify(src/yahboomcar_multi) by extensions ['colcon_meta']
[1.795s] Level 1:colcon.colcon_core.package_identification:_identify(src/yahboomcar_multi) by extension 'colcon_meta'
[1.795s] Level 1:colcon.colcon_core.package_identification:_identify(src/yahboomcar_multi) by extensions ['ros']
[1.795s] Level 1:colcon.colcon_core.package_identification:_identify(src/yahboomcar_multi) by extension 'ros'
[1.796s] DEBUG:colcon.colcon_core.package_identification:Package 'src/yahboomcar_multi' with type 'ros.ament_python' and name 'yahboomcar_multi'
[1.797s] Level 1:colcon.colcon_core.package_identification:_identify(src/yahboomcar_nav) by extensions ['ignore', 'ignore_ament_install']
[1.798s] Level 1:colcon.colcon_core.package_identification:_identify(src/yahboomcar_nav) by extension 'ignore'
[1.798s] Level 1:colcon.colcon_core.package_identification:_identify(src/yahboomcar_nav) by extension 'ignore_ament_install'
[1.798s] Level 1:colcon.colcon_core.package_identification:_identify(src/yahboomcar_nav) by extensions ['colcon_pkg']
[1.798s] Level 1:colcon.colcon_core.package_identification:_identify(src/yahboomcar_nav) by extension 'colcon_pkg'
[1.798s] Level 1:colcon.colcon_core.package_identification:_identify(src/yahboomcar_nav) by extensions ['colcon_meta']
[1.798s] Level 1:colcon.colcon_core.package_identification:_identify(src/yahboomcar_nav) by extension 'colcon_meta'
[1.798s] Level 1:colcon.colcon_core.package_identification:_identify(src/yahboomcar_nav) by extensions ['ros']
[1.798s] Level 1:colcon.colcon_core.package_identification:_identify(src/yahboomcar_nav) by extension 'ros'
[1.799s] DEBUG:colcon.colcon_core.package_identification:Package 'src/yahboomcar_nav' with type 'ros.ament_python' and name 'yahboomcar_nav'
[1.801s] Level 1:colcon.colcon_core.package_identification:_identify(src/yahboomcar_visual) by extensions ['ignore', 'ignore_ament_install']
[1.801s] Level 1:colcon.colcon_core.package_identification:_identify(src/yahboomcar_visual) by extension 'ignore'
[1.801s] Level 1:colcon.colcon_core.package_identification:_identify(src/yahboomcar_visual) by extension 'ignore_ament_install'
[1.801s] Level 1:colcon.colcon_core.package_identification:_identify(src/yahboomcar_visual) by extensions ['colcon_pkg']
[1.801s] Level 1:colcon.colcon_core.package_identification:_identify(src/yahboomcar_visual) by extension 'colcon_pkg'
[1.801s] Level 1:colcon.colcon_core.package_identification:_identify(src/yahboomcar_visual) by extensions ['colcon_meta']
[1.801s] Level 1:colcon.colcon_core.package_identification:_identify(src/yahboomcar_visual) by extension 'colcon_meta'
[1.801s] Level 1:colcon.colcon_core.package_identification:_identify(src/yahboomcar_visual) by extensions ['ros']
[1.801s] Level 1:colcon.colcon_core.package_identification:_identify(src/yahboomcar_visual) by extension 'ros'
[1.802s] DEBUG:colcon.colcon_core.package_identification:Package 'src/yahboomcar_visual' with type 'ros.ament_python' and name 'yahboomcar_visual'
[1.802s] Level 1:colcon.colcon_core.package_discovery:discover_packages(recursive) using defaults
[1.802s] Level 1:colcon.colcon_core.package_discovery:discover_packages(ignore) discover
[1.802s] Level 1:colcon.colcon_core.package_discovery:discover_packages(ignore) using defaults
[1.802s] Level 1:colcon.colcon_core.package_discovery:discover_packages(path) discover
[1.802s] Level 1:colcon.colcon_core.package_discovery:discover_packages(path) using defaults
[1.914s] Level 5:colcon.colcon_core.verb:set package 'laserscan_to_point_publisher' build argument 'cmake_args' from command line to 'None'
[1.915s] Level 5:colcon.colcon_core.verb:set package 'laserscan_to_point_publisher' build argument 'cmake_target' from command line to 'None'
[1.915s] Level 5:colcon.colcon_core.verb:set package 'laserscan_to_point_publisher' build argument 'cmake_target_skip_unavailable' from command line to 'False'
[1.915s] Level 5:colcon.colcon_core.verb:set package 'laserscan_to_point_publisher' build argument 'cmake_clean_cache' from command line to 'False'
[1.915s] Level 5:colcon.colcon_core.verb:set package 'laserscan_to_point_publisher' build argument 'cmake_clean_first' from command line to 'False'
[1.915s] Level 5:colcon.colcon_core.verb:set package 'laserscan_to_point_publisher' build argument 'cmake_force_configure' from command line to 'False'
[1.915s] Level 5:colcon.colcon_core.verb:set package 'laserscan_to_point_publisher' build argument 'ament_cmake_args' from command line to 'None'
[1.915s] Level 5:colcon.colcon_core.verb:set package 'laserscan_to_point_publisher' build argument 'catkin_cmake_args' from command line to 'None'
[1.915s] Level 5:colcon.colcon_core.verb:set package 'laserscan_to_point_publisher' build argument 'catkin_skip_building_tests' from command line to 'False'
[1.915s] DEBUG:colcon.colcon_core.verb:Building package 'laserscan_to_point_publisher' with the following arguments: {'ament_cmake_args': None, 'build_base': '/root/yahboomcar_ws/build/laserscan_to_point_publisher', 'catkin_cmake_args': None, 'catkin_skip_building_tests': False, 'cmake_args': None, 'cmake_clean_cache': False, 'cmake_clean_first': False, 'cmake_force_configure': False, 'cmake_target': None, 'cmake_target_skip_unavailable': False, 'install_base': '/root/yahboomcar_ws/install/laserscan_to_point_publisher', 'merge_install': False, 'path': '/root/yahboomcar_ws/src/laserscan_to_point_publisher', 'symlink_install': False, 'test_result_base': None}
[1.931s] Level 5:colcon.colcon_core.verb:set package 'robot_localization' build argument 'cmake_args' from command line to 'None'
[1.931s] Level 5:colcon.colcon_core.verb:set package 'robot_localization' build argument 'cmake_target' from command line to 'None'
[1.931s] Level 5:colcon.colcon_core.verb:set package 'robot_localization' build argument 'cmake_target_skip_unavailable' from command line to 'False'
[1.931s] Level 5:colcon.colcon_core.verb:set package 'robot_localization' build argument 'cmake_clean_cache' from command line to 'False'
[1.931s] Level 5:colcon.colcon_core.verb:set package 'robot_localization' build argument 'cmake_clean_first' from command line to 'False'
[1.931s] Level 5:colcon.colcon_core.verb:set package 'robot_localization' build argument 'cmake_force_configure' from command line to 'False'
[1.931s] Level 5:colcon.colcon_core.verb:set package 'robot_localization' build argument 'ament_cmake_args' from command line to 'None'
[1.931s] Level 5:colcon.colcon_core.verb:set package 'robot_localization' build argument 'catkin_cmake_args' from command line to 'None'
[1.931s] Level 5:colcon.colcon_core.verb:set package 'robot_localization' build argument 'catkin_skip_building_tests' from command line to 'False'
[1.931s] DEBUG:colcon.colcon_core.verb:Building package 'robot_localization' with the following arguments: {'ament_cmake_args': None, 'build_base': '/root/yahboomcar_ws/build/robot_localization', 'catkin_cmake_args': None, 'catkin_skip_building_tests': False, 'cmake_args': None, 'cmake_clean_cache': False, 'cmake_clean_first': False, 'cmake_force_configure': False, 'cmake_target': None, 'cmake_target_skip_unavailable': False, 'install_base': '/root/yahboomcar_ws/install/robot_localization', 'merge_install': False, 'path': '/root/yahboomcar_ws/src/robot_localization', 'symlink_install': False, 'test_result_base': None}
[1.947s] Level 5:colcon.colcon_core.verb:set package 'robot_pose_publisher_ros2' build argument 'cmake_args' from command line to 'None'
[1.948s] Level 5:colcon.colcon_core.verb:set package 'robot_pose_publisher_ros2' build argument 'cmake_target' from command line to 'None'
[1.948s] Level 5:colcon.colcon_core.verb:set package 'robot_pose_publisher_ros2' build argument 'cmake_target_skip_unavailable' from command line to 'False'
[1.948s] Level 5:colcon.colcon_core.verb:set package 'robot_pose_publisher_ros2' build argument 'cmake_clean_cache' from command line to 'False'
[1.948s] Level 5:colcon.colcon_core.verb:set package 'robot_pose_publisher_ros2' build argument 'cmake_clean_first' from command line to 'False'
[1.948s] Level 5:colcon.colcon_core.verb:set package 'robot_pose_publisher_ros2' build argument 'cmake_force_configure' from command line to 'False'
[1.948s] Level 5:colcon.colcon_core.verb:set package 'robot_pose_publisher_ros2' build argument 'ament_cmake_args' from command line to 'None'
[1.948s] Level 5:colcon.colcon_core.verb:set package 'robot_pose_publisher_ros2' build argument 'catkin_cmake_args' from command line to 'None'
[1.948s] Level 5:colcon.colcon_core.verb:set package 'robot_pose_publisher_ros2' build argument 'catkin_skip_building_tests' from command line to 'False'
[1.948s] DEBUG:colcon.colcon_core.verb:Building package 'robot_pose_publisher_ros2' with the following arguments: {'ament_cmake_args': None, 'build_base': '/root/yahboomcar_ws/build/robot_pose_publisher_ros2', 'catkin_cmake_args': None, 'catkin_skip_building_tests': False, 'cmake_args': None, 'cmake_clean_cache': False, 'cmake_clean_first': False, 'cmake_force_configure': False, 'cmake_target': None, 'cmake_target_skip_unavailable': False, 'install_base': '/root/yahboomcar_ws/install/robot_pose_publisher_ros2', 'merge_install': False, 'path': '/root/yahboomcar_ws/src/robot_pose_publisher_ros2', 'symlink_install': False, 'test_result_base': None}
[1.964s] Level 5:colcon.colcon_core.verb:set package 'yahboom_app_save_map' build argument 'cmake_args' from command line to 'None'
[1.964s] Level 5:colcon.colcon_core.verb:set package 'yahboom_app_save_map' build argument 'cmake_target' from command line to 'None'
[1.964s] Level 5:colcon.colcon_core.verb:set package 'yahboom_app_save_map' build argument 'cmake_target_skip_unavailable' from command line to 'False'
[1.964s] Level 5:colcon.colcon_core.verb:set package 'yahboom_app_save_map' build argument 'cmake_clean_cache' from command line to 'False'
[1.964s] Level 5:colcon.colcon_core.verb:set package 'yahboom_app_save_map' build argument 'cmake_clean_first' from command line to 'False'
[1.964s] Level 5:colcon.colcon_core.verb:set package 'yahboom_app_save_map' build argument 'cmake_force_configure' from command line to 'False'
[1.964s] Level 5:colcon.colcon_core.verb:set package 'yahboom_app_save_map' build argument 'ament_cmake_args' from command line to 'None'
[1.964s] Level 5:colcon.colcon_core.verb:set package 'yahboom_app_save_map' build argument 'catkin_cmake_args' from command line to 'None'
[1.964s] Level 5:colcon.colcon_core.verb:set package 'yahboom_app_save_map' build argument 'catkin_skip_building_tests' from command line to 'False'
[1.964s] DEBUG:colcon.colcon_core.verb:Building package 'yahboom_app_save_map' with the following arguments: {'ament_cmake_args': None, 'build_base': '/root/yahboomcar_ws/build/yahboom_app_save_map', 'catkin_cmake_args': None, 'catkin_skip_building_tests': False, 'cmake_args': None, 'cmake_clean_cache': False, 'cmake_clean_first': False, 'cmake_force_configure': False, 'cmake_target': None, 'cmake_target_skip_unavailable': False, 'install_base': '/root/yahboomcar_ws/install/yahboom_app_save_map', 'merge_install': False, 'path': '/root/yahboomcar_ws/src/yahboom_app_save_map', 'symlink_install': False, 'test_result_base': None}
[1.981s] Level 5:colcon.colcon_core.verb:set package 'yahboom_web_savmap_interfaces' build argument 'cmake_args' from command line to 'None'
[1.981s] Level 5:colcon.colcon_core.verb:set package 'yahboom_web_savmap_interfaces' build argument 'cmake_target' from command line to 'None'
[1.981s] Level 5:colcon.colcon_core.verb:set package 'yahboom_web_savmap_interfaces' build argument 'cmake_target_skip_unavailable' from command line to 'False'
[1.981s] Level 5:colcon.colcon_core.verb:set package 'yahboom_web_savmap_interfaces' build argument 'cmake_clean_cache' from command line to 'False'
[1.981s] Level 5:colcon.colcon_core.verb:set package 'yahboom_web_savmap_interfaces' build argument 'cmake_clean_first' from command line to 'False'
[1.981s] Level 5:colcon.colcon_core.verb:set package 'yahboom_web_savmap_interfaces' build argument 'cmake_force_configure' from command line to 'False'
[1.981s] Level 5:colcon.colcon_core.verb:set package 'yahboom_web_savmap_interfaces' build argument 'ament_cmake_args' from command line to 'None'
[1.981s] Level 5:colcon.colcon_core.verb:set package 'yahboom_web_savmap_interfaces' build argument 'catkin_cmake_args' from command line to 'None'
[1.981s] Level 5:colcon.colcon_core.verb:set package 'yahboom_web_savmap_interfaces' build argument 'catkin_skip_building_tests' from command line to 'False'
[1.981s] DEBUG:colcon.colcon_core.verb:Building package 'yahboom_web_savmap_interfaces' with the following arguments: {'ament_cmake_args': None, 'build_base': '/root/yahboomcar_ws/build/yahboom_web_savmap_interfaces', 'catkin_cmake_args': None, 'catkin_skip_building_tests': False, 'cmake_args': None, 'cmake_clean_cache': False, 'cmake_clean_first': False, 'cmake_force_configure': False, 'cmake_target': None, 'cmake_target_skip_unavailable': False, 'install_base': '/root/yahboomcar_ws/install/yahboom_web_savmap_interfaces', 'merge_install': False, 'path': '/root/yahboomcar_ws/src/yahboom_web_savmap_interfaces', 'symlink_install': False, 'test_result_base': None}
[1.997s] Level 5:colcon.colcon_core.verb:set package 'yahboomcar_astra' build argument 'cmake_args' from command line to 'None'
[1.997s] Level 5:colcon.colcon_core.verb:set package 'yahboomcar_astra' build argument 'cmake_target' from command line to 'None'
[1.997s] Level 5:colcon.colcon_core.verb:set package 'yahboomcar_astra' build argument 'cmake_target_skip_unavailable' from command line to 'False'
[1.997s] Level 5:colcon.colcon_core.verb:set package 'yahboomcar_astra' build argument 'cmake_clean_cache' from command line to 'False'
[1.997s] Level 5:colcon.colcon_core.verb:set package 'yahboomcar_astra' build argument 'cmake_clean_first' from command line to 'False'
[1.997s] Level 5:colcon.colcon_core.verb:set package 'yahboomcar_astra' build argument 'cmake_force_configure' from command line to 'False'
[1.997s] Level 5:colcon.colcon_core.verb:set package 'yahboomcar_astra' build argument 'ament_cmake_args' from command line to 'None'
[1.997s] Level 5:colcon.colcon_core.verb:set package 'yahboomcar_astra' build argument 'catkin_cmake_args' from command line to 'None'
[1.997s] Level 5:colcon.colcon_core.verb:set package 'yahboomcar_astra' build argument 'catkin_skip_building_tests' from command line to 'False'
[1.997s] DEBUG:colcon.colcon_core.verb:Building package 'yahboomcar_astra' with the following arguments: {'ament_cmake_args': None, 'build_base': '/root/yahboomcar_ws/build/yahboomcar_astra', 'catkin_cmake_args': None, 'catkin_skip_building_tests': False, 'cmake_args': None, 'cmake_clean_cache': False, 'cmake_clean_first': False, 'cmake_force_configure': False, 'cmake_target': None, 'cmake_target_skip_unavailable': False, 'install_base': '/root/yahboomcar_ws/install/yahboomcar_astra', 'merge_install': False, 'path': '/root/yahboomcar_ws/src/yahboomcar_astra', 'symlink_install': False, 'test_result_base': None}
[2.014s] Level 5:colcon.colcon_core.verb:set package 'yahboomcar_base_node' build argument 'cmake_args' from command line to 'None'
[2.014s] Level 5:colcon.colcon_core.verb:set package 'yahboomcar_base_node' build argument 'cmake_target' from command line to 'None'
[2.014s] Level 5:colcon.colcon_core.verb:set package 'yahboomcar_base_node' build argument 'cmake_target_skip_unavailable' from command line to 'False'
[2.014s] Level 5:colcon.colcon_core.verb:set package 'yahboomcar_base_node' build argument 'cmake_clean_cache' from command line to 'False'
[2.014s] Level 5:colcon.colcon_core.verb:set package 'yahboomcar_base_node' build argument 'cmake_clean_first' from command line to 'False'
[2.014s] Level 5:colcon.colcon_core.verb:set package 'yahboomcar_base_node' build argument 'cmake_force_configure' from command line to 'False'
[2.014s] Level 5:colcon.colcon_core.verb:set package 'yahboomcar_base_node' build argument 'ament_cmake_args' from command line to 'None'
[2.014s] Level 5:colcon.colcon_core.verb:set package 'yahboomcar_base_node' build argument 'catkin_cmake_args' from command line to 'None'
[2.014s] Level 5:colcon.colcon_core.verb:set package 'yahboomcar_base_node' build argument 'catkin_skip_building_tests' from command line to 'False'
[2.014s] DEBUG:colcon.colcon_core.verb:Building package 'yahboomcar_base_node' with the following arguments: {'ament_cmake_args': None, 'build_base': '/root/yahboomcar_ws/build/yahboomcar_base_node', 'catkin_cmake_args': None, 'catkin_skip_building_tests': False, 'cmake_args': None, 'cmake_clean_cache': False, 'cmake_clean_first': False, 'cmake_force_configure': False, 'cmake_target': None, 'cmake_target_skip_unavailable': False, 'install_base': '/root/yahboomcar_ws/install/yahboomcar_base_node', 'merge_install': False, 'path': '/root/yahboomcar_ws/src/yahboomcar_base_node', 'symlink_install': False, 'test_result_base': None}
[2.030s] Level 5:colcon.colcon_core.verb:set package 'yahboomcar_bringup' build argument 'cmake_args' from command line to 'None'
[2.030s] Level 5:colcon.colcon_core.verb:set package 'yahboomcar_bringup' build argument 'cmake_target' from command line to 'None'
[2.030s] Level 5:colcon.colcon_core.verb:set package 'yahboomcar_bringup' build argument 'cmake_target_skip_unavailable' from command line to 'False'
[2.030s] Level 5:colcon.colcon_core.verb:set package 'yahboomcar_bringup' build argument 'cmake_clean_cache' from command line to 'False'
[2.030s] Level 5:colcon.colcon_core.verb:set package 'yahboomcar_bringup' build argument 'cmake_clean_first' from command line to 'False'
[2.030s] Level 5:colcon.colcon_core.verb:set package 'yahboomcar_bringup' build argument 'cmake_force_configure' from command line to 'False'
[2.030s] Level 5:colcon.colcon_core.verb:set package 'yahboomcar_bringup' build argument 'ament_cmake_args' from command line to 'None'
[2.030s] Level 5:colcon.colcon_core.verb:set package 'yahboomcar_bringup' build argument 'catkin_cmake_args' from command line to 'None'
[2.030s] Level 5:colcon.colcon_core.verb:set package 'yahboomcar_bringup' build argument 'catkin_skip_building_tests' from command line to 'False'
[2.030s] DEBUG:colcon.colcon_core.verb:Building package 'yahboomcar_bringup' with the following arguments: {'ament_cmake_args': None, 'build_base': '/root/yahboomcar_ws/build/yahboomcar_bringup', 'catkin_cmake_args': None, 'catkin_skip_building_tests': False, 'cmake_args': None, 'cmake_clean_cache': False, 'cmake_clean_first': False, 'cmake_force_configure': False, 'cmake_target': None, 'cmake_target_skip_unavailable': False, 'install_base': '/root/yahboomcar_ws/install/yahboomcar_bringup', 'merge_install': False, 'path': '/root/yahboomcar_ws/src/yahboomcar_bringup', 'symlink_install': False, 'test_result_base': None}
[2.047s] Level 5:colcon.colcon_core.verb:set package 'yahboomcar_ctrl' build argument 'cmake_args' from command line to 'None'
[2.047s] Level 5:colcon.colcon_core.verb:set package 'yahboomcar_ctrl' build argument 'cmake_target' from command line to 'None'
[2.047s] Level 5:colcon.colcon_core.verb:set package 'yahboomcar_ctrl' build argument 'cmake_target_skip_unavailable' from command line to 'False'
[2.047s] Level 5:colcon.colcon_core.verb:set package 'yahboomcar_ctrl' build argument 'cmake_clean_cache' from command line to 'False'
[2.047s] Level 5:colcon.colcon_core.verb:set package 'yahboomcar_ctrl' build argument 'cmake_clean_first' from command line to 'False'
[2.047s] Level 5:colcon.colcon_core.verb:set package 'yahboomcar_ctrl' build argument 'cmake_force_configure' from command line to 'False'
[2.047s] Level 5:colcon.colcon_core.verb:set package 'yahboomcar_ctrl' build argument 'ament_cmake_args' from command line to 'None'
[2.047s] Level 5:colcon.colcon_core.verb:set package 'yahboomcar_ctrl' build argument 'catkin_cmake_args' from command line to 'None'
[2.047s] Level 5:colcon.colcon_core.verb:set package 'yahboomcar_ctrl' build argument 'catkin_skip_building_tests' from command line to 'False'
[2.047s] DEBUG:colcon.colcon_core.verb:Building package 'yahboomcar_ctrl' with the following arguments: {'ament_cmake_args': None, 'build_base': '/root/yahboomcar_ws/build/yahboomcar_ctrl', 'catkin_cmake_args': None, 'catkin_skip_building_tests': False, 'cmake_args': None, 'cmake_clean_cache': False, 'cmake_clean_first': False, 'cmake_force_configure': False, 'cmake_target': None, 'cmake_target_skip_unavailable': False, 'install_base': '/root/yahboomcar_ws/install/yahboomcar_ctrl', 'merge_install': False, 'path': '/root/yahboomcar_ws/src/yahboomcar_ctrl', 'symlink_install': False, 'test_result_base': None}
[2.063s] Level 5:colcon.colcon_core.verb:set package 'yahboomcar_description' build argument 'cmake_args' from command line to 'None'
[2.063s] Level 5:colcon.colcon_core.verb:set package 'yahboomcar_description' build argument 'cmake_target' from command line to 'None'
[2.063s] Level 5:colcon.colcon_core.verb:set package 'yahboomcar_description' build argument 'cmake_target_skip_unavailable' from command line to 'False'
[2.063s] Level 5:colcon.colcon_core.verb:set package 'yahboomcar_description' build argument 'cmake_clean_cache' from command line to 'False'
[2.063s] Level 5:colcon.colcon_core.verb:set package 'yahboomcar_description' build argument 'cmake_clean_first' from command line to 'False'
[2.063s] Level 5:colcon.colcon_core.verb:set package 'yahboomcar_description' build argument 'cmake_force_configure' from command line to 'False'
[2.063s] Level 5:colcon.colcon_core.verb:set package 'yahboomcar_description' build argument 'ament_cmake_args' from command line to 'None'
[2.063s] Level 5:colcon.colcon_core.verb:set package 'yahboomcar_description' build argument 'catkin_cmake_args' from command line to 'None'
[2.063s] Level 5:colcon.colcon_core.verb:set package 'yahboomcar_description' build argument 'catkin_skip_building_tests' from command line to 'False'
[2.063s] DEBUG:colcon.colcon_core.verb:Building package 'yahboomcar_description' with the following arguments: {'ament_cmake_args': None, 'build_base': '/root/yahboomcar_ws/build/yahboomcar_description', 'catkin_cmake_args': None, 'catkin_skip_building_tests': False, 'cmake_args': None, 'cmake_clean_cache': False, 'cmake_clean_first': False, 'cmake_force_configure': False, 'cmake_target': None, 'cmake_target_skip_unavailable': False, 'install_base': '/root/yahboomcar_ws/install/yahboomcar_description', 'merge_install': False, 'path': '/root/yahboomcar_ws/src/yahboomcar_description', 'symlink_install': False, 'test_result_base': None}
[2.079s] Level 5:colcon.colcon_core.verb:set package 'yahboomcar_laser' build argument 'cmake_args' from command line to 'None'
[2.080s] Level 5:colcon.colcon_core.verb:set package 'yahboomcar_laser' build argument 'cmake_target' from command line to 'None'
[2.080s] Level 5:colcon.colcon_core.verb:set package 'yahboomcar_laser' build argument 'cmake_target_skip_unavailable' from command line to 'False'
[2.080s] Level 5:colcon.colcon_core.verb:set package 'yahboomcar_laser' build argument 'cmake_clean_cache' from command line to 'False'
[2.080s] Level 5:colcon.colcon_core.verb:set package 'yahboomcar_laser' build argument 'cmake_clean_first' from command line to 'False'
[2.080s] Level 5:colcon.colcon_core.verb:set package 'yahboomcar_laser' build argument 'cmake_force_configure' from command line to 'False'
[2.080s] Level 5:colcon.colcon_core.verb:set package 'yahboomcar_laser' build argument 'ament_cmake_args' from command line to 'None'
[2.080s] Level 5:colcon.colcon_core.verb:set package 'yahboomcar_laser' build argument 'catkin_cmake_args' from command line to 'None'
[2.080s] Level 5:colcon.colcon_core.verb:set package 'yahboomcar_laser' build argument 'catkin_skip_building_tests' from command line to 'False'
[2.080s] DEBUG:colcon.colcon_core.verb:Building package 'yahboomcar_laser' with the following arguments: {'ament_cmake_args': None, 'build_base': '/root/yahboomcar_ws/build/yahboomcar_laser', 'catkin_cmake_args': None, 'catkin_skip_building_tests': False, 'cmake_args': None, 'cmake_clean_cache': False, 'cmake_clean_first': False, 'cmake_force_configure': False, 'cmake_target': None, 'cmake_target_skip_unavailable': False, 'install_base': '/root/yahboomcar_ws/install/yahboomcar_laser', 'merge_install': False, 'path': '/root/yahboomcar_ws/src/yahboomcar_laser', 'symlink_install': False, 'test_result_base': None}
[2.096s] Level 5:colcon.colcon_core.verb:set package 'yahboomcar_mediapipe' build argument 'cmake_args' from command line to 'None'
[2.096s] Level 5:colcon.colcon_core.verb:set package 'yahboomcar_mediapipe' build argument 'cmake_target' from command line to 'None'
[2.096s] Level 5:colcon.colcon_core.verb:set package 'yahboomcar_mediapipe' build argument 'cmake_target_skip_unavailable' from command line to 'False'
[2.096s] Level 5:colcon.colcon_core.verb:set package 'yahboomcar_mediapipe' build argument 'cmake_clean_cache' from command line to 'False'
[2.096s] Level 5:colcon.colcon_core.verb:set package 'yahboomcar_mediapipe' build argument 'cmake_clean_first' from command line to 'False'
[2.096s] Level 5:colcon.colcon_core.verb:set package 'yahboomcar_mediapipe' build argument 'cmake_force_configure' from command line to 'False'
[2.096s] Level 5:colcon.colcon_core.verb:set package 'yahboomcar_mediapipe' build argument 'ament_cmake_args' from command line to 'None'
[2.096s] Level 5:colcon.colcon_core.verb:set package 'yahboomcar_mediapipe' build argument 'catkin_cmake_args' from command line to 'None'
[2.096s] Level 5:colcon.colcon_core.verb:set package 'yahboomcar_mediapipe' build argument 'catkin_skip_building_tests' from command line to 'False'
[2.096s] DEBUG:colcon.colcon_core.verb:Building package 'yahboomcar_mediapipe' with the following arguments: {'ament_cmake_args': None, 'build_base': '/root/yahboomcar_ws/build/yahboomcar_mediapipe', 'catkin_cmake_args': None, 'catkin_skip_building_tests': False, 'cmake_args': None, 'cmake_clean_cache': False, 'cmake_clean_first': False, 'cmake_force_configure': False, 'cmake_target': None, 'cmake_target_skip_unavailable': False, 'install_base': '/root/yahboomcar_ws/install/yahboomcar_mediapipe', 'merge_install': False, 'path': '/root/yahboomcar_ws/src/yahboomcar_mediapipe', 'symlink_install': False, 'test_result_base': None}
[2.112s] Level 5:colcon.colcon_core.verb:set package 'yahboomcar_msgs' build argument 'cmake_args' from command line to 'None'
[2.113s] Level 5:colcon.colcon_core.verb:set package 'yahboomcar_msgs' build argument 'cmake_target' from command line to 'None'
[2.113s] Level 5:colcon.colcon_core.verb:set package 'yahboomcar_msgs' build argument 'cmake_target_skip_unavailable' from command line to 'False'
[2.113s] Level 5:colcon.colcon_core.verb:set package 'yahboomcar_msgs' build argument 'cmake_clean_cache' from command line to 'False'
[2.113s] Level 5:colcon.colcon_core.verb:set package 'yahboomcar_msgs' build argument 'cmake_clean_first' from command line to 'False'
[2.113s] Level 5:colcon.colcon_core.verb:set package 'yahboomcar_msgs' build argument 'cmake_force_configure' from command line to 'False'
[2.113s] Level 5:colcon.colcon_core.verb:set package 'yahboomcar_msgs' build argument 'ament_cmake_args' from command line to 'None'
[2.113s] Level 5:colcon.colcon_core.verb:set package 'yahboomcar_msgs' build argument 'catkin_cmake_args' from command line to 'None'
[2.113s] Level 5:colcon.colcon_core.verb:set package 'yahboomcar_msgs' build argument 'catkin_skip_building_tests' from command line to 'False'
[2.113s] DEBUG:colcon.colcon_core.verb:Building package 'yahboomcar_msgs' with the following arguments: {'ament_cmake_args': None, 'build_base': '/root/yahboomcar_ws/build/yahboomcar_msgs', 'catkin_cmake_args': None, 'catkin_skip_building_tests': False, 'cmake_args': None, 'cmake_clean_cache': False, 'cmake_clean_first': False, 'cmake_force_configure': False, 'cmake_target': None, 'cmake_target_skip_unavailable': False, 'install_base': '/root/yahboomcar_ws/install/yahboomcar_msgs', 'merge_install': False, 'path': '/root/yahboomcar_ws/src/yahboomcar_msgs', 'symlink_install': False, 'test_result_base': None}
[2.129s] Level 5:colcon.colcon_core.verb:set package 'yahboomcar_multi' build argument 'cmake_args' from command line to 'None'
[2.129s] Level 5:colcon.colcon_core.verb:set package 'yahboomcar_multi' build argument 'cmake_target' from command line to 'None'
[2.129s] Level 5:colcon.colcon_core.verb:set package 'yahboomcar_multi' build argument 'cmake_target_skip_unavailable' from command line to 'False'
[2.129s] Level 5:colcon.colcon_core.verb:set package 'yahboomcar_multi' build argument 'cmake_clean_cache' from command line to 'False'
[2.129s] Level 5:colcon.colcon_core.verb:set package 'yahboomcar_multi' build argument 'cmake_clean_first' from command line to 'False'
[2.129s] Level 5:colcon.colcon_core.verb:set package 'yahboomcar_multi' build argument 'cmake_force_configure' from command line to 'False'
[2.129s] Level 5:colcon.colcon_core.verb:set package 'yahboomcar_multi' build argument 'ament_cmake_args' from command line to 'None'
[2.129s] Level 5:colcon.colcon_core.verb:set package 'yahboomcar_multi' build argument 'catkin_cmake_args' from command line to 'None'
[2.129s] Level 5:colcon.colcon_core.verb:set package 'yahboomcar_multi' build argument 'catkin_skip_building_tests' from command line to 'False'
[2.129s] DEBUG:colcon.colcon_core.verb:Building package 'yahboomcar_multi' with the following arguments: {'ament_cmake_args': None, 'build_base': '/root/yahboomcar_ws/build/yahboomcar_multi', 'catkin_cmake_args': None, 'catkin_skip_building_tests': False, 'cmake_args': None, 'cmake_clean_cache': False, 'cmake_clean_first': False, 'cmake_force_configure': False, 'cmake_target': None, 'cmake_target_skip_unavailable': False, 'install_base': '/root/yahboomcar_ws/install/yahboomcar_multi', 'merge_install': False, 'path': '/root/yahboomcar_ws/src/yahboomcar_multi', 'symlink_install': False, 'test_result_base': None}
[2.145s] Level 5:colcon.colcon_core.verb:set package 'yahboomcar_nav' build argument 'cmake_args' from command line to 'None'
[2.145s] Level 5:colcon.colcon_core.verb:set package 'yahboomcar_nav' build argument 'cmake_target' from command line to 'None'
[2.145s] Level 5:colcon.colcon_core.verb:set package 'yahboomcar_nav' build argument 'cmake_target_skip_unavailable' from command line to 'False'
[2.145s] Level 5:colcon.colcon_core.verb:set package 'yahboomcar_nav' build argument 'cmake_clean_cache' from command line to 'False'
[2.145s] Level 5:colcon.colcon_core.verb:set package 'yahboomcar_nav' build argument 'cmake_clean_first' from command line to 'False'
[2.145s] Level 5:colcon.colcon_core.verb:set package 'yahboomcar_nav' build argument 'cmake_force_configure' from command line to 'False'
[2.146s] Level 5:colcon.colcon_core.verb:set package 'yahboomcar_nav' build argument 'ament_cmake_args' from command line to 'None'
[2.146s] Level 5:colcon.colcon_core.verb:set package 'yahboomcar_nav' build argument 'catkin_cmake_args' from command line to 'None'
[2.146s] Level 5:colcon.colcon_core.verb:set package 'yahboomcar_nav' build argument 'catkin_skip_building_tests' from command line to 'False'
[2.146s] DEBUG:colcon.colcon_core.verb:Building package 'yahboomcar_nav' with the following arguments: {'ament_cmake_args': None, 'build_base': '/root/yahboomcar_ws/build/yahboomcar_nav', 'catkin_cmake_args': None, 'catkin_skip_building_tests': False, 'cmake_args': None, 'cmake_clean_cache': False, 'cmake_clean_first': False, 'cmake_force_configure': False, 'cmake_target': None, 'cmake_target_skip_unavailable': False, 'install_base': '/root/yahboomcar_ws/install/yahboomcar_nav', 'merge_install': False, 'path': '/root/yahboomcar_ws/src/yahboomcar_nav', 'symlink_install': False, 'test_result_base': None}
[2.162s] Level 5:colcon.colcon_core.verb:set package 'yahboomcar_visual' build argument 'cmake_args' from command line to 'None'
[2.162s] Level 5:colcon.colcon_core.verb:set package 'yahboomcar_visual' build argument 'cmake_target' from command line to 'None'
[2.162s] Level 5:colcon.colcon_core.verb:set package 'yahboomcar_visual' build argument 'cmake_target_skip_unavailable' from command line to 'False'
[2.162s] Level 5:colcon.colcon_core.verb:set package 'yahboomcar_visual' build argument 'cmake_clean_cache' from command line to 'False'
[2.162s] Level 5:colcon.colcon_core.verb:set package 'yahboomcar_visual' build argument 'cmake_clean_first' from command line to 'False'
[2.162s] Level 5:colcon.colcon_core.verb:set package 'yahboomcar_visual' build argument 'cmake_force_configure' from command line to 'False'
[2.162s] Level 5:colcon.colcon_core.verb:set package 'yahboomcar_visual' build argument 'ament_cmake_args' from command line to 'None'
[2.162s] Level 5:colcon.colcon_core.verb:set package 'yahboomcar_visual' build argument 'catkin_cmake_args' from command line to 'None'
[2.162s] Level 5:colcon.colcon_core.verb:set package 'yahboomcar_visual' build argument 'catkin_skip_building_tests' from command line to 'False'
[2.162s] DEBUG:colcon.colcon_core.verb:Building package 'yahboomcar_visual' with the following arguments: {'ament_cmake_args': None, 'build_base': '/root/yahboomcar_ws/build/yahboomcar_visual', 'catkin_cmake_args': None, 'catkin_skip_building_tests': False, 'cmake_args': None, 'cmake_clean_cache': False, 'cmake_clean_first': False, 'cmake_force_configure': False, 'cmake_target': None, 'cmake_target_skip_unavailable': False, 'install_base': '/root/yahboomcar_ws/install/yahboomcar_visual', 'merge_install': False, 'path': '/root/yahboomcar_ws/src/yahboomcar_visual', 'symlink_install': False, 'test_result_base': None}
[2.178s] INFO:colcon.colcon_core.executor:Executing jobs using 'parallel' executor
[2.195s] DEBUG:colcon.colcon_parallel_executor.executor.parallel:run_until_complete
[2.196s] INFO:colcon.colcon_ros.task.ament_python.build:Building ROS package in '/root/yahboomcar_ws/src/laserscan_to_point_publisher' with build type 'ament_python'
[2.196s] Level 1:colcon.colcon_core.shell:create_environment_hook('laserscan_to_point_publisher', 'ament_prefix_path')
[2.223s] INFO:colcon.colcon_core.plugin_system:Skipping extension 'colcon_core.shell.bat': Not used on non-Windows systems
[2.223s] INFO:colcon.colcon_core.shell:Creating environment hook '/root/yahboomcar_ws/install/laserscan_to_point_publisher/share/laserscan_to_point_publisher/hook/ament_prefix_path.ps1'
[2.225s] INFO:colcon.colcon_core.shell:Creating environment descriptor '/root/yahboomcar_ws/install/laserscan_to_point_publisher/share/laserscan_to_point_publisher/hook/ament_prefix_path.dsv'
[2.226s] INFO:colcon.colcon_core.shell:Creating environment hook '/root/yahboomcar_ws/install/laserscan_to_point_publisher/share/laserscan_to_point_publisher/hook/ament_prefix_path.sh'
[2.245s] INFO:colcon.colcon_core.shell:Skip shell extension 'powershell' for command environment: Not usable outside of PowerShell
[2.245s] DEBUG:colcon.colcon_core.shell:Skip shell extension 'dsv' for command environment
[2.347s] INFO:colcon.colcon_ros.task.ament_cmake.build:Building ROS package in '/root/yahboomcar_ws/src/robot_localization' with build type 'ament_cmake'
[2.348s] INFO:colcon.colcon_cmake.task.cmake.build:Building CMake package in '/root/yahboomcar_ws/src/robot_localization'
[2.368s] INFO:colcon.colcon_core.shell:Skip shell extension 'powershell' for command environment: Not usable outside of PowerShell
[2.368s] DEBUG:colcon.colcon_core.shell:Skip shell extension 'dsv' for command environment
[2.463s] INFO:colcon.colcon_ros.task.ament_cmake.build:Building ROS package in '/root/yahboomcar_ws/src/robot_pose_publisher_ros2' with build type 'ament_cmake'
[2.463s] INFO:colcon.colcon_cmake.task.cmake.build:Building CMake package in '/root/yahboomcar_ws/src/robot_pose_publisher_ros2'
[2.482s] INFO:colcon.colcon_core.shell:Skip shell extension 'powershell' for command environment: Not usable outside of PowerShell
[2.482s] DEBUG:colcon.colcon_core.shell:Skip shell extension 'dsv' for command environment
[2.582s] INFO:colcon.colcon_ros.task.ament_python.build:Building ROS package in '/root/yahboomcar_ws/src/yahboom_app_save_map' with build type 'ament_python'
[2.583s] Level 1:colcon.colcon_core.shell:create_environment_hook('yahboom_app_save_map', 'ament_prefix_path')
[2.601s] INFO:colcon.colcon_core.shell:Creating environment hook '/root/yahboomcar_ws/install/yahboom_app_save_map/share/yahboom_app_save_map/hook/ament_prefix_path.ps1'
[2.603s] INFO:colcon.colcon_core.shell:Creating environment descriptor '/root/yahboomcar_ws/install/yahboom_app_save_map/share/yahboom_app_save_map/hook/ament_prefix_path.dsv'
[2.604s] INFO:colcon.colcon_core.shell:Creating environment hook '/root/yahboomcar_ws/install/yahboom_app_save_map/share/yahboom_app_save_map/hook/ament_prefix_path.sh'
[2.623s] INFO:colcon.colcon_core.shell:Skip shell extension 'powershell' for command environment: Not usable outside of PowerShell
[2.623s] DEBUG:colcon.colcon_core.shell:Skip shell extension 'dsv' for command environment
[3.089s] INFO:colcon.colcon_core.task.python.build:Building Python package in '/root/yahboomcar_ws/src/laserscan_to_point_publisher'
[3.106s] INFO:colcon.colcon_core.shell:Skip shell extension 'powershell' for command environment: Not usable outside of PowerShell
[3.106s] DEBUG:colcon.colcon_core.shell:Skip shell extension 'dsv' for command environment
[3.209s] DEBUG:colcon.colcon_core.event_handler.log_command:Invoking command in '/root/yahboomcar_ws/build/robot_localization': CMAKE_PREFIX_PATH=${CMAKE_PREFIX_PATH}:/root/yahboomcar_ws/install/yahboomcar_visual:/root/yahboomcar_ws/install/yahboomcar_nav:/root/yahboomcar_ws/install/yahboomcar_multi:/root/yahboomcar_ws/install/yahboomcar_mediapipe:/root/yahboomcar_ws/install/yahboomcar_laser:/root/yahboomcar_ws/install/yahboomcar_description:/root/yahboomcar_ws/install/yahboomcar_ctrl:/root/yahboomcar_ws/install/yahboomcar_bringup:/root/yahboomcar_ws/install/yahboomcar_astra:/root/yahboomcar_ws/install/yahboom_app_save_map:/root/yahboomcar_ws/install/laserscan_to_point_publisher:/opt/ros/humble /usr/bin/cmake --build /root/yahboomcar_ws/build/robot_localization -- -j4 -l4
[3.236s] DEBUG:colcon.colcon_core.event_handler.log_command:Invoking command in '/root/yahboomcar_ws/build/robot_pose_publisher_ros2': CMAKE_PREFIX_PATH=${CMAKE_PREFIX_PATH}:/root/yahboomcar_ws/install/yahboomcar_visual:/root/yahboomcar_ws/install/yahboomcar_nav:/root/yahboomcar_ws/install/yahboomcar_multi:/root/yahboomcar_ws/install/yahboomcar_mediapipe:/root/yahboomcar_ws/install/yahboomcar_laser:/root/yahboomcar_ws/install/yahboomcar_description:/root/yahboomcar_ws/install/yahboomcar_ctrl:/root/yahboomcar_ws/install/yahboomcar_bringup:/root/yahboomcar_ws/install/yahboomcar_astra:/root/yahboomcar_ws/install/yahboom_app_save_map:/root/yahboomcar_ws/install/laserscan_to_point_publisher:/opt/ros/humble /usr/bin/cmake --build /root/yahboomcar_ws/build/robot_pose_publisher_ros2 -- -j4 -l4
[3.661s] INFO:colcon.colcon_core.task.python.build:Building Python package in '/root/yahboomcar_ws/src/yahboom_app_save_map'
[3.689s] INFO:colcon.colcon_core.shell:Skip shell extension 'powershell' for command environment: Not usable outside of PowerShell
[3.689s] DEBUG:colcon.colcon_core.shell:Skip shell extension 'dsv' for command environment
[4.009s] DEBUG:colcon.colcon_core.event_handler.log_command:Invoked command in '/root/yahboomcar_ws/build/robot_pose_publisher_ros2' returned '0': CMAKE_PREFIX_PATH=${CMAKE_PREFIX_PATH}:/root/yahboomcar_ws/install/yahboomcar_visual:/root/yahboomcar_ws/install/yahboomcar_nav:/root/yahboomcar_ws/install/yahboomcar_multi:/root/yahboomcar_ws/install/yahboomcar_mediapipe:/root/yahboomcar_ws/install/yahboomcar_laser:/root/yahboomcar_ws/install/yahboomcar_description:/root/yahboomcar_ws/install/yahboomcar_ctrl:/root/yahboomcar_ws/install/yahboomcar_bringup:/root/yahboomcar_ws/install/yahboomcar_astra:/root/yahboomcar_ws/install/yahboom_app_save_map:/root/yahboomcar_ws/install/laserscan_to_point_publisher:/opt/ros/humble /usr/bin/cmake --build /root/yahboomcar_ws/build/robot_pose_publisher_ros2 -- -j4 -l4
[4.202s] DEBUG:colcon.colcon_core.event_handler.log_command:Invoking command in '/root/yahboomcar_ws/build/robot_pose_publisher_ros2': CMAKE_PREFIX_PATH=${CMAKE_PREFIX_PATH}:/root/yahboomcar_ws/install/yahboomcar_visual:/root/yahboomcar_ws/install/yahboomcar_nav:/root/yahboomcar_ws/install/yahboomcar_multi:/root/yahboomcar_ws/install/yahboomcar_mediapipe:/root/yahboomcar_ws/install/yahboomcar_laser:/root/yahboomcar_ws/install/yahboomcar_description:/root/yahboomcar_ws/install/yahboomcar_ctrl:/root/yahboomcar_ws/install/yahboomcar_bringup:/root/yahboomcar_ws/install/yahboomcar_astra:/root/yahboomcar_ws/install/yahboom_app_save_map:/root/yahboomcar_ws/install/laserscan_to_point_publisher:/opt/ros/humble /usr/bin/cmake --install /root/yahboomcar_ws/build/robot_pose_publisher_ros2
[4.458s] Level 1:colcon.colcon_core.environment:create_environment_scripts_only(robot_pose_publisher_ros2)
[4.459s] DEBUG:colcon.colcon_core.event_handler.log_command:Invoked command in '/root/yahboomcar_ws/build/robot_pose_publisher_ros2' returned '0': CMAKE_PREFIX_PATH=${CMAKE_PREFIX_PATH}:/root/yahboomcar_ws/install/yahboomcar_visual:/root/yahboomcar_ws/install/yahboomcar_nav:/root/yahboomcar_ws/install/yahboomcar_multi:/root/yahboomcar_ws/install/yahboomcar_mediapipe:/root/yahboomcar_ws/install/yahboomcar_laser:/root/yahboomcar_ws/install/yahboomcar_description:/root/yahboomcar_ws/install/yahboomcar_ctrl:/root/yahboomcar_ws/install/yahboomcar_bringup:/root/yahboomcar_ws/install/yahboomcar_astra:/root/yahboomcar_ws/install/yahboom_app_save_map:/root/yahboomcar_ws/install/laserscan_to_point_publisher:/opt/ros/humble /usr/bin/cmake --install /root/yahboomcar_ws/build/robot_pose_publisher_ros2
[4.517s] Level 1:colcon.colcon_core.environment:checking '/root/yahboomcar_ws/install/robot_pose_publisher_ros2' for CMake module files
[4.529s] Level 1:colcon.colcon_core.environment:checking '/root/yahboomcar_ws/install/robot_pose_publisher_ros2' for CMake config files
[4.535s] Level 1:colcon.colcon_core.shell:create_environment_hook('robot_pose_publisher_ros2', 'cmake_prefix_path')
[4.579s] INFO:colcon.colcon_core.shell:Creating environment hook '/root/yahboomcar_ws/install/robot_pose_publisher_ros2/share/robot_pose_publisher_ros2/hook/cmake_prefix_path.ps1'
[4.580s] INFO:colcon.colcon_core.shell:Creating environment descriptor '/root/yahboomcar_ws/install/robot_pose_publisher_ros2/share/robot_pose_publisher_ros2/hook/cmake_prefix_path.dsv'
[4.580s] INFO:colcon.colcon_core.shell:Creating environment hook '/root/yahboomcar_ws/install/robot_pose_publisher_ros2/share/robot_pose_publisher_ros2/hook/cmake_prefix_path.sh'
[4.582s] Level 1:colcon.colcon_core.environment:checking '/root/yahboomcar_ws/install/robot_pose_publisher_ros2/lib'
[4.583s] Level 1:colcon.colcon_core.environment:checking '/root/yahboomcar_ws/install/robot_pose_publisher_ros2/bin'
[4.583s] Level 1:colcon.colcon_core.environment:checking '/root/yahboomcar_ws/install/robot_pose_publisher_ros2/lib/pkgconfig/robot_pose_publisher_ros2.pc'
[4.585s] Level 1:colcon.colcon_core.environment:checking '/root/yahboomcar_ws/install/robot_pose_publisher_ros2/lib/python3.10/site-packages'
[4.588s] Level 1:colcon.colcon_core.environment:checking '/root/yahboomcar_ws/install/robot_pose_publisher_ros2/bin'
[4.638s] INFO:colcon.colcon_core.shell:Creating package script '/root/yahboomcar_ws/install/robot_pose_publisher_ros2/share/robot_pose_publisher_ros2/package.ps1'
[4.654s] INFO:colcon.colcon_core.shell:Creating package descriptor '/root/yahboomcar_ws/install/robot_pose_publisher_ros2/share/robot_pose_publisher_ros2/package.dsv'
[4.655s] INFO:colcon.colcon_core.shell:Creating package script '/root/yahboomcar_ws/install/robot_pose_publisher_ros2/share/robot_pose_publisher_ros2/package.sh'
[4.661s] INFO:colcon.colcon_core.shell:Creating package script '/root/yahboomcar_ws/install/robot_pose_publisher_ros2/share/robot_pose_publisher_ros2/package.bash'
[4.665s] INFO:colcon.colcon_core.shell:Creating package script '/root/yahboomcar_ws/install/robot_pose_publisher_ros2/share/robot_pose_publisher_ros2/package.zsh'
[4.668s] Level 1:colcon.colcon_core.environment:create_file_with_runtime_dependencies(/root/yahboomcar_ws/install/robot_pose_publisher_ros2/share/colcon-core/packages/robot_pose_publisher_ros2)
[4.963s] Level 1:colcon.colcon_core.environment:create_environment_scripts_only(robot_pose_publisher_ros2)
[5.002s] Level 1:colcon.colcon_core.environment:checking '/root/yahboomcar_ws/install/robot_pose_publisher_ros2' for CMake module files
[5.004s] Level 1:colcon.colcon_core.environment:checking '/root/yahboomcar_ws/install/robot_pose_publisher_ros2' for CMake config files
[5.005s] Level 1:colcon.colcon_core.shell:create_environment_hook('robot_pose_publisher_ros2', 'cmake_prefix_path')
[5.030s] INFO:colcon.colcon_core.shell:Creating environment hook '/root/yahboomcar_ws/install/robot_pose_publisher_ros2/share/robot_pose_publisher_ros2/hook/cmake_prefix_path.ps1'
[5.032s] INFO:colcon.colcon_core.shell:Creating environment descriptor '/root/yahboomcar_ws/install/robot_pose_publisher_ros2/share/robot_pose_publisher_ros2/hook/cmake_prefix_path.dsv'
[5.032s] INFO:colcon.colcon_core.shell:Creating environment hook '/root/yahboomcar_ws/install/robot_pose_publisher_ros2/share/robot_pose_publisher_ros2/hook/cmake_prefix_path.sh'
[5.034s] Level 1:colcon.colcon_core.environment:checking '/root/yahboomcar_ws/install/robot_pose_publisher_ros2/lib'
[5.034s] Level 1:colcon.colcon_core.environment:checking '/root/yahboomcar_ws/install/robot_pose_publisher_ros2/bin'
[5.034s] Level 1:colcon.colcon_core.environment:checking '/root/yahboomcar_ws/install/robot_pose_publisher_ros2/lib/pkgconfig/robot_pose_publisher_ros2.pc'
[5.034s] Level 1:colcon.colcon_core.environment:checking '/root/yahboomcar_ws/install/robot_pose_publisher_ros2/lib/python3.10/site-packages'
[5.035s] Level 1:colcon.colcon_core.environment:checking '/root/yahboomcar_ws/install/robot_pose_publisher_ros2/bin'
[5.068s] INFO:colcon.colcon_core.shell:Creating package script '/root/yahboomcar_ws/install/robot_pose_publisher_ros2/share/robot_pose_publisher_ros2/package.ps1'
[5.069s] INFO:colcon.colcon_core.shell:Creating package descriptor '/root/yahboomcar_ws/install/robot_pose_publisher_ros2/share/robot_pose_publisher_ros2/package.dsv'
[5.070s] INFO:colcon.colcon_core.shell:Creating package script '/root/yahboomcar_ws/install/robot_pose_publisher_ros2/share/robot_pose_publisher_ros2/package.sh'
[5.071s] INFO:colcon.colcon_core.shell:Creating package script '/root/yahboomcar_ws/install/robot_pose_publisher_ros2/share/robot_pose_publisher_ros2/package.bash'
[5.072s] INFO:colcon.colcon_core.shell:Creating package script '/root/yahboomcar_ws/install/robot_pose_publisher_ros2/share/robot_pose_publisher_ros2/package.zsh'
[5.072s] Level 1:colcon.colcon_core.environment:create_file_with_runtime_dependencies(/root/yahboomcar_ws/install/robot_pose_publisher_ros2/share/colcon-core/packages/robot_pose_publisher_ros2)
[5.074s] INFO:colcon.colcon_ros.task.ament_cmake.build:Building ROS package in '/root/yahboomcar_ws/src/yahboom_web_savmap_interfaces' with build type 'ament_cmake'
[5.074s] INFO:colcon.colcon_cmake.task.cmake.build:Building CMake package in '/root/yahboomcar_ws/src/yahboom_web_savmap_interfaces'
[5.098s] INFO:colcon.colcon_core.shell:Skip shell extension 'powershell' for command environment: Not usable outside of PowerShell
[5.098s] DEBUG:colcon.colcon_core.shell:Skip shell extension 'dsv' for command environment
[5.221s] DEBUG:colcon.colcon_core.event_handler.log_command:Invoking command in '/root/yahboomcar_ws/src/laserscan_to_point_publisher': PYTHONPATH=/root/yahboomcar_ws/build/laserscan_to_point_publisher/prefix_override:/root/yahboomcar_ws/install/laserscan_to_point_publisher/lib/python3.10/site-packages:${PYTHONPATH} /usr/bin/python3 setup.py egg_info --egg-base ../../build/laserscan_to_point_publisher build --build-base /root/yahboomcar_ws/build/laserscan_to_point_publisher/build install --record /root/yahboomcar_ws/build/laserscan_to_point_publisher/install.log --single-version-externally-managed
[5.226s] DEBUG:colcon.colcon_core.event_handler.log_command:Invoking command in '/root/yahboomcar_ws/src/yahboom_app_save_map': PYTHONPATH=/root/yahboomcar_ws/build/yahboom_app_save_map/prefix_override:/root/yahboomcar_ws/install/yahboom_app_save_map/lib/python3.10/site-packages:${PYTHONPATH} /usr/bin/python3 setup.py egg_info --egg-base ../../build/yahboom_app_save_map build --build-base /root/yahboomcar_ws/build/yahboom_app_save_map/build install --record /root/yahboomcar_ws/build/yahboom_app_save_map/install.log --single-version-externally-managed
[5.228s] DEBUG:colcon.colcon_core.event_handler.log_command:Invoked command in '/root/yahboomcar_ws/build/robot_localization' returned '0': CMAKE_PREFIX_PATH=${CMAKE_PREFIX_PATH}:/root/yahboomcar_ws/install/yahboomcar_visual:/root/yahboomcar_ws/install/yahboomcar_nav:/root/yahboomcar_ws/install/yahboomcar_multi:/root/yahboomcar_ws/install/yahboomcar_mediapipe:/root/yahboomcar_ws/install/yahboomcar_laser:/root/yahboomcar_ws/install/yahboomcar_description:/root/yahboomcar_ws/install/yahboomcar_ctrl:/root/yahboomcar_ws/install/yahboomcar_bringup:/root/yahboomcar_ws/install/yahboomcar_astra:/root/yahboomcar_ws/install/yahboom_app_save_map:/root/yahboomcar_ws/install/laserscan_to_point_publisher:/opt/ros/humble /usr/bin/cmake --build /root/yahboomcar_ws/build/robot_localization -- -j4 -l4
[5.246s] DEBUG:colcon.colcon_core.event_handler.log_command:Invoking command in '/root/yahboomcar_ws/build/yahboom_web_savmap_interfaces': CMAKE_PREFIX_PATH=${CMAKE_PREFIX_PATH}:/root/yahboomcar_ws/install/yahboomcar_visual:/root/yahboomcar_ws/install/yahboomcar_nav:/root/yahboomcar_ws/install/yahboomcar_multi:/root/yahboomcar_ws/install/yahboomcar_mediapipe:/root/yahboomcar_ws/install/yahboomcar_laser:/root/yahboomcar_ws/install/yahboomcar_description:/root/yahboomcar_ws/install/yahboomcar_ctrl:/root/yahboomcar_ws/install/yahboomcar_bringup:/root/yahboomcar_ws/install/yahboomcar_astra:/root/yahboomcar_ws/install/yahboom_app_save_map:/root/yahboomcar_ws/install/laserscan_to_point_publisher:/opt/ros/humble /usr/bin/cmake --build /root/yahboomcar_ws/build/yahboom_web_savmap_interfaces -- -j4 -l4
[6.022s] DEBUG:colcon.colcon_core.event_handler.log_command:Invoked command in '/root/yahboomcar_ws/src/laserscan_to_point_publisher' returned '0': PYTHONPATH=/root/yahboomcar_ws/build/laserscan_to_point_publisher/prefix_override:/root/yahboomcar_ws/install/laserscan_to_point_publisher/lib/python3.10/site-packages:${PYTHONPATH} /usr/bin/python3 setup.py egg_info --egg-base ../../build/laserscan_to_point_publisher build --build-base /root/yahboomcar_ws/build/laserscan_to_point_publisher/build install --record /root/yahboomcar_ws/build/laserscan_to_point_publisher/install.log --single-version-externally-managed
[6.060s] Level 1:colcon.colcon_core.environment:checking '/root/yahboomcar_ws/install/laserscan_to_point_publisher' for CMake module files
[6.069s] Level 1:colcon.colcon_core.environment:checking '/root/yahboomcar_ws/install/laserscan_to_point_publisher' for CMake config files
[6.078s] Level 1:colcon.colcon_core.environment:checking '/root/yahboomcar_ws/install/laserscan_to_point_publisher/lib'
[6.078s] Level 1:colcon.colcon_core.environment:checking '/root/yahboomcar_ws/install/laserscan_to_point_publisher/bin'
[6.078s] Level 1:colcon.colcon_core.environment:checking '/root/yahboomcar_ws/install/laserscan_to_point_publisher/lib/pkgconfig/laserscan_to_point_publisher.pc'
[6.079s] Level 1:colcon.colcon_core.environment:checking '/root/yahboomcar_ws/install/laserscan_to_point_publisher/lib/python3.10/site-packages'
[6.079s] Level 1:colcon.colcon_core.shell:create_environment_hook('laserscan_to_point_publisher', 'pythonpath')
[6.105s] INFO:colcon.colcon_core.shell:Creating environment hook '/root/yahboomcar_ws/install/laserscan_to_point_publisher/share/laserscan_to_point_publisher/hook/pythonpath.ps1'
[6.106s] INFO:colcon.colcon_core.shell:Creating environment descriptor '/root/yahboomcar_ws/install/laserscan_to_point_publisher/share/laserscan_to_point_publisher/hook/pythonpath.dsv'
[6.107s] INFO:colcon.colcon_core.shell:Creating environment hook '/root/yahboomcar_ws/install/laserscan_to_point_publisher/share/laserscan_to_point_publisher/hook/pythonpath.sh'
[6.108s] Level 1:colcon.colcon_core.environment:checking '/root/yahboomcar_ws/install/laserscan_to_point_publisher/bin'
[6.109s] Level 1:colcon.colcon_core.environment:create_environment_scripts_only(laserscan_to_point_publisher)
[6.138s] INFO:colcon.colcon_core.shell:Creating package script '/root/yahboomcar_ws/install/laserscan_to_point_publisher/share/laserscan_to_point_publisher/package.ps1'
[6.139s] INFO:colcon.colcon_core.shell:Creating package descriptor '/root/yahboomcar_ws/install/laserscan_to_point_publisher/share/laserscan_to_point_publisher/package.dsv'
[6.140s] INFO:colcon.colcon_core.shell:Creating package script '/root/yahboomcar_ws/install/laserscan_to_point_publisher/share/laserscan_to_point_publisher/package.sh'
[6.141s] INFO:colcon.colcon_core.shell:Creating package script '/root/yahboomcar_ws/install/laserscan_to_point_publisher/share/laserscan_to_point_publisher/package.bash'
[6.141s] INFO:colcon.colcon_core.shell:Creating package script '/root/yahboomcar_ws/install/laserscan_to_point_publisher/share/laserscan_to_point_publisher/package.zsh'
[6.142s] Level 1:colcon.colcon_core.environment:create_file_with_runtime_dependencies(/root/yahboomcar_ws/install/laserscan_to_point_publisher/share/colcon-core/packages/laserscan_to_point_publisher)
[6.144s] INFO:colcon.colcon_ros.task.ament_python.build:Building ROS package in '/root/yahboomcar_ws/src/yahboomcar_astra' with build type 'ament_python'
[6.144s] Level 1:colcon.colcon_core.shell:create_environment_hook('yahboomcar_astra', 'ament_prefix_path')
[6.168s] INFO:colcon.colcon_core.shell:Creating environment hook '/root/yahboomcar_ws/install/yahboomcar_astra/share/yahboomcar_astra/hook/ament_prefix_path.ps1'
[6.169s] INFO:colcon.colcon_core.shell:Creating environment descriptor '/root/yahboomcar_ws/install/yahboomcar_astra/share/yahboomcar_astra/hook/ament_prefix_path.dsv'
[6.170s] INFO:colcon.colcon_core.shell:Creating environment hook '/root/yahboomcar_ws/install/yahboomcar_astra/share/yahboomcar_astra/hook/ament_prefix_path.sh'
[6.190s] INFO:colcon.colcon_core.shell:Skip shell extension 'powershell' for command environment: Not usable outside of PowerShell
[6.191s] DEBUG:colcon.colcon_core.shell:Skip shell extension 'dsv' for command environment
[6.311s] DEBUG:colcon.colcon_core.event_handler.log_command:Invoked command in '/root/yahboomcar_ws/src/yahboom_app_save_map' returned '0': PYTHONPATH=/root/yahboomcar_ws/build/yahboom_app_save_map/prefix_override:/root/yahboomcar_ws/install/yahboom_app_save_map/lib/python3.10/site-packages:${PYTHONPATH} /usr/bin/python3 setup.py egg_info --egg-base ../../build/yahboom_app_save_map build --build-base /root/yahboomcar_ws/build/yahboom_app_save_map/build install --record /root/yahboomcar_ws/build/yahboom_app_save_map/install.log --single-version-externally-managed
[6.332s] Level 1:colcon.colcon_core.environment:checking '/root/yahboomcar_ws/install/yahboom_app_save_map' for CMake module files
[6.338s] Level 1:colcon.colcon_core.environment:checking '/root/yahboomcar_ws/install/yahboom_app_save_map' for CMake config files
[6.345s] Level 1:colcon.colcon_core.environment:checking '/root/yahboomcar_ws/install/yahboom_app_save_map/lib'
[6.345s] Level 1:colcon.colcon_core.environment:checking '/root/yahboomcar_ws/install/yahboom_app_save_map/bin'
[6.345s] Level 1:colcon.colcon_core.environment:checking '/root/yahboomcar_ws/install/yahboom_app_save_map/lib/pkgconfig/yahboom_app_save_map.pc'
[6.346s] Level 1:colcon.colcon_core.environment:checking '/root/yahboomcar_ws/install/yahboom_app_save_map/lib/python3.10/site-packages'
[6.346s] Level 1:colcon.colcon_core.shell:create_environment_hook('yahboom_app_save_map', 'pythonpath')
[6.365s] INFO:colcon.colcon_core.shell:Creating environment hook '/root/yahboomcar_ws/install/yahboom_app_save_map/share/yahboom_app_save_map/hook/pythonpath.ps1'
[6.366s] INFO:colcon.colcon_core.shell:Creating environment descriptor '/root/yahboomcar_ws/install/yahboom_app_save_map/share/yahboom_app_save_map/hook/pythonpath.dsv'
[6.366s] INFO:colcon.colcon_core.shell:Creating environment hook '/root/yahboomcar_ws/install/yahboom_app_save_map/share/yahboom_app_save_map/hook/pythonpath.sh'
[6.367s] Level 1:colcon.colcon_core.environment:checking '/root/yahboomcar_ws/install/yahboom_app_save_map/bin'
[6.367s] Level 1:colcon.colcon_core.environment:create_environment_scripts_only(yahboom_app_save_map)
[6.384s] INFO:colcon.colcon_core.shell:Creating package script '/root/yahboomcar_ws/install/yahboom_app_save_map/share/yahboom_app_save_map/package.ps1'
[6.385s] INFO:colcon.colcon_core.shell:Creating package descriptor '/root/yahboomcar_ws/install/yahboom_app_save_map/share/yahboom_app_save_map/package.dsv'
[6.385s] INFO:colcon.colcon_core.shell:Creating package script '/root/yahboomcar_ws/install/yahboom_app_save_map/share/yahboom_app_save_map/package.sh'
[6.386s] INFO:colcon.colcon_core.shell:Creating package script '/root/yahboomcar_ws/install/yahboom_app_save_map/share/yahboom_app_save_map/package.bash'
[6.386s] INFO:colcon.colcon_core.shell:Creating package script '/root/yahboomcar_ws/install/yahboom_app_save_map/share/yahboom_app_save_map/package.zsh'
[6.387s] Level 1:colcon.colcon_core.environment:create_file_with_runtime_dependencies(/root/yahboomcar_ws/install/yahboom_app_save_map/share/colcon-core/packages/yahboom_app_save_map)
[6.388s] INFO:colcon.colcon_ros.task.ament_cmake.build:Building ROS package in '/root/yahboomcar_ws/src/yahboomcar_base_node' with build type 'ament_cmake'
[6.388s] INFO:colcon.colcon_cmake.task.cmake.build:Building CMake package in '/root/yahboomcar_ws/src/yahboomcar_base_node'
[6.408s] INFO:colcon.colcon_core.shell:Skip shell extension 'powershell' for command environment: Not usable outside of PowerShell
[6.408s] DEBUG:colcon.colcon_core.shell:Skip shell extension 'dsv' for command environment
[6.513s] DEBUG:colcon.colcon_core.event_handler.log_command:Invoking command in '/root/yahboomcar_ws/build/robot_localization': CMAKE_PREFIX_PATH=${CMAKE_PREFIX_PATH}:/root/yahboomcar_ws/install/yahboomcar_visual:/root/yahboomcar_ws/install/yahboomcar_nav:/root/yahboomcar_ws/install/yahboomcar_multi:/root/yahboomcar_ws/install/yahboomcar_mediapipe:/root/yahboomcar_ws/install/yahboomcar_laser:/root/yahboomcar_ws/install/yahboomcar_description:/root/yahboomcar_ws/install/yahboomcar_ctrl:/root/yahboomcar_ws/install/yahboomcar_bringup:/root/yahboomcar_ws/install/yahboomcar_astra:/root/yahboomcar_ws/install/yahboom_app_save_map:/root/yahboomcar_ws/install/laserscan_to_point_publisher:/opt/ros/humble /usr/bin/cmake --install /root/yahboomcar_ws/build/robot_localization
[6.515s] DEBUG:colcon.colcon_core.event_handler.log_command:Invoked command in '/root/yahboomcar_ws/build/yahboom_web_savmap_interfaces' returned '0': CMAKE_PREFIX_PATH=${CMAKE_PREFIX_PATH}:/root/yahboomcar_ws/install/yahboomcar_visual:/root/yahboomcar_ws/install/yahboomcar_nav:/root/yahboomcar_ws/install/yahboomcar_multi:/root/yahboomcar_ws/install/yahboomcar_mediapipe:/root/yahboomcar_ws/install/yahboomcar_laser:/root/yahboomcar_ws/install/yahboomcar_description:/root/yahboomcar_ws/install/yahboomcar_ctrl:/root/yahboomcar_ws/install/yahboomcar_bringup:/root/yahboomcar_ws/install/yahboomcar_astra:/root/yahboomcar_ws/install/yahboom_app_save_map:/root/yahboomcar_ws/install/laserscan_to_point_publisher:/opt/ros/humble /usr/bin/cmake --build /root/yahboomcar_ws/build/yahboom_web_savmap_interfaces -- -j4 -l4
[6.928s] INFO:colcon.colcon_core.task.python.build:Building Python package in '/root/yahboomcar_ws/src/yahboomcar_astra'
[6.947s] INFO:colcon.colcon_core.shell:Skip shell extension 'powershell' for command environment: Not usable outside of PowerShell
[6.947s] DEBUG:colcon.colcon_core.shell:Skip shell extension 'dsv' for command environment
[7.079s] DEBUG:colcon.colcon_core.event_handler.log_command:Invoking command in '/root/yahboomcar_ws/build/yahboomcar_base_node': CMAKE_PREFIX_PATH=${CMAKE_PREFIX_PATH}:/root/yahboomcar_ws/install/yahboomcar_visual:/root/yahboomcar_ws/install/yahboomcar_nav:/root/yahboomcar_ws/install/yahboomcar_multi:/root/yahboomcar_ws/install/yahboomcar_mediapipe:/root/yahboomcar_ws/install/yahboomcar_laser:/root/yahboomcar_ws/install/yahboomcar_description:/root/yahboomcar_ws/install/yahboomcar_ctrl:/root/yahboomcar_ws/install/yahboomcar_bringup:/root/yahboomcar_ws/install/yahboomcar_astra:/root/yahboomcar_ws/install/yahboom_app_save_map:/root/yahboomcar_ws/install/laserscan_to_point_publisher:/opt/ros/humble /usr/bin/cmake --build /root/yahboomcar_ws/build/yahboomcar_base_node -- -j4 -l4
[7.085s] DEBUG:colcon.colcon_core.event_handler.log_command:Invoking command in '/root/yahboomcar_ws/build/yahboom_web_savmap_interfaces': CMAKE_PREFIX_PATH=${CMAKE_PREFIX_PATH}:/root/yahboomcar_ws/install/yahboomcar_visual:/root/yahboomcar_ws/install/yahboomcar_nav:/root/yahboomcar_ws/install/yahboomcar_multi:/root/yahboomcar_ws/install/yahboomcar_mediapipe:/root/yahboomcar_ws/install/yahboomcar_laser:/root/yahboomcar_ws/install/yahboomcar_description:/root/yahboomcar_ws/install/yahboomcar_ctrl:/root/yahboomcar_ws/install/yahboomcar_bringup:/root/yahboomcar_ws/install/yahboomcar_astra:/root/yahboomcar_ws/install/yahboom_app_save_map:/root/yahboomcar_ws/install/laserscan_to_point_publisher:/opt/ros/humble /usr/bin/cmake --install /root/yahboomcar_ws/build/yahboom_web_savmap_interfaces
[7.292s] DEBUG:colcon.colcon_core.event_handler.log_command:Invoked command in '/root/yahboomcar_ws/build/yahboomcar_base_node' returned '0': CMAKE_PREFIX_PATH=${CMAKE_PREFIX_PATH}:/root/yahboomcar_ws/install/yahboomcar_visual:/root/yahboomcar_ws/install/yahboomcar_nav:/root/yahboomcar_ws/install/yahboomcar_multi:/root/yahboomcar_ws/install/yahboomcar_mediapipe:/root/yahboomcar_ws/install/yahboomcar_laser:/root/yahboomcar_ws/install/yahboomcar_description:/root/yahboomcar_ws/install/yahboomcar_ctrl:/root/yahboomcar_ws/install/yahboomcar_bringup:/root/yahboomcar_ws/install/yahboomcar_astra:/root/yahboomcar_ws/install/yahboom_app_save_map:/root/yahboomcar_ws/install/laserscan_to_point_publisher:/opt/ros/humble /usr/bin/cmake --build /root/yahboomcar_ws/build/yahboomcar_base_node -- -j4 -l4
[7.338s] DEBUG:colcon.colcon_core.event_handler.log_command:Invoking command in '/root/yahboomcar_ws/build/yahboomcar_base_node': CMAKE_PREFIX_PATH=${CMAKE_PREFIX_PATH}:/root/yahboomcar_ws/install/yahboomcar_visual:/root/yahboomcar_ws/install/yahboomcar_nav:/root/yahboomcar_ws/install/yahboomcar_multi:/root/yahboomcar_ws/install/yahboomcar_mediapipe:/root/yahboomcar_ws/install/yahboomcar_laser:/root/yahboomcar_ws/install/yahboomcar_description:/root/yahboomcar_ws/install/yahboomcar_ctrl:/root/yahboomcar_ws/install/yahboomcar_bringup:/root/yahboomcar_ws/install/yahboomcar_astra:/root/yahboomcar_ws/install/yahboom_app_save_map:/root/yahboomcar_ws/install/laserscan_to_point_publisher:/opt/ros/humble /usr/bin/cmake --install /root/yahboomcar_ws/build/yahboomcar_base_node
[7.724s] DEBUG:colcon.colcon_core.event_handler.log_command:Invoking command in '/root/yahboomcar_ws/src/yahboomcar_astra': PYTHONPATH=/root/yahboomcar_ws/build/yahboomcar_astra/prefix_override:/root/yahboomcar_ws/install/yahboomcar_astra/lib/python3.10/site-packages:${PYTHONPATH} /usr/bin/python3 setup.py egg_info --egg-base ../../build/yahboomcar_astra build --build-base /root/yahboomcar_ws/build/yahboomcar_astra/build install --record /root/yahboomcar_ws/build/yahboomcar_astra/install.log --install-scripts $base/lib/yahboomcar_astra --single-version-externally-managed
[7.800s] Level 1:colcon.colcon_core.environment:create_environment_scripts_only(yahboomcar_base_node)
[7.811s] DEBUG:colcon.colcon_core.event_handler.log_command:Invoked command in '/root/yahboomcar_ws/build/yahboomcar_base_node' returned '0': CMAKE_PREFIX_PATH=${CMAKE_PREFIX_PATH}:/root/yahboomcar_ws/install/yahboomcar_visual:/root/yahboomcar_ws/install/yahboomcar_nav:/root/yahboomcar_ws/install/yahboomcar_multi:/root/yahboomcar_ws/install/yahboomcar_mediapipe:/root/yahboomcar_ws/install/yahboomcar_laser:/root/yahboomcar_ws/install/yahboomcar_description:/root/yahboomcar_ws/install/yahboomcar_ctrl:/root/yahboomcar_ws/install/yahboomcar_bringup:/root/yahboomcar_ws/install/yahboomcar_astra:/root/yahboomcar_ws/install/yahboom_app_save_map:/root/yahboomcar_ws/install/laserscan_to_point_publisher:/opt/ros/humble /usr/bin/cmake --install /root/yahboomcar_ws/build/yahboomcar_base_node
[7.823s] Level 1:colcon.colcon_core.environment:checking '/root/yahboomcar_ws/install/yahboomcar_base_node' for CMake module files
[7.885s] Level 1:colcon.colcon_core.environment:checking '/root/yahboomcar_ws/install/yahboomcar_base_node' for CMake config files
[7.886s] Level 1:colcon.colcon_core.shell:create_environment_hook('yahboomcar_base_node', 'cmake_prefix_path')
[7.907s] INFO:colcon.colcon_core.shell:Creating environment hook '/root/yahboomcar_ws/install/yahboomcar_base_node/share/yahboomcar_base_node/hook/cmake_prefix_path.ps1'
[7.912s] INFO:colcon.colcon_core.shell:Creating environment descriptor '/root/yahboomcar_ws/install/yahboomcar_base_node/share/yahboomcar_base_node/hook/cmake_prefix_path.dsv'
[7.914s] INFO:colcon.colcon_core.shell:Creating environment hook '/root/yahboomcar_ws/install/yahboomcar_base_node/share/yahboomcar_base_node/hook/cmake_prefix_path.sh'
[7.915s] Level 1:colcon.colcon_core.environment:checking '/root/yahboomcar_ws/install/yahboomcar_base_node/lib'
[7.915s] Level 1:colcon.colcon_core.environment:checking '/root/yahboomcar_ws/install/yahboomcar_base_node/bin'
[7.916s] Level 1:colcon.colcon_core.environment:checking '/root/yahboomcar_ws/install/yahboomcar_base_node/lib/pkgconfig/yahboomcar_base_node.pc'
[7.916s] Level 1:colcon.colcon_core.environment:checking '/root/yahboomcar_ws/install/yahboomcar_base_node/lib/python3.10/site-packages'
[7.917s] Level 1:colcon.colcon_core.environment:checking '/root/yahboomcar_ws/install/yahboomcar_base_node/bin'
[7.941s] INFO:colcon.colcon_core.shell:Creating package script '/root/yahboomcar_ws/install/yahboomcar_base_node/share/yahboomcar_base_node/package.ps1'
[7.946s] INFO:colcon.colcon_core.shell:Creating package descriptor '/root/yahboomcar_ws/install/yahboomcar_base_node/share/yahboomcar_base_node/package.dsv'
[7.947s] INFO:colcon.colcon_core.shell:Creating package script '/root/yahboomcar_ws/install/yahboomcar_base_node/share/yahboomcar_base_node/package.sh'
[7.947s] INFO:colcon.colcon_core.shell:Creating package script '/root/yahboomcar_ws/install/yahboomcar_base_node/share/yahboomcar_base_node/package.bash'
[7.948s] INFO:colcon.colcon_core.shell:Creating package script '/root/yahboomcar_ws/install/yahboomcar_base_node/share/yahboomcar_base_node/package.zsh'
[7.948s] Level 1:colcon.colcon_core.environment:create_file_with_runtime_dependencies(/root/yahboomcar_ws/install/yahboomcar_base_node/share/colcon-core/packages/yahboomcar_base_node)
[8.027s] Level 1:colcon.colcon_core.environment:create_environment_scripts_only(yahboomcar_base_node)
[8.051s] Level 1:colcon.colcon_core.environment:checking '/root/yahboomcar_ws/install/yahboomcar_base_node' for CMake module files
[8.052s] Level 1:colcon.colcon_core.environment:checking '/root/yahboomcar_ws/install/yahboomcar_base_node' for CMake config files
[8.058s] Level 1:colcon.colcon_core.shell:create_environment_hook('yahboomcar_base_node', 'cmake_prefix_path')
[8.082s] INFO:colcon.colcon_core.shell:Creating environment hook '/root/yahboomcar_ws/install/yahboomcar_base_node/share/yahboomcar_base_node/hook/cmake_prefix_path.ps1'
[8.083s] INFO:colcon.colcon_core.shell:Creating environment descriptor '/root/yahboomcar_ws/install/yahboomcar_base_node/share/yahboomcar_base_node/hook/cmake_prefix_path.dsv'
[8.087s] INFO:colcon.colcon_core.shell:Creating environment hook '/root/yahboomcar_ws/install/yahboomcar_base_node/share/yahboomcar_base_node/hook/cmake_prefix_path.sh'
[8.088s] Level 1:colcon.colcon_core.environment:checking '/root/yahboomcar_ws/install/yahboomcar_base_node/lib'
[8.088s] Level 1:colcon.colcon_core.environment:checking '/root/yahboomcar_ws/install/yahboomcar_base_node/bin'
[8.088s] Level 1:colcon.colcon_core.environment:checking '/root/yahboomcar_ws/install/yahboomcar_base_node/lib/pkgconfig/yahboomcar_base_node.pc'
[8.089s] Level 1:colcon.colcon_core.environment:checking '/root/yahboomcar_ws/install/yahboomcar_base_node/lib/python3.10/site-packages'
[8.089s] Level 1:colcon.colcon_core.environment:checking '/root/yahboomcar_ws/install/yahboomcar_base_node/bin'
[8.108s] INFO:colcon.colcon_core.shell:Creating package script '/root/yahboomcar_ws/install/yahboomcar_base_node/share/yahboomcar_base_node/package.ps1'
[8.109s] INFO:colcon.colcon_core.shell:Creating package descriptor '/root/yahboomcar_ws/install/yahboomcar_base_node/share/yahboomcar_base_node/package.dsv'
[8.110s] INFO:colcon.colcon_core.shell:Creating package script '/root/yahboomcar_ws/install/yahboomcar_base_node/share/yahboomcar_base_node/package.sh'
[8.110s] INFO:colcon.colcon_core.shell:Creating package script '/root/yahboomcar_ws/install/yahboomcar_base_node/share/yahboomcar_base_node/package.bash'
[8.111s] INFO:colcon.colcon_core.shell:Creating package script '/root/yahboomcar_ws/install/yahboomcar_base_node/share/yahboomcar_base_node/package.zsh'
[8.112s] Level 1:colcon.colcon_core.environment:create_file_with_runtime_dependencies(/root/yahboomcar_ws/install/yahboomcar_base_node/share/colcon-core/packages/yahboomcar_base_node)
[8.112s] INFO:colcon.colcon_ros.task.ament_python.build:Building ROS package in '/root/yahboomcar_ws/src/yahboomcar_bringup' with build type 'ament_python'
[8.112s] Level 1:colcon.colcon_core.shell:create_environment_hook('yahboomcar_bringup', 'ament_prefix_path')
[8.143s] INFO:colcon.colcon_core.shell:Creating environment hook '/root/yahboomcar_ws/install/yahboomcar_bringup/share/yahboomcar_bringup/hook/ament_prefix_path.ps1'
[8.148s] INFO:colcon.colcon_core.shell:Creating environment descriptor '/root/yahboomcar_ws/install/yahboomcar_bringup/share/yahboomcar_bringup/hook/ament_prefix_path.dsv'
[8.149s] INFO:colcon.colcon_core.shell:Creating environment hook '/root/yahboomcar_ws/install/yahboomcar_bringup/share/yahboomcar_bringup/hook/ament_prefix_path.sh'
[8.174s] INFO:colcon.colcon_core.shell:Skip shell extension 'powershell' for command environment: Not usable outside of PowerShell
[8.174s] DEBUG:colcon.colcon_core.shell:Skip shell extension 'dsv' for command environment
[8.907s] INFO:colcon.colcon_core.task.python.build:Building Python package in '/root/yahboomcar_ws/src/yahboomcar_bringup'
[8.925s] INFO:colcon.colcon_core.shell:Skip shell extension 'powershell' for command environment: Not usable outside of PowerShell
[8.925s] DEBUG:colcon.colcon_core.shell:Skip shell extension 'dsv' for command environment
[9.027s] DEBUG:colcon.colcon_core.event_handler.log_command:Invoked command in '/root/yahboomcar_ws/src/yahboomcar_astra' returned '0': PYTHONPATH=/root/yahboomcar_ws/build/yahboomcar_astra/prefix_override:/root/yahboomcar_ws/install/yahboomcar_astra/lib/python3.10/site-packages:${PYTHONPATH} /usr/bin/python3 setup.py egg_info --egg-base ../../build/yahboomcar_astra build --build-base /root/yahboomcar_ws/build/yahboomcar_astra/build install --record /root/yahboomcar_ws/build/yahboomcar_astra/install.log --install-scripts $base/lib/yahboomcar_astra --single-version-externally-managed
[9.046s] Level 1:colcon.colcon_core.environment:checking '/root/yahboomcar_ws/install/yahboomcar_astra' for CMake module files
[9.685s] Level 1:colcon.colcon_core.environment:checking '/root/yahboomcar_ws/install/yahboomcar_astra' for CMake config files
[9.761s] Level 1:colcon.colcon_core.environment:checking '/root/yahboomcar_ws/install/yahboomcar_astra/lib'
[9.761s] Level 1:colcon.colcon_core.environment:checking '/root/yahboomcar_ws/install/yahboomcar_astra/bin'
[9.762s] Level 1:colcon.colcon_core.environment:checking '/root/yahboomcar_ws/install/yahboomcar_astra/lib/pkgconfig/yahboomcar_astra.pc'
[9.762s] Level 1:colcon.colcon_core.environment:checking '/root/yahboomcar_ws/install/yahboomcar_astra/lib/python3.10/site-packages'
[9.762s] Level 1:colcon.colcon_core.shell:create_environment_hook('yahboomcar_astra', 'pythonpath')
[9.784s] INFO:colcon.colcon_core.shell:Creating environment hook '/root/yahboomcar_ws/install/yahboomcar_astra/share/yahboomcar_astra/hook/pythonpath.ps1'
[9.784s] INFO:colcon.colcon_core.shell:Creating environment descriptor '/root/yahboomcar_ws/install/yahboomcar_astra/share/yahboomcar_astra/hook/pythonpath.dsv'
[9.785s] INFO:colcon.colcon_core.shell:Creating environment hook '/root/yahboomcar_ws/install/yahboomcar_astra/share/yahboomcar_astra/hook/pythonpath.sh'
[9.786s] Level 1:colcon.colcon_core.environment:checking '/root/yahboomcar_ws/install/yahboomcar_astra/bin'
[9.786s] Level 1:colcon.colcon_core.environment:create_environment_scripts_only(yahboomcar_astra)
[9.803s] INFO:colcon.colcon_core.shell:Creating package script '/root/yahboomcar_ws/install/yahboomcar_astra/share/yahboomcar_astra/package.ps1'
[9.804s] INFO:colcon.colcon_core.shell:Creating package descriptor '/root/yahboomcar_ws/install/yahboomcar_astra/share/yahboomcar_astra/package.dsv'
[9.805s] INFO:colcon.colcon_core.shell:Creating package script '/root/yahboomcar_ws/install/yahboomcar_astra/share/yahboomcar_astra/package.sh'
[9.805s] INFO:colcon.colcon_core.shell:Creating package script '/root/yahboomcar_ws/install/yahboomcar_astra/share/yahboomcar_astra/package.bash'
[9.806s] INFO:colcon.colcon_core.shell:Creating package script '/root/yahboomcar_ws/install/yahboomcar_astra/share/yahboomcar_astra/package.zsh'
[9.806s] Level 1:colcon.colcon_core.environment:create_file_with_runtime_dependencies(/root/yahboomcar_ws/install/yahboomcar_astra/share/colcon-core/packages/yahboomcar_astra)
[9.806s] Level 1:colcon.colcon_core.environment:create_environment_scripts_only(yahboom_web_savmap_interfaces)
[9.808s] DEBUG:colcon.colcon_core.event_handler.log_command:Invoked command in '/root/yahboomcar_ws/build/yahboom_web_savmap_interfaces' returned '0': CMAKE_PREFIX_PATH=${CMAKE_PREFIX_PATH}:/root/yahboomcar_ws/install/yahboomcar_visual:/root/yahboomcar_ws/install/yahboomcar_nav:/root/yahboomcar_ws/install/yahboomcar_multi:/root/yahboomcar_ws/install/yahboomcar_mediapipe:/root/yahboomcar_ws/install/yahboomcar_laser:/root/yahboomcar_ws/install/yahboomcar_description:/root/yahboomcar_ws/install/yahboomcar_ctrl:/root/yahboomcar_ws/install/yahboomcar_bringup:/root/yahboomcar_ws/install/yahboomcar_astra:/root/yahboomcar_ws/install/yahboom_app_save_map:/root/yahboomcar_ws/install/laserscan_to_point_publisher:/opt/ros/humble /usr/bin/cmake --install /root/yahboomcar_ws/build/yahboom_web_savmap_interfaces
[9.828s] Level 1:colcon.colcon_core.environment:checking '/root/yahboomcar_ws/install/yahboom_web_savmap_interfaces' for CMake module files
[10.057s] Level 1:colcon.colcon_core.environment:checking '/root/yahboomcar_ws/install/yahboom_web_savmap_interfaces' for CMake config files
[10.188s] Level 1:colcon.colcon_core.shell:create_environment_hook('yahboom_web_savmap_interfaces', 'cmake_prefix_path')
[10.206s] INFO:colcon.colcon_core.shell:Creating environment hook '/root/yahboomcar_ws/install/yahboom_web_savmap_interfaces/share/yahboom_web_savmap_interfaces/hook/cmake_prefix_path.ps1'
[10.207s] INFO:colcon.colcon_core.shell:Creating environment descriptor '/root/yahboomcar_ws/install/yahboom_web_savmap_interfaces/share/yahboom_web_savmap_interfaces/hook/cmake_prefix_path.dsv'
[10.207s] INFO:colcon.colcon_core.shell:Creating environment hook '/root/yahboomcar_ws/install/yahboom_web_savmap_interfaces/share/yahboom_web_savmap_interfaces/hook/cmake_prefix_path.sh'
[10.208s] Level 1:colcon.colcon_core.environment:checking '/root/yahboomcar_ws/install/yahboom_web_savmap_interfaces/lib'
[10.208s] Level 1:colcon.colcon_core.shell:create_environment_hook('yahboom_web_savmap_interfaces', 'ld_library_path_lib')
[10.226s] INFO:colcon.colcon_core.shell:Creating environment hook '/root/yahboomcar_ws/install/yahboom_web_savmap_interfaces/share/yahboom_web_savmap_interfaces/hook/ld_library_path_lib.ps1'
[10.227s] INFO:colcon.colcon_core.shell:Creating environment descriptor '/root/yahboomcar_ws/install/yahboom_web_savmap_interfaces/share/yahboom_web_savmap_interfaces/hook/ld_library_path_lib.dsv'
[10.227s] INFO:colcon.colcon_core.shell:Creating environment hook '/root/yahboomcar_ws/install/yahboom_web_savmap_interfaces/share/yahboom_web_savmap_interfaces/hook/ld_library_path_lib.sh'
[10.227s] Level 1:colcon.colcon_core.environment:checking '/root/yahboomcar_ws/install/yahboom_web_savmap_interfaces/bin'
[10.227s] Level 1:colcon.colcon_core.environment:checking '/root/yahboomcar_ws/install/yahboom_web_savmap_interfaces/lib/pkgconfig/yahboom_web_savmap_interfaces.pc'
[10.228s] Level 1:colcon.colcon_core.environment:checking '/root/yahboomcar_ws/install/yahboom_web_savmap_interfaces/lib/python3.10/site-packages'
[10.228s] Level 1:colcon.colcon_core.environment:checking '/root/yahboomcar_ws/install/yahboom_web_savmap_interfaces/bin'
[10.281s] INFO:colcon.colcon_core.shell:Creating package script '/root/yahboomcar_ws/install/yahboom_web_savmap_interfaces/share/yahboom_web_savmap_interfaces/package.ps1'
[10.282s] INFO:colcon.colcon_core.shell:Creating package descriptor '/root/yahboomcar_ws/install/yahboom_web_savmap_interfaces/share/yahboom_web_savmap_interfaces/package.dsv'
[10.283s] INFO:colcon.colcon_core.shell:Creating package script '/root/yahboomcar_ws/install/yahboom_web_savmap_interfaces/share/yahboom_web_savmap_interfaces/package.sh'
[10.283s] INFO:colcon.colcon_core.shell:Creating package script '/root/yahboomcar_ws/install/yahboom_web_savmap_interfaces/share/yahboom_web_savmap_interfaces/package.bash'
[10.283s] INFO:colcon.colcon_core.shell:Creating package script '/root/yahboomcar_ws/install/yahboom_web_savmap_interfaces/share/yahboom_web_savmap_interfaces/package.zsh'
[10.284s] Level 1:colcon.colcon_core.environment:create_file_with_runtime_dependencies(/root/yahboomcar_ws/install/yahboom_web_savmap_interfaces/share/colcon-core/packages/yahboom_web_savmap_interfaces)
[10.286s] INFO:colcon.colcon_ros.task.ament_python.build:Building ROS package in '/root/yahboomcar_ws/src/yahboomcar_ctrl' with build type 'ament_python'
[10.286s] Level 1:colcon.colcon_core.shell:create_environment_hook('yahboomcar_ctrl', 'ament_prefix_path')
[10.320s] INFO:colcon.colcon_core.shell:Creating environment hook '/root/yahboomcar_ws/install/yahboomcar_ctrl/share/yahboomcar_ctrl/hook/ament_prefix_path.ps1'
[10.321s] INFO:colcon.colcon_core.shell:Creating environment descriptor '/root/yahboomcar_ws/install/yahboomcar_ctrl/share/yahboomcar_ctrl/hook/ament_prefix_path.dsv'
[10.321s] INFO:colcon.colcon_core.shell:Creating environment hook '/root/yahboomcar_ws/install/yahboomcar_ctrl/share/yahboomcar_ctrl/hook/ament_prefix_path.sh'
[10.342s] INFO:colcon.colcon_core.shell:Skip shell extension 'powershell' for command environment: Not usable outside of PowerShell
[10.342s] DEBUG:colcon.colcon_core.shell:Skip shell extension 'dsv' for command environment
[11.547s] Level 1:colcon.colcon_core.environment:create_environment_scripts_only(yahboom_web_savmap_interfaces)
[11.566s] Level 1:colcon.colcon_core.environment:checking '/root/yahboomcar_ws/install/yahboom_web_savmap_interfaces' for CMake module files
[11.567s] Level 1:colcon.colcon_core.environment:checking '/root/yahboomcar_ws/install/yahboom_web_savmap_interfaces' for CMake config files
[11.571s] Level 1:colcon.colcon_core.shell:create_environment_hook('yahboom_web_savmap_interfaces', 'cmake_prefix_path')
[11.592s] INFO:colcon.colcon_core.shell:Creating environment hook '/root/yahboomcar_ws/install/yahboom_web_savmap_interfaces/share/yahboom_web_savmap_interfaces/hook/cmake_prefix_path.ps1'
[11.593s] INFO:colcon.colcon_core.shell:Creating environment descriptor '/root/yahboomcar_ws/install/yahboom_web_savmap_interfaces/share/yahboom_web_savmap_interfaces/hook/cmake_prefix_path.dsv'
[11.594s] INFO:colcon.colcon_core.shell:Creating environment hook '/root/yahboomcar_ws/install/yahboom_web_savmap_interfaces/share/yahboom_web_savmap_interfaces/hook/cmake_prefix_path.sh'
[11.595s] Level 1:colcon.colcon_core.environment:checking '/root/yahboomcar_ws/install/yahboom_web_savmap_interfaces/lib'
[11.595s] Level 1:colcon.colcon_core.shell:create_environment_hook('yahboom_web_savmap_interfaces', 'ld_library_path_lib')
[11.612s] INFO:colcon.colcon_core.shell:Creating environment hook '/root/yahboomcar_ws/install/yahboom_web_savmap_interfaces/share/yahboom_web_savmap_interfaces/hook/ld_library_path_lib.ps1'
[11.613s] INFO:colcon.colcon_core.shell:Creating environment descriptor '/root/yahboomcar_ws/install/yahboom_web_savmap_interfaces/share/yahboom_web_savmap_interfaces/hook/ld_library_path_lib.dsv'
[11.613s] INFO:colcon.colcon_core.shell:Creating environment hook '/root/yahboomcar_ws/install/yahboom_web_savmap_interfaces/share/yahboom_web_savmap_interfaces/hook/ld_library_path_lib.sh'
[11.614s] Level 1:colcon.colcon_core.environment:checking '/root/yahboomcar_ws/install/yahboom_web_savmap_interfaces/bin'
[11.614s] Level 1:colcon.colcon_core.environment:checking '/root/yahboomcar_ws/install/yahboom_web_savmap_interfaces/lib/pkgconfig/yahboom_web_savmap_interfaces.pc'
[11.614s] Level 1:colcon.colcon_core.environment:checking '/root/yahboomcar_ws/install/yahboom_web_savmap_interfaces/lib/python3.10/site-packages'
[11.614s] Level 1:colcon.colcon_core.environment:checking '/root/yahboomcar_ws/install/yahboom_web_savmap_interfaces/bin'
[11.632s] INFO:colcon.colcon_core.shell:Creating package script '/root/yahboomcar_ws/install/yahboom_web_savmap_interfaces/share/yahboom_web_savmap_interfaces/package.ps1'
[11.632s] INFO:colcon.colcon_core.shell:Creating package descriptor '/root/yahboomcar_ws/install/yahboom_web_savmap_interfaces/share/yahboom_web_savmap_interfaces/package.dsv'
[11.633s] INFO:colcon.colcon_core.shell:Creating package script '/root/yahboomcar_ws/install/yahboom_web_savmap_interfaces/share/yahboom_web_savmap_interfaces/package.sh'
[11.634s] INFO:colcon.colcon_core.shell:Creating package script '/root/yahboomcar_ws/install/yahboom_web_savmap_interfaces/share/yahboom_web_savmap_interfaces/package.bash'
[11.634s] INFO:colcon.colcon_core.shell:Creating package script '/root/yahboomcar_ws/install/yahboom_web_savmap_interfaces/share/yahboom_web_savmap_interfaces/package.zsh'
[11.634s] Level 1:colcon.colcon_core.environment:create_file_with_runtime_dependencies(/root/yahboomcar_ws/install/yahboom_web_savmap_interfaces/share/colcon-core/packages/yahboom_web_savmap_interfaces)
[11.635s] INFO:colcon.colcon_ros.task.ament_python.build:Building ROS package in '/root/yahboomcar_ws/src/yahboomcar_description' with build type 'ament_python'
[11.635s] Level 1:colcon.colcon_core.shell:create_environment_hook('yahboomcar_description', 'ament_prefix_path')
[11.656s] INFO:colcon.colcon_core.shell:Creating environment hook '/root/yahboomcar_ws/install/yahboomcar_description/share/yahboomcar_description/hook/ament_prefix_path.ps1'
[11.657s] INFO:colcon.colcon_core.shell:Creating environment descriptor '/root/yahboomcar_ws/install/yahboomcar_description/share/yahboomcar_description/hook/ament_prefix_path.dsv'
[11.658s] INFO:colcon.colcon_core.shell:Creating environment hook '/root/yahboomcar_ws/install/yahboomcar_description/share/yahboomcar_description/hook/ament_prefix_path.sh'
[11.680s] INFO:colcon.colcon_core.shell:Skip shell extension 'powershell' for command environment: Not usable outside of PowerShell
[11.680s] DEBUG:colcon.colcon_core.shell:Skip shell extension 'dsv' for command environment
[12.862s] INFO:colcon.colcon_core.task.python.build:Building Python package in '/root/yahboomcar_ws/src/yahboomcar_ctrl'
[12.883s] INFO:colcon.colcon_core.shell:Skip shell extension 'powershell' for command environment: Not usable outside of PowerShell
[12.883s] DEBUG:colcon.colcon_core.shell:Skip shell extension 'dsv' for command environment
[14.414s] INFO:colcon.colcon_core.task.python.build:Building Python package in '/root/yahboomcar_ws/src/yahboomcar_description'
[14.431s] INFO:colcon.colcon_core.shell:Skip shell extension 'powershell' for command environment: Not usable outside of PowerShell
[14.431s] DEBUG:colcon.colcon_core.shell:Skip shell extension 'dsv' for command environment
[14.531s] DEBUG:colcon.colcon_core.event_handler.log_command:Invoking command in '/root/yahboomcar_ws/src/yahboomcar_bringup': PYTHONPATH=/root/yahboomcar_ws/build/yahboomcar_bringup/prefix_override:/root/yahboomcar_ws/install/yahboomcar_bringup/lib/python3.10/site-packages:${PYTHONPATH} /usr/bin/python3 setup.py egg_info --egg-base ../../build/yahboomcar_bringup build --build-base /root/yahboomcar_ws/build/yahboomcar_bringup/build install --record /root/yahboomcar_ws/build/yahboomcar_bringup/install.log --single-version-externally-managed
[15.146s] DEBUG:colcon.colcon_core.event_handler.log_command:Invoked command in '/root/yahboomcar_ws/src/yahboomcar_bringup' returned '0': PYTHONPATH=/root/yahboomcar_ws/build/yahboomcar_bringup/prefix_override:/root/yahboomcar_ws/install/yahboomcar_bringup/lib/python3.10/site-packages:${PYTHONPATH} /usr/bin/python3 setup.py egg_info --egg-base ../../build/yahboomcar_bringup build --build-base /root/yahboomcar_ws/build/yahboomcar_bringup/build install --record /root/yahboomcar_ws/build/yahboomcar_bringup/install.log --single-version-externally-managed
[15.166s] Level 1:colcon.colcon_core.environment:checking '/root/yahboomcar_ws/install/yahboomcar_bringup' for CMake module files
[15.209s] Level 1:colcon.colcon_core.environment:checking '/root/yahboomcar_ws/install/yahboomcar_bringup' for CMake config files
[15.293s] Level 1:colcon.colcon_core.environment:checking '/root/yahboomcar_ws/install/yahboomcar_bringup/lib'
[15.294s] Level 1:colcon.colcon_core.environment:checking '/root/yahboomcar_ws/install/yahboomcar_bringup/bin'
[15.294s] Level 1:colcon.colcon_core.environment:checking '/root/yahboomcar_ws/install/yahboomcar_bringup/lib/pkgconfig/yahboomcar_bringup.pc'
[15.294s] Level 1:colcon.colcon_core.environment:checking '/root/yahboomcar_ws/install/yahboomcar_bringup/lib/python3.10/site-packages'
[15.294s] Level 1:colcon.colcon_core.shell:create_environment_hook('yahboomcar_bringup', 'pythonpath')
[15.325s] INFO:colcon.colcon_core.shell:Creating environment hook '/root/yahboomcar_ws/install/yahboomcar_bringup/share/yahboomcar_bringup/hook/pythonpath.ps1'
[15.326s] INFO:colcon.colcon_core.shell:Creating environment descriptor '/root/yahboomcar_ws/install/yahboomcar_bringup/share/yahboomcar_bringup/hook/pythonpath.dsv'
[15.327s] INFO:colcon.colcon_core.shell:Creating environment hook '/root/yahboomcar_ws/install/yahboomcar_bringup/share/yahboomcar_bringup/hook/pythonpath.sh'
[15.328s] Level 1:colcon.colcon_core.environment:checking '/root/yahboomcar_ws/install/yahboomcar_bringup/bin'
[15.329s] Level 1:colcon.colcon_core.environment:create_environment_scripts_only(yahboomcar_bringup)
[15.365s] INFO:colcon.colcon_core.shell:Creating package script '/root/yahboomcar_ws/install/yahboomcar_bringup/share/yahboomcar_bringup/package.ps1'
[15.367s] INFO:colcon.colcon_core.shell:Creating package descriptor '/root/yahboomcar_ws/install/yahboomcar_bringup/share/yahboomcar_bringup/package.dsv'
[15.368s] INFO:colcon.colcon_core.shell:Creating package script '/root/yahboomcar_ws/install/yahboomcar_bringup/share/yahboomcar_bringup/package.sh'
[15.369s] INFO:colcon.colcon_core.shell:Creating package script '/root/yahboomcar_ws/install/yahboomcar_bringup/share/yahboomcar_bringup/package.bash'
[15.370s] INFO:colcon.colcon_core.shell:Creating package script '/root/yahboomcar_ws/install/yahboomcar_bringup/share/yahboomcar_bringup/package.zsh'
[15.371s] Level 1:colcon.colcon_core.environment:create_file_with_runtime_dependencies(/root/yahboomcar_ws/install/yahboomcar_bringup/share/colcon-core/packages/yahboomcar_bringup)
[15.373s] INFO:colcon.colcon_ros.task.ament_python.build:Building ROS package in '/root/yahboomcar_ws/src/yahboomcar_laser' with build type 'ament_python'
[15.374s] Level 1:colcon.colcon_core.shell:create_environment_hook('yahboomcar_laser', 'ament_prefix_path')
[15.421s] INFO:colcon.colcon_core.shell:Creating environment hook '/root/yahboomcar_ws/install/yahboomcar_laser/share/yahboomcar_laser/hook/ament_prefix_path.ps1'
[15.423s] INFO:colcon.colcon_core.shell:Creating environment descriptor '/root/yahboomcar_ws/install/yahboomcar_laser/share/yahboomcar_laser/hook/ament_prefix_path.dsv'
[15.423s] INFO:colcon.colcon_core.shell:Creating environment hook '/root/yahboomcar_ws/install/yahboomcar_laser/share/yahboomcar_laser/hook/ament_prefix_path.sh'
[15.447s] INFO:colcon.colcon_core.shell:Skip shell extension 'powershell' for command environment: Not usable outside of PowerShell
[15.447s] DEBUG:colcon.colcon_core.shell:Skip shell extension 'dsv' for command environment
[16.293s] DEBUG:colcon.colcon_core.event_handler.log_command:Invoking command in '/root/yahboomcar_ws/src/yahboomcar_ctrl': PYTHONPATH=/root/yahboomcar_ws/build/yahboomcar_ctrl/prefix_override:/root/yahboomcar_ws/install/yahboomcar_ctrl/lib/python3.10/site-packages:${PYTHONPATH} /usr/bin/python3 setup.py egg_info --egg-base ../../build/yahboomcar_ctrl build --build-base /root/yahboomcar_ws/build/yahboomcar_ctrl/build install --record /root/yahboomcar_ws/build/yahboomcar_ctrl/install.log --single-version-externally-managed
[16.299s] DEBUG:colcon.colcon_core.event_handler.log_command:Invoking command in '/root/yahboomcar_ws/src/yahboomcar_description': PYTHONPATH=/root/yahboomcar_ws/build/yahboomcar_description/prefix_override:/root/yahboomcar_ws/install/yahboomcar_description/lib/python3.10/site-packages:${PYTHONPATH} /usr/bin/python3 setup.py egg_info --egg-base ../../build/yahboomcar_description build --build-base /root/yahboomcar_ws/build/yahboomcar_description/build install --record /root/yahboomcar_ws/build/yahboomcar_description/install.log --single-version-externally-managed
[17.103s] INFO:colcon.colcon_core.task.python.build:Building Python package in '/root/yahboomcar_ws/src/yahboomcar_laser'
[17.121s] INFO:colcon.colcon_core.shell:Skip shell extension 'powershell' for command environment: Not usable outside of PowerShell
[17.121s] DEBUG:colcon.colcon_core.shell:Skip shell extension 'dsv' for command environment
[17.332s] DEBUG:colcon.colcon_core.event_handler.log_command:Invoked command in '/root/yahboomcar_ws/src/yahboomcar_ctrl' returned '0': PYTHONPATH=/root/yahboomcar_ws/build/yahboomcar_ctrl/prefix_override:/root/yahboomcar_ws/install/yahboomcar_ctrl/lib/python3.10/site-packages:${PYTHONPATH} /usr/bin/python3 setup.py egg_info --egg-base ../../build/yahboomcar_ctrl build --build-base /root/yahboomcar_ws/build/yahboomcar_ctrl/build install --record /root/yahboomcar_ws/build/yahboomcar_ctrl/install.log --single-version-externally-managed
[17.360s] Level 1:colcon.colcon_core.environment:checking '/root/yahboomcar_ws/install/yahboomcar_ctrl' for CMake module files
[17.362s] Level 1:colcon.colcon_core.environment:checking '/root/yahboomcar_ws/install/yahboomcar_ctrl' for CMake config files
[17.407s] Level 1:colcon.colcon_core.environment:checking '/root/yahboomcar_ws/install/yahboomcar_ctrl/lib'
[17.407s] Level 1:colcon.colcon_core.environment:checking '/root/yahboomcar_ws/install/yahboomcar_ctrl/bin'
[17.407s] Level 1:colcon.colcon_core.environment:checking '/root/yahboomcar_ws/install/yahboomcar_ctrl/lib/pkgconfig/yahboomcar_ctrl.pc'
[17.408s] Level 1:colcon.colcon_core.environment:checking '/root/yahboomcar_ws/install/yahboomcar_ctrl/lib/python3.10/site-packages'
[17.408s] Level 1:colcon.colcon_core.shell:create_environment_hook('yahboomcar_ctrl', 'pythonpath')
[17.427s] INFO:colcon.colcon_core.shell:Creating environment hook '/root/yahboomcar_ws/install/yahboomcar_ctrl/share/yahboomcar_ctrl/hook/pythonpath.ps1'
[17.428s] INFO:colcon.colcon_core.shell:Creating environment descriptor '/root/yahboomcar_ws/install/yahboomcar_ctrl/share/yahboomcar_ctrl/hook/pythonpath.dsv'
[17.428s] INFO:colcon.colcon_core.shell:Creating environment hook '/root/yahboomcar_ws/install/yahboomcar_ctrl/share/yahboomcar_ctrl/hook/pythonpath.sh'
[17.429s] Level 1:colcon.colcon_core.environment:checking '/root/yahboomcar_ws/install/yahboomcar_ctrl/bin'
[17.429s] Level 1:colcon.colcon_core.environment:create_environment_scripts_only(yahboomcar_ctrl)
[17.450s] INFO:colcon.colcon_core.shell:Creating package script '/root/yahboomcar_ws/install/yahboomcar_ctrl/share/yahboomcar_ctrl/package.ps1'
[17.451s] INFO:colcon.colcon_core.shell:Creating package descriptor '/root/yahboomcar_ws/install/yahboomcar_ctrl/share/yahboomcar_ctrl/package.dsv'
[17.452s] INFO:colcon.colcon_core.shell:Creating package script '/root/yahboomcar_ws/install/yahboomcar_ctrl/share/yahboomcar_ctrl/package.sh'
[17.453s] INFO:colcon.colcon_core.shell:Creating package script '/root/yahboomcar_ws/install/yahboomcar_ctrl/share/yahboomcar_ctrl/package.bash'
[17.454s] INFO:colcon.colcon_core.shell:Creating package script '/root/yahboomcar_ws/install/yahboomcar_ctrl/share/yahboomcar_ctrl/package.zsh'
[17.454s] Level 1:colcon.colcon_core.environment:create_file_with_runtime_dependencies(/root/yahboomcar_ws/install/yahboomcar_ctrl/share/colcon-core/packages/yahboomcar_ctrl)
[17.455s] INFO:colcon.colcon_ros.task.ament_python.build:Building ROS package in '/root/yahboomcar_ws/src/yahboomcar_mediapipe' with build type 'ament_python'
[17.455s] Level 1:colcon.colcon_core.shell:create_environment_hook('yahboomcar_mediapipe', 'ament_prefix_path')
[17.485s] INFO:colcon.colcon_core.shell:Creating environment hook '/root/yahboomcar_ws/install/yahboomcar_mediapipe/share/yahboomcar_mediapipe/hook/ament_prefix_path.ps1'
[17.486s] INFO:colcon.colcon_core.shell:Creating environment descriptor '/root/yahboomcar_ws/install/yahboomcar_mediapipe/share/yahboomcar_mediapipe/hook/ament_prefix_path.dsv'
[17.487s] INFO:colcon.colcon_core.shell:Creating environment hook '/root/yahboomcar_ws/install/yahboomcar_mediapipe/share/yahboomcar_mediapipe/hook/ament_prefix_path.sh'
[17.515s] INFO:colcon.colcon_core.shell:Skip shell extension 'powershell' for command environment: Not usable outside of PowerShell
[17.516s] DEBUG:colcon.colcon_core.shell:Skip shell extension 'dsv' for command environment
[17.637s] DEBUG:colcon.colcon_core.event_handler.log_command:Invoked command in '/root/yahboomcar_ws/src/yahboomcar_description' returned '0': PYTHONPATH=/root/yahboomcar_ws/build/yahboomcar_description/prefix_override:/root/yahboomcar_ws/install/yahboomcar_description/lib/python3.10/site-packages:${PYTHONPATH} /usr/bin/python3 setup.py egg_info --egg-base ../../build/yahboomcar_description build --build-base /root/yahboomcar_ws/build/yahboomcar_description/build install --record /root/yahboomcar_ws/build/yahboomcar_description/install.log --single-version-externally-managed
[17.657s] Level 1:colcon.colcon_core.environment:checking '/root/yahboomcar_ws/install/yahboomcar_description' for CMake module files
[17.658s] Level 1:colcon.colcon_core.environment:checking '/root/yahboomcar_ws/install/yahboomcar_description' for CMake config files
[17.754s] Level 1:colcon.colcon_core.environment:checking '/root/yahboomcar_ws/install/yahboomcar_description/lib'
[17.754s] Level 1:colcon.colcon_core.environment:checking '/root/yahboomcar_ws/install/yahboomcar_description/bin'
[17.755s] Level 1:colcon.colcon_core.environment:checking '/root/yahboomcar_ws/install/yahboomcar_description/lib/pkgconfig/yahboomcar_description.pc'
[17.755s] Level 1:colcon.colcon_core.environment:checking '/root/yahboomcar_ws/install/yahboomcar_description/lib/python3.10/site-packages'
[17.755s] Level 1:colcon.colcon_core.shell:create_environment_hook('yahboomcar_description', 'pythonpath')
[17.776s] INFO:colcon.colcon_core.shell:Creating environment hook '/root/yahboomcar_ws/install/yahboomcar_description/share/yahboomcar_description/hook/pythonpath.ps1'
[17.778s] INFO:colcon.colcon_core.shell:Creating environment descriptor '/root/yahboomcar_ws/install/yahboomcar_description/share/yahboomcar_description/hook/pythonpath.dsv'
[17.779s] INFO:colcon.colcon_core.shell:Creating environment hook '/root/yahboomcar_ws/install/yahboomcar_description/share/yahboomcar_description/hook/pythonpath.sh'
[17.780s] Level 1:colcon.colcon_core.environment:checking '/root/yahboomcar_ws/install/yahboomcar_description/bin'
[17.780s] Level 1:colcon.colcon_core.environment:create_environment_scripts_only(yahboomcar_description)
[17.803s] INFO:colcon.colcon_core.shell:Creating package script '/root/yahboomcar_ws/install/yahboomcar_description/share/yahboomcar_description/package.ps1'
[17.804s] INFO:colcon.colcon_core.shell:Creating package descriptor '/root/yahboomcar_ws/install/yahboomcar_description/share/yahboomcar_description/package.dsv'
[17.804s] INFO:colcon.colcon_core.shell:Creating package script '/root/yahboomcar_ws/install/yahboomcar_description/share/yahboomcar_description/package.sh'
[17.805s] INFO:colcon.colcon_core.shell:Creating package script '/root/yahboomcar_ws/install/yahboomcar_description/share/yahboomcar_description/package.bash'
[17.805s] INFO:colcon.colcon_core.shell:Creating package script '/root/yahboomcar_ws/install/yahboomcar_description/share/yahboomcar_description/package.zsh'
[17.806s] Level 1:colcon.colcon_core.environment:create_file_with_runtime_dependencies(/root/yahboomcar_ws/install/yahboomcar_description/share/colcon-core/packages/yahboomcar_description)
[17.807s] INFO:colcon.colcon_ros.task.ament_cmake.build:Building ROS package in '/root/yahboomcar_ws/src/yahboomcar_msgs' with build type 'ament_cmake'
[17.807s] INFO:colcon.colcon_cmake.task.cmake.build:Building CMake package in '/root/yahboomcar_ws/src/yahboomcar_msgs'
[17.832s] INFO:colcon.colcon_core.shell:Skip shell extension 'powershell' for command environment: Not usable outside of PowerShell
[17.832s] DEBUG:colcon.colcon_core.shell:Skip shell extension 'dsv' for command environment
[18.433s] INFO:colcon.colcon_core.task.python.build:Building Python package in '/root/yahboomcar_ws/src/yahboomcar_mediapipe'
[18.451s] INFO:colcon.colcon_core.shell:Skip shell extension 'powershell' for command environment: Not usable outside of PowerShell
[18.451s] DEBUG:colcon.colcon_core.shell:Skip shell extension 'dsv' for command environment
[18.557s] DEBUG:colcon.colcon_core.event_handler.log_command:Invoking command in '/root/yahboomcar_ws/src/yahboomcar_laser': PYTHONPATH=/root/yahboomcar_ws/build/yahboomcar_laser/prefix_override:/root/yahboomcar_ws/install/yahboomcar_laser/lib/python3.10/site-packages:${PYTHONPATH} /usr/bin/python3 setup.py egg_info --egg-base ../../build/yahboomcar_laser build --build-base /root/yahboomcar_ws/build/yahboomcar_laser/build install --record /root/yahboomcar_ws/build/yahboomcar_laser/install.log --single-version-externally-managed
[23.909s] DEBUG:colcon.colcon_core.event_handler.log_command:Invoking command in '/root/yahboomcar_ws/build/yahboomcar_msgs': CMAKE_PREFIX_PATH=${CMAKE_PREFIX_PATH}:/root/yahboomcar_ws/install/yahboomcar_visual:/root/yahboomcar_ws/install/yahboomcar_nav:/root/yahboomcar_ws/install/yahboomcar_multi:/root/yahboomcar_ws/install/yahboomcar_mediapipe:/root/yahboomcar_ws/install/yahboomcar_laser:/root/yahboomcar_ws/install/yahboomcar_description:/root/yahboomcar_ws/install/yahboomcar_ctrl:/root/yahboomcar_ws/install/yahboomcar_bringup:/root/yahboomcar_ws/install/yahboomcar_astra:/root/yahboomcar_ws/install/yahboom_app_save_map:/root/yahboomcar_ws/install/laserscan_to_point_publisher:/opt/ros/humble /usr/bin/cmake --build /root/yahboomcar_ws/build/yahboomcar_msgs -- -j4 -l4
[24.123s] DEBUG:colcon.colcon_core.event_handler.log_command:Invoked command in '/root/yahboomcar_ws/src/yahboomcar_laser' returned '0': PYTHONPATH=/root/yahboomcar_ws/build/yahboomcar_laser/prefix_override:/root/yahboomcar_ws/install/yahboomcar_laser/lib/python3.10/site-packages:${PYTHONPATH} /usr/bin/python3 setup.py egg_info --egg-base ../../build/yahboomcar_laser build --build-base /root/yahboomcar_ws/build/yahboomcar_laser/build install --record /root/yahboomcar_ws/build/yahboomcar_laser/install.log --single-version-externally-managed
[24.155s] Level 1:colcon.colcon_core.environment:checking '/root/yahboomcar_ws/install/yahboomcar_laser' for CMake module files
[24.174s] Level 1:colcon.colcon_core.environment:checking '/root/yahboomcar_ws/install/yahboomcar_laser' for CMake config files
[24.211s] Level 1:colcon.colcon_core.environment:checking '/root/yahboomcar_ws/install/yahboomcar_laser/lib'
[24.212s] Level 1:colcon.colcon_core.environment:checking '/root/yahboomcar_ws/install/yahboomcar_laser/bin'
[24.212s] Level 1:colcon.colcon_core.environment:checking '/root/yahboomcar_ws/install/yahboomcar_laser/lib/pkgconfig/yahboomcar_laser.pc'
[24.213s] Level 1:colcon.colcon_core.environment:checking '/root/yahboomcar_ws/install/yahboomcar_laser/lib/python3.10/site-packages'
[24.213s] Level 1:colcon.colcon_core.shell:create_environment_hook('yahboomcar_laser', 'pythonpath')
[24.248s] INFO:colcon.colcon_core.shell:Creating environment hook '/root/yahboomcar_ws/install/yahboomcar_laser/share/yahboomcar_laser/hook/pythonpath.ps1'
[24.252s] INFO:colcon.colcon_core.shell:Creating environment descriptor '/root/yahboomcar_ws/install/yahboomcar_laser/share/yahboomcar_laser/hook/pythonpath.dsv'
[24.252s] INFO:colcon.colcon_core.shell:Creating environment hook '/root/yahboomcar_ws/install/yahboomcar_laser/share/yahboomcar_laser/hook/pythonpath.sh'
[24.254s] Level 1:colcon.colcon_core.environment:checking '/root/yahboomcar_ws/install/yahboomcar_laser/bin'
[24.254s] Level 1:colcon.colcon_core.environment:create_environment_scripts_only(yahboomcar_laser)
[24.291s] INFO:colcon.colcon_core.shell:Creating package script '/root/yahboomcar_ws/install/yahboomcar_laser/share/yahboomcar_laser/package.ps1'
[24.292s] INFO:colcon.colcon_core.shell:Creating package descriptor '/root/yahboomcar_ws/install/yahboomcar_laser/share/yahboomcar_laser/package.dsv'
[24.294s] INFO:colcon.colcon_core.shell:Creating package script '/root/yahboomcar_ws/install/yahboomcar_laser/share/yahboomcar_laser/package.sh'
[24.295s] INFO:colcon.colcon_core.shell:Creating package script '/root/yahboomcar_ws/install/yahboomcar_laser/share/yahboomcar_laser/package.bash'
[24.299s] INFO:colcon.colcon_core.shell:Creating package script '/root/yahboomcar_ws/install/yahboomcar_laser/share/yahboomcar_laser/package.zsh'
[24.300s] Level 1:colcon.colcon_core.environment:create_file_with_runtime_dependencies(/root/yahboomcar_ws/install/yahboomcar_laser/share/colcon-core/packages/yahboomcar_laser)
[24.302s] INFO:colcon.colcon_ros.task.ament_python.build:Building ROS package in '/root/yahboomcar_ws/src/yahboomcar_multi' with build type 'ament_python'
[24.302s] Level 1:colcon.colcon_core.shell:create_environment_hook('yahboomcar_multi', 'ament_prefix_path')
[24.357s] INFO:colcon.colcon_core.shell:Creating environment hook '/root/yahboomcar_ws/install/yahboomcar_multi/share/yahboomcar_multi/hook/ament_prefix_path.ps1'
[24.359s] INFO:colcon.colcon_core.shell:Creating environment descriptor '/root/yahboomcar_ws/install/yahboomcar_multi/share/yahboomcar_multi/hook/ament_prefix_path.dsv'
[24.359s] INFO:colcon.colcon_core.shell:Creating environment hook '/root/yahboomcar_ws/install/yahboomcar_multi/share/yahboomcar_multi/hook/ament_prefix_path.sh'
[24.401s] INFO:colcon.colcon_core.shell:Skip shell extension 'powershell' for command environment: Not usable outside of PowerShell
[24.401s] DEBUG:colcon.colcon_core.shell:Skip shell extension 'dsv' for command environment
[24.599s] Level 1:colcon.colcon_core.environment:create_environment_scripts_only(robot_localization)
[24.599s] DEBUG:colcon.colcon_core.event_handler.log_command:Invoked command in '/root/yahboomcar_ws/build/robot_localization' returned '0': CMAKE_PREFIX_PATH=${CMAKE_PREFIX_PATH}:/root/yahboomcar_ws/install/yahboomcar_visual:/root/yahboomcar_ws/install/yahboomcar_nav:/root/yahboomcar_ws/install/yahboomcar_multi:/root/yahboomcar_ws/install/yahboomcar_mediapipe:/root/yahboomcar_ws/install/yahboomcar_laser:/root/yahboomcar_ws/install/yahboomcar_description:/root/yahboomcar_ws/install/yahboomcar_ctrl:/root/yahboomcar_ws/install/yahboomcar_bringup:/root/yahboomcar_ws/install/yahboomcar_astra:/root/yahboomcar_ws/install/yahboom_app_save_map:/root/yahboomcar_ws/install/laserscan_to_point_publisher:/opt/ros/humble /usr/bin/cmake --install /root/yahboomcar_ws/build/robot_localization
[24.634s] Level 1:colcon.colcon_core.environment:checking '/root/yahboomcar_ws/install/robot_localization' for CMake module files
[24.657s] Level 1:colcon.colcon_core.environment:checking '/root/yahboomcar_ws/install/robot_localization' for CMake config files
[24.688s] Level 1:colcon.colcon_core.shell:create_environment_hook('robot_localization', 'cmake_prefix_path')
[24.726s] INFO:colcon.colcon_core.shell:Creating environment hook '/root/yahboomcar_ws/install/robot_localization/share/robot_localization/hook/cmake_prefix_path.ps1'
[24.728s] INFO:colcon.colcon_core.shell:Creating environment descriptor '/root/yahboomcar_ws/install/robot_localization/share/robot_localization/hook/cmake_prefix_path.dsv'
[24.729s] INFO:colcon.colcon_core.shell:Creating environment hook '/root/yahboomcar_ws/install/robot_localization/share/robot_localization/hook/cmake_prefix_path.sh'
[24.730s] Level 1:colcon.colcon_core.environment:checking '/root/yahboomcar_ws/install/robot_localization/lib'
[24.731s] Level 1:colcon.colcon_core.shell:create_environment_hook('robot_localization', 'ld_library_path_lib')
[24.762s] INFO:colcon.colcon_core.shell:Creating environment hook '/root/yahboomcar_ws/install/robot_localization/share/robot_localization/hook/ld_library_path_lib.ps1'
[24.763s] INFO:colcon.colcon_core.shell:Creating environment descriptor '/root/yahboomcar_ws/install/robot_localization/share/robot_localization/hook/ld_library_path_lib.dsv'
[24.764s] INFO:colcon.colcon_core.shell:Creating environment hook '/root/yahboomcar_ws/install/robot_localization/share/robot_localization/hook/ld_library_path_lib.sh'
[24.765s] Level 1:colcon.colcon_core.environment:checking '/root/yahboomcar_ws/install/robot_localization/bin'
[24.765s] Level 1:colcon.colcon_core.environment:checking '/root/yahboomcar_ws/install/robot_localization/lib/pkgconfig/robot_localization.pc'
[24.766s] Level 1:colcon.colcon_core.environment:checking '/root/yahboomcar_ws/install/robot_localization/lib/python3.10/site-packages'
[24.766s] Level 1:colcon.colcon_core.environment:checking '/root/yahboomcar_ws/install/robot_localization/bin'
[24.787s] INFO:colcon.colcon_core.shell:Creating package script '/root/yahboomcar_ws/install/robot_localization/share/robot_localization/package.ps1'
[24.788s] INFO:colcon.colcon_core.shell:Creating package descriptor '/root/yahboomcar_ws/install/robot_localization/share/robot_localization/package.dsv'
[24.789s] INFO:colcon.colcon_core.shell:Creating package script '/root/yahboomcar_ws/install/robot_localization/share/robot_localization/package.sh'
[24.790s] INFO:colcon.colcon_core.shell:Creating package script '/root/yahboomcar_ws/install/robot_localization/share/robot_localization/package.bash'
[24.790s] INFO:colcon.colcon_core.shell:Creating package script '/root/yahboomcar_ws/install/robot_localization/share/robot_localization/package.zsh'
[24.791s] Level 1:colcon.colcon_core.environment:create_file_with_runtime_dependencies(/root/yahboomcar_ws/install/robot_localization/share/colcon-core/packages/robot_localization)
[25.292s] INFO:colcon.colcon_core.task.python.build:Building Python package in '/root/yahboomcar_ws/src/yahboomcar_multi'
[25.310s] INFO:colcon.colcon_core.shell:Skip shell extension 'powershell' for command environment: Not usable outside of PowerShell
[25.310s] DEBUG:colcon.colcon_core.shell:Skip shell extension 'dsv' for command environment
[25.407s] DEBUG:colcon.colcon_core.event_handler.log_command:Invoked command in '/root/yahboomcar_ws/build/yahboomcar_msgs' returned '0': CMAKE_PREFIX_PATH=${CMAKE_PREFIX_PATH}:/root/yahboomcar_ws/install/yahboomcar_visual:/root/yahboomcar_ws/install/yahboomcar_nav:/root/yahboomcar_ws/install/yahboomcar_multi:/root/yahboomcar_ws/install/yahboomcar_mediapipe:/root/yahboomcar_ws/install/yahboomcar_laser:/root/yahboomcar_ws/install/yahboomcar_description:/root/yahboomcar_ws/install/yahboomcar_ctrl:/root/yahboomcar_ws/install/yahboomcar_bringup:/root/yahboomcar_ws/install/yahboomcar_astra:/root/yahboomcar_ws/install/yahboom_app_save_map:/root/yahboomcar_ws/install/laserscan_to_point_publisher:/opt/ros/humble /usr/bin/cmake --build /root/yahboomcar_ws/build/yahboomcar_msgs -- -j4 -l4
[25.413s] DEBUG:colcon.colcon_core.event_handler.log_command:Invoking command in '/root/yahboomcar_ws/src/yahboomcar_mediapipe': PYTHONPATH=/root/yahboomcar_ws/build/yahboomcar_mediapipe/prefix_override:/root/yahboomcar_ws/install/yahboomcar_mediapipe/lib/python3.10/site-packages:${PYTHONPATH} /usr/bin/python3 setup.py egg_info --egg-base ../../build/yahboomcar_mediapipe build --build-base /root/yahboomcar_ws/build/yahboomcar_mediapipe/build install --record /root/yahboomcar_ws/build/yahboomcar_mediapipe/install.log --install-scripts $base/lib/yahboomcar_mediapipe --single-version-externally-managed
[25.439s] Level 1:colcon.colcon_core.environment:create_environment_scripts_only(robot_localization)
[25.466s] Level 1:colcon.colcon_core.environment:checking '/root/yahboomcar_ws/install/robot_localization' for CMake module files
[25.468s] Level 1:colcon.colcon_core.environment:checking '/root/yahboomcar_ws/install/robot_localization' for CMake config files
[25.471s] Level 1:colcon.colcon_core.shell:create_environment_hook('robot_localization', 'cmake_prefix_path')
[25.495s] INFO:colcon.colcon_core.shell:Creating environment hook '/root/yahboomcar_ws/install/robot_localization/share/robot_localization/hook/cmake_prefix_path.ps1'
[25.496s] INFO:colcon.colcon_core.shell:Creating environment descriptor '/root/yahboomcar_ws/install/robot_localization/share/robot_localization/hook/cmake_prefix_path.dsv'
[25.496s] INFO:colcon.colcon_core.shell:Creating environment hook '/root/yahboomcar_ws/install/robot_localization/share/robot_localization/hook/cmake_prefix_path.sh'
[25.498s] Level 1:colcon.colcon_core.environment:checking '/root/yahboomcar_ws/install/robot_localization/lib'
[25.498s] Level 1:colcon.colcon_core.shell:create_environment_hook('robot_localization', 'ld_library_path_lib')
[25.523s] INFO:colcon.colcon_core.shell:Creating environment hook '/root/yahboomcar_ws/install/robot_localization/share/robot_localization/hook/ld_library_path_lib.ps1'
[25.524s] INFO:colcon.colcon_core.shell:Creating environment descriptor '/root/yahboomcar_ws/install/robot_localization/share/robot_localization/hook/ld_library_path_lib.dsv'
[25.524s] INFO:colcon.colcon_core.shell:Creating environment hook '/root/yahboomcar_ws/install/robot_localization/share/robot_localization/hook/ld_library_path_lib.sh'
[25.525s] Level 1:colcon.colcon_core.environment:checking '/root/yahboomcar_ws/install/robot_localization/bin'
[25.525s] Level 1:colcon.colcon_core.environment:checking '/root/yahboomcar_ws/install/robot_localization/lib/pkgconfig/robot_localization.pc'
[25.526s] Level 1:colcon.colcon_core.environment:checking '/root/yahboomcar_ws/install/robot_localization/lib/python3.10/site-packages'
[25.526s] Level 1:colcon.colcon_core.environment:checking '/root/yahboomcar_ws/install/robot_localization/bin'
[25.553s] INFO:colcon.colcon_core.shell:Creating package script '/root/yahboomcar_ws/install/robot_localization/share/robot_localization/package.ps1'
[25.556s] INFO:colcon.colcon_core.shell:Creating package descriptor '/root/yahboomcar_ws/install/robot_localization/share/robot_localization/package.dsv'
[25.557s] INFO:colcon.colcon_core.shell:Creating package script '/root/yahboomcar_ws/install/robot_localization/share/robot_localization/package.sh'
[25.558s] INFO:colcon.colcon_core.shell:Creating package script '/root/yahboomcar_ws/install/robot_localization/share/robot_localization/package.bash'
[25.559s] INFO:colcon.colcon_core.shell:Creating package script '/root/yahboomcar_ws/install/robot_localization/share/robot_localization/package.zsh'
[25.560s] Level 1:colcon.colcon_core.environment:create_file_with_runtime_dependencies(/root/yahboomcar_ws/install/robot_localization/share/colcon-core/packages/robot_localization)
[25.562s] INFO:colcon.colcon_ros.task.ament_python.build:Building ROS package in '/root/yahboomcar_ws/src/yahboomcar_nav' with build type 'ament_python'
[25.563s] Level 1:colcon.colcon_core.shell:create_environment_hook('yahboomcar_nav', 'ament_prefix_path')
[25.597s] INFO:colcon.colcon_core.shell:Creating environment hook '/root/yahboomcar_ws/install/yahboomcar_nav/share/yahboomcar_nav/hook/ament_prefix_path.ps1'
[25.599s] INFO:colcon.colcon_core.shell:Creating environment descriptor '/root/yahboomcar_ws/install/yahboomcar_nav/share/yahboomcar_nav/hook/ament_prefix_path.dsv'
[25.599s] INFO:colcon.colcon_core.shell:Creating environment hook '/root/yahboomcar_ws/install/yahboomcar_nav/share/yahboomcar_nav/hook/ament_prefix_path.sh'
[25.622s] INFO:colcon.colcon_core.shell:Skip shell extension 'powershell' for command environment: Not usable outside of PowerShell
[25.622s] DEBUG:colcon.colcon_core.shell:Skip shell extension 'dsv' for command environment
[25.755s] DEBUG:colcon.colcon_core.event_handler.log_command:Invoking command in '/root/yahboomcar_ws/build/yahboomcar_msgs': CMAKE_PREFIX_PATH=${CMAKE_PREFIX_PATH}:/root/yahboomcar_ws/install/yahboomcar_visual:/root/yahboomcar_ws/install/yahboomcar_nav:/root/yahboomcar_ws/install/yahboomcar_multi:/root/yahboomcar_ws/install/yahboomcar_mediapipe:/root/yahboomcar_ws/install/yahboomcar_laser:/root/yahboomcar_ws/install/yahboomcar_description:/root/yahboomcar_ws/install/yahboomcar_ctrl:/root/yahboomcar_ws/install/yahboomcar_bringup:/root/yahboomcar_ws/install/yahboomcar_astra:/root/yahboomcar_ws/install/yahboom_app_save_map:/root/yahboomcar_ws/install/laserscan_to_point_publisher:/opt/ros/humble /usr/bin/cmake --install /root/yahboomcar_ws/build/yahboomcar_msgs
[26.282s] INFO:colcon.colcon_core.task.python.build:Building Python package in '/root/yahboomcar_ws/src/yahboomcar_nav'
[26.302s] INFO:colcon.colcon_core.shell:Skip shell extension 'powershell' for command environment: Not usable outside of PowerShell
[26.302s] DEBUG:colcon.colcon_core.shell:Skip shell extension 'dsv' for command environment
[26.448s] DEBUG:colcon.colcon_core.event_handler.log_command:Invoking command in '/root/yahboomcar_ws/src/yahboomcar_multi': PYTHONPATH=/root/yahboomcar_ws/build/yahboomcar_multi/prefix_override:/root/yahboomcar_ws/install/yahboomcar_multi/lib/python3.10/site-packages:${PYTHONPATH} /usr/bin/python3 setup.py egg_info --egg-base ../../build/yahboomcar_multi build --build-base /root/yahboomcar_ws/build/yahboomcar_multi/build install --record /root/yahboomcar_ws/build/yahboomcar_multi/install.log --install-scripts $base/lib/yahboomcar_multi --single-version-externally-managed
[26.449s] DEBUG:colcon.colcon_core.event_handler.log_command:Invoked command in '/root/yahboomcar_ws/src/yahboomcar_mediapipe' returned '0': PYTHONPATH=/root/yahboomcar_ws/build/yahboomcar_mediapipe/prefix_override:/root/yahboomcar_ws/install/yahboomcar_mediapipe/lib/python3.10/site-packages:${PYTHONPATH} /usr/bin/python3 setup.py egg_info --egg-base ../../build/yahboomcar_mediapipe build --build-base /root/yahboomcar_ws/build/yahboomcar_mediapipe/build install --record /root/yahboomcar_ws/build/yahboomcar_mediapipe/install.log --install-scripts $base/lib/yahboomcar_mediapipe --single-version-externally-managed
[26.474s] Level 1:colcon.colcon_core.environment:checking '/root/yahboomcar_ws/install/yahboomcar_mediapipe' for CMake module files
[26.492s] Level 1:colcon.colcon_core.environment:checking '/root/yahboomcar_ws/install/yahboomcar_mediapipe' for CMake config files
[26.524s] Level 1:colcon.colcon_core.environment:checking '/root/yahboomcar_ws/install/yahboomcar_mediapipe/lib'
[26.524s] Level 1:colcon.colcon_core.environment:checking '/root/yahboomcar_ws/install/yahboomcar_mediapipe/bin'
[26.525s] Level 1:colcon.colcon_core.environment:checking '/root/yahboomcar_ws/install/yahboomcar_mediapipe/lib/pkgconfig/yahboomcar_mediapipe.pc'
[26.525s] Level 1:colcon.colcon_core.environment:checking '/root/yahboomcar_ws/install/yahboomcar_mediapipe/lib/python3.10/site-packages'
[26.527s] Level 1:colcon.colcon_core.shell:create_environment_hook('yahboomcar_mediapipe', 'pythonpath')
[26.557s] INFO:colcon.colcon_core.shell:Creating environment hook '/root/yahboomcar_ws/install/yahboomcar_mediapipe/share/yahboomcar_mediapipe/hook/pythonpath.ps1'
[26.562s] INFO:colcon.colcon_core.shell:Creating environment descriptor '/root/yahboomcar_ws/install/yahboomcar_mediapipe/share/yahboomcar_mediapipe/hook/pythonpath.dsv'
[26.563s] INFO:colcon.colcon_core.shell:Creating environment hook '/root/yahboomcar_ws/install/yahboomcar_mediapipe/share/yahboomcar_mediapipe/hook/pythonpath.sh'
[26.564s] Level 1:colcon.colcon_core.environment:checking '/root/yahboomcar_ws/install/yahboomcar_mediapipe/bin'
[26.564s] Level 1:colcon.colcon_core.environment:create_environment_scripts_only(yahboomcar_mediapipe)
[26.587s] INFO:colcon.colcon_core.shell:Creating package script '/root/yahboomcar_ws/install/yahboomcar_mediapipe/share/yahboomcar_mediapipe/package.ps1'
[26.588s] INFO:colcon.colcon_core.shell:Creating package descriptor '/root/yahboomcar_ws/install/yahboomcar_mediapipe/share/yahboomcar_mediapipe/package.dsv'
[26.589s] INFO:colcon.colcon_core.shell:Creating package script '/root/yahboomcar_ws/install/yahboomcar_mediapipe/share/yahboomcar_mediapipe/package.sh'
[26.589s] INFO:colcon.colcon_core.shell:Creating package script '/root/yahboomcar_ws/install/yahboomcar_mediapipe/share/yahboomcar_mediapipe/package.bash'
[26.590s] INFO:colcon.colcon_core.shell:Creating package script '/root/yahboomcar_ws/install/yahboomcar_mediapipe/share/yahboomcar_mediapipe/package.zsh'
[26.590s] Level 1:colcon.colcon_core.environment:create_file_with_runtime_dependencies(/root/yahboomcar_ws/install/yahboomcar_mediapipe/share/colcon-core/packages/yahboomcar_mediapipe)
[26.592s] INFO:colcon.colcon_ros.task.ament_python.build:Building ROS package in '/root/yahboomcar_ws/src/yahboomcar_visual' with build type 'ament_python'
[26.592s] Level 1:colcon.colcon_core.shell:create_environment_hook('yahboomcar_visual', 'ament_prefix_path')
[26.628s] INFO:colcon.colcon_core.shell:Creating environment hook '/root/yahboomcar_ws/install/yahboomcar_visual/share/yahboomcar_visual/hook/ament_prefix_path.ps1'
[26.629s] INFO:colcon.colcon_core.shell:Creating environment descriptor '/root/yahboomcar_ws/install/yahboomcar_visual/share/yahboomcar_visual/hook/ament_prefix_path.dsv'
[26.630s] INFO:colcon.colcon_core.shell:Creating environment hook '/root/yahboomcar_ws/install/yahboomcar_visual/share/yahboomcar_visual/hook/ament_prefix_path.sh'
[26.658s] INFO:colcon.colcon_core.shell:Skip shell extension 'powershell' for command environment: Not usable outside of PowerShell
[26.658s] DEBUG:colcon.colcon_core.shell:Skip shell extension 'dsv' for command environment
[27.271s] INFO:colcon.colcon_core.task.python.build:Building Python package in '/root/yahboomcar_ws/src/yahboomcar_visual'
[27.289s] INFO:colcon.colcon_core.shell:Skip shell extension 'powershell' for command environment: Not usable outside of PowerShell
[27.289s] DEBUG:colcon.colcon_core.shell:Skip shell extension 'dsv' for command environment
[27.404s] DEBUG:colcon.colcon_core.event_handler.log_command:Invoked command in '/root/yahboomcar_ws/src/yahboomcar_multi' returned '0': PYTHONPATH=/root/yahboomcar_ws/build/yahboomcar_multi/prefix_override:/root/yahboomcar_ws/install/yahboomcar_multi/lib/python3.10/site-packages:${PYTHONPATH} /usr/bin/python3 setup.py egg_info --egg-base ../../build/yahboomcar_multi build --build-base /root/yahboomcar_ws/build/yahboomcar_multi/build install --record /root/yahboomcar_ws/build/yahboomcar_multi/install.log --install-scripts $base/lib/yahboomcar_multi --single-version-externally-managed
[27.427s] Level 1:colcon.colcon_core.environment:checking '/root/yahboomcar_ws/install/yahboomcar_multi' for CMake module files
[27.433s] Level 1:colcon.colcon_core.environment:checking '/root/yahboomcar_ws/install/yahboomcar_multi' for CMake config files
[27.441s] Level 1:colcon.colcon_core.environment:checking '/root/yahboomcar_ws/install/yahboomcar_multi/lib'
[27.442s] Level 1:colcon.colcon_core.environment:checking '/root/yahboomcar_ws/install/yahboomcar_multi/bin'
[27.442s] Level 1:colcon.colcon_core.environment:checking '/root/yahboomcar_ws/install/yahboomcar_multi/lib/pkgconfig/yahboomcar_multi.pc'
[27.442s] Level 1:colcon.colcon_core.environment:checking '/root/yahboomcar_ws/install/yahboomcar_multi/lib/python3.10/site-packages'
[27.442s] Level 1:colcon.colcon_core.shell:create_environment_hook('yahboomcar_multi', 'pythonpath')
[27.472s] INFO:colcon.colcon_core.shell:Creating environment hook '/root/yahboomcar_ws/install/yahboomcar_multi/share/yahboomcar_multi/hook/pythonpath.ps1'
[27.473s] INFO:colcon.colcon_core.shell:Creating environment descriptor '/root/yahboomcar_ws/install/yahboomcar_multi/share/yahboomcar_multi/hook/pythonpath.dsv'
[27.473s] INFO:colcon.colcon_core.shell:Creating environment hook '/root/yahboomcar_ws/install/yahboomcar_multi/share/yahboomcar_multi/hook/pythonpath.sh'
[27.474s] Level 1:colcon.colcon_core.environment:checking '/root/yahboomcar_ws/install/yahboomcar_multi/bin'
[27.474s] Level 1:colcon.colcon_core.environment:create_environment_scripts_only(yahboomcar_multi)
[27.492s] INFO:colcon.colcon_core.shell:Creating package script '/root/yahboomcar_ws/install/yahboomcar_multi/share/yahboomcar_multi/package.ps1'
[27.493s] INFO:colcon.colcon_core.shell:Creating package descriptor '/root/yahboomcar_ws/install/yahboomcar_multi/share/yahboomcar_multi/package.dsv'
[27.493s] INFO:colcon.colcon_core.shell:Creating package script '/root/yahboomcar_ws/install/yahboomcar_multi/share/yahboomcar_multi/package.sh'
[27.494s] INFO:colcon.colcon_core.shell:Creating package script '/root/yahboomcar_ws/install/yahboomcar_multi/share/yahboomcar_multi/package.bash'
[27.494s] INFO:colcon.colcon_core.shell:Creating package script '/root/yahboomcar_ws/install/yahboomcar_multi/share/yahboomcar_multi/package.zsh'
[27.494s] Level 1:colcon.colcon_core.environment:create_file_with_runtime_dependencies(/root/yahboomcar_ws/install/yahboomcar_multi/share/colcon-core/packages/yahboomcar_multi)
[27.495s] Level 1:colcon.colcon_core.environment:create_environment_scripts_only(yahboomcar_msgs)
[27.497s] DEBUG:colcon.colcon_core.event_handler.log_command:Invoked command in '/root/yahboomcar_ws/build/yahboomcar_msgs' returned '0': CMAKE_PREFIX_PATH=${CMAKE_PREFIX_PATH}:/root/yahboomcar_ws/install/yahboomcar_visual:/root/yahboomcar_ws/install/yahboomcar_nav:/root/yahboomcar_ws/install/yahboomcar_multi:/root/yahboomcar_ws/install/yahboomcar_mediapipe:/root/yahboomcar_ws/install/yahboomcar_laser:/root/yahboomcar_ws/install/yahboomcar_description:/root/yahboomcar_ws/install/yahboomcar_ctrl:/root/yahboomcar_ws/install/yahboomcar_bringup:/root/yahboomcar_ws/install/yahboomcar_astra:/root/yahboomcar_ws/install/yahboom_app_save_map:/root/yahboomcar_ws/install/laserscan_to_point_publisher:/opt/ros/humble /usr/bin/cmake --install /root/yahboomcar_ws/build/yahboomcar_msgs
[27.516s] Level 1:colcon.colcon_core.environment:checking '/root/yahboomcar_ws/install/yahboomcar_msgs' for CMake module files
[27.522s] Level 1:colcon.colcon_core.environment:checking '/root/yahboomcar_ws/install/yahboomcar_msgs' for CMake config files
[27.529s] Level 1:colcon.colcon_core.shell:create_environment_hook('yahboomcar_msgs', 'cmake_prefix_path')
[27.582s] INFO:colcon.colcon_core.shell:Creating environment hook '/root/yahboomcar_ws/install/yahboomcar_msgs/share/yahboomcar_msgs/hook/cmake_prefix_path.ps1'
[27.583s] INFO:colcon.colcon_core.shell:Creating environment descriptor '/root/yahboomcar_ws/install/yahboomcar_msgs/share/yahboomcar_msgs/hook/cmake_prefix_path.dsv'
[27.584s] INFO:colcon.colcon_core.shell:Creating environment hook '/root/yahboomcar_ws/install/yahboomcar_msgs/share/yahboomcar_msgs/hook/cmake_prefix_path.sh'
[27.584s] Level 1:colcon.colcon_core.environment:checking '/root/yahboomcar_ws/install/yahboomcar_msgs/lib'
[27.585s] Level 1:colcon.colcon_core.shell:create_environment_hook('yahboomcar_msgs', 'ld_library_path_lib')
[27.602s] INFO:colcon.colcon_core.shell:Creating environment hook '/root/yahboomcar_ws/install/yahboomcar_msgs/share/yahboomcar_msgs/hook/ld_library_path_lib.ps1'
[27.602s] INFO:colcon.colcon_core.shell:Creating environment descriptor '/root/yahboomcar_ws/install/yahboomcar_msgs/share/yahboomcar_msgs/hook/ld_library_path_lib.dsv'
[27.603s] INFO:colcon.colcon_core.shell:Creating environment hook '/root/yahboomcar_ws/install/yahboomcar_msgs/share/yahboomcar_msgs/hook/ld_library_path_lib.sh'
[27.603s] Level 1:colcon.colcon_core.environment:checking '/root/yahboomcar_ws/install/yahboomcar_msgs/bin'
[27.603s] Level 1:colcon.colcon_core.environment:checking '/root/yahboomcar_ws/install/yahboomcar_msgs/lib/pkgconfig/yahboomcar_msgs.pc'
[27.604s] Level 1:colcon.colcon_core.environment:checking '/root/yahboomcar_ws/install/yahboomcar_msgs/lib/python3.10/site-packages'
[27.604s] Level 1:colcon.colcon_core.environment:checking '/root/yahboomcar_ws/install/yahboomcar_msgs/bin'
[27.622s] INFO:colcon.colcon_core.shell:Creating package script '/root/yahboomcar_ws/install/yahboomcar_msgs/share/yahboomcar_msgs/package.ps1'
[27.623s] INFO:colcon.colcon_core.shell:Creating package descriptor '/root/yahboomcar_ws/install/yahboomcar_msgs/share/yahboomcar_msgs/package.dsv'
[27.623s] INFO:colcon.colcon_core.shell:Creating package script '/root/yahboomcar_ws/install/yahboomcar_msgs/share/yahboomcar_msgs/package.sh'
[27.624s] INFO:colcon.colcon_core.shell:Creating package script '/root/yahboomcar_ws/install/yahboomcar_msgs/share/yahboomcar_msgs/package.bash'
[27.624s] INFO:colcon.colcon_core.shell:Creating package script '/root/yahboomcar_ws/install/yahboomcar_msgs/share/yahboomcar_msgs/package.zsh'
[27.624s] Level 1:colcon.colcon_core.environment:create_file_with_runtime_dependencies(/root/yahboomcar_ws/install/yahboomcar_msgs/share/colcon-core/packages/yahboomcar_msgs)
[27.630s] DEBUG:colcon.colcon_core.event_handler.log_command:Invoking command in '/root/yahboomcar_ws/src/yahboomcar_nav': PYTHONPATH=/root/yahboomcar_ws/build/yahboomcar_nav/prefix_override:/root/yahboomcar_ws/install/yahboomcar_nav/lib/python3.10/site-packages:${PYTHONPATH} /usr/bin/python3 setup.py egg_info --egg-base ../../build/yahboomcar_nav build --build-base /root/yahboomcar_ws/build/yahboomcar_nav/build install --record /root/yahboomcar_ws/build/yahboomcar_nav/install.log --single-version-externally-managed
[27.891s] Level 1:colcon.colcon_core.environment:create_environment_scripts_only(yahboomcar_msgs)
[27.911s] Level 1:colcon.colcon_core.environment:checking '/root/yahboomcar_ws/install/yahboomcar_msgs' for CMake module files
[27.912s] Level 1:colcon.colcon_core.environment:checking '/root/yahboomcar_ws/install/yahboomcar_msgs' for CMake config files
[27.915s] Level 1:colcon.colcon_core.shell:create_environment_hook('yahboomcar_msgs', 'cmake_prefix_path')
[27.934s] INFO:colcon.colcon_core.shell:Creating environment hook '/root/yahboomcar_ws/install/yahboomcar_msgs/share/yahboomcar_msgs/hook/cmake_prefix_path.ps1'
[27.934s] INFO:colcon.colcon_core.shell:Creating environment descriptor '/root/yahboomcar_ws/install/yahboomcar_msgs/share/yahboomcar_msgs/hook/cmake_prefix_path.dsv'
[27.935s] INFO:colcon.colcon_core.shell:Creating environment hook '/root/yahboomcar_ws/install/yahboomcar_msgs/share/yahboomcar_msgs/hook/cmake_prefix_path.sh'
[27.936s] Level 1:colcon.colcon_core.environment:checking '/root/yahboomcar_ws/install/yahboomcar_msgs/lib'
[27.936s] Level 1:colcon.colcon_core.shell:create_environment_hook('yahboomcar_msgs', 'ld_library_path_lib')
[27.956s] INFO:colcon.colcon_core.shell:Creating environment hook '/root/yahboomcar_ws/install/yahboomcar_msgs/share/yahboomcar_msgs/hook/ld_library_path_lib.ps1'
[27.958s] INFO:colcon.colcon_core.shell:Creating environment descriptor '/root/yahboomcar_ws/install/yahboomcar_msgs/share/yahboomcar_msgs/hook/ld_library_path_lib.dsv'
[27.959s] INFO:colcon.colcon_core.shell:Creating environment hook '/root/yahboomcar_ws/install/yahboomcar_msgs/share/yahboomcar_msgs/hook/ld_library_path_lib.sh'
[27.959s] Level 1:colcon.colcon_core.environment:checking '/root/yahboomcar_ws/install/yahboomcar_msgs/bin'
[27.959s] Level 1:colcon.colcon_core.environment:checking '/root/yahboomcar_ws/install/yahboomcar_msgs/lib/pkgconfig/yahboomcar_msgs.pc'
[27.960s] Level 1:colcon.colcon_core.environment:checking '/root/yahboomcar_ws/install/yahboomcar_msgs/lib/python3.10/site-packages'
[27.960s] Level 1:colcon.colcon_core.environment:checking '/root/yahboomcar_ws/install/yahboomcar_msgs/bin'
[27.978s] INFO:colcon.colcon_core.shell:Creating package script '/root/yahboomcar_ws/install/yahboomcar_msgs/share/yahboomcar_msgs/package.ps1'
[27.979s] INFO:colcon.colcon_core.shell:Creating package descriptor '/root/yahboomcar_ws/install/yahboomcar_msgs/share/yahboomcar_msgs/package.dsv'
[27.980s] INFO:colcon.colcon_core.shell:Creating package script '/root/yahboomcar_ws/install/yahboomcar_msgs/share/yahboomcar_msgs/package.sh'
[27.980s] INFO:colcon.colcon_core.shell:Creating package script '/root/yahboomcar_ws/install/yahboomcar_msgs/share/yahboomcar_msgs/package.bash'
[27.981s] INFO:colcon.colcon_core.shell:Creating package script '/root/yahboomcar_ws/install/yahboomcar_msgs/share/yahboomcar_msgs/package.zsh'
[27.981s] Level 1:colcon.colcon_core.environment:create_file_with_runtime_dependencies(/root/yahboomcar_ws/install/yahboomcar_msgs/share/colcon-core/packages/yahboomcar_msgs)
[28.245s] DEBUG:colcon.colcon_core.event_handler.log_command:Invoked command in '/root/yahboomcar_ws/src/yahboomcar_nav' returned '0': PYTHONPATH=/root/yahboomcar_ws/build/yahboomcar_nav/prefix_override:/root/yahboomcar_ws/install/yahboomcar_nav/lib/python3.10/site-packages:${PYTHONPATH} /usr/bin/python3 setup.py egg_info --egg-base ../../build/yahboomcar_nav build --build-base /root/yahboomcar_ws/build/yahboomcar_nav/build install --record /root/yahboomcar_ws/build/yahboomcar_nav/install.log --single-version-externally-managed
[28.270s] Level 1:colcon.colcon_core.environment:checking '/root/yahboomcar_ws/install/yahboomcar_nav' for CMake module files
[28.276s] Level 1:colcon.colcon_core.environment:checking '/root/yahboomcar_ws/install/yahboomcar_nav' for CMake config files
[28.284s] Level 1:colcon.colcon_core.environment:checking '/root/yahboomcar_ws/install/yahboomcar_nav/lib'
[28.284s] Level 1:colcon.colcon_core.environment:checking '/root/yahboomcar_ws/install/yahboomcar_nav/bin'
[28.284s] Level 1:colcon.colcon_core.environment:checking '/root/yahboomcar_ws/install/yahboomcar_nav/lib/pkgconfig/yahboomcar_nav.pc'
[28.285s] Level 1:colcon.colcon_core.environment:checking '/root/yahboomcar_ws/install/yahboomcar_nav/lib/python3.10/site-packages'
[28.285s] Level 1:colcon.colcon_core.shell:create_environment_hook('yahboomcar_nav', 'pythonpath')
[28.302s] INFO:colcon.colcon_core.shell:Creating environment hook '/root/yahboomcar_ws/install/yahboomcar_nav/share/yahboomcar_nav/hook/pythonpath.ps1'
[28.302s] INFO:colcon.colcon_core.shell:Creating environment descriptor '/root/yahboomcar_ws/install/yahboomcar_nav/share/yahboomcar_nav/hook/pythonpath.dsv'
[28.303s] INFO:colcon.colcon_core.shell:Creating environment hook '/root/yahboomcar_ws/install/yahboomcar_nav/share/yahboomcar_nav/hook/pythonpath.sh'
[28.303s] Level 1:colcon.colcon_core.environment:checking '/root/yahboomcar_ws/install/yahboomcar_nav/bin'
[28.303s] Level 1:colcon.colcon_core.environment:create_environment_scripts_only(yahboomcar_nav)
[28.320s] INFO:colcon.colcon_core.shell:Creating package script '/root/yahboomcar_ws/install/yahboomcar_nav/share/yahboomcar_nav/package.ps1'
[28.322s] INFO:colcon.colcon_core.shell:Creating package descriptor '/root/yahboomcar_ws/install/yahboomcar_nav/share/yahboomcar_nav/package.dsv'
[28.322s] INFO:colcon.colcon_core.shell:Creating package script '/root/yahboomcar_ws/install/yahboomcar_nav/share/yahboomcar_nav/package.sh'
[28.323s] INFO:colcon.colcon_core.shell:Creating package script '/root/yahboomcar_ws/install/yahboomcar_nav/share/yahboomcar_nav/package.bash'
[28.323s] INFO:colcon.colcon_core.shell:Creating package script '/root/yahboomcar_ws/install/yahboomcar_nav/share/yahboomcar_nav/package.zsh'
[28.323s] Level 1:colcon.colcon_core.environment:create_file_with_runtime_dependencies(/root/yahboomcar_ws/install/yahboomcar_nav/share/colcon-core/packages/yahboomcar_nav)
[28.328s] DEBUG:colcon.colcon_core.event_handler.log_command:Invoking command in '/root/yahboomcar_ws/src/yahboomcar_visual': PYTHONPATH=/root/yahboomcar_ws/build/yahboomcar_visual/prefix_override:/root/yahboomcar_ws/install/yahboomcar_visual/lib/python3.10/site-packages:${PYTHONPATH} /usr/bin/python3 setup.py egg_info --egg-base ../../build/yahboomcar_visual build --build-base /root/yahboomcar_ws/build/yahboomcar_visual/build install --record /root/yahboomcar_ws/build/yahboomcar_visual/install.log --install-scripts $base/lib/yahboomcar_visual --single-version-externally-managed
[28.794s] DEBUG:colcon.colcon_core.event_handler.log_command:Invoked command in '/root/yahboomcar_ws/src/yahboomcar_visual' returned '0': PYTHONPATH=/root/yahboomcar_ws/build/yahboomcar_visual/prefix_override:/root/yahboomcar_ws/install/yahboomcar_visual/lib/python3.10/site-packages:${PYTHONPATH} /usr/bin/python3 setup.py egg_info --egg-base ../../build/yahboomcar_visual build --build-base /root/yahboomcar_ws/build/yahboomcar_visual/build install --record /root/yahboomcar_ws/build/yahboomcar_visual/install.log --install-scripts $base/lib/yahboomcar_visual --single-version-externally-managed
[28.812s] Level 1:colcon.colcon_core.environment:checking '/root/yahboomcar_ws/install/yahboomcar_visual' for CMake module files
[28.818s] Level 1:colcon.colcon_core.environment:checking '/root/yahboomcar_ws/install/yahboomcar_visual' for CMake config files
[28.826s] Level 1:colcon.colcon_core.environment:checking '/root/yahboomcar_ws/install/yahboomcar_visual/lib'
[28.826s] Level 1:colcon.colcon_core.environment:checking '/root/yahboomcar_ws/install/yahboomcar_visual/bin'
[28.826s] Level 1:colcon.colcon_core.environment:checking '/root/yahboomcar_ws/install/yahboomcar_visual/lib/pkgconfig/yahboomcar_visual.pc'
[28.827s] Level 1:colcon.colcon_core.environment:checking '/root/yahboomcar_ws/install/yahboomcar_visual/lib/python3.10/site-packages'
[28.827s] Level 1:colcon.colcon_core.shell:create_environment_hook('yahboomcar_visual', 'pythonpath')
[28.844s] INFO:colcon.colcon_core.shell:Creating environment hook '/root/yahboomcar_ws/install/yahboomcar_visual/share/yahboomcar_visual/hook/pythonpath.ps1'
[28.844s] INFO:colcon.colcon_core.shell:Creating environment descriptor '/root/yahboomcar_ws/install/yahboomcar_visual/share/yahboomcar_visual/hook/pythonpath.dsv'
[28.845s] INFO:colcon.colcon_core.shell:Creating environment hook '/root/yahboomcar_ws/install/yahboomcar_visual/share/yahboomcar_visual/hook/pythonpath.sh'
[28.845s] Level 1:colcon.colcon_core.environment:checking '/root/yahboomcar_ws/install/yahboomcar_visual/bin'
[28.846s] Level 1:colcon.colcon_core.environment:create_environment_scripts_only(yahboomcar_visual)
[28.866s] INFO:colcon.colcon_core.shell:Creating package script '/root/yahboomcar_ws/install/yahboomcar_visual/share/yahboomcar_visual/package.ps1'
[28.867s] INFO:colcon.colcon_core.shell:Creating package descriptor '/root/yahboomcar_ws/install/yahboomcar_visual/share/yahboomcar_visual/package.dsv'
[28.867s] INFO:colcon.colcon_core.shell:Creating package script '/root/yahboomcar_ws/install/yahboomcar_visual/share/yahboomcar_visual/package.sh'
[28.868s] INFO:colcon.colcon_core.shell:Creating package script '/root/yahboomcar_ws/install/yahboomcar_visual/share/yahboomcar_visual/package.bash'
[28.868s] INFO:colcon.colcon_core.shell:Creating package script '/root/yahboomcar_ws/install/yahboomcar_visual/share/yahboomcar_visual/package.zsh'
[28.868s] Level 1:colcon.colcon_core.environment:create_file_with_runtime_dependencies(/root/yahboomcar_ws/install/yahboomcar_visual/share/colcon-core/packages/yahboomcar_visual)
[28.869s] DEBUG:colcon.colcon_parallel_executor.executor.parallel:closing loop
[28.869s] DEBUG:colcon.colcon_parallel_executor.executor.parallel:loop closed
[28.869s] DEBUG:colcon.colcon_parallel_executor.executor.parallel:run_until_complete finished with '0'
[28.869s] DEBUG:colcon.colcon_core.event_reactor:joining thread
[28.914s] INFO:colcon.colcon_core.plugin_system:Skipping extension 'colcon_notification.desktop_notification.notify_send': Could not find 'notify-send'
[28.914s] INFO:colcon.colcon_core.plugin_system:Skipping extension 'colcon_notification.desktop_notification.terminal_notifier': Not used on non-Darwin systems
[28.914s] INFO:colcon.colcon_core.plugin_system:Skipping extension 'colcon_notification.desktop_notification.win32': Not used on non-Windows systems
[28.914s] INFO:colcon.colcon_notification.desktop_notification:Sending desktop notification using 'notify2'
[28.916s] DEBUG:colcon.colcon_notification.desktop_notification.notify2:Failed to initialize notify2: org.freedesktop.DBus.Error.Spawn.ExecFailed: /usr/bin/dbus-launch terminated abnormally without any error message
[28.916s] DEBUG:colcon.colcon_core.event_reactor:joined thread
[28.934s] INFO:colcon.colcon_core.shell:Creating prefix script '/root/yahboomcar_ws/install/local_setup.ps1'
[28.936s] INFO:colcon.colcon_core.shell:Creating prefix util module '/root/yahboomcar_ws/install/_local_setup_util_ps1.py'
[28.938s] INFO:colcon.colcon_core.shell:Creating prefix chain script '/root/yahboomcar_ws/install/setup.ps1'
[28.959s] INFO:colcon.colcon_core.shell:Creating prefix script '/root/yahboomcar_ws/install/local_setup.sh'
[28.960s] INFO:colcon.colcon_core.shell:Creating prefix util module '/root/yahboomcar_ws/install/_local_setup_util_sh.py'
[28.961s] INFO:colcon.colcon_core.shell:Creating prefix chain script '/root/yahboomcar_ws/install/setup.sh'
[28.982s] INFO:colcon.colcon_core.shell:Creating prefix script '/root/yahboomcar_ws/install/local_setup.bash'
[28.983s] INFO:colcon.colcon_core.shell:Creating prefix chain script '/root/yahboomcar_ws/install/setup.bash'
[29.004s] INFO:colcon.colcon_core.shell:Creating prefix script '/root/yahboomcar_ws/install/local_setup.zsh'
[29.005s] INFO:colcon.colcon_core.shell:Creating prefix chain script '/root/yahboomcar_ws/install/setup.zsh'
